# Mario OBJ - with proper normals
o Mario

v 0.00000 4.40000 0.00000 1.000 0.780 0.550
v 0.00000 4.40000 0.00000 1.000 0.780 0.550
v 0.00000 4.40000 0.00000 1.000 0.780 0.550
v 0.00000 4.40000 0.00000 1.000 0.780 0.550
v 0.00000 4.40000 0.00000 1.000 0.780 0.550
v 0.00000 4.40000 0.00000 1.000 0.780 0.550
v 0.00000 4.40000 0.00000 1.000 0.780 0.550
v 0.00000 4.40000 0.00000 1.000 0.780 0.550
v 0.00000 4.40000 0.00000 1.000 0.780 0.550
v 0.00000 4.40000 0.00000 1.000 0.780 0.550
v 0.00000 4.40000 0.00000 1.000 0.780 0.550
v 0.00000 4.40000 0.00000 1.000 0.780 0.550
v 0.00000 4.40000 0.00000 1.000 0.780 0.550
v 0.00000 4.40000 0.00000 1.000 0.780 0.550
v 0.00000 4.40000 0.00000 1.000 0.780 0.550
v 0.00000 4.40000 0.00000 1.000 0.780 0.550
v 0.00000 4.40000 0.00000 1.000 0.780 0.550
v 0.00000 4.40000 0.00000 1.000 0.780 0.550
v 0.00000 4.40000 0.00000 1.000 0.780 0.550
v 0.00000 4.40000 0.00000 1.000 0.780 0.550
v 0.00000 4.40000 0.00000 1.000 0.780 0.550
v 0.00000 4.40000 0.00000 1.000 0.780 0.550
v 0.00000 4.40000 0.00000 1.000 0.780 0.550
v 0.00000 4.40000 0.00000 1.000 0.780 0.550
v 0.23411 4.37694 0.00000 1.000 0.780 0.550
v 0.22613 4.37694 0.06059 1.000 0.780 0.550
v 0.20274 4.37694 0.11705 1.000 0.780 0.550
v 0.16554 4.37694 0.16554 1.000 0.780 0.550
v 0.11705 4.37694 0.20274 1.000 0.780 0.550
v 0.06059 4.37694 0.22613 1.000 0.780 0.550
v 0.00000 4.37694 0.23411 1.000 0.780 0.550
v -0.06059 4.37694 0.22613 1.000 0.780 0.550
v -0.11705 4.37694 0.20274 1.000 0.780 0.550
v -0.16554 4.37694 0.16554 1.000 0.780 0.550
v -0.20274 4.37694 0.11705 1.000 0.780 0.550
v -0.22613 4.37694 0.06059 1.000 0.780 0.550
v -0.23411 4.37694 0.00000 1.000 0.780 0.550
v -0.22613 4.37694 -0.06059 1.000 0.780 0.550
v -0.20274 4.37694 -0.11705 1.000 0.780 0.550
v -0.16554 4.37694 -0.16554 1.000 0.780 0.550
v -0.11705 4.37694 -0.20274 1.000 0.780 0.550
v -0.06059 4.37694 -0.22613 1.000 0.780 0.550
v -0.00000 4.37694 -0.23411 1.000 0.780 0.550
v 0.06059 4.37694 -0.22613 1.000 0.780 0.550
v 0.11705 4.37694 -0.20274 1.000 0.780 0.550
v 0.16554 4.37694 -0.16554 1.000 0.780 0.550
v 0.20274 4.37694 -0.11705 1.000 0.780 0.550
v 0.22613 4.37694 -0.06059 1.000 0.780 0.550
v 0.45922 4.30866 0.00000 1.000 0.780 0.550
v 0.44357 4.30866 0.11885 1.000 0.780 0.550
v 0.39770 4.30866 0.22961 1.000 0.780 0.550
v 0.32472 4.30866 0.32472 1.000 0.780 0.550
v 0.22961 4.30866 0.39770 1.000 0.780 0.550
v 0.11885 4.30866 0.44357 1.000 0.780 0.550
v 0.00000 4.30866 0.45922 1.000 0.780 0.550
v -0.11885 4.30866 0.44357 1.000 0.780 0.550
v -0.22961 4.30866 0.39770 1.000 0.780 0.550
v -0.32472 4.30866 0.32472 1.000 0.780 0.550
v -0.39770 4.30866 0.22961 1.000 0.780 0.550
v -0.44357 4.30866 0.11885 1.000 0.780 0.550
v -0.45922 4.30866 0.00000 1.000 0.780 0.550
v -0.44357 4.30866 -0.11885 1.000 0.780 0.550
v -0.39770 4.30866 -0.22961 1.000 0.780 0.550
v -0.32472 4.30866 -0.32472 1.000 0.780 0.550
v -0.22961 4.30866 -0.39770 1.000 0.780 0.550
v -0.11885 4.30866 -0.44357 1.000 0.780 0.550
v -0.00000 4.30866 -0.45922 1.000 0.780 0.550
v 0.11885 4.30866 -0.44357 1.000 0.780 0.550
v 0.22961 4.30866 -0.39770 1.000 0.780 0.550
v 0.32472 4.30866 -0.32472 1.000 0.780 0.550
v 0.39770 4.30866 -0.22961 1.000 0.780 0.550
v 0.44357 4.30866 -0.11885 1.000 0.780 0.550
v 0.66668 4.19776 0.00000 1.000 0.780 0.550
v 0.64397 4.19776 0.17255 1.000 0.780 0.550
v 0.57737 4.19776 0.33334 1.000 0.780 0.550
v 0.47142 4.19776 0.47142 1.000 0.780 0.550
v 0.33334 4.19776 0.57737 1.000 0.780 0.550
v 0.17255 4.19776 0.64397 1.000 0.780 0.550
v 0.00000 4.19776 0.66668 1.000 0.780 0.550
v -0.17255 4.19776 0.64397 1.000 0.780 0.550
v -0.33334 4.19776 0.57737 1.000 0.780 0.550
v -0.47142 4.19776 0.47142 1.000 0.780 0.550
v -0.57737 4.19776 0.33334 1.000 0.780 0.550
v -0.64397 4.19776 0.17255 1.000 0.780 0.550
v -0.66668 4.19776 0.00000 1.000 0.780 0.550
v -0.64397 4.19776 -0.17255 1.000 0.780 0.550
v -0.57737 4.19776 -0.33334 1.000 0.780 0.550
v -0.47142 4.19776 -0.47142 1.000 0.780 0.550
v -0.33334 4.19776 -0.57737 1.000 0.780 0.550
v -0.17255 4.19776 -0.64397 1.000 0.780 0.550
v -0.00000 4.19776 -0.66668 1.000 0.780 0.550
v 0.17255 4.19776 -0.64397 1.000 0.780 0.550
v 0.33334 4.19776 -0.57737 1.000 0.780 0.550
v 0.47142 4.19776 -0.47142 1.000 0.780 0.550
v 0.57737 4.19776 -0.33334 1.000 0.780 0.550
v 0.64397 4.19776 -0.17255 1.000 0.780 0.550
v 0.84853 4.04853 0.00000 1.000 0.780 0.550
v 0.81962 4.04853 0.21962 1.000 0.780 0.550
v 0.73485 4.04853 0.42426 1.000 0.780 0.550
v 0.60000 4.04853 0.60000 1.000 0.780 0.550
v 0.42426 4.04853 0.73485 1.000 0.780 0.550
v 0.21962 4.04853 0.81962 1.000 0.780 0.550
v 0.00000 4.04853 0.84853 1.000 0.780 0.550
v -0.21962 4.04853 0.81962 1.000 0.780 0.550
v -0.42426 4.04853 0.73485 1.000 0.780 0.550
v -0.60000 4.04853 0.60000 1.000 0.780 0.550
v -0.73485 4.04853 0.42426 1.000 0.780 0.550
v -0.81962 4.04853 0.21962 1.000 0.780 0.550
v -0.84853 4.04853 0.00000 1.000 0.780 0.550
v -0.81962 4.04853 -0.21962 1.000 0.780 0.550
v -0.73485 4.04853 -0.42426 1.000 0.780 0.550
v -0.60000 4.04853 -0.60000 1.000 0.780 0.550
v -0.42426 4.04853 -0.73485 1.000 0.780 0.550
v -0.21962 4.04853 -0.81962 1.000 0.780 0.550
v -0.00000 4.04853 -0.84853 1.000 0.780 0.550
v 0.21962 4.04853 -0.81962 1.000 0.780 0.550
v 0.42426 4.04853 -0.73485 1.000 0.780 0.550
v 0.60000 4.04853 -0.60000 1.000 0.780 0.550
v 0.73485 4.04853 -0.42426 1.000 0.780 0.550
v 0.81962 4.04853 -0.21962 1.000 0.780 0.550
v 0.99776 3.86668 0.00000 1.000 0.780 0.550
v 0.96377 3.86668 0.25824 1.000 0.780 0.550
v 0.86409 3.86668 0.49888 1.000 0.780 0.550
v 0.70553 3.86668 0.70553 1.000 0.780 0.550
v 0.49888 3.86668 0.86409 1.000 0.780 0.550
v 0.25824 3.86668 0.96377 1.000 0.780 0.550
v 0.00000 3.86668 0.99776 1.000 0.780 0.550
v -0.25824 3.86668 0.96377 1.000 0.780 0.550
v -0.49888 3.86668 0.86409 1.000 0.780 0.550
v -0.70553 3.86668 0.70553 1.000 0.780 0.550
v -0.86409 3.86668 0.49888 1.000 0.780 0.550
v -0.96377 3.86668 0.25824 1.000 0.780 0.550
v -0.99776 3.86668 0.00000 1.000 0.780 0.550
v -0.96377 3.86668 -0.25824 1.000 0.780 0.550
v -0.86409 3.86668 -0.49888 1.000 0.780 0.550
v -0.70553 3.86668 -0.70553 1.000 0.780 0.550
v -0.49888 3.86668 -0.86409 1.000 0.780 0.550
v -0.25824 3.86668 -0.96377 1.000 0.780 0.550
v -0.00000 3.86668 -0.99776 1.000 0.780 0.550
v 0.25824 3.86668 -0.96377 1.000 0.780 0.550
v 0.49888 3.86668 -0.86409 1.000 0.780 0.550
v 0.70553 3.86668 -0.70553 1.000 0.780 0.550
v 0.86409 3.86668 -0.49888 1.000 0.780 0.550
v 0.96377 3.86668 -0.25824 1.000 0.780 0.550
v 1.10866 3.65922 0.00000 1.000 0.780 0.550
v 1.07088 3.65922 0.28694 1.000 0.780 0.550
v 0.96012 3.65922 0.55433 1.000 0.780 0.550
v 0.78394 3.65922 0.78394 1.000 0.780 0.550
v 0.55433 3.65922 0.96012 1.000 0.780 0.550
v 0.28694 3.65922 1.07088 1.000 0.780 0.550
v 0.00000 3.65922 1.10866 1.000 0.780 0.550
v -0.28694 3.65922 1.07088 1.000 0.780 0.550
v -0.55433 3.65922 0.96012 1.000 0.780 0.550
v -0.78394 3.65922 0.78394 1.000 0.780 0.550
v -0.96012 3.65922 0.55433 1.000 0.780 0.550
v -1.07088 3.65922 0.28694 1.000 0.780 0.550
v -1.10866 3.65922 0.00000 1.000 0.780 0.550
v -1.07088 3.65922 -0.28694 1.000 0.780 0.550
v -0.96012 3.65922 -0.55433 1.000 0.780 0.550
v -0.78394 3.65922 -0.78394 1.000 0.780 0.550
v -0.55433 3.65922 -0.96012 1.000 0.780 0.550
v -0.28694 3.65922 -1.07088 1.000 0.780 0.550
v -0.00000 3.65922 -1.10866 1.000 0.780 0.550
v 0.28694 3.65922 -1.07088 1.000 0.780 0.550
v 0.55433 3.65922 -0.96012 1.000 0.780 0.550
v 0.78394 3.65922 -0.78394 1.000 0.780 0.550
v 0.96012 3.65922 -0.55433 1.000 0.780 0.550
v 1.07088 3.65922 -0.28694 1.000 0.780 0.550
v 1.17694 3.43411 0.00000 1.000 0.780 0.550
v 1.13684 3.43411 0.30462 1.000 0.780 0.550
v 1.01926 3.43411 0.58847 1.000 0.780 0.550
v 0.83222 3.43411 0.83222 1.000 0.780 0.550
v 0.58847 3.43411 1.01926 1.000 0.780 0.550
v 0.30462 3.43411 1.13684 1.000 0.780 0.550
v 0.00000 3.43411 1.17694 1.000 0.780 0.550
v -0.30462 3.43411 1.13684 1.000 0.780 0.550
v -0.58847 3.43411 1.01926 1.000 0.780 0.550
v -0.83222 3.43411 0.83222 1.000 0.780 0.550
v -1.01926 3.43411 0.58847 1.000 0.780 0.550
v -1.13684 3.43411 0.30462 1.000 0.780 0.550
v -1.17694 3.43411 0.00000 1.000 0.780 0.550
v -1.13684 3.43411 -0.30462 1.000 0.780 0.550
v -1.01926 3.43411 -0.58847 1.000 0.780 0.550
v -0.83222 3.43411 -0.83222 1.000 0.780 0.550
v -0.58847 3.43411 -1.01926 1.000 0.780 0.550
v -0.30462 3.43411 -1.13684 1.000 0.780 0.550
v -0.00000 3.43411 -1.17694 1.000 0.780 0.550
v 0.30462 3.43411 -1.13684 1.000 0.780 0.550
v 0.58847 3.43411 -1.01926 1.000 0.780 0.550
v 0.83222 3.43411 -0.83222 1.000 0.780 0.550
v 1.01926 3.43411 -0.58847 1.000 0.780 0.550
v 1.13684 3.43411 -0.30462 1.000 0.780 0.550
v 1.20000 3.20000 0.00000 1.000 0.780 0.550
v 1.15911 3.20000 0.31058 1.000 0.780 0.550
v 1.03923 3.20000 0.60000 1.000 0.780 0.550
v 0.84853 3.20000 0.84853 1.000 0.780 0.550
v 0.60000 3.20000 1.03923 1.000 0.780 0.550
v 0.31058 3.20000 1.15911 1.000 0.780 0.550
v 0.00000 3.20000 1.20000 1.000 0.780 0.550
v -0.31058 3.20000 1.15911 1.000 0.780 0.550
v -0.60000 3.20000 1.03923 1.000 0.780 0.550
v -0.84853 3.20000 0.84853 1.000 0.780 0.550
v -1.03923 3.20000 0.60000 1.000 0.780 0.550
v -1.15911 3.20000 0.31058 1.000 0.780 0.550
v -1.20000 3.20000 0.00000 1.000 0.780 0.550
v -1.15911 3.20000 -0.31058 1.000 0.780 0.550
v -1.03923 3.20000 -0.60000 1.000 0.780 0.550
v -0.84853 3.20000 -0.84853 1.000 0.780 0.550
v -0.60000 3.20000 -1.03923 1.000 0.780 0.550
v -0.31058 3.20000 -1.15911 1.000 0.780 0.550
v -0.00000 3.20000 -1.20000 1.000 0.780 0.550
v 0.31058 3.20000 -1.15911 1.000 0.780 0.550
v 0.60000 3.20000 -1.03923 1.000 0.780 0.550
v 0.84853 3.20000 -0.84853 1.000 0.780 0.550
v 1.03923 3.20000 -0.60000 1.000 0.780 0.550
v 1.15911 3.20000 -0.31058 1.000 0.780 0.550
v 1.17694 2.96589 0.00000 1.000 0.780 0.550
v 1.13684 2.96589 0.30462 1.000 0.780 0.550
v 1.01926 2.96589 0.58847 1.000 0.780 0.550
v 0.83222 2.96589 0.83222 1.000 0.780 0.550
v 0.58847 2.96589 1.01926 1.000 0.780 0.550
v 0.30462 2.96589 1.13684 1.000 0.780 0.550
v 0.00000 2.96589 1.17694 1.000 0.780 0.550
v -0.30462 2.96589 1.13684 1.000 0.780 0.550
v -0.58847 2.96589 1.01926 1.000 0.780 0.550
v -0.83222 2.96589 0.83222 1.000 0.780 0.550
v -1.01926 2.96589 0.58847 1.000 0.780 0.550
v -1.13684 2.96589 0.30462 1.000 0.780 0.550
v -1.17694 2.96589 0.00000 1.000 0.780 0.550
v -1.13684 2.96589 -0.30462 1.000 0.780 0.550
v -1.01926 2.96589 -0.58847 1.000 0.780 0.550
v -0.83222 2.96589 -0.83222 1.000 0.780 0.550
v -0.58847 2.96589 -1.01926 1.000 0.780 0.550
v -0.30462 2.96589 -1.13684 1.000 0.780 0.550
v -0.00000 2.96589 -1.17694 1.000 0.780 0.550
v 0.30462 2.96589 -1.13684 1.000 0.780 0.550
v 0.58847 2.96589 -1.01926 1.000 0.780 0.550
v 0.83222 2.96589 -0.83222 1.000 0.780 0.550
v 1.01926 2.96589 -0.58847 1.000 0.780 0.550
v 1.13684 2.96589 -0.30462 1.000 0.780 0.550
v 1.10866 2.74078 0.00000 1.000 0.780 0.550
v 1.07088 2.74078 0.28694 1.000 0.780 0.550
v 0.96012 2.74078 0.55433 1.000 0.780 0.550
v 0.78394 2.74078 0.78394 1.000 0.780 0.550
v 0.55433 2.74078 0.96012 1.000 0.780 0.550
v 0.28694 2.74078 1.07088 1.000 0.780 0.550
v 0.00000 2.74078 1.10866 1.000 0.780 0.550
v -0.28694 2.74078 1.07088 1.000 0.780 0.550
v -0.55433 2.74078 0.96012 1.000 0.780 0.550
v -0.78394 2.74078 0.78394 1.000 0.780 0.550
v -0.96012 2.74078 0.55433 1.000 0.780 0.550
v -1.07088 2.74078 0.28694 1.000 0.780 0.550
v -1.10866 2.74078 0.00000 1.000 0.780 0.550
v -1.07088 2.74078 -0.28694 1.000 0.780 0.550
v -0.96012 2.74078 -0.55433 1.000 0.780 0.550
v -0.78394 2.74078 -0.78394 1.000 0.780 0.550
v -0.55433 2.74078 -0.96012 1.000 0.780 0.550
v -0.28694 2.74078 -1.07088 1.000 0.780 0.550
v -0.00000 2.74078 -1.10866 1.000 0.780 0.550
v 0.28694 2.74078 -1.07088 1.000 0.780 0.550
v 0.55433 2.74078 -0.96012 1.000 0.780 0.550
v 0.78394 2.74078 -0.78394 1.000 0.780 0.550
v 0.96012 2.74078 -0.55433 1.000 0.780 0.550
v 1.07088 2.74078 -0.28694 1.000 0.780 0.550
v 0.99776 2.53332 0.00000 1.000 0.780 0.550
v 0.96377 2.53332 0.25824 1.000 0.780 0.550
v 0.86409 2.53332 0.49888 1.000 0.780 0.550
v 0.70553 2.53332 0.70553 1.000 0.780 0.550
v 0.49888 2.53332 0.86409 1.000 0.780 0.550
v 0.25824 2.53332 0.96377 1.000 0.780 0.550
v 0.00000 2.53332 0.99776 1.000 0.780 0.550
v -0.25824 2.53332 0.96377 1.000 0.780 0.550
v -0.49888 2.53332 0.86409 1.000 0.780 0.550
v -0.70553 2.53332 0.70553 1.000 0.780 0.550
v -0.86409 2.53332 0.49888 1.000 0.780 0.550
v -0.96377 2.53332 0.25824 1.000 0.780 0.550
v -0.99776 2.53332 0.00000 1.000 0.780 0.550
v -0.96377 2.53332 -0.25824 1.000 0.780 0.550
v -0.86409 2.53332 -0.49888 1.000 0.780 0.550
v -0.70553 2.53332 -0.70553 1.000 0.780 0.550
v -0.49888 2.53332 -0.86409 1.000 0.780 0.550
v -0.25824 2.53332 -0.96377 1.000 0.780 0.550
v -0.00000 2.53332 -0.99776 1.000 0.780 0.550
v 0.25824 2.53332 -0.96377 1.000 0.780 0.550
v 0.49888 2.53332 -0.86409 1.000 0.780 0.550
v 0.70553 2.53332 -0.70553 1.000 0.780 0.550
v 0.86409 2.53332 -0.49888 1.000 0.780 0.550
v 0.96377 2.53332 -0.25824 1.000 0.780 0.550
v 0.84853 2.35147 0.00000 1.000 0.780 0.550
v 0.81962 2.35147 0.21962 1.000 0.780 0.550
v 0.73485 2.35147 0.42426 1.000 0.780 0.550
v 0.60000 2.35147 0.60000 1.000 0.780 0.550
v 0.42426 2.35147 0.73485 1.000 0.780 0.550
v 0.21962 2.35147 0.81962 1.000 0.780 0.550
v 0.00000 2.35147 0.84853 1.000 0.780 0.550
v -0.21962 2.35147 0.81962 1.000 0.780 0.550
v -0.42426 2.35147 0.73485 1.000 0.780 0.550
v -0.60000 2.35147 0.60000 1.000 0.780 0.550
v -0.73485 2.35147 0.42426 1.000 0.780 0.550
v -0.81962 2.35147 0.21962 1.000 0.780 0.550
v -0.84853 2.35147 0.00000 1.000 0.780 0.550
v -0.81962 2.35147 -0.21962 1.000 0.780 0.550
v -0.73485 2.35147 -0.42426 1.000 0.780 0.550
v -0.60000 2.35147 -0.60000 1.000 0.780 0.550
v -0.42426 2.35147 -0.73485 1.000 0.780 0.550
v -0.21962 2.35147 -0.81962 1.000 0.780 0.550
v -0.00000 2.35147 -0.84853 1.000 0.780 0.550
v 0.21962 2.35147 -0.81962 1.000 0.780 0.550
v 0.42426 2.35147 -0.73485 1.000 0.780 0.550
v 0.60000 2.35147 -0.60000 1.000 0.780 0.550
v 0.73485 2.35147 -0.42426 1.000 0.780 0.550
v 0.81962 2.35147 -0.21962 1.000 0.780 0.550
v 0.66668 2.20224 0.00000 1.000 0.780 0.550
v 0.64397 2.20224 0.17255 1.000 0.780 0.550
v 0.57737 2.20224 0.33334 1.000 0.780 0.550
v 0.47142 2.20224 0.47142 1.000 0.780 0.550
v 0.33334 2.20224 0.57737 1.000 0.780 0.550
v 0.17255 2.20224 0.64397 1.000 0.780 0.550
v 0.00000 2.20224 0.66668 1.000 0.780 0.550
v -0.17255 2.20224 0.64397 1.000 0.780 0.550
v -0.33334 2.20224 0.57737 1.000 0.780 0.550
v -0.47142 2.20224 0.47142 1.000 0.780 0.550
v -0.57737 2.20224 0.33334 1.000 0.780 0.550
v -0.64397 2.20224 0.17255 1.000 0.780 0.550
v -0.66668 2.20224 0.00000 1.000 0.780 0.550
v -0.64397 2.20224 -0.17255 1.000 0.780 0.550
v -0.57737 2.20224 -0.33334 1.000 0.780 0.550
v -0.47142 2.20224 -0.47142 1.000 0.780 0.550
v -0.33334 2.20224 -0.57737 1.000 0.780 0.550
v -0.17255 2.20224 -0.64397 1.000 0.780 0.550
v -0.00000 2.20224 -0.66668 1.000 0.780 0.550
v 0.17255 2.20224 -0.64397 1.000 0.780 0.550
v 0.33334 2.20224 -0.57737 1.000 0.780 0.550
v 0.47142 2.20224 -0.47142 1.000 0.780 0.550
v 0.57737 2.20224 -0.33334 1.000 0.780 0.550
v 0.64397 2.20224 -0.17255 1.000 0.780 0.550
v 0.45922 2.09134 0.00000 1.000 0.780 0.550
v 0.44357 2.09134 0.11885 1.000 0.780 0.550
v 0.39770 2.09134 0.22961 1.000 0.780 0.550
v 0.32472 2.09134 0.32472 1.000 0.780 0.550
v 0.22961 2.09134 0.39770 1.000 0.780 0.550
v 0.11885 2.09134 0.44357 1.000 0.780 0.550
v 0.00000 2.09134 0.45922 1.000 0.780 0.550
v -0.11885 2.09134 0.44357 1.000 0.780 0.550
v -0.22961 2.09134 0.39770 1.000 0.780 0.550
v -0.32472 2.09134 0.32472 1.000 0.780 0.550
v -0.39770 2.09134 0.22961 1.000 0.780 0.550
v -0.44357 2.09134 0.11885 1.000 0.780 0.550
v -0.45922 2.09134 0.00000 1.000 0.780 0.550
v -0.44357 2.09134 -0.11885 1.000 0.780 0.550
v -0.39770 2.09134 -0.22961 1.000 0.780 0.550
v -0.32472 2.09134 -0.32472 1.000 0.780 0.550
v -0.22961 2.09134 -0.39770 1.000 0.780 0.550
v -0.11885 2.09134 -0.44357 1.000 0.780 0.550
v -0.00000 2.09134 -0.45922 1.000 0.780 0.550
v 0.11885 2.09134 -0.44357 1.000 0.780 0.550
v 0.22961 2.09134 -0.39770 1.000 0.780 0.550
v 0.32472 2.09134 -0.32472 1.000 0.780 0.550
v 0.39770 2.09134 -0.22961 1.000 0.780 0.550
v 0.44357 2.09134 -0.11885 1.000 0.780 0.550
v 0.23411 2.02306 0.00000 1.000 0.780 0.550
v 0.22613 2.02306 0.06059 1.000 0.780 0.550
v 0.20274 2.02306 0.11705 1.000 0.780 0.550
v 0.16554 2.02306 0.16554 1.000 0.780 0.550
v 0.11705 2.02306 0.20274 1.000 0.780 0.550
v 0.06059 2.02306 0.22613 1.000 0.780 0.550
v 0.00000 2.02306 0.23411 1.000 0.780 0.550
v -0.06059 2.02306 0.22613 1.000 0.780 0.550
v -0.11705 2.02306 0.20274 1.000 0.780 0.550
v -0.16554 2.02306 0.16554 1.000 0.780 0.550
v -0.20274 2.02306 0.11705 1.000 0.780 0.550
v -0.22613 2.02306 0.06059 1.000 0.780 0.550
v -0.23411 2.02306 0.00000 1.000 0.780 0.550
v -0.22613 2.02306 -0.06059 1.000 0.780 0.550
v -0.20274 2.02306 -0.11705 1.000 0.780 0.550
v -0.16554 2.02306 -0.16554 1.000 0.780 0.550
v -0.11705 2.02306 -0.20274 1.000 0.780 0.550
v -0.06059 2.02306 -0.22613 1.000 0.780 0.550
v -0.00000 2.02306 -0.23411 1.000 0.780 0.550
v 0.06059 2.02306 -0.22613 1.000 0.780 0.550
v 0.11705 2.02306 -0.20274 1.000 0.780 0.550
v 0.16554 2.02306 -0.16554 1.000 0.780 0.550
v 0.20274 2.02306 -0.11705 1.000 0.780 0.550
v 0.22613 2.02306 -0.06059 1.000 0.780 0.550
v 0.00000 2.00000 0.00000 1.000 0.780 0.550
v 0.00000 2.00000 0.00000 1.000 0.780 0.550
v 0.00000 2.00000 0.00000 1.000 0.780 0.550
v 0.00000 2.00000 0.00000 1.000 0.780 0.550
v 0.00000 2.00000 0.00000 1.000 0.780 0.550
v 0.00000 2.00000 0.00000 1.000 0.780 0.550
v 0.00000 2.00000 0.00000 1.000 0.780 0.550
v -0.00000 2.00000 0.00000 1.000 0.780 0.550
v -0.00000 2.00000 0.00000 1.000 0.780 0.550
v -0.00000 2.00000 0.00000 1.000 0.780 0.550
v -0.00000 2.00000 0.00000 1.000 0.780 0.550
v -0.00000 2.00000 0.00000 1.000 0.780 0.550
v -0.00000 2.00000 0.00000 1.000 0.780 0.550
v -0.00000 2.00000 -0.00000 1.000 0.780 0.550
v -0.00000 2.00000 -0.00000 1.000 0.780 0.550
v -0.00000 2.00000 -0.00000 1.000 0.780 0.550
v -0.00000 2.00000 -0.00000 1.000 0.780 0.550
v -0.00000 2.00000 -0.00000 1.000 0.780 0.550
v -0.00000 2.00000 -0.00000 1.000 0.780 0.550
v 0.00000 2.00000 -0.00000 1.000 0.780 0.550
v 0.00000 2.00000 -0.00000 1.000 0.780 0.550
v 0.00000 2.00000 -0.00000 1.000 0.780 0.550
v 0.00000 2.00000 -0.00000 1.000 0.780 0.550
v 0.00000 2.00000 -0.00000 1.000 0.780 0.550
v -1.50000 3.90000 1.50000 0.850 0.080 0.080
v 1.50000 3.90000 1.50000 0.850 0.080 0.080
v 1.50000 4.08000 1.50000 0.850 0.080 0.080
v -1.50000 4.08000 1.50000 0.850 0.080 0.080
v 1.50000 3.90000 -0.80000 0.850 0.080 0.080
v -1.50000 3.90000 -0.80000 0.850 0.080 0.080
v -1.50000 4.08000 -0.80000 0.850 0.080 0.080
v 1.50000 4.08000 -0.80000 0.850 0.080 0.080
v -1.50000 4.08000 1.50000 0.850 0.080 0.080
v 1.50000 4.08000 1.50000 0.850 0.080 0.080
v 1.50000 4.08000 -0.80000 0.850 0.080 0.080
v -1.50000 4.08000 -0.80000 0.850 0.080 0.080
v -1.50000 3.90000 -0.80000 0.850 0.080 0.080
v 1.50000 3.90000 -0.80000 0.850 0.080 0.080
v 1.50000 3.90000 1.50000 0.850 0.080 0.080
v -1.50000 3.90000 1.50000 0.850 0.080 0.080
v 1.50000 3.90000 1.50000 0.850 0.080 0.080
v 1.50000 3.90000 -0.80000 0.850 0.080 0.080
v 1.50000 4.08000 -0.80000 0.850 0.080 0.080
v 1.50000 4.08000 1.50000 0.850 0.080 0.080
v -1.50000 3.90000 -0.80000 0.850 0.080 0.080
v -1.50000 3.90000 1.50000 0.850 0.080 0.080
v -1.50000 4.08000 1.50000 0.850 0.080 0.080
v -1.50000 4.08000 -0.80000 0.850 0.080 0.080
v -1.10000 4.08000 1.10000 0.850 0.080 0.080
v 1.10000 4.08000 1.10000 0.850 0.080 0.080
v 1.10000 4.75000 1.10000 0.850 0.080 0.080
v -1.10000 4.75000 1.10000 0.850 0.080 0.080
v 1.10000 4.08000 -0.85000 0.850 0.080 0.080
v -1.10000 4.08000 -0.85000 0.850 0.080 0.080
v -1.10000 4.75000 -0.85000 0.850 0.080 0.080
v 1.10000 4.75000 -0.85000 0.850 0.080 0.080
v -1.10000 4.75000 1.10000 0.850 0.080 0.080
v 1.10000 4.75000 1.10000 0.850 0.080 0.080
v 1.10000 4.75000 -0.85000 0.850 0.080 0.080
v -1.10000 4.75000 -0.85000 0.850 0.080 0.080
v -1.10000 4.08000 -0.85000 0.850 0.080 0.080
v 1.10000 4.08000 -0.85000 0.850 0.080 0.080
v 1.10000 4.08000 1.10000 0.850 0.080 0.080
v -1.10000 4.08000 1.10000 0.850 0.080 0.080
v 1.10000 4.08000 1.10000 0.850 0.080 0.080
v 1.10000 4.08000 -0.85000 0.850 0.080 0.080
v 1.10000 4.75000 -0.85000 0.850 0.080 0.080
v 1.10000 4.75000 1.10000 0.850 0.080 0.080
v -1.10000 4.08000 -0.85000 0.850 0.080 0.080
v -1.10000 4.08000 1.10000 0.850 0.080 0.080
v -1.10000 4.75000 1.10000 0.850 0.080 0.080
v -1.10000 4.75000 -0.85000 0.850 0.080 0.080
v -0.58000 3.35000 1.30000 1.000 1.000 1.000
v -0.18000 3.35000 1.30000 1.000 1.000 1.000
v -0.18000 3.65000 1.30000 1.000 1.000 1.000
v -0.58000 3.65000 1.30000 1.000 1.000 1.000
v -0.18000 3.35000 1.05000 1.000 1.000 1.000
v -0.58000 3.35000 1.05000 1.000 1.000 1.000
v -0.58000 3.65000 1.05000 1.000 1.000 1.000
v -0.18000 3.65000 1.05000 1.000 1.000 1.000
v -0.58000 3.65000 1.30000 1.000 1.000 1.000
v -0.18000 3.65000 1.30000 1.000 1.000 1.000
v -0.18000 3.65000 1.05000 1.000 1.000 1.000
v -0.58000 3.65000 1.05000 1.000 1.000 1.000
v -0.58000 3.35000 1.05000 1.000 1.000 1.000
v -0.18000 3.35000 1.05000 1.000 1.000 1.000
v -0.18000 3.35000 1.30000 1.000 1.000 1.000
v -0.58000 3.35000 1.30000 1.000 1.000 1.000
v -0.18000 3.35000 1.30000 1.000 1.000 1.000
v -0.18000 3.35000 1.05000 1.000 1.000 1.000
v -0.18000 3.65000 1.05000 1.000 1.000 1.000
v -0.18000 3.65000 1.30000 1.000 1.000 1.000
v -0.58000 3.35000 1.05000 1.000 1.000 1.000
v -0.58000 3.35000 1.30000 1.000 1.000 1.000
v -0.58000 3.65000 1.30000 1.000 1.000 1.000
v -0.58000 3.65000 1.05000 1.000 1.000 1.000
v 0.18000 3.35000 1.30000 1.000 1.000 1.000
v 0.58000 3.35000 1.30000 1.000 1.000 1.000
v 0.58000 3.65000 1.30000 1.000 1.000 1.000
v 0.18000 3.65000 1.30000 1.000 1.000 1.000
v 0.58000 3.35000 1.05000 1.000 1.000 1.000
v 0.18000 3.35000 1.05000 1.000 1.000 1.000
v 0.18000 3.65000 1.05000 1.000 1.000 1.000
v 0.58000 3.65000 1.05000 1.000 1.000 1.000
v 0.18000 3.65000 1.30000 1.000 1.000 1.000
v 0.58000 3.65000 1.30000 1.000 1.000 1.000
v 0.58000 3.65000 1.05000 1.000 1.000 1.000
v 0.18000 3.65000 1.05000 1.000 1.000 1.000
v 0.18000 3.35000 1.05000 1.000 1.000 1.000
v 0.58000 3.35000 1.05000 1.000 1.000 1.000
v 0.58000 3.35000 1.30000 1.000 1.000 1.000
v 0.18000 3.35000 1.30000 1.000 1.000 1.000
v 0.58000 3.35000 1.30000 1.000 1.000 1.000
v 0.58000 3.35000 1.05000 1.000 1.000 1.000
v 0.58000 3.65000 1.05000 1.000 1.000 1.000
v 0.58000 3.65000 1.30000 1.000 1.000 1.000
v 0.18000 3.35000 1.05000 1.000 1.000 1.000
v 0.18000 3.35000 1.30000 1.000 1.000 1.000
v 0.18000 3.65000 1.30000 1.000 1.000 1.000
v 0.18000 3.65000 1.05000 1.000 1.000 1.000
v -0.54000 3.38000 1.32000 0.050 0.020 0.000
v -0.22000 3.38000 1.32000 0.050 0.020 0.000
v -0.22000 3.62000 1.32000 0.050 0.020 0.000
v -0.54000 3.62000 1.32000 0.050 0.020 0.000
v -0.22000 3.38000 1.27000 0.050 0.020 0.000
v -0.54000 3.38000 1.27000 0.050 0.020 0.000
v -0.54000 3.62000 1.27000 0.050 0.020 0.000
v -0.22000 3.62000 1.27000 0.050 0.020 0.000
v -0.54000 3.62000 1.32000 0.050 0.020 0.000
v -0.22000 3.62000 1.32000 0.050 0.020 0.000
v -0.22000 3.62000 1.27000 0.050 0.020 0.000
v -0.54000 3.62000 1.27000 0.050 0.020 0.000
v -0.54000 3.38000 1.27000 0.050 0.020 0.000
v -0.22000 3.38000 1.27000 0.050 0.020 0.000
v -0.22000 3.38000 1.32000 0.050 0.020 0.000
v -0.54000 3.38000 1.32000 0.050 0.020 0.000
v -0.22000 3.38000 1.32000 0.050 0.020 0.000
v -0.22000 3.38000 1.27000 0.050 0.020 0.000
v -0.22000 3.62000 1.27000 0.050 0.020 0.000
v -0.22000 3.62000 1.32000 0.050 0.020 0.000
v -0.54000 3.38000 1.27000 0.050 0.020 0.000
v -0.54000 3.38000 1.32000 0.050 0.020 0.000
v -0.54000 3.62000 1.32000 0.050 0.020 0.000
v -0.54000 3.62000 1.27000 0.050 0.020 0.000
v 0.22000 3.38000 1.32000 0.050 0.020 0.000
v 0.54000 3.38000 1.32000 0.050 0.020 0.000
v 0.54000 3.62000 1.32000 0.050 0.020 0.000
v 0.22000 3.62000 1.32000 0.050 0.020 0.000
v 0.54000 3.38000 1.27000 0.050 0.020 0.000
v 0.22000 3.38000 1.27000 0.050 0.020 0.000
v 0.22000 3.62000 1.27000 0.050 0.020 0.000
v 0.54000 3.62000 1.27000 0.050 0.020 0.000
v 0.22000 3.62000 1.32000 0.050 0.020 0.000
v 0.54000 3.62000 1.32000 0.050 0.020 0.000
v 0.54000 3.62000 1.27000 0.050 0.020 0.000
v 0.22000 3.62000 1.27000 0.050 0.020 0.000
v 0.22000 3.38000 1.27000 0.050 0.020 0.000
v 0.54000 3.38000 1.27000 0.050 0.020 0.000
v 0.54000 3.38000 1.32000 0.050 0.020 0.000
v 0.22000 3.38000 1.32000 0.050 0.020 0.000
v 0.54000 3.38000 1.32000 0.050 0.020 0.000
v 0.54000 3.38000 1.27000 0.050 0.020 0.000
v 0.54000 3.62000 1.27000 0.050 0.020 0.000
v 0.54000 3.62000 1.32000 0.050 0.020 0.000
v 0.22000 3.38000 1.27000 0.050 0.020 0.000
v 0.22000 3.38000 1.32000 0.050 0.020 0.000
v 0.22000 3.62000 1.32000 0.050 0.020 0.000
v 0.22000 3.62000 1.27000 0.050 0.020 0.000
v 0.00000 3.26000 1.18000 1.000 0.620 0.400
v 0.00000 3.26000 1.18000 1.000 0.620 0.400
v 0.00000 3.26000 1.18000 1.000 0.620 0.400
v 0.00000 3.26000 1.18000 1.000 0.620 0.400
v 0.00000 3.26000 1.18000 1.000 0.620 0.400
v 0.00000 3.26000 1.18000 1.000 0.620 0.400
v 0.00000 3.26000 1.18000 1.000 0.620 0.400
v 0.00000 3.26000 1.18000 1.000 0.620 0.400
v 0.00000 3.26000 1.18000 1.000 0.620 0.400
v 0.00000 3.26000 1.18000 1.000 0.620 0.400
v 0.00000 3.26000 1.18000 1.000 0.620 0.400
v 0.00000 3.26000 1.18000 1.000 0.620 0.400
v 0.09950 3.24021 1.18000 1.000 0.620 0.400
v 0.08617 3.24021 1.22975 1.000 0.620 0.400
v 0.04975 3.24021 1.26617 1.000 0.620 0.400
v 0.00000 3.24021 1.27950 1.000 0.620 0.400
v -0.04975 3.24021 1.26617 1.000 0.620 0.400
v -0.08617 3.24021 1.22975 1.000 0.620 0.400
v -0.09950 3.24021 1.18000 1.000 0.620 0.400
v -0.08617 3.24021 1.13025 1.000 0.620 0.400
v -0.04975 3.24021 1.09383 1.000 0.620 0.400
v -0.00000 3.24021 1.08050 1.000 0.620 0.400
v 0.04975 3.24021 1.09383 1.000 0.620 0.400
v 0.08617 3.24021 1.13025 1.000 0.620 0.400
v 0.18385 3.18385 1.18000 1.000 0.620 0.400
v 0.15922 3.18385 1.27192 1.000 0.620 0.400
v 0.09192 3.18385 1.33922 1.000 0.620 0.400
v 0.00000 3.18385 1.36385 1.000 0.620 0.400
v -0.09192 3.18385 1.33922 1.000 0.620 0.400
v -0.15922 3.18385 1.27192 1.000 0.620 0.400
v -0.18385 3.18385 1.18000 1.000 0.620 0.400
v -0.15922 3.18385 1.08808 1.000 0.620 0.400
v -0.09192 3.18385 1.02078 1.000 0.620 0.400
v -0.00000 3.18385 0.99615 1.000 0.620 0.400
v 0.09192 3.18385 1.02078 1.000 0.620 0.400
v 0.15922 3.18385 1.08808 1.000 0.620 0.400
v 0.24021 3.09950 1.18000 1.000 0.620 0.400
v 0.20803 3.09950 1.30010 1.000 0.620 0.400
v 0.12010 3.09950 1.38803 1.000 0.620 0.400
v 0.00000 3.09950 1.42021 1.000 0.620 0.400
v -0.12010 3.09950 1.38803 1.000 0.620 0.400
v -0.20803 3.09950 1.30010 1.000 0.620 0.400
v -0.24021 3.09950 1.18000 1.000 0.620 0.400
v -0.20803 3.09950 1.05990 1.000 0.620 0.400
v -0.12010 3.09950 0.97197 1.000 0.620 0.400
v -0.00000 3.09950 0.93979 1.000 0.620 0.400
v 0.12010 3.09950 0.97197 1.000 0.620 0.400
v 0.20803 3.09950 1.05990 1.000 0.620 0.400
v 0.26000 3.00000 1.18000 1.000 0.620 0.400
v 0.22517 3.00000 1.31000 1.000 0.620 0.400
v 0.13000 3.00000 1.40517 1.000 0.620 0.400
v 0.00000 3.00000 1.44000 1.000 0.620 0.400
v -0.13000 3.00000 1.40517 1.000 0.620 0.400
v -0.22517 3.00000 1.31000 1.000 0.620 0.400
v -0.26000 3.00000 1.18000 1.000 0.620 0.400
v -0.22517 3.00000 1.05000 1.000 0.620 0.400
v -0.13000 3.00000 0.95483 1.000 0.620 0.400
v -0.00000 3.00000 0.92000 1.000 0.620 0.400
v 0.13000 3.00000 0.95483 1.000 0.620 0.400
v 0.22517 3.00000 1.05000 1.000 0.620 0.400
v 0.24021 2.90050 1.18000 1.000 0.620 0.400
v 0.20803 2.90050 1.30010 1.000 0.620 0.400
v 0.12010 2.90050 1.38803 1.000 0.620 0.400
v 0.00000 2.90050 1.42021 1.000 0.620 0.400
v -0.12010 2.90050 1.38803 1.000 0.620 0.400
v -0.20803 2.90050 1.30010 1.000 0.620 0.400
v -0.24021 2.90050 1.18000 1.000 0.620 0.400
v -0.20803 2.90050 1.05990 1.000 0.620 0.400
v -0.12010 2.90050 0.97197 1.000 0.620 0.400
v -0.00000 2.90050 0.93979 1.000 0.620 0.400
v 0.12010 2.90050 0.97197 1.000 0.620 0.400
v 0.20803 2.90050 1.05990 1.000 0.620 0.400
v 0.18385 2.81615 1.18000 1.000 0.620 0.400
v 0.15922 2.81615 1.27192 1.000 0.620 0.400
v 0.09192 2.81615 1.33922 1.000 0.620 0.400
v 0.00000 2.81615 1.36385 1.000 0.620 0.400
v -0.09192 2.81615 1.33922 1.000 0.620 0.400
v -0.15922 2.81615 1.27192 1.000 0.620 0.400
v -0.18385 2.81615 1.18000 1.000 0.620 0.400
v -0.15922 2.81615 1.08808 1.000 0.620 0.400
v -0.09192 2.81615 1.02078 1.000 0.620 0.400
v -0.00000 2.81615 0.99615 1.000 0.620 0.400
v 0.09192 2.81615 1.02078 1.000 0.620 0.400
v 0.15922 2.81615 1.08808 1.000 0.620 0.400
v 0.09950 2.75979 1.18000 1.000 0.620 0.400
v 0.08617 2.75979 1.22975 1.000 0.620 0.400
v 0.04975 2.75979 1.26617 1.000 0.620 0.400
v 0.00000 2.75979 1.27950 1.000 0.620 0.400
v -0.04975 2.75979 1.26617 1.000 0.620 0.400
v -0.08617 2.75979 1.22975 1.000 0.620 0.400
v -0.09950 2.75979 1.18000 1.000 0.620 0.400
v -0.08617 2.75979 1.13025 1.000 0.620 0.400
v -0.04975 2.75979 1.09383 1.000 0.620 0.400
v -0.00000 2.75979 1.08050 1.000 0.620 0.400
v 0.04975 2.75979 1.09383 1.000 0.620 0.400
v 0.08617 2.75979 1.13025 1.000 0.620 0.400
v 0.00000 2.74000 1.18000 1.000 0.620 0.400
v 0.00000 2.74000 1.18000 1.000 0.620 0.400
v 0.00000 2.74000 1.18000 1.000 0.620 0.400
v 0.00000 2.74000 1.18000 1.000 0.620 0.400
v -0.00000 2.74000 1.18000 1.000 0.620 0.400
v -0.00000 2.74000 1.18000 1.000 0.620 0.400
v -0.00000 2.74000 1.18000 1.000 0.620 0.400
v -0.00000 2.74000 1.18000 1.000 0.620 0.400
v -0.00000 2.74000 1.18000 1.000 0.620 0.400
v -0.00000 2.74000 1.18000 1.000 0.620 0.400
v 0.00000 2.74000 1.18000 1.000 0.620 0.400
v 0.00000 2.74000 1.18000 1.000 0.620 0.400
v -0.62000 2.62000 1.20000 0.100 0.050 0.000
v 0.62000 2.62000 1.20000 0.100 0.050 0.000
v 0.62000 2.88000 1.20000 0.100 0.050 0.000
v -0.62000 2.88000 1.20000 0.100 0.050 0.000
v 0.62000 2.62000 1.00000 0.100 0.050 0.000
v -0.62000 2.62000 1.00000 0.100 0.050 0.000
v -0.62000 2.88000 1.00000 0.100 0.050 0.000
v 0.62000 2.88000 1.00000 0.100 0.050 0.000
v -0.62000 2.88000 1.20000 0.100 0.050 0.000
v 0.62000 2.88000 1.20000 0.100 0.050 0.000
v 0.62000 2.88000 1.00000 0.100 0.050 0.000
v -0.62000 2.88000 1.00000 0.100 0.050 0.000
v -0.62000 2.62000 1.00000 0.100 0.050 0.000
v 0.62000 2.62000 1.00000 0.100 0.050 0.000
v 0.62000 2.62000 1.20000 0.100 0.050 0.000
v -0.62000 2.62000 1.20000 0.100 0.050 0.000
v 0.62000 2.62000 1.20000 0.100 0.050 0.000
v 0.62000 2.62000 1.00000 0.100 0.050 0.000
v 0.62000 2.88000 1.00000 0.100 0.050 0.000
v 0.62000 2.88000 1.20000 0.100 0.050 0.000
v -0.62000 2.62000 1.00000 0.100 0.050 0.000
v -0.62000 2.62000 1.20000 0.100 0.050 0.000
v -0.62000 2.88000 1.20000 0.100 0.050 0.000
v -0.62000 2.88000 1.00000 0.100 0.050 0.000
v -1.18000 3.46000 0.00000 1.000 0.780 0.550
v -1.18000 3.46000 0.00000 1.000 0.780 0.550
v -1.18000 3.46000 0.00000 1.000 0.780 0.550
v -1.18000 3.46000 0.00000 1.000 0.780 0.550
v -1.18000 3.46000 0.00000 1.000 0.780 0.550
v -1.18000 3.46000 0.00000 1.000 0.780 0.550
v -1.18000 3.46000 0.00000 1.000 0.780 0.550
v -1.18000 3.46000 0.00000 1.000 0.780 0.550
v -1.18000 3.46000 0.00000 1.000 0.780 0.550
v -1.18000 3.46000 0.00000 1.000 0.780 0.550
v -1.18000 3.46000 0.00000 1.000 0.780 0.550
v -1.18000 3.46000 0.00000 1.000 0.780 0.550
v -1.08050 3.44021 0.00000 1.000 0.780 0.550
v -1.09383 3.44021 0.04975 1.000 0.780 0.550
v -1.13025 3.44021 0.08617 1.000 0.780 0.550
v -1.18000 3.44021 0.09950 1.000 0.780 0.550
v -1.22975 3.44021 0.08617 1.000 0.780 0.550
v -1.26617 3.44021 0.04975 1.000 0.780 0.550
v -1.27950 3.44021 0.00000 1.000 0.780 0.550
v -1.26617 3.44021 -0.04975 1.000 0.780 0.550
v -1.22975 3.44021 -0.08617 1.000 0.780 0.550
v -1.18000 3.44021 -0.09950 1.000 0.780 0.550
v -1.13025 3.44021 -0.08617 1.000 0.780 0.550
v -1.09383 3.44021 -0.04975 1.000 0.780 0.550
v -0.99615 3.38385 0.00000 1.000 0.780 0.550
v -1.02078 3.38385 0.09192 1.000 0.780 0.550
v -1.08808 3.38385 0.15922 1.000 0.780 0.550
v -1.18000 3.38385 0.18385 1.000 0.780 0.550
v -1.27192 3.38385 0.15922 1.000 0.780 0.550
v -1.33922 3.38385 0.09192 1.000 0.780 0.550
v -1.36385 3.38385 0.00000 1.000 0.780 0.550
v -1.33922 3.38385 -0.09192 1.000 0.780 0.550
v -1.27192 3.38385 -0.15922 1.000 0.780 0.550
v -1.18000 3.38385 -0.18385 1.000 0.780 0.550
v -1.08808 3.38385 -0.15922 1.000 0.780 0.550
v -1.02078 3.38385 -0.09192 1.000 0.780 0.550
v -0.93979 3.29950 0.00000 1.000 0.780 0.550
v -0.97197 3.29950 0.12010 1.000 0.780 0.550
v -1.05990 3.29950 0.20803 1.000 0.780 0.550
v -1.18000 3.29950 0.24021 1.000 0.780 0.550
v -1.30010 3.29950 0.20803 1.000 0.780 0.550
v -1.38803 3.29950 0.12010 1.000 0.780 0.550
v -1.42021 3.29950 0.00000 1.000 0.780 0.550
v -1.38803 3.29950 -0.12010 1.000 0.780 0.550
v -1.30010 3.29950 -0.20803 1.000 0.780 0.550
v -1.18000 3.29950 -0.24021 1.000 0.780 0.550
v -1.05990 3.29950 -0.20803 1.000 0.780 0.550
v -0.97197 3.29950 -0.12010 1.000 0.780 0.550
v -0.92000 3.20000 0.00000 1.000 0.780 0.550
v -0.95483 3.20000 0.13000 1.000 0.780 0.550
v -1.05000 3.20000 0.22517 1.000 0.780 0.550
v -1.18000 3.20000 0.26000 1.000 0.780 0.550
v -1.31000 3.20000 0.22517 1.000 0.780 0.550
v -1.40517 3.20000 0.13000 1.000 0.780 0.550
v -1.44000 3.20000 0.00000 1.000 0.780 0.550
v -1.40517 3.20000 -0.13000 1.000 0.780 0.550
v -1.31000 3.20000 -0.22517 1.000 0.780 0.550
v -1.18000 3.20000 -0.26000 1.000 0.780 0.550
v -1.05000 3.20000 -0.22517 1.000 0.780 0.550
v -0.95483 3.20000 -0.13000 1.000 0.780 0.550
v -0.93979 3.10050 0.00000 1.000 0.780 0.550
v -0.97197 3.10050 0.12010 1.000 0.780 0.550
v -1.05990 3.10050 0.20803 1.000 0.780 0.550
v -1.18000 3.10050 0.24021 1.000 0.780 0.550
v -1.30010 3.10050 0.20803 1.000 0.780 0.550
v -1.38803 3.10050 0.12010 1.000 0.780 0.550
v -1.42021 3.10050 0.00000 1.000 0.780 0.550
v -1.38803 3.10050 -0.12010 1.000 0.780 0.550
v -1.30010 3.10050 -0.20803 1.000 0.780 0.550
v -1.18000 3.10050 -0.24021 1.000 0.780 0.550
v -1.05990 3.10050 -0.20803 1.000 0.780 0.550
v -0.97197 3.10050 -0.12010 1.000 0.780 0.550
v -0.99615 3.01615 0.00000 1.000 0.780 0.550
v -1.02078 3.01615 0.09192 1.000 0.780 0.550
v -1.08808 3.01615 0.15922 1.000 0.780 0.550
v -1.18000 3.01615 0.18385 1.000 0.780 0.550
v -1.27192 3.01615 0.15922 1.000 0.780 0.550
v -1.33922 3.01615 0.09192 1.000 0.780 0.550
v -1.36385 3.01615 0.00000 1.000 0.780 0.550
v -1.33922 3.01615 -0.09192 1.000 0.780 0.550
v -1.27192 3.01615 -0.15922 1.000 0.780 0.550
v -1.18000 3.01615 -0.18385 1.000 0.780 0.550
v -1.08808 3.01615 -0.15922 1.000 0.780 0.550
v -1.02078 3.01615 -0.09192 1.000 0.780 0.550
v -1.08050 2.95979 0.00000 1.000 0.780 0.550
v -1.09383 2.95979 0.04975 1.000 0.780 0.550
v -1.13025 2.95979 0.08617 1.000 0.780 0.550
v -1.18000 2.95979 0.09950 1.000 0.780 0.550
v -1.22975 2.95979 0.08617 1.000 0.780 0.550
v -1.26617 2.95979 0.04975 1.000 0.780 0.550
v -1.27950 2.95979 0.00000 1.000 0.780 0.550
v -1.26617 2.95979 -0.04975 1.000 0.780 0.550
v -1.22975 2.95979 -0.08617 1.000 0.780 0.550
v -1.18000 2.95979 -0.09950 1.000 0.780 0.550
v -1.13025 2.95979 -0.08617 1.000 0.780 0.550
v -1.09383 2.95979 -0.04975 1.000 0.780 0.550
v -1.18000 2.94000 0.00000 1.000 0.780 0.550
v -1.18000 2.94000 0.00000 1.000 0.780 0.550
v -1.18000 2.94000 0.00000 1.000 0.780 0.550
v -1.18000 2.94000 0.00000 1.000 0.780 0.550
v -1.18000 2.94000 0.00000 1.000 0.780 0.550
v -1.18000 2.94000 0.00000 1.000 0.780 0.550
v -1.18000 2.94000 0.00000 1.000 0.780 0.550
v -1.18000 2.94000 -0.00000 1.000 0.780 0.550
v -1.18000 2.94000 -0.00000 1.000 0.780 0.550
v -1.18000 2.94000 -0.00000 1.000 0.780 0.550
v -1.18000 2.94000 -0.00000 1.000 0.780 0.550
v -1.18000 2.94000 -0.00000 1.000 0.780 0.550
v 1.18000 3.46000 0.00000 1.000 0.780 0.550
v 1.18000 3.46000 0.00000 1.000 0.780 0.550
v 1.18000 3.46000 0.00000 1.000 0.780 0.550
v 1.18000 3.46000 0.00000 1.000 0.780 0.550
v 1.18000 3.46000 0.00000 1.000 0.780 0.550
v 1.18000 3.46000 0.00000 1.000 0.780 0.550
v 1.18000 3.46000 0.00000 1.000 0.780 0.550
v 1.18000 3.46000 0.00000 1.000 0.780 0.550
v 1.18000 3.46000 0.00000 1.000 0.780 0.550
v 1.18000 3.46000 0.00000 1.000 0.780 0.550
v 1.18000 3.46000 0.00000 1.000 0.780 0.550
v 1.18000 3.46000 0.00000 1.000 0.780 0.550
v 1.27950 3.44021 0.00000 1.000 0.780 0.550
v 1.26617 3.44021 0.04975 1.000 0.780 0.550
v 1.22975 3.44021 0.08617 1.000 0.780 0.550
v 1.18000 3.44021 0.09950 1.000 0.780 0.550
v 1.13025 3.44021 0.08617 1.000 0.780 0.550
v 1.09383 3.44021 0.04975 1.000 0.780 0.550
v 1.08050 3.44021 0.00000 1.000 0.780 0.550
v 1.09383 3.44021 -0.04975 1.000 0.780 0.550
v 1.13025 3.44021 -0.08617 1.000 0.780 0.550
v 1.18000 3.44021 -0.09950 1.000 0.780 0.550
v 1.22975 3.44021 -0.08617 1.000 0.780 0.550
v 1.26617 3.44021 -0.04975 1.000 0.780 0.550
v 1.36385 3.38385 0.00000 1.000 0.780 0.550
v 1.33922 3.38385 0.09192 1.000 0.780 0.550
v 1.27192 3.38385 0.15922 1.000 0.780 0.550
v 1.18000 3.38385 0.18385 1.000 0.780 0.550
v 1.08808 3.38385 0.15922 1.000 0.780 0.550
v 1.02078 3.38385 0.09192 1.000 0.780 0.550
v 0.99615 3.38385 0.00000 1.000 0.780 0.550
v 1.02078 3.38385 -0.09192 1.000 0.780 0.550
v 1.08808 3.38385 -0.15922 1.000 0.780 0.550
v 1.18000 3.38385 -0.18385 1.000 0.780 0.550
v 1.27192 3.38385 -0.15922 1.000 0.780 0.550
v 1.33922 3.38385 -0.09192 1.000 0.780 0.550
v 1.42021 3.29950 0.00000 1.000 0.780 0.550
v 1.38803 3.29950 0.12010 1.000 0.780 0.550
v 1.30010 3.29950 0.20803 1.000 0.780 0.550
v 1.18000 3.29950 0.24021 1.000 0.780 0.550
v 1.05990 3.29950 0.20803 1.000 0.780 0.550
v 0.97197 3.29950 0.12010 1.000 0.780 0.550
v 0.93979 3.29950 0.00000 1.000 0.780 0.550
v 0.97197 3.29950 -0.12010 1.000 0.780 0.550
v 1.05990 3.29950 -0.20803 1.000 0.780 0.550
v 1.18000 3.29950 -0.24021 1.000 0.780 0.550
v 1.30010 3.29950 -0.20803 1.000 0.780 0.550
v 1.38803 3.29950 -0.12010 1.000 0.780 0.550
v 1.44000 3.20000 0.00000 1.000 0.780 0.550
v 1.40517 3.20000 0.13000 1.000 0.780 0.550
v 1.31000 3.20000 0.22517 1.000 0.780 0.550
v 1.18000 3.20000 0.26000 1.000 0.780 0.550
v 1.05000 3.20000 0.22517 1.000 0.780 0.550
v 0.95483 3.20000 0.13000 1.000 0.780 0.550
v 0.92000 3.20000 0.00000 1.000 0.780 0.550
v 0.95483 3.20000 -0.13000 1.000 0.780 0.550
v 1.05000 3.20000 -0.22517 1.000 0.780 0.550
v 1.18000 3.20000 -0.26000 1.000 0.780 0.550
v 1.31000 3.20000 -0.22517 1.000 0.780 0.550
v 1.40517 3.20000 -0.13000 1.000 0.780 0.550
v 1.42021 3.10050 0.00000 1.000 0.780 0.550
v 1.38803 3.10050 0.12010 1.000 0.780 0.550
v 1.30010 3.10050 0.20803 1.000 0.780 0.550
v 1.18000 3.10050 0.24021 1.000 0.780 0.550
v 1.05990 3.10050 0.20803 1.000 0.780 0.550
v 0.97197 3.10050 0.12010 1.000 0.780 0.550
v 0.93979 3.10050 0.00000 1.000 0.780 0.550
v 0.97197 3.10050 -0.12010 1.000 0.780 0.550
v 1.05990 3.10050 -0.20803 1.000 0.780 0.550
v 1.18000 3.10050 -0.24021 1.000 0.780 0.550
v 1.30010 3.10050 -0.20803 1.000 0.780 0.550
v 1.38803 3.10050 -0.12010 1.000 0.780 0.550
v 1.36385 3.01615 0.00000 1.000 0.780 0.550
v 1.33922 3.01615 0.09192 1.000 0.780 0.550
v 1.27192 3.01615 0.15922 1.000 0.780 0.550
v 1.18000 3.01615 0.18385 1.000 0.780 0.550
v 1.08808 3.01615 0.15922 1.000 0.780 0.550
v 1.02078 3.01615 0.09192 1.000 0.780 0.550
v 0.99615 3.01615 0.00000 1.000 0.780 0.550
v 1.02078 3.01615 -0.09192 1.000 0.780 0.550
v 1.08808 3.01615 -0.15922 1.000 0.780 0.550
v 1.18000 3.01615 -0.18385 1.000 0.780 0.550
v 1.27192 3.01615 -0.15922 1.000 0.780 0.550
v 1.33922 3.01615 -0.09192 1.000 0.780 0.550
v 1.27950 2.95979 0.00000 1.000 0.780 0.550
v 1.26617 2.95979 0.04975 1.000 0.780 0.550
v 1.22975 2.95979 0.08617 1.000 0.780 0.550
v 1.18000 2.95979 0.09950 1.000 0.780 0.550
v 1.13025 2.95979 0.08617 1.000 0.780 0.550
v 1.09383 2.95979 0.04975 1.000 0.780 0.550
v 1.08050 2.95979 0.00000 1.000 0.780 0.550
v 1.09383 2.95979 -0.04975 1.000 0.780 0.550
v 1.13025 2.95979 -0.08617 1.000 0.780 0.550
v 1.18000 2.95979 -0.09950 1.000 0.780 0.550
v 1.22975 2.95979 -0.08617 1.000 0.780 0.550
v 1.26617 2.95979 -0.04975 1.000 0.780 0.550
v 1.18000 2.94000 0.00000 1.000 0.780 0.550
v 1.18000 2.94000 0.00000 1.000 0.780 0.550
v 1.18000 2.94000 0.00000 1.000 0.780 0.550
v 1.18000 2.94000 0.00000 1.000 0.780 0.550
v 1.18000 2.94000 0.00000 1.000 0.780 0.550
v 1.18000 2.94000 0.00000 1.000 0.780 0.550
v 1.18000 2.94000 0.00000 1.000 0.780 0.550
v 1.18000 2.94000 -0.00000 1.000 0.780 0.550
v 1.18000 2.94000 -0.00000 1.000 0.780 0.550
v 1.18000 2.94000 -0.00000 1.000 0.780 0.550
v 1.18000 2.94000 -0.00000 1.000 0.780 0.550
v 1.18000 2.94000 -0.00000 1.000 0.780 0.550
v -0.90000 0.20000 0.65000 0.120 0.180 0.780
v 0.90000 0.20000 0.65000 0.120 0.180 0.780
v 0.90000 2.10000 0.65000 0.120 0.180 0.780
v -0.90000 2.10000 0.65000 0.120 0.180 0.780
v 0.90000 0.20000 -0.65000 0.120 0.180 0.780
v -0.90000 0.20000 -0.65000 0.120 0.180 0.780
v -0.90000 2.10000 -0.65000 0.120 0.180 0.780
v 0.90000 2.10000 -0.65000 0.120 0.180 0.780
v -0.90000 2.10000 0.65000 0.120 0.180 0.780
v 0.90000 2.10000 0.65000 0.120 0.180 0.780
v 0.90000 2.10000 -0.65000 0.120 0.180 0.780
v -0.90000 2.10000 -0.65000 0.120 0.180 0.780
v -0.90000 0.20000 -0.65000 0.120 0.180 0.780
v 0.90000 0.20000 -0.65000 0.120 0.180 0.780
v 0.90000 0.20000 0.65000 0.120 0.180 0.780
v -0.90000 0.20000 0.65000 0.120 0.180 0.780
v 0.90000 0.20000 0.65000 0.120 0.180 0.780
v 0.90000 0.20000 -0.65000 0.120 0.180 0.780
v 0.90000 2.10000 -0.65000 0.120 0.180 0.780
v 0.90000 2.10000 0.65000 0.120 0.180 0.780
v -0.90000 0.20000 -0.65000 0.120 0.180 0.780
v -0.90000 0.20000 0.65000 0.120 0.180 0.780
v -0.90000 2.10000 0.65000 0.120 0.180 0.780
v -0.90000 2.10000 -0.65000 0.120 0.180 0.780
v -1.10000 0.20000 0.55000 0.850 0.080 0.080
v -0.88000 0.20000 0.55000 0.850 0.080 0.080
v -0.88000 2.10000 0.55000 0.850 0.080 0.080
v -1.10000 2.10000 0.55000 0.850 0.080 0.080
v -0.88000 0.20000 -0.55000 0.850 0.080 0.080
v -1.10000 0.20000 -0.55000 0.850 0.080 0.080
v -1.10000 2.10000 -0.55000 0.850 0.080 0.080
v -0.88000 2.10000 -0.55000 0.850 0.080 0.080
v -1.10000 2.10000 0.55000 0.850 0.080 0.080
v -0.88000 2.10000 0.55000 0.850 0.080 0.080
v -0.88000 2.10000 -0.55000 0.850 0.080 0.080
v -1.10000 2.10000 -0.55000 0.850 0.080 0.080
v -1.10000 0.20000 -0.55000 0.850 0.080 0.080
v -0.88000 0.20000 -0.55000 0.850 0.080 0.080
v -0.88000 0.20000 0.55000 0.850 0.080 0.080
v -1.10000 0.20000 0.55000 0.850 0.080 0.080
v -0.88000 0.20000 0.55000 0.850 0.080 0.080
v -0.88000 0.20000 -0.55000 0.850 0.080 0.080
v -0.88000 2.10000 -0.55000 0.850 0.080 0.080
v -0.88000 2.10000 0.55000 0.850 0.080 0.080
v -1.10000 0.20000 -0.55000 0.850 0.080 0.080
v -1.10000 0.20000 0.55000 0.850 0.080 0.080
v -1.10000 2.10000 0.55000 0.850 0.080 0.080
v -1.10000 2.10000 -0.55000 0.850 0.080 0.080
v 0.88000 0.20000 0.55000 0.850 0.080 0.080
v 1.10000 0.20000 0.55000 0.850 0.080 0.080
v 1.10000 2.10000 0.55000 0.850 0.080 0.080
v 0.88000 2.10000 0.55000 0.850 0.080 0.080
v 1.10000 0.20000 -0.55000 0.850 0.080 0.080
v 0.88000 0.20000 -0.55000 0.850 0.080 0.080
v 0.88000 2.10000 -0.55000 0.850 0.080 0.080
v 1.10000 2.10000 -0.55000 0.850 0.080 0.080
v 0.88000 2.10000 0.55000 0.850 0.080 0.080
v 1.10000 2.10000 0.55000 0.850 0.080 0.080
v 1.10000 2.10000 -0.55000 0.850 0.080 0.080
v 0.88000 2.10000 -0.55000 0.850 0.080 0.080
v 0.88000 0.20000 -0.55000 0.850 0.080 0.080
v 1.10000 0.20000 -0.55000 0.850 0.080 0.080
v 1.10000 0.20000 0.55000 0.850 0.080 0.080
v 0.88000 0.20000 0.55000 0.850 0.080 0.080
v 1.10000 0.20000 0.55000 0.850 0.080 0.080
v 1.10000 0.20000 -0.55000 0.850 0.080 0.080
v 1.10000 2.10000 -0.55000 0.850 0.080 0.080
v 1.10000 2.10000 0.55000 0.850 0.080 0.080
v 0.88000 0.20000 -0.55000 0.850 0.080 0.080
v 0.88000 0.20000 0.55000 0.850 0.080 0.080
v 0.88000 2.10000 0.55000 0.850 0.080 0.080
v 0.88000 2.10000 -0.55000 0.850 0.080 0.080
v -0.35000 1.60000 0.68000 0.950 0.850 0.100
v -0.15000 1.60000 0.68000 0.950 0.850 0.100
v -0.15000 1.80000 0.68000 0.950 0.850 0.100
v -0.35000 1.80000 0.68000 0.950 0.850 0.100
v -0.15000 1.60000 0.63000 0.950 0.850 0.100
v -0.35000 1.60000 0.63000 0.950 0.850 0.100
v -0.35000 1.80000 0.63000 0.950 0.850 0.100
v -0.15000 1.80000 0.63000 0.950 0.850 0.100
v -0.35000 1.80000 0.68000 0.950 0.850 0.100
v -0.15000 1.80000 0.68000 0.950 0.850 0.100
v -0.15000 1.80000 0.63000 0.950 0.850 0.100
v -0.35000 1.80000 0.63000 0.950 0.850 0.100
v -0.35000 1.60000 0.63000 0.950 0.850 0.100
v -0.15000 1.60000 0.63000 0.950 0.850 0.100
v -0.15000 1.60000 0.68000 0.950 0.850 0.100
v -0.35000 1.60000 0.68000 0.950 0.850 0.100
v -0.15000 1.60000 0.68000 0.950 0.850 0.100
v -0.15000 1.60000 0.63000 0.950 0.850 0.100
v -0.15000 1.80000 0.63000 0.950 0.850 0.100
v -0.15000 1.80000 0.68000 0.950 0.850 0.100
v -0.35000 1.60000 0.63000 0.950 0.850 0.100
v -0.35000 1.60000 0.68000 0.950 0.850 0.100
v -0.35000 1.80000 0.68000 0.950 0.850 0.100
v -0.35000 1.80000 0.63000 0.950 0.850 0.100
v 0.15000 1.60000 0.68000 0.950 0.850 0.100
v 0.35000 1.60000 0.68000 0.950 0.850 0.100
v 0.35000 1.80000 0.68000 0.950 0.850 0.100
v 0.15000 1.80000 0.68000 0.950 0.850 0.100
v 0.35000 1.60000 0.63000 0.950 0.850 0.100
v 0.15000 1.60000 0.63000 0.950 0.850 0.100
v 0.15000 1.80000 0.63000 0.950 0.850 0.100
v 0.35000 1.80000 0.63000 0.950 0.850 0.100
v 0.15000 1.80000 0.68000 0.950 0.850 0.100
v 0.35000 1.80000 0.68000 0.950 0.850 0.100
v 0.35000 1.80000 0.63000 0.950 0.850 0.100
v 0.15000 1.80000 0.63000 0.950 0.850 0.100
v 0.15000 1.60000 0.63000 0.950 0.850 0.100
v 0.35000 1.60000 0.63000 0.950 0.850 0.100
v 0.35000 1.60000 0.68000 0.950 0.850 0.100
v 0.15000 1.60000 0.68000 0.950 0.850 0.100
v 0.35000 1.60000 0.68000 0.950 0.850 0.100
v 0.35000 1.60000 0.63000 0.950 0.850 0.100
v 0.35000 1.80000 0.63000 0.950 0.850 0.100
v 0.35000 1.80000 0.68000 0.950 0.850 0.100
v 0.15000 1.60000 0.63000 0.950 0.850 0.100
v 0.15000 1.60000 0.68000 0.950 0.850 0.100
v 0.15000 1.80000 0.68000 0.950 0.850 0.100
v 0.15000 1.80000 0.63000 0.950 0.850 0.100
v -1.55000 0.55000 0.42000 0.850 0.080 0.080
v -0.90000 0.55000 0.42000 0.850 0.080 0.080
v -0.90000 1.95000 0.42000 0.850 0.080 0.080
v -1.55000 1.95000 0.42000 0.850 0.080 0.080
v -0.90000 0.55000 -0.42000 0.850 0.080 0.080
v -1.55000 0.55000 -0.42000 0.850 0.080 0.080
v -1.55000 1.95000 -0.42000 0.850 0.080 0.080
v -0.90000 1.95000 -0.42000 0.850 0.080 0.080
v -1.55000 1.95000 0.42000 0.850 0.080 0.080
v -0.90000 1.95000 0.42000 0.850 0.080 0.080
v -0.90000 1.95000 -0.42000 0.850 0.080 0.080
v -1.55000 1.95000 -0.42000 0.850 0.080 0.080
v -1.55000 0.55000 -0.42000 0.850 0.080 0.080
v -0.90000 0.55000 -0.42000 0.850 0.080 0.080
v -0.90000 0.55000 0.42000 0.850 0.080 0.080
v -1.55000 0.55000 0.42000 0.850 0.080 0.080
v -0.90000 0.55000 0.42000 0.850 0.080 0.080
v -0.90000 0.55000 -0.42000 0.850 0.080 0.080
v -0.90000 1.95000 -0.42000 0.850 0.080 0.080
v -0.90000 1.95000 0.42000 0.850 0.080 0.080
v -1.55000 0.55000 -0.42000 0.850 0.080 0.080
v -1.55000 0.55000 0.42000 0.850 0.080 0.080
v -1.55000 1.95000 0.42000 0.850 0.080 0.080
v -1.55000 1.95000 -0.42000 0.850 0.080 0.080
v 0.90000 0.55000 0.42000 0.850 0.080 0.080
v 1.55000 0.55000 0.42000 0.850 0.080 0.080
v 1.55000 1.95000 0.42000 0.850 0.080 0.080
v 0.90000 1.95000 0.42000 0.850 0.080 0.080
v 1.55000 0.55000 -0.42000 0.850 0.080 0.080
v 0.90000 0.55000 -0.42000 0.850 0.080 0.080
v 0.90000 1.95000 -0.42000 0.850 0.080 0.080
v 1.55000 1.95000 -0.42000 0.850 0.080 0.080
v 0.90000 1.95000 0.42000 0.850 0.080 0.080
v 1.55000 1.95000 0.42000 0.850 0.080 0.080
v 1.55000 1.95000 -0.42000 0.850 0.080 0.080
v 0.90000 1.95000 -0.42000 0.850 0.080 0.080
v 0.90000 0.55000 -0.42000 0.850 0.080 0.080
v 1.55000 0.55000 -0.42000 0.850 0.080 0.080
v 1.55000 0.55000 0.42000 0.850 0.080 0.080
v 0.90000 0.55000 0.42000 0.850 0.080 0.080
v 1.55000 0.55000 0.42000 0.850 0.080 0.080
v 1.55000 0.55000 -0.42000 0.850 0.080 0.080
v 1.55000 1.95000 -0.42000 0.850 0.080 0.080
v 1.55000 1.95000 0.42000 0.850 0.080 0.080
v 0.90000 0.55000 -0.42000 0.850 0.080 0.080
v 0.90000 0.55000 0.42000 0.850 0.080 0.080
v 0.90000 1.95000 0.42000 0.850 0.080 0.080
v 0.90000 1.95000 -0.42000 0.850 0.080 0.080
v -1.62000 0.10000 0.44000 0.950 0.950 0.950
v -0.83000 0.10000 0.44000 0.950 0.950 0.950
v -0.83000 0.58000 0.44000 0.950 0.950 0.950
v -1.62000 0.58000 0.44000 0.950 0.950 0.950
v -0.83000 0.10000 -0.44000 0.950 0.950 0.950
v -1.62000 0.10000 -0.44000 0.950 0.950 0.950
v -1.62000 0.58000 -0.44000 0.950 0.950 0.950
v -0.83000 0.58000 -0.44000 0.950 0.950 0.950
v -1.62000 0.58000 0.44000 0.950 0.950 0.950
v -0.83000 0.58000 0.44000 0.950 0.950 0.950
v -0.83000 0.58000 -0.44000 0.950 0.950 0.950
v -1.62000 0.58000 -0.44000 0.950 0.950 0.950
v -1.62000 0.10000 -0.44000 0.950 0.950 0.950
v -0.83000 0.10000 -0.44000 0.950 0.950 0.950
v -0.83000 0.10000 0.44000 0.950 0.950 0.950
v -1.62000 0.10000 0.44000 0.950 0.950 0.950
v -0.83000 0.10000 0.44000 0.950 0.950 0.950
v -0.83000 0.10000 -0.44000 0.950 0.950 0.950
v -0.83000 0.58000 -0.44000 0.950 0.950 0.950
v -0.83000 0.58000 0.44000 0.950 0.950 0.950
v -1.62000 0.10000 -0.44000 0.950 0.950 0.950
v -1.62000 0.10000 0.44000 0.950 0.950 0.950
v -1.62000 0.58000 0.44000 0.950 0.950 0.950
v -1.62000 0.58000 -0.44000 0.950 0.950 0.950
v 0.83000 0.10000 0.44000 0.950 0.950 0.950
v 1.62000 0.10000 0.44000 0.950 0.950 0.950
v 1.62000 0.58000 0.44000 0.950 0.950 0.950
v 0.83000 0.58000 0.44000 0.950 0.950 0.950
v 1.62000 0.10000 -0.44000 0.950 0.950 0.950
v 0.83000 0.10000 -0.44000 0.950 0.950 0.950
v 0.83000 0.58000 -0.44000 0.950 0.950 0.950
v 1.62000 0.58000 -0.44000 0.950 0.950 0.950
v 0.83000 0.58000 0.44000 0.950 0.950 0.950
v 1.62000 0.58000 0.44000 0.950 0.950 0.950
v 1.62000 0.58000 -0.44000 0.950 0.950 0.950
v 0.83000 0.58000 -0.44000 0.950 0.950 0.950
v 0.83000 0.10000 -0.44000 0.950 0.950 0.950
v 1.62000 0.10000 -0.44000 0.950 0.950 0.950
v 1.62000 0.10000 0.44000 0.950 0.950 0.950
v 0.83000 0.10000 0.44000 0.950 0.950 0.950
v 1.62000 0.10000 0.44000 0.950 0.950 0.950
v 1.62000 0.10000 -0.44000 0.950 0.950 0.950
v 1.62000 0.58000 -0.44000 0.950 0.950 0.950
v 1.62000 0.58000 0.44000 0.950 0.950 0.950
v 0.83000 0.10000 -0.44000 0.950 0.950 0.950
v 0.83000 0.10000 0.44000 0.950 0.950 0.950
v 0.83000 0.58000 0.44000 0.950 0.950 0.950
v 0.83000 0.58000 -0.44000 0.950 0.950 0.950
v -0.78000 -1.70000 0.48000 0.120 0.180 0.780
v -0.05000 -1.70000 0.48000 0.120 0.180 0.780
v -0.05000 0.20000 0.48000 0.120 0.180 0.780
v -0.78000 0.20000 0.48000 0.120 0.180 0.780
v -0.05000 -1.70000 -0.48000 0.120 0.180 0.780
v -0.78000 -1.70000 -0.48000 0.120 0.180 0.780
v -0.78000 0.20000 -0.48000 0.120 0.180 0.780
v -0.05000 0.20000 -0.48000 0.120 0.180 0.780
v -0.78000 0.20000 0.48000 0.120 0.180 0.780
v -0.05000 0.20000 0.48000 0.120 0.180 0.780
v -0.05000 0.20000 -0.48000 0.120 0.180 0.780
v -0.78000 0.20000 -0.48000 0.120 0.180 0.780
v -0.78000 -1.70000 -0.48000 0.120 0.180 0.780
v -0.05000 -1.70000 -0.48000 0.120 0.180 0.780
v -0.05000 -1.70000 0.48000 0.120 0.180 0.780
v -0.78000 -1.70000 0.48000 0.120 0.180 0.780
v -0.05000 -1.70000 0.48000 0.120 0.180 0.780
v -0.05000 -1.70000 -0.48000 0.120 0.180 0.780
v -0.05000 0.20000 -0.48000 0.120 0.180 0.780
v -0.05000 0.20000 0.48000 0.120 0.180 0.780
v -0.78000 -1.70000 -0.48000 0.120 0.180 0.780
v -0.78000 -1.70000 0.48000 0.120 0.180 0.780
v -0.78000 0.20000 0.48000 0.120 0.180 0.780
v -0.78000 0.20000 -0.48000 0.120 0.180 0.780
v 0.05000 -1.70000 0.48000 0.120 0.180 0.780
v 0.78000 -1.70000 0.48000 0.120 0.180 0.780
v 0.78000 0.20000 0.48000 0.120 0.180 0.780
v 0.05000 0.20000 0.48000 0.120 0.180 0.780
v 0.78000 -1.70000 -0.48000 0.120 0.180 0.780
v 0.05000 -1.70000 -0.48000 0.120 0.180 0.780
v 0.05000 0.20000 -0.48000 0.120 0.180 0.780
v 0.78000 0.20000 -0.48000 0.120 0.180 0.780
v 0.05000 0.20000 0.48000 0.120 0.180 0.780
v 0.78000 0.20000 0.48000 0.120 0.180 0.780
v 0.78000 0.20000 -0.48000 0.120 0.180 0.780
v 0.05000 0.20000 -0.48000 0.120 0.180 0.780
v 0.05000 -1.70000 -0.48000 0.120 0.180 0.780
v 0.78000 -1.70000 -0.48000 0.120 0.180 0.780
v 0.78000 -1.70000 0.48000 0.120 0.180 0.780
v 0.05000 -1.70000 0.48000 0.120 0.180 0.780
v 0.78000 -1.70000 0.48000 0.120 0.180 0.780
v 0.78000 -1.70000 -0.48000 0.120 0.180 0.780
v 0.78000 0.20000 -0.48000 0.120 0.180 0.780
v 0.78000 0.20000 0.48000 0.120 0.180 0.780
v 0.05000 -1.70000 -0.48000 0.120 0.180 0.780
v 0.05000 -1.70000 0.48000 0.120 0.180 0.780
v 0.05000 0.20000 0.48000 0.120 0.180 0.780
v 0.05000 0.20000 -0.48000 0.120 0.180 0.780
v -1.00000 -2.10000 0.80000 0.380 0.200 0.050
v -0.02000 -2.10000 0.80000 0.380 0.200 0.050
v -0.02000 -1.68000 0.80000 0.380 0.200 0.050
v -1.00000 -1.68000 0.80000 0.380 0.200 0.050
v -0.02000 -2.10000 -0.30000 0.380 0.200 0.050
v -1.00000 -2.10000 -0.30000 0.380 0.200 0.050
v -1.00000 -1.68000 -0.30000 0.380 0.200 0.050
v -0.02000 -1.68000 -0.30000 0.380 0.200 0.050
v -1.00000 -1.68000 0.80000 0.380 0.200 0.050
v -0.02000 -1.68000 0.80000 0.380 0.200 0.050
v -0.02000 -1.68000 -0.30000 0.380 0.200 0.050
v -1.00000 -1.68000 -0.30000 0.380 0.200 0.050
v -1.00000 -2.10000 -0.30000 0.380 0.200 0.050
v -0.02000 -2.10000 -0.30000 0.380 0.200 0.050
v -0.02000 -2.10000 0.80000 0.380 0.200 0.050
v -1.00000 -2.10000 0.80000 0.380 0.200 0.050
v -0.02000 -2.10000 0.80000 0.380 0.200 0.050
v -0.02000 -2.10000 -0.30000 0.380 0.200 0.050
v -0.02000 -1.68000 -0.30000 0.380 0.200 0.050
v -0.02000 -1.68000 0.80000 0.380 0.200 0.050
v -1.00000 -2.10000 -0.30000 0.380 0.200 0.050
v -1.00000 -2.10000 0.80000 0.380 0.200 0.050
v -1.00000 -1.68000 0.80000 0.380 0.200 0.050
v -1.00000 -1.68000 -0.30000 0.380 0.200 0.050
v 0.02000 -2.10000 0.80000 0.380 0.200 0.050
v 1.00000 -2.10000 0.80000 0.380 0.200 0.050
v 1.00000 -1.68000 0.80000 0.380 0.200 0.050
v 0.02000 -1.68000 0.80000 0.380 0.200 0.050
v 1.00000 -2.10000 -0.30000 0.380 0.200 0.050
v 0.02000 -2.10000 -0.30000 0.380 0.200 0.050
v 0.02000 -1.68000 -0.30000 0.380 0.200 0.050
v 1.00000 -1.68000 -0.30000 0.380 0.200 0.050
v 0.02000 -1.68000 0.80000 0.380 0.200 0.050
v 1.00000 -1.68000 0.80000 0.380 0.200 0.050
v 1.00000 -1.68000 -0.30000 0.380 0.200 0.050
v 0.02000 -1.68000 -0.30000 0.380 0.200 0.050
v 0.02000 -2.10000 -0.30000 0.380 0.200 0.050
v 1.00000 -2.10000 -0.30000 0.380 0.200 0.050
v 1.00000 -2.10000 0.80000 0.380 0.200 0.050
v 0.02000 -2.10000 0.80000 0.380 0.200 0.050
v 1.00000 -2.10000 0.80000 0.380 0.200 0.050
v 1.00000 -2.10000 -0.30000 0.380 0.200 0.050
v 1.00000 -1.68000 -0.30000 0.380 0.200 0.050
v 1.00000 -1.68000 0.80000 0.380 0.200 0.050
v 0.02000 -2.10000 -0.30000 0.380 0.200 0.050
v 0.02000 -2.10000 0.80000 0.380 0.200 0.050
v 0.02000 -1.68000 0.80000 0.380 0.200 0.050
v 0.02000 -1.68000 -0.30000 0.380 0.200 0.050

vn 0.0000 1.0000 0.0000
vn 0.0000 1.0000 0.0000
vn 0.0000 1.0000 0.0000
vn 0.0000 1.0000 0.0000
vn 0.0000 1.0000 0.0000
vn 0.0000 1.0000 0.0000
vn 0.0000 1.0000 0.0000
vn -0.0000 1.0000 0.0000
vn -0.0000 1.0000 0.0000
vn -0.0000 1.0000 0.0000
vn -0.0000 1.0000 0.0000
vn -0.0000 1.0000 0.0000
vn -0.0000 1.0000 0.0000
vn -0.0000 1.0000 -0.0000
vn -0.0000 1.0000 -0.0000
vn -0.0000 1.0000 -0.0000
vn -0.0000 1.0000 -0.0000
vn -0.0000 1.0000 -0.0000
vn -0.0000 1.0000 -0.0000
vn 0.0000 1.0000 -0.0000
vn 0.0000 1.0000 -0.0000
vn 0.0000 1.0000 -0.0000
vn 0.0000 1.0000 -0.0000
vn 0.0000 1.0000 -0.0000
vn 0.1951 0.9808 0.0000
vn 0.1884 0.9808 0.0505
vn 0.1690 0.9808 0.0975
vn 0.1379 0.9808 0.1379
vn 0.0975 0.9808 0.1690
vn 0.0505 0.9808 0.1884
vn 0.0000 0.9808 0.1951
vn -0.0505 0.9808 0.1884
vn -0.0975 0.9808 0.1690
vn -0.1379 0.9808 0.1379
vn -0.1690 0.9808 0.0975
vn -0.1884 0.9808 0.0505
vn -0.1951 0.9808 0.0000
vn -0.1884 0.9808 -0.0505
vn -0.1690 0.9808 -0.0975
vn -0.1379 0.9808 -0.1379
vn -0.0975 0.9808 -0.1690
vn -0.0505 0.9808 -0.1884
vn -0.0000 0.9808 -0.1951
vn 0.0505 0.9808 -0.1884
vn 0.0975 0.9808 -0.1690
vn 0.1379 0.9808 -0.1379
vn 0.1690 0.9808 -0.0975
vn 0.1884 0.9808 -0.0505
vn 0.3827 0.9239 0.0000
vn 0.3696 0.9239 0.0990
vn 0.3314 0.9239 0.1913
vn 0.2706 0.9239 0.2706
vn 0.1913 0.9239 0.3314
vn 0.0990 0.9239 0.3696
vn 0.0000 0.9239 0.3827
vn -0.0990 0.9239 0.3696
vn -0.1913 0.9239 0.3314
vn -0.2706 0.9239 0.2706
vn -0.3314 0.9239 0.1913
vn -0.3696 0.9239 0.0990
vn -0.3827 0.9239 0.0000
vn -0.3696 0.9239 -0.0990
vn -0.3314 0.9239 -0.1913
vn -0.2706 0.9239 -0.2706
vn -0.1913 0.9239 -0.3314
vn -0.0990 0.9239 -0.3696
vn -0.0000 0.9239 -0.3827
vn 0.0990 0.9239 -0.3696
vn 0.1913 0.9239 -0.3314
vn 0.2706 0.9239 -0.2706
vn 0.3314 0.9239 -0.1913
vn 0.3696 0.9239 -0.0990
vn 0.5556 0.8315 0.0000
vn 0.5366 0.8315 0.1438
vn 0.4811 0.8315 0.2778
vn 0.3928 0.8315 0.3928
vn 0.2778 0.8315 0.4811
vn 0.1438 0.8315 0.5366
vn 0.0000 0.8315 0.5556
vn -0.1438 0.8315 0.5366
vn -0.2778 0.8315 0.4811
vn -0.3928 0.8315 0.3928
vn -0.4811 0.8315 0.2778
vn -0.5366 0.8315 0.1438
vn -0.5556 0.8315 0.0000
vn -0.5366 0.8315 -0.1438
vn -0.4811 0.8315 -0.2778
vn -0.3928 0.8315 -0.3928
vn -0.2778 0.8315 -0.4811
vn -0.1438 0.8315 -0.5366
vn -0.0000 0.8315 -0.5556
vn 0.1438 0.8315 -0.5366
vn 0.2778 0.8315 -0.4811
vn 0.3928 0.8315 -0.3928
vn 0.4811 0.8315 -0.2778
vn 0.5366 0.8315 -0.1438
vn 0.7071 0.7071 0.0000
vn 0.6830 0.7071 0.1830
vn 0.6124 0.7071 0.3536
vn 0.5000 0.7071 0.5000
vn 0.3536 0.7071 0.6124
vn 0.1830 0.7071 0.6830
vn 0.0000 0.7071 0.7071
vn -0.1830 0.7071 0.6830
vn -0.3536 0.7071 0.6124
vn -0.5000 0.7071 0.5000
vn -0.6124 0.7071 0.3536
vn -0.6830 0.7071 0.1830
vn -0.7071 0.7071 0.0000
vn -0.6830 0.7071 -0.1830
vn -0.6124 0.7071 -0.3536
vn -0.5000 0.7071 -0.5000
vn -0.3536 0.7071 -0.6124
vn -0.1830 0.7071 -0.6830
vn -0.0000 0.7071 -0.7071
vn 0.1830 0.7071 -0.6830
vn 0.3536 0.7071 -0.6124
vn 0.5000 0.7071 -0.5000
vn 0.6124 0.7071 -0.3536
vn 0.6830 0.7071 -0.1830
vn 0.8315 0.5556 0.0000
vn 0.8031 0.5556 0.2152
vn 0.7201 0.5556 0.4157
vn 0.5879 0.5556 0.5879
vn 0.4157 0.5556 0.7201
vn 0.2152 0.5556 0.8031
vn 0.0000 0.5556 0.8315
vn -0.2152 0.5556 0.8031
vn -0.4157 0.5556 0.7201
vn -0.5879 0.5556 0.5879
vn -0.7201 0.5556 0.4157
vn -0.8031 0.5556 0.2152
vn -0.8315 0.5556 0.0000
vn -0.8031 0.5556 -0.2152
vn -0.7201 0.5556 -0.4157
vn -0.5879 0.5556 -0.5879
vn -0.4157 0.5556 -0.7201
vn -0.2152 0.5556 -0.8031
vn -0.0000 0.5556 -0.8315
vn 0.2152 0.5556 -0.8031
vn 0.4157 0.5556 -0.7201
vn 0.5879 0.5556 -0.5879
vn 0.7201 0.5556 -0.4157
vn 0.8031 0.5556 -0.2152
vn 0.9239 0.3827 0.0000
vn 0.8924 0.3827 0.2391
vn 0.8001 0.3827 0.4619
vn 0.6533 0.3827 0.6533
vn 0.4619 0.3827 0.8001
vn 0.2391 0.3827 0.8924
vn 0.0000 0.3827 0.9239
vn -0.2391 0.3827 0.8924
vn -0.4619 0.3827 0.8001
vn -0.6533 0.3827 0.6533
vn -0.8001 0.3827 0.4619
vn -0.8924 0.3827 0.2391
vn -0.9239 0.3827 0.0000
vn -0.8924 0.3827 -0.2391
vn -0.8001 0.3827 -0.4619
vn -0.6533 0.3827 -0.6533
vn -0.4619 0.3827 -0.8001
vn -0.2391 0.3827 -0.8924
vn -0.0000 0.3827 -0.9239
vn 0.2391 0.3827 -0.8924
vn 0.4619 0.3827 -0.8001
vn 0.6533 0.3827 -0.6533
vn 0.8001 0.3827 -0.4619
vn 0.8924 0.3827 -0.2391
vn 0.9808 0.1951 0.0000
vn 0.9474 0.1951 0.2538
vn 0.8494 0.1951 0.4904
vn 0.6935 0.1951 0.6935
vn 0.4904 0.1951 0.8494
vn 0.2538 0.1951 0.9474
vn 0.0000 0.1951 0.9808
vn -0.2538 0.1951 0.9474
vn -0.4904 0.1951 0.8494
vn -0.6935 0.1951 0.6935
vn -0.8494 0.1951 0.4904
vn -0.9474 0.1951 0.2538
vn -0.9808 0.1951 0.0000
vn -0.9474 0.1951 -0.2538
vn -0.8494 0.1951 -0.4904
vn -0.6935 0.1951 -0.6935
vn -0.4904 0.1951 -0.8494
vn -0.2538 0.1951 -0.9474
vn -0.0000 0.1951 -0.9808
vn 0.2538 0.1951 -0.9474
vn 0.4904 0.1951 -0.8494
vn 0.6935 0.1951 -0.6935
vn 0.8494 0.1951 -0.4904
vn 0.9474 0.1951 -0.2538
vn 1.0000 0.0000 0.0000
vn 0.9659 0.0000 0.2588
vn 0.8660 0.0000 0.5000
vn 0.7071 0.0000 0.7071
vn 0.5000 0.0000 0.8660
vn 0.2588 0.0000 0.9659
vn 0.0000 0.0000 1.0000
vn -0.2588 0.0000 0.9659
vn -0.5000 0.0000 0.8660
vn -0.7071 0.0000 0.7071
vn -0.8660 0.0000 0.5000
vn -0.9659 0.0000 0.2588
vn -1.0000 0.0000 0.0000
vn -0.9659 0.0000 -0.2588
vn -0.8660 0.0000 -0.5000
vn -0.7071 0.0000 -0.7071
vn -0.5000 0.0000 -0.8660
vn -0.2588 0.0000 -0.9659
vn -0.0000 0.0000 -1.0000
vn 0.2588 0.0000 -0.9659
vn 0.5000 0.0000 -0.8660
vn 0.7071 0.0000 -0.7071
vn 0.8660 0.0000 -0.5000
vn 0.9659 0.0000 -0.2588
vn 0.9808 -0.1951 0.0000
vn 0.9474 -0.1951 0.2538
vn 0.8494 -0.1951 0.4904
vn 0.6935 -0.1951 0.6935
vn 0.4904 -0.1951 0.8494
vn 0.2538 -0.1951 0.9474
vn 0.0000 -0.1951 0.9808
vn -0.2538 -0.1951 0.9474
vn -0.4904 -0.1951 0.8494
vn -0.6935 -0.1951 0.6935
vn -0.8494 -0.1951 0.4904
vn -0.9474 -0.1951 0.2538
vn -0.9808 -0.1951 0.0000
vn -0.9474 -0.1951 -0.2538
vn -0.8494 -0.1951 -0.4904
vn -0.6935 -0.1951 -0.6935
vn -0.4904 -0.1951 -0.8494
vn -0.2538 -0.1951 -0.9474
vn -0.0000 -0.1951 -0.9808
vn 0.2538 -0.1951 -0.9474
vn 0.4904 -0.1951 -0.8494
vn 0.6935 -0.1951 -0.6935
vn 0.8494 -0.1951 -0.4904
vn 0.9474 -0.1951 -0.2538
vn 0.9239 -0.3827 0.0000
vn 0.8924 -0.3827 0.2391
vn 0.8001 -0.3827 0.4619
vn 0.6533 -0.3827 0.6533
vn 0.4619 -0.3827 0.8001
vn 0.2391 -0.3827 0.8924
vn 0.0000 -0.3827 0.9239
vn -0.2391 -0.3827 0.8924
vn -0.4619 -0.3827 0.8001
vn -0.6533 -0.3827 0.6533
vn -0.8001 -0.3827 0.4619
vn -0.8924 -0.3827 0.2391
vn -0.9239 -0.3827 0.0000
vn -0.8924 -0.3827 -0.2391
vn -0.8001 -0.3827 -0.4619
vn -0.6533 -0.3827 -0.6533
vn -0.4619 -0.3827 -0.8001
vn -0.2391 -0.3827 -0.8924
vn -0.0000 -0.3827 -0.9239
vn 0.2391 -0.3827 -0.8924
vn 0.4619 -0.3827 -0.8001
vn 0.6533 -0.3827 -0.6533
vn 0.8001 -0.3827 -0.4619
vn 0.8924 -0.3827 -0.2391
vn 0.8315 -0.5556 0.0000
vn 0.8031 -0.5556 0.2152
vn 0.7201 -0.5556 0.4157
vn 0.5879 -0.5556 0.5879
vn 0.4157 -0.5556 0.7201
vn 0.2152 -0.5556 0.8031
vn 0.0000 -0.5556 0.8315
vn -0.2152 -0.5556 0.8031
vn -0.4157 -0.5556 0.7201
vn -0.5879 -0.5556 0.5879
vn -0.7201 -0.5556 0.4157
vn -0.8031 -0.5556 0.2152
vn -0.8315 -0.5556 0.0000
vn -0.8031 -0.5556 -0.2152
vn -0.7201 -0.5556 -0.4157
vn -0.5879 -0.5556 -0.5879
vn -0.4157 -0.5556 -0.7201
vn -0.2152 -0.5556 -0.8031
vn -0.0000 -0.5556 -0.8315
vn 0.2152 -0.5556 -0.8031
vn 0.4157 -0.5556 -0.7201
vn 0.5879 -0.5556 -0.5879
vn 0.7201 -0.5556 -0.4157
vn 0.8031 -0.5556 -0.2152
vn 0.7071 -0.7071 0.0000
vn 0.6830 -0.7071 0.1830
vn 0.6124 -0.7071 0.3536
vn 0.5000 -0.7071 0.5000
vn 0.3536 -0.7071 0.6124
vn 0.1830 -0.7071 0.6830
vn 0.0000 -0.7071 0.7071
vn -0.1830 -0.7071 0.6830
vn -0.3536 -0.7071 0.6124
vn -0.5000 -0.7071 0.5000
vn -0.6124 -0.7071 0.3536
vn -0.6830 -0.7071 0.1830
vn -0.7071 -0.7071 0.0000
vn -0.6830 -0.7071 -0.1830
vn -0.6124 -0.7071 -0.3536
vn -0.5000 -0.7071 -0.5000
vn -0.3536 -0.7071 -0.6124
vn -0.1830 -0.7071 -0.6830
vn -0.0000 -0.7071 -0.7071
vn 0.1830 -0.7071 -0.6830
vn 0.3536 -0.7071 -0.6124
vn 0.5000 -0.7071 -0.5000
vn 0.6124 -0.7071 -0.3536
vn 0.6830 -0.7071 -0.1830
vn 0.5556 -0.8315 0.0000
vn 0.5366 -0.8315 0.1438
vn 0.4811 -0.8315 0.2778
vn 0.3928 -0.8315 0.3928
vn 0.2778 -0.8315 0.4811
vn 0.1438 -0.8315 0.5366
vn 0.0000 -0.8315 0.5556
vn -0.1438 -0.8315 0.5366
vn -0.2778 -0.8315 0.4811
vn -0.3928 -0.8315 0.3928
vn -0.4811 -0.8315 0.2778
vn -0.5366 -0.8315 0.1438
vn -0.5556 -0.8315 0.0000
vn -0.5366 -0.8315 -0.1438
vn -0.4811 -0.8315 -0.2778
vn -0.3928 -0.8315 -0.3928
vn -0.2778 -0.8315 -0.4811
vn -0.1438 -0.8315 -0.5366
vn -0.0000 -0.8315 -0.5556
vn 0.1438 -0.8315 -0.5366
vn 0.2778 -0.8315 -0.4811
vn 0.3928 -0.8315 -0.3928
vn 0.4811 -0.8315 -0.2778
vn 0.5366 -0.8315 -0.1438
vn 0.3827 -0.9239 0.0000
vn 0.3696 -0.9239 0.0990
vn 0.3314 -0.9239 0.1913
vn 0.2706 -0.9239 0.2706
vn 0.1913 -0.9239 0.3314
vn 0.0990 -0.9239 0.3696
vn 0.0000 -0.9239 0.3827
vn -0.0990 -0.9239 0.3696
vn -0.1913 -0.9239 0.3314
vn -0.2706 -0.9239 0.2706
vn -0.3314 -0.9239 0.1913
vn -0.3696 -0.9239 0.0990
vn -0.3827 -0.9239 0.0000
vn -0.3696 -0.9239 -0.0990
vn -0.3314 -0.9239 -0.1913
vn -0.2706 -0.9239 -0.2706
vn -0.1913 -0.9239 -0.3314
vn -0.0990 -0.9239 -0.3696
vn -0.0000 -0.9239 -0.3827
vn 0.0990 -0.9239 -0.3696
vn 0.1913 -0.9239 -0.3314
vn 0.2706 -0.9239 -0.2706
vn 0.3314 -0.9239 -0.1913
vn 0.3696 -0.9239 -0.0990
vn 0.1951 -0.9808 0.0000
vn 0.1884 -0.9808 0.0505
vn 0.1690 -0.9808 0.0975
vn 0.1379 -0.9808 0.1379
vn 0.0975 -0.9808 0.1690
vn 0.0505 -0.9808 0.1884
vn 0.0000 -0.9808 0.1951
vn -0.0505 -0.9808 0.1884
vn -0.0975 -0.9808 0.1690
vn -0.1379 -0.9808 0.1379
vn -0.1690 -0.9808 0.0975
vn -0.1884 -0.9808 0.0505
vn -0.1951 -0.9808 0.0000
vn -0.1884 -0.9808 -0.0505
vn -0.1690 -0.9808 -0.0975
vn -0.1379 -0.9808 -0.1379
vn -0.0975 -0.9808 -0.1690
vn -0.0505 -0.9808 -0.1884
vn -0.0000 -0.9808 -0.1951
vn 0.0505 -0.9808 -0.1884
vn 0.0975 -0.9808 -0.1690
vn 0.1379 -0.9808 -0.1379
vn 0.1690 -0.9808 -0.0975
vn 0.1884 -0.9808 -0.0505
vn 0.0000 -1.0000 0.0000
vn 0.0000 -1.0000 0.0000
vn 0.0000 -1.0000 0.0000
vn 0.0000 -1.0000 0.0000
vn 0.0000 -1.0000 0.0000
vn 0.0000 -1.0000 0.0000
vn 0.0000 -1.0000 0.0000
vn -0.0000 -1.0000 0.0000
vn -0.0000 -1.0000 0.0000
vn -0.0000 -1.0000 0.0000
vn -0.0000 -1.0000 0.0000
vn -0.0000 -1.0000 0.0000
vn -0.0000 -1.0000 0.0000
vn -0.0000 -1.0000 -0.0000
vn -0.0000 -1.0000 -0.0000
vn -0.0000 -1.0000 -0.0000
vn -0.0000 -1.0000 -0.0000
vn -0.0000 -1.0000 -0.0000
vn -0.0000 -1.0000 -0.0000
vn 0.0000 -1.0000 -0.0000
vn 0.0000 -1.0000 -0.0000
vn 0.0000 -1.0000 -0.0000
vn 0.0000 -1.0000 -0.0000
vn 0.0000 -1.0000 -0.0000
vn 0.0000 0.0000 1.0000
vn 0.0000 0.0000 -1.0000
vn 0.0000 1.0000 0.0000
vn 0.0000 -1.0000 0.0000
vn 1.0000 0.0000 0.0000
vn -1.0000 0.0000 0.0000
vn 0.0000 0.0000 1.0000
vn 0.0000 0.0000 -1.0000
vn 0.0000 1.0000 0.0000
vn 0.0000 -1.0000 0.0000
vn 1.0000 0.0000 0.0000
vn -1.0000 0.0000 0.0000
vn 0.0000 0.0000 1.0000
vn 0.0000 0.0000 -1.0000
vn 0.0000 1.0000 0.0000
vn 0.0000 -1.0000 0.0000
vn 1.0000 0.0000 0.0000
vn -1.0000 0.0000 0.0000
vn 0.0000 0.0000 1.0000
vn 0.0000 0.0000 -1.0000
vn 0.0000 1.0000 0.0000
vn 0.0000 -1.0000 0.0000
vn 1.0000 0.0000 0.0000
vn -1.0000 0.0000 0.0000
vn 0.0000 0.0000 1.0000
vn 0.0000 0.0000 -1.0000
vn 0.0000 1.0000 0.0000
vn 0.0000 -1.0000 0.0000
vn 1.0000 0.0000 0.0000
vn -1.0000 0.0000 0.0000
vn 0.0000 0.0000 1.0000
vn 0.0000 0.0000 -1.0000
vn 0.0000 1.0000 0.0000
vn 0.0000 -1.0000 0.0000
vn 1.0000 0.0000 0.0000
vn -1.0000 0.0000 0.0000
vn 0.0000 1.0000 0.0000
vn 0.0000 1.0000 0.0000
vn 0.0000 1.0000 0.0000
vn 0.0000 1.0000 0.0000
vn -0.0000 1.0000 0.0000
vn -0.0000 1.0000 0.0000
vn -0.0000 1.0000 0.0000
vn -0.0000 1.0000 -0.0000
vn -0.0000 1.0000 -0.0000
vn -0.0000 1.0000 -0.0000
vn 0.0000 1.0000 -0.0000
vn 0.0000 1.0000 -0.0000
vn 0.3827 0.9239 0.0000
vn 0.3314 0.9239 0.1913
vn 0.1913 0.9239 0.3314
vn 0.0000 0.9239 0.3827
vn -0.1913 0.9239 0.3314
vn -0.3314 0.9239 0.1913
vn -0.3827 0.9239 0.0000
vn -0.3314 0.9239 -0.1913
vn -0.1913 0.9239 -0.3314
vn -0.0000 0.9239 -0.3827
vn 0.1913 0.9239 -0.3314
vn 0.3314 0.9239 -0.1913
vn 0.7071 0.7071 0.0000
vn 0.6124 0.7071 0.3536
vn 0.3536 0.7071 0.6124
vn 0.0000 0.7071 0.7071
vn -0.3536 0.7071 0.6124
vn -0.6124 0.7071 0.3536
vn -0.7071 0.7071 0.0000
vn -0.6124 0.7071 -0.3536
vn -0.3536 0.7071 -0.6124
vn -0.0000 0.7071 -0.7071
vn 0.3536 0.7071 -0.6124
vn 0.6124 0.7071 -0.3536
vn 0.9239 0.3827 0.0000
vn 0.8001 0.3827 0.4619
vn 0.4619 0.3827 0.8001
vn 0.0000 0.3827 0.9239
vn -0.4619 0.3827 0.8001
vn -0.8001 0.3827 0.4619
vn -0.9239 0.3827 0.0000
vn -0.8001 0.3827 -0.4619
vn -0.4619 0.3827 -0.8001
vn -0.0000 0.3827 -0.9239
vn 0.4619 0.3827 -0.8001
vn 0.8001 0.3827 -0.4619
vn 1.0000 0.0000 0.0000
vn 0.8660 0.0000 0.5000
vn 0.5000 0.0000 0.8660
vn 0.0000 0.0000 1.0000
vn -0.5000 0.0000 0.8660
vn -0.8660 0.0000 0.5000
vn -1.0000 0.0000 0.0000
vn -0.8660 0.0000 -0.5000
vn -0.5000 0.0000 -0.8660
vn -0.0000 0.0000 -1.0000
vn 0.5000 0.0000 -0.8660
vn 0.8660 0.0000 -0.5000
vn 0.9239 -0.3827 0.0000
vn 0.8001 -0.3827 0.4619
vn 0.4619 -0.3827 0.8001
vn 0.0000 -0.3827 0.9239
vn -0.4619 -0.3827 0.8001
vn -0.8001 -0.3827 0.4619
vn -0.9239 -0.3827 0.0000
vn -0.8001 -0.3827 -0.4619
vn -0.4619 -0.3827 -0.8001
vn -0.0000 -0.3827 -0.9239
vn 0.4619 -0.3827 -0.8001
vn 0.8001 -0.3827 -0.4619
vn 0.7071 -0.7071 0.0000
vn 0.6124 -0.7071 0.3536
vn 0.3536 -0.7071 0.6124
vn 0.0000 -0.7071 0.7071
vn -0.3536 -0.7071 0.6124
vn -0.6124 -0.7071 0.3536
vn -0.7071 -0.7071 0.0000
vn -0.6124 -0.7071 -0.3536
vn -0.3536 -0.7071 -0.6124
vn -0.0000 -0.7071 -0.7071
vn 0.3536 -0.7071 -0.6124
vn 0.6124 -0.7071 -0.3536
vn 0.3827 -0.9239 0.0000
vn 0.3314 -0.9239 0.1913
vn 0.1913 -0.9239 0.3314
vn 0.0000 -0.9239 0.3827
vn -0.1913 -0.9239 0.3314
vn -0.3314 -0.9239 0.1913
vn -0.3827 -0.9239 0.0000
vn -0.3314 -0.9239 -0.1913
vn -0.1913 -0.9239 -0.3314
vn -0.0000 -0.9239 -0.3827
vn 0.1913 -0.9239 -0.3314
vn 0.3314 -0.9239 -0.1913
vn 0.0000 -1.0000 0.0000
vn 0.0000 -1.0000 0.0000
vn 0.0000 -1.0000 0.0000
vn 0.0000 -1.0000 0.0000
vn -0.0000 -1.0000 0.0000
vn -0.0000 -1.0000 0.0000
vn -0.0000 -1.0000 0.0000
vn -0.0000 -1.0000 -0.0000
vn -0.0000 -1.0000 -0.0000
vn -0.0000 -1.0000 -0.0000
vn 0.0000 -1.0000 -0.0000
vn 0.0000 -1.0000 -0.0000
vn 0.0000 0.0000 1.0000
vn 0.0000 0.0000 -1.0000
vn 0.0000 1.0000 0.0000
vn 0.0000 -1.0000 0.0000
vn 1.0000 0.0000 0.0000
vn -1.0000 0.0000 0.0000
vn 0.0000 1.0000 0.0000
vn 0.0000 1.0000 0.0000
vn 0.0000 1.0000 0.0000
vn 0.0000 1.0000 0.0000
vn -0.0000 1.0000 0.0000
vn -0.0000 1.0000 0.0000
vn -0.0000 1.0000 0.0000
vn -0.0000 1.0000 -0.0000
vn -0.0000 1.0000 -0.0000
vn -0.0000 1.0000 -0.0000
vn 0.0000 1.0000 -0.0000
vn 0.0000 1.0000 -0.0000
vn 0.3827 0.9239 0.0000
vn 0.3314 0.9239 0.1913
vn 0.1913 0.9239 0.3314
vn 0.0000 0.9239 0.3827
vn -0.1913 0.9239 0.3314
vn -0.3314 0.9239 0.1913
vn -0.3827 0.9239 0.0000
vn -0.3314 0.9239 -0.1913
vn -0.1913 0.9239 -0.3314
vn -0.0000 0.9239 -0.3827
vn 0.1913 0.9239 -0.3314
vn 0.3314 0.9239 -0.1913
vn 0.7071 0.7071 0.0000
vn 0.6124 0.7071 0.3536
vn 0.3536 0.7071 0.6124
vn 0.0000 0.7071 0.7071
vn -0.3536 0.7071 0.6124
vn -0.6124 0.7071 0.3536
vn -0.7071 0.7071 0.0000
vn -0.6124 0.7071 -0.3536
vn -0.3536 0.7071 -0.6124
vn -0.0000 0.7071 -0.7071
vn 0.3536 0.7071 -0.6124
vn 0.6124 0.7071 -0.3536
vn 0.9239 0.3827 0.0000
vn 0.8001 0.3827 0.4619
vn 0.4619 0.3827 0.8001
vn 0.0000 0.3827 0.9239
vn -0.4619 0.3827 0.8001
vn -0.8001 0.3827 0.4619
vn -0.9239 0.3827 0.0000
vn -0.8001 0.3827 -0.4619
vn -0.4619 0.3827 -0.8001
vn -0.0000 0.3827 -0.9239
vn 0.4619 0.3827 -0.8001
vn 0.8001 0.3827 -0.4619
vn 1.0000 0.0000 0.0000
vn 0.8660 0.0000 0.5000
vn 0.5000 0.0000 0.8660
vn 0.0000 0.0000 1.0000
vn -0.5000 0.0000 0.8660
vn -0.8660 0.0000 0.5000
vn -1.0000 0.0000 0.0000
vn -0.8660 0.0000 -0.5000
vn -0.5000 0.0000 -0.8660
vn -0.0000 0.0000 -1.0000
vn 0.5000 0.0000 -0.8660
vn 0.8660 0.0000 -0.5000
vn 0.9239 -0.3827 0.0000
vn 0.8001 -0.3827 0.4619
vn 0.4619 -0.3827 0.8001
vn 0.0000 -0.3827 0.9239
vn -0.4619 -0.3827 0.8001
vn -0.8001 -0.3827 0.4619
vn -0.9239 -0.3827 0.0000
vn -0.8001 -0.3827 -0.4619
vn -0.4619 -0.3827 -0.8001
vn -0.0000 -0.3827 -0.9239
vn 0.4619 -0.3827 -0.8001
vn 0.8001 -0.3827 -0.4619
vn 0.7071 -0.7071 0.0000
vn 0.6124 -0.7071 0.3536
vn 0.3536 -0.7071 0.6124
vn 0.0000 -0.7071 0.7071
vn -0.3536 -0.7071 0.6124
vn -0.6124 -0.7071 0.3536
vn -0.7071 -0.7071 0.0000
vn -0.6124 -0.7071 -0.3536
vn -0.3536 -0.7071 -0.6124
vn -0.0000 -0.7071 -0.7071
vn 0.3536 -0.7071 -0.6124
vn 0.6124 -0.7071 -0.3536
vn 0.3827 -0.9239 0.0000
vn 0.3314 -0.9239 0.1913
vn 0.1913 -0.9239 0.3314
vn 0.0000 -0.9239 0.3827
vn -0.1913 -0.9239 0.3314
vn -0.3314 -0.9239 0.1913
vn -0.3827 -0.9239 0.0000
vn -0.3314 -0.9239 -0.1913
vn -0.1913 -0.9239 -0.3314
vn -0.0000 -0.9239 -0.3827
vn 0.1913 -0.9239 -0.3314
vn 0.3314 -0.9239 -0.1913
vn 0.0000 -1.0000 0.0000
vn 0.0000 -1.0000 0.0000
vn 0.0000 -1.0000 0.0000
vn 0.0000 -1.0000 0.0000
vn -0.0000 -1.0000 0.0000
vn -0.0000 -1.0000 0.0000
vn -0.0000 -1.0000 0.0000
vn -0.0000 -1.0000 -0.0000
vn -0.0000 -1.0000 -0.0000
vn -0.0000 -1.0000 -0.0000
vn 0.0000 -1.0000 -0.0000
vn 0.0000 -1.0000 -0.0000
vn 0.0000 1.0000 0.0000
vn 0.0000 1.0000 0.0000
vn 0.0000 1.0000 0.0000
vn 0.0000 1.0000 0.0000
vn -0.0000 1.0000 0.0000
vn -0.0000 1.0000 0.0000
vn -0.0000 1.0000 0.0000
vn -0.0000 1.0000 -0.0000
vn -0.0000 1.0000 -0.0000
vn -0.0000 1.0000 -0.0000
vn 0.0000 1.0000 -0.0000
vn 0.0000 1.0000 -0.0000
vn 0.3827 0.9239 0.0000
vn 0.3314 0.9239 0.1913
vn 0.1913 0.9239 0.3314
vn 0.0000 0.9239 0.3827
vn -0.1913 0.9239 0.3314
vn -0.3314 0.9239 0.1913
vn -0.3827 0.9239 0.0000
vn -0.3314 0.9239 -0.1913
vn -0.1913 0.9239 -0.3314
vn -0.0000 0.9239 -0.3827
vn 0.1913 0.9239 -0.3314
vn 0.3314 0.9239 -0.1913
vn 0.7071 0.7071 0.0000
vn 0.6124 0.7071 0.3536
vn 0.3536 0.7071 0.6124
vn 0.0000 0.7071 0.7071
vn -0.3536 0.7071 0.6124
vn -0.6124 0.7071 0.3536
vn -0.7071 0.7071 0.0000
vn -0.6124 0.7071 -0.3536
vn -0.3536 0.7071 -0.6124
vn -0.0000 0.7071 -0.7071
vn 0.3536 0.7071 -0.6124
vn 0.6124 0.7071 -0.3536
vn 0.9239 0.3827 0.0000
vn 0.8001 0.3827 0.4619
vn 0.4619 0.3827 0.8001
vn 0.0000 0.3827 0.9239
vn -0.4619 0.3827 0.8001
vn -0.8001 0.3827 0.4619
vn -0.9239 0.3827 0.0000
vn -0.8001 0.3827 -0.4619
vn -0.4619 0.3827 -0.8001
vn -0.0000 0.3827 -0.9239
vn 0.4619 0.3827 -0.8001
vn 0.8001 0.3827 -0.4619
vn 1.0000 0.0000 0.0000
vn 0.8660 0.0000 0.5000
vn 0.5000 0.0000 0.8660
vn 0.0000 0.0000 1.0000
vn -0.5000 0.0000 0.8660
vn -0.8660 0.0000 0.5000
vn -1.0000 0.0000 0.0000
vn -0.8660 0.0000 -0.5000
vn -0.5000 0.0000 -0.8660
vn -0.0000 0.0000 -1.0000
vn 0.5000 0.0000 -0.8660
vn 0.8660 0.0000 -0.5000
vn 0.9239 -0.3827 0.0000
vn 0.8001 -0.3827 0.4619
vn 0.4619 -0.3827 0.8001
vn 0.0000 -0.3827 0.9239
vn -0.4619 -0.3827 0.8001
vn -0.8001 -0.3827 0.4619
vn -0.9239 -0.3827 0.0000
vn -0.8001 -0.3827 -0.4619
vn -0.4619 -0.3827 -0.8001
vn -0.0000 -0.3827 -0.9239
vn 0.4619 -0.3827 -0.8001
vn 0.8001 -0.3827 -0.4619
vn 0.7071 -0.7071 0.0000
vn 0.6124 -0.7071 0.3536
vn 0.3536 -0.7071 0.6124
vn 0.0000 -0.7071 0.7071
vn -0.3536 -0.7071 0.6124
vn -0.6124 -0.7071 0.3536
vn -0.7071 -0.7071 0.0000
vn -0.6124 -0.7071 -0.3536
vn -0.3536 -0.7071 -0.6124
vn -0.0000 -0.7071 -0.7071
vn 0.3536 -0.7071 -0.6124
vn 0.6124 -0.7071 -0.3536
vn 0.3827 -0.9239 0.0000
vn 0.3314 -0.9239 0.1913
vn 0.1913 -0.9239 0.3314
vn 0.0000 -0.9239 0.3827
vn -0.1913 -0.9239 0.3314
vn -0.3314 -0.9239 0.1913
vn -0.3827 -0.9239 0.0000
vn -0.3314 -0.9239 -0.1913
vn -0.1913 -0.9239 -0.3314
vn -0.0000 -0.9239 -0.3827
vn 0.1913 -0.9239 -0.3314
vn 0.3314 -0.9239 -0.1913
vn 0.0000 -1.0000 0.0000
vn 0.0000 -1.0000 0.0000
vn 0.0000 -1.0000 0.0000
vn 0.0000 -1.0000 0.0000
vn -0.0000 -1.0000 0.0000
vn -0.0000 -1.0000 0.0000
vn -0.0000 -1.0000 0.0000
vn -0.0000 -1.0000 -0.0000
vn -0.0000 -1.0000 -0.0000
vn -0.0000 -1.0000 -0.0000
vn 0.0000 -1.0000 -0.0000
vn 0.0000 -1.0000 -0.0000
vn 0.0000 0.0000 1.0000
vn 0.0000 0.0000 -1.0000
vn 0.0000 1.0000 0.0000
vn 0.0000 -1.0000 0.0000
vn 1.0000 0.0000 0.0000
vn -1.0000 0.0000 0.0000
vn 0.0000 0.0000 1.0000
vn 0.0000 0.0000 -1.0000
vn 0.0000 1.0000 0.0000
vn 0.0000 -1.0000 0.0000
vn 1.0000 0.0000 0.0000
vn -1.0000 0.0000 0.0000
vn 0.0000 0.0000 1.0000
vn 0.0000 0.0000 -1.0000
vn 0.0000 1.0000 0.0000
vn 0.0000 -1.0000 0.0000
vn 1.0000 0.0000 0.0000
vn -1.0000 0.0000 0.0000
vn 0.0000 0.0000 1.0000
vn 0.0000 0.0000 -1.0000
vn 0.0000 1.0000 0.0000
vn 0.0000 -1.0000 0.0000
vn 1.0000 0.0000 0.0000
vn -1.0000 0.0000 0.0000
vn 0.0000 0.0000 1.0000
vn 0.0000 0.0000 -1.0000
vn 0.0000 1.0000 0.0000
vn 0.0000 -1.0000 0.0000
vn 1.0000 0.0000 0.0000
vn -1.0000 0.0000 0.0000
vn 0.0000 0.0000 1.0000
vn 0.0000 0.0000 -1.0000
vn 0.0000 1.0000 0.0000
vn 0.0000 -1.0000 0.0000
vn 1.0000 0.0000 0.0000
vn -1.0000 0.0000 0.0000
vn 0.0000 0.0000 1.0000
vn 0.0000 0.0000 -1.0000
vn 0.0000 1.0000 0.0000
vn 0.0000 -1.0000 0.0000
vn 1.0000 0.0000 0.0000
vn -1.0000 0.0000 0.0000
vn 0.0000 0.0000 1.0000
vn 0.0000 0.0000 -1.0000
vn 0.0000 1.0000 0.0000
vn 0.0000 -1.0000 0.0000
vn 1.0000 0.0000 0.0000
vn -1.0000 0.0000 0.0000
vn 0.0000 0.0000 1.0000
vn 0.0000 0.0000 -1.0000
vn 0.0000 1.0000 0.0000
vn 0.0000 -1.0000 0.0000
vn 1.0000 0.0000 0.0000
vn -1.0000 0.0000 0.0000
vn 0.0000 0.0000 1.0000
vn 0.0000 0.0000 -1.0000
vn 0.0000 1.0000 0.0000
vn 0.0000 -1.0000 0.0000
vn 1.0000 0.0000 0.0000
vn -1.0000 0.0000 0.0000
vn 0.0000 0.0000 1.0000
vn 0.0000 0.0000 -1.0000
vn 0.0000 1.0000 0.0000
vn 0.0000 -1.0000 0.0000
vn 1.0000 0.0000 0.0000
vn -1.0000 0.0000 0.0000
vn 0.0000 0.0000 1.0000
vn 0.0000 0.0000 -1.0000
vn 0.0000 1.0000 0.0000
vn 0.0000 -1.0000 0.0000
vn 1.0000 0.0000 0.0000
vn -1.0000 0.0000 0.0000
vn 0.0000 0.0000 1.0000
vn 0.0000 0.0000 -1.0000
vn 0.0000 1.0000 0.0000
vn 0.0000 -1.0000 0.0000
vn 1.0000 0.0000 0.0000
vn -1.0000 0.0000 0.0000

f 1//1 26//26 25//25
f 2//2 27//27 26//26
f 3//3 28//28 27//27
f 4//4 29//29 28//28
f 5//5 30//30 29//29
f 6//6 31//31 30//30
f 7//7 32//32 31//31
f 8//8 33//33 32//32
f 9//9 34//34 33//33
f 10//10 35//35 34//34
f 11//11 36//36 35//35
f 12//12 37//37 36//36
f 13//13 38//38 37//37
f 14//14 39//39 38//38
f 15//15 40//40 39//39
f 16//16 41//41 40//40
f 17//17 42//42 41//41
f 18//18 43//43 42//42
f 19//19 44//44 43//43
f 20//20 45//45 44//44
f 21//21 46//46 45//45
f 22//22 47//47 46//46
f 23//23 48//48 47//47
f 24//24 25//25 48//48
f 25//25 26//26 50//50
f 25//25 50//50 49//49
f 26//26 27//27 51//51
f 26//26 51//51 50//50
f 27//27 28//28 52//52
f 27//27 52//52 51//51
f 28//28 29//29 53//53
f 28//28 53//53 52//52
f 29//29 30//30 54//54
f 29//29 54//54 53//53
f 30//30 31//31 55//55
f 30//30 55//55 54//54
f 31//31 32//32 56//56
f 31//31 56//56 55//55
f 32//32 33//33 57//57
f 32//32 57//57 56//56
f 33//33 34//34 58//58
f 33//33 58//58 57//57
f 34//34 35//35 59//59
f 34//34 59//59 58//58
f 35//35 36//36 60//60
f 35//35 60//60 59//59
f 36//36 37//37 61//61
f 36//36 61//61 60//60
f 37//37 38//38 62//62
f 37//37 62//62 61//61
f 38//38 39//39 63//63
f 38//38 63//63 62//62
f 39//39 40//40 64//64
f 39//39 64//64 63//63
f 40//40 41//41 65//65
f 40//40 65//65 64//64
f 41//41 42//42 66//66
f 41//41 66//66 65//65
f 42//42 43//43 67//67
f 42//42 67//67 66//66
f 43//43 44//44 68//68
f 43//43 68//68 67//67
f 44//44 45//45 69//69
f 44//44 69//69 68//68
f 45//45 46//46 70//70
f 45//45 70//70 69//69
f 46//46 47//47 71//71
f 46//46 71//71 70//70
f 47//47 48//48 72//72
f 47//47 72//72 71//71
f 48//48 25//25 49//49
f 48//48 49//49 72//72
f 49//49 50//50 74//74
f 49//49 74//74 73//73
f 50//50 51//51 75//75
f 50//50 75//75 74//74
f 51//51 52//52 76//76
f 51//51 76//76 75//75
f 52//52 53//53 77//77
f 52//52 77//77 76//76
f 53//53 54//54 78//78
f 53//53 78//78 77//77
f 54//54 55//55 79//79
f 54//54 79//79 78//78
f 55//55 56//56 80//80
f 55//55 80//80 79//79
f 56//56 57//57 81//81
f 56//56 81//81 80//80
f 57//57 58//58 82//82
f 57//57 82//82 81//81
f 58//58 59//59 83//83
f 58//58 83//83 82//82
f 59//59 60//60 84//84
f 59//59 84//84 83//83
f 60//60 61//61 85//85
f 60//60 85//85 84//84
f 61//61 62//62 86//86
f 61//61 86//86 85//85
f 62//62 63//63 87//87
f 62//62 87//87 86//86
f 63//63 64//64 88//88
f 63//63 88//88 87//87
f 64//64 65//65 89//89
f 64//64 89//89 88//88
f 65//65 66//66 90//90
f 65//65 90//90 89//89
f 66//66 67//67 91//91
f 66//66 91//91 90//90
f 67//67 68//68 92//92
f 67//67 92//92 91//91
f 68//68 69//69 93//93
f 68//68 93//93 92//92
f 69//69 70//70 94//94
f 69//69 94//94 93//93
f 70//70 71//71 95//95
f 70//70 95//95 94//94
f 71//71 72//72 96//96
f 71//71 96//96 95//95
f 72//72 49//49 73//73
f 72//72 73//73 96//96
f 73//73 74//74 98//98
f 73//73 98//98 97//97
f 74//74 75//75 99//99
f 74//74 99//99 98//98
f 75//75 76//76 100//100
f 75//75 100//100 99//99
f 76//76 77//77 101//101
f 76//76 101//101 100//100
f 77//77 78//78 102//102
f 77//77 102//102 101//101
f 78//78 79//79 103//103
f 78//78 103//103 102//102
f 79//79 80//80 104//104
f 79//79 104//104 103//103
f 80//80 81//81 105//105
f 80//80 105//105 104//104
f 81//81 82//82 106//106
f 81//81 106//106 105//105
f 82//82 83//83 107//107
f 82//82 107//107 106//106
f 83//83 84//84 108//108
f 83//83 108//108 107//107
f 84//84 85//85 109//109
f 84//84 109//109 108//108
f 85//85 86//86 110//110
f 85//85 110//110 109//109
f 86//86 87//87 111//111
f 86//86 111//111 110//110
f 87//87 88//88 112//112
f 87//87 112//112 111//111
f 88//88 89//89 113//113
f 88//88 113//113 112//112
f 89//89 90//90 114//114
f 89//89 114//114 113//113
f 90//90 91//91 115//115
f 90//90 115//115 114//114
f 91//91 92//92 116//116
f 91//91 116//116 115//115
f 92//92 93//93 117//117
f 92//92 117//117 116//116
f 93//93 94//94 118//118
f 93//93 118//118 117//117
f 94//94 95//95 119//119
f 94//94 119//119 118//118
f 95//95 96//96 120//120
f 95//95 120//120 119//119
f 96//96 73//73 97//97
f 96//96 97//97 120//120
f 97//97 98//98 122//122
f 97//97 122//122 121//121
f 98//98 99//99 123//123
f 98//98 123//123 122//122
f 99//99 100//100 124//124
f 99//99 124//124 123//123
f 100//100 101//101 125//125
f 100//100 125//125 124//124
f 101//101 102//102 126//126
f 101//101 126//126 125//125
f 102//102 103//103 127//127
f 102//102 127//127 126//126
f 103//103 104//104 128//128
f 103//103 128//128 127//127
f 104//104 105//105 129//129
f 104//104 129//129 128//128
f 105//105 106//106 130//130
f 105//105 130//130 129//129
f 106//106 107//107 131//131
f 106//106 131//131 130//130
f 107//107 108//108 132//132
f 107//107 132//132 131//131
f 108//108 109//109 133//133
f 108//108 133//133 132//132
f 109//109 110//110 134//134
f 109//109 134//134 133//133
f 110//110 111//111 135//135
f 110//110 135//135 134//134
f 111//111 112//112 136//136
f 111//111 136//136 135//135
f 112//112 113//113 137//137
f 112//112 137//137 136//136
f 113//113 114//114 138//138
f 113//113 138//138 137//137
f 114//114 115//115 139//139
f 114//114 139//139 138//138
f 115//115 116//116 140//140
f 115//115 140//140 139//139
f 116//116 117//117 141//141
f 116//116 141//141 140//140
f 117//117 118//118 142//142
f 117//117 142//142 141//141
f 118//118 119//119 143//143
f 118//118 143//143 142//142
f 119//119 120//120 144//144
f 119//119 144//144 143//143
f 120//120 97//97 121//121
f 120//120 121//121 144//144
f 121//121 122//122 146//146
f 121//121 146//146 145//145
f 122//122 123//123 147//147
f 122//122 147//147 146//146
f 123//123 124//124 148//148
f 123//123 148//148 147//147
f 124//124 125//125 149//149
f 124//124 149//149 148//148
f 125//125 126//126 150//150
f 125//125 150//150 149//149
f 126//126 127//127 151//151
f 126//126 151//151 150//150
f 127//127 128//128 152//152
f 127//127 152//152 151//151
f 128//128 129//129 153//153
f 128//128 153//153 152//152
f 129//129 130//130 154//154
f 129//129 154//154 153//153
f 130//130 131//131 155//155
f 130//130 155//155 154//154
f 131//131 132//132 156//156
f 131//131 156//156 155//155
f 132//132 133//133 157//157
f 132//132 157//157 156//156
f 133//133 134//134 158//158
f 133//133 158//158 157//157
f 134//134 135//135 159//159
f 134//134 159//159 158//158
f 135//135 136//136 160//160
f 135//135 160//160 159//159
f 136//136 137//137 161//161
f 136//136 161//161 160//160
f 137//137 138//138 162//162
f 137//137 162//162 161//161
f 138//138 139//139 163//163
f 138//138 163//163 162//162
f 139//139 140//140 164//164
f 139//139 164//164 163//163
f 140//140 141//141 165//165
f 140//140 165//165 164//164
f 141//141 142//142 166//166
f 141//141 166//166 165//165
f 142//142 143//143 167//167
f 142//142 167//167 166//166
f 143//143 144//144 168//168
f 143//143 168//168 167//167
f 144//144 121//121 145//145
f 144//144 145//145 168//168
f 145//145 146//146 170//170
f 145//145 170//170 169//169
f 146//146 147//147 171//171
f 146//146 171//171 170//170
f 147//147 148//148 172//172
f 147//147 172//172 171//171
f 148//148 149//149 173//173
f 148//148 173//173 172//172
f 149//149 150//150 174//174
f 149//149 174//174 173//173
f 150//150 151//151 175//175
f 150//150 175//175 174//174
f 151//151 152//152 176//176
f 151//151 176//176 175//175
f 152//152 153//153 177//177
f 152//152 177//177 176//176
f 153//153 154//154 178//178
f 153//153 178//178 177//177
f 154//154 155//155 179//179
f 154//154 179//179 178//178
f 155//155 156//156 180//180
f 155//155 180//180 179//179
f 156//156 157//157 181//181
f 156//156 181//181 180//180
f 157//157 158//158 182//182
f 157//157 182//182 181//181
f 158//158 159//159 183//183
f 158//158 183//183 182//182
f 159//159 160//160 184//184
f 159//159 184//184 183//183
f 160//160 161//161 185//185
f 160//160 185//185 184//184
f 161//161 162//162 186//186
f 161//161 186//186 185//185
f 162//162 163//163 187//187
f 162//162 187//187 186//186
f 163//163 164//164 188//188
f 163//163 188//188 187//187
f 164//164 165//165 189//189
f 164//164 189//189 188//188
f 165//165 166//166 190//190
f 165//165 190//190 189//189
f 166//166 167//167 191//191
f 166//166 191//191 190//190
f 167//167 168//168 192//192
f 167//167 192//192 191//191
f 168//168 145//145 169//169
f 168//168 169//169 192//192
f 169//169 170//170 194//194
f 169//169 194//194 193//193
f 170//170 171//171 195//195
f 170//170 195//195 194//194
f 171//171 172//172 196//196
f 171//171 196//196 195//195
f 172//172 173//173 197//197
f 172//172 197//197 196//196
f 173//173 174//174 198//198
f 173//173 198//198 197//197
f 174//174 175//175 199//199
f 174//174 199//199 198//198
f 175//175 176//176 200//200
f 175//175 200//200 199//199
f 176//176 177//177 201//201
f 176//176 201//201 200//200
f 177//177 178//178 202//202
f 177//177 202//202 201//201
f 178//178 179//179 203//203
f 178//178 203//203 202//202
f 179//179 180//180 204//204
f 179//179 204//204 203//203
f 180//180 181//181 205//205
f 180//180 205//205 204//204
f 181//181 182//182 206//206
f 181//181 206//206 205//205
f 182//182 183//183 207//207
f 182//182 207//207 206//206
f 183//183 184//184 208//208
f 183//183 208//208 207//207
f 184//184 185//185 209//209
f 184//184 209//209 208//208
f 185//185 186//186 210//210
f 185//185 210//210 209//209
f 186//186 187//187 211//211
f 186//186 211//211 210//210
f 187//187 188//188 212//212
f 187//187 212//212 211//211
f 188//188 189//189 213//213
f 188//188 213//213 212//212
f 189//189 190//190 214//214
f 189//189 214//214 213//213
f 190//190 191//191 215//215
f 190//190 215//215 214//214
f 191//191 192//192 216//216
f 191//191 216//216 215//215
f 192//192 169//169 193//193
f 192//192 193//193 216//216
f 193//193 194//194 218//218
f 193//193 218//218 217//217
f 194//194 195//195 219//219
f 194//194 219//219 218//218
f 195//195 196//196 220//220
f 195//195 220//220 219//219
f 196//196 197//197 221//221
f 196//196 221//221 220//220
f 197//197 198//198 222//222
f 197//197 222//222 221//221
f 198//198 199//199 223//223
f 198//198 223//223 222//222
f 199//199 200//200 224//224
f 199//199 224//224 223//223
f 200//200 201//201 225//225
f 200//200 225//225 224//224
f 201//201 202//202 226//226
f 201//201 226//226 225//225
f 202//202 203//203 227//227
f 202//202 227//227 226//226
f 203//203 204//204 228//228
f 203//203 228//228 227//227
f 204//204 205//205 229//229
f 204//204 229//229 228//228
f 205//205 206//206 230//230
f 205//205 230//230 229//229
f 206//206 207//207 231//231
f 206//206 231//231 230//230
f 207//207 208//208 232//232
f 207//207 232//232 231//231
f 208//208 209//209 233//233
f 208//208 233//233 232//232
f 209//209 210//210 234//234
f 209//209 234//234 233//233
f 210//210 211//211 235//235
f 210//210 235//235 234//234
f 211//211 212//212 236//236
f 211//211 236//236 235//235
f 212//212 213//213 237//237
f 212//212 237//237 236//236
f 213//213 214//214 238//238
f 213//213 238//238 237//237
f 214//214 215//215 239//239
f 214//214 239//239 238//238
f 215//215 216//216 240//240
f 215//215 240//240 239//239
f 216//216 193//193 217//217
f 216//216 217//217 240//240
f 217//217 218//218 242//242
f 217//217 242//242 241//241
f 218//218 219//219 243//243
f 218//218 243//243 242//242
f 219//219 220//220 244//244
f 219//219 244//244 243//243
f 220//220 221//221 245//245
f 220//220 245//245 244//244
f 221//221 222//222 246//246
f 221//221 246//246 245//245
f 222//222 223//223 247//247
f 222//222 247//247 246//246
f 223//223 224//224 248//248
f 223//223 248//248 247//247
f 224//224 225//225 249//249
f 224//224 249//249 248//248
f 225//225 226//226 250//250
f 225//225 250//250 249//249
f 226//226 227//227 251//251
f 226//226 251//251 250//250
f 227//227 228//228 252//252
f 227//227 252//252 251//251
f 228//228 229//229 253//253
f 228//228 253//253 252//252
f 229//229 230//230 254//254
f 229//229 254//254 253//253
f 230//230 231//231 255//255
f 230//230 255//255 254//254
f 231//231 232//232 256//256
f 231//231 256//256 255//255
f 232//232 233//233 257//257
f 232//232 257//257 256//256
f 233//233 234//234 258//258
f 233//233 258//258 257//257
f 234//234 235//235 259//259
f 234//234 259//259 258//258
f 235//235 236//236 260//260
f 235//235 260//260 259//259
f 236//236 237//237 261//261
f 236//236 261//261 260//260
f 237//237 238//238 262//262
f 237//237 262//262 261//261
f 238//238 239//239 263//263
f 238//238 263//263 262//262
f 239//239 240//240 264//264
f 239//239 264//264 263//263
f 240//240 217//217 241//241
f 240//240 241//241 264//264
f 241//241 242//242 266//266
f 241//241 266//266 265//265
f 242//242 243//243 267//267
f 242//242 267//267 266//266
f 243//243 244//244 268//268
f 243//243 268//268 267//267
f 244//244 245//245 269//269
f 244//244 269//269 268//268
f 245//245 246//246 270//270
f 245//245 270//270 269//269
f 246//246 247//247 271//271
f 246//246 271//271 270//270
f 247//247 248//248 272//272
f 247//247 272//272 271//271
f 248//248 249//249 273//273
f 248//248 273//273 272//272
f 249//249 250//250 274//274
f 249//249 274//274 273//273
f 250//250 251//251 275//275
f 250//250 275//275 274//274
f 251//251 252//252 276//276
f 251//251 276//276 275//275
f 252//252 253//253 277//277
f 252//252 277//277 276//276
f 253//253 254//254 278//278
f 253//253 278//278 277//277
f 254//254 255//255 279//279
f 254//254 279//279 278//278
f 255//255 256//256 280//280
f 255//255 280//280 279//279
f 256//256 257//257 281//281
f 256//256 281//281 280//280
f 257//257 258//258 282//282
f 257//257 282//282 281//281
f 258//258 259//259 283//283
f 258//258 283//283 282//282
f 259//259 260//260 284//284
f 259//259 284//284 283//283
f 260//260 261//261 285//285
f 260//260 285//285 284//284
f 261//261 262//262 286//286
f 261//261 286//286 285//285
f 262//262 263//263 287//287
f 262//262 287//287 286//286
f 263//263 264//264 288//288
f 263//263 288//288 287//287
f 264//264 241//241 265//265
f 264//264 265//265 288//288
f 265//265 266//266 290//290
f 265//265 290//290 289//289
f 266//266 267//267 291//291
f 266//266 291//291 290//290
f 267//267 268//268 292//292
f 267//267 292//292 291//291
f 268//268 269//269 293//293
f 268//268 293//293 292//292
f 269//269 270//270 294//294
f 269//269 294//294 293//293
f 270//270 271//271 295//295
f 270//270 295//295 294//294
f 271//271 272//272 296//296
f 271//271 296//296 295//295
f 272//272 273//273 297//297
f 272//272 297//297 296//296
f 273//273 274//274 298//298
f 273//273 298//298 297//297
f 274//274 275//275 299//299
f 274//274 299//299 298//298
f 275//275 276//276 300//300
f 275//275 300//300 299//299
f 276//276 277//277 301//301
f 276//276 301//301 300//300
f 277//277 278//278 302//302
f 277//277 302//302 301//301
f 278//278 279//279 303//303
f 278//278 303//303 302//302
f 279//279 280//280 304//304
f 279//279 304//304 303//303
f 280//280 281//281 305//305
f 280//280 305//305 304//304
f 281//281 282//282 306//306
f 281//281 306//306 305//305
f 282//282 283//283 307//307
f 282//282 307//307 306//306
f 283//283 284//284 308//308
f 283//283 308//308 307//307
f 284//284 285//285 309//309
f 284//284 309//309 308//308
f 285//285 286//286 310//310
f 285//285 310//310 309//309
f 286//286 287//287 311//311
f 286//286 311//311 310//310
f 287//287 288//288 312//312
f 287//287 312//312 311//311
f 288//288 265//265 289//289
f 288//288 289//289 312//312
f 289//289 290//290 314//314
f 289//289 314//314 313//313
f 290//290 291//291 315//315
f 290//290 315//315 314//314
f 291//291 292//292 316//316
f 291//291 316//316 315//315
f 292//292 293//293 317//317
f 292//292 317//317 316//316
f 293//293 294//294 318//318
f 293//293 318//318 317//317
f 294//294 295//295 319//319
f 294//294 319//319 318//318
f 295//295 296//296 320//320
f 295//295 320//320 319//319
f 296//296 297//297 321//321
f 296//296 321//321 320//320
f 297//297 298//298 322//322
f 297//297 322//322 321//321
f 298//298 299//299 323//323
f 298//298 323//323 322//322
f 299//299 300//300 324//324
f 299//299 324//324 323//323
f 300//300 301//301 325//325
f 300//300 325//325 324//324
f 301//301 302//302 326//326
f 301//301 326//326 325//325
f 302//302 303//303 327//327
f 302//302 327//327 326//326
f 303//303 304//304 328//328
f 303//303 328//328 327//327
f 304//304 305//305 329//329
f 304//304 329//329 328//328
f 305//305 306//306 330//330
f 305//305 330//330 329//329
f 306//306 307//307 331//331
f 306//306 331//331 330//330
f 307//307 308//308 332//332
f 307//307 332//332 331//331
f 308//308 309//309 333//333
f 308//308 333//333 332//332
f 309//309 310//310 334//334
f 309//309 334//334 333//333
f 310//310 311//311 335//335
f 310//310 335//335 334//334
f 311//311 312//312 336//336
f 311//311 336//336 335//335
f 312//312 289//289 313//313
f 312//312 313//313 336//336
f 313//313 314//314 338//338
f 313//313 338//338 337//337
f 314//314 315//315 339//339
f 314//314 339//339 338//338
f 315//315 316//316 340//340
f 315//315 340//340 339//339
f 316//316 317//317 341//341
f 316//316 341//341 340//340
f 317//317 318//318 342//342
f 317//317 342//342 341//341
f 318//318 319//319 343//343
f 318//318 343//343 342//342
f 319//319 320//320 344//344
f 319//319 344//344 343//343
f 320//320 321//321 345//345
f 320//320 345//345 344//344
f 321//321 322//322 346//346
f 321//321 346//346 345//345
f 322//322 323//323 347//347
f 322//322 347//347 346//346
f 323//323 324//324 348//348
f 323//323 348//348 347//347
f 324//324 325//325 349//349
f 324//324 349//349 348//348
f 325//325 326//326 350//350
f 325//325 350//350 349//349
f 326//326 327//327 351//351
f 326//326 351//351 350//350
f 327//327 328//328 352//352
f 327//327 352//352 351//351
f 328//328 329//329 353//353
f 328//328 353//353 352//352
f 329//329 330//330 354//354
f 329//329 354//354 353//353
f 330//330 331//331 355//355
f 330//330 355//355 354//354
f 331//331 332//332 356//356
f 331//331 356//356 355//355
f 332//332 333//333 357//357
f 332//332 357//357 356//356
f 333//333 334//334 358//358
f 333//333 358//358 357//357
f 334//334 335//335 359//359
f 334//334 359//359 358//358
f 335//335 336//336 360//360
f 335//335 360//360 359//359
f 336//336 313//313 337//337
f 336//336 337//337 360//360
f 337//337 338//338 362//362
f 337//337 362//362 361//361
f 338//338 339//339 363//363
f 338//338 363//363 362//362
f 339//339 340//340 364//364
f 339//339 364//364 363//363
f 340//340 341//341 365//365
f 340//340 365//365 364//364
f 341//341 342//342 366//366
f 341//341 366//366 365//365
f 342//342 343//343 367//367
f 342//342 367//367 366//366
f 343//343 344//344 368//368
f 343//343 368//368 367//367
f 344//344 345//345 369//369
f 344//344 369//369 368//368
f 345//345 346//346 370//370
f 345//345 370//370 369//369
f 346//346 347//347 371//371
f 346//346 371//371 370//370
f 347//347 348//348 372//372
f 347//347 372//372 371//371
f 348//348 349//349 373//373
f 348//348 373//373 372//372
f 349//349 350//350 374//374
f 349//349 374//374 373//373
f 350//350 351//351 375//375
f 350//350 375//375 374//374
f 351//351 352//352 376//376
f 351//351 376//376 375//375
f 352//352 353//353 377//377
f 352//352 377//377 376//376
f 353//353 354//354 378//378
f 353//353 378//378 377//377
f 354//354 355//355 379//379
f 354//354 379//379 378//378
f 355//355 356//356 380//380
f 355//355 380//380 379//379
f 356//356 357//357 381//381
f 356//356 381//381 380//380
f 357//357 358//358 382//382
f 357//357 382//382 381//381
f 358//358 359//359 383//383
f 358//358 383//383 382//382
f 359//359 360//360 384//384
f 359//359 384//384 383//383
f 360//360 337//337 361//361
f 360//360 361//361 384//384
f 361//361 362//362 386//386
f 362//362 363//363 387//387
f 363//363 364//364 388//388
f 364//364 365//365 389//389
f 365//365 366//366 390//390
f 366//366 367//367 391//391
f 367//367 368//368 392//392
f 368//368 369//369 393//393
f 369//369 370//370 394//394
f 370//370 371//371 395//395
f 371//371 372//372 396//396
f 372//372 373//373 397//397
f 373//373 374//374 398//398
f 374//374 375//375 399//399
f 375//375 376//376 400//400
f 376//376 377//377 401//401
f 377//377 378//378 402//402
f 378//378 379//379 403//403
f 379//379 380//380 404//404
f 380//380 381//381 405//405
f 381//381 382//382 406//406
f 382//382 383//383 407//407
f 383//383 384//384 408//408
f 384//384 361//361 385//385
f 409//409 410//409 411//409
f 409//409 411//409 412//409
f 413//410 414//410 415//410
f 413//410 415//410 416//410
f 417//411 418//411 419//411
f 417//411 419//411 420//411
f 421//412 422//412 423//412
f 421//412 423//412 424//412
f 425//413 426//413 427//413
f 425//413 427//413 428//413
f 429//414 430//414 431//414
f 429//414 431//414 432//414
f 433//415 434//415 435//415
f 433//415 435//415 436//415
f 437//416 438//416 439//416
f 437//416 439//416 440//416
f 441//417 442//417 443//417
f 441//417 443//417 444//417
f 445//418 446//418 447//418
f 445//418 447//418 448//418
f 449//419 450//419 451//419
f 449//419 451//419 452//419
f 453//420 454//420 455//420
f 453//420 455//420 456//420
f 457//421 458//421 459//421
f 457//421 459//421 460//421
f 461//422 462//422 463//422
f 461//422 463//422 464//422
f 465//423 466//423 467//423
f 465//423 467//423 468//423
f 469//424 470//424 471//424
f 469//424 471//424 472//424
f 473//425 474//425 475//425
f 473//425 475//425 476//425
f 477//426 478//426 479//426
f 477//426 479//426 480//426
f 481//427 482//427 483//427
f 481//427 483//427 484//427
f 485//428 486//428 487//428
f 485//428 487//428 488//428
f 489//429 490//429 491//429
f 489//429 491//429 492//429
f 493//430 494//430 495//430
f 493//430 495//430 496//430
f 497//431 498//431 499//431
f 497//431 499//431 500//431
f 501//432 502//432 503//432
f 501//432 503//432 504//432
f 505//433 506//433 507//433
f 505//433 507//433 508//433
f 509//434 510//434 511//434
f 509//434 511//434 512//434
f 513//435 514//435 515//435
f 513//435 515//435 516//435
f 517//436 518//436 519//436
f 517//436 519//436 520//436
f 521//437 522//437 523//437
f 521//437 523//437 524//437
f 525//438 526//438 527//438
f 525//438 527//438 528//438
f 529//439 530//439 531//439
f 529//439 531//439 532//439
f 533//440 534//440 535//440
f 533//440 535//440 536//440
f 537//441 538//441 539//441
f 537//441 539//441 540//441
f 541//442 542//442 543//442
f 541//442 543//442 544//442
f 545//443 546//443 547//443
f 545//443 547//443 548//443
f 549//444 550//444 551//444
f 549//444 551//444 552//444
f 553//445 566//458 565//457
f 554//446 567//459 566//458
f 555//447 568//460 567//459
f 556//448 569//461 568//460
f 557//449 570//462 569//461
f 558//450 571//463 570//462
f 559//451 572//464 571//463
f 560//452 573//465 572//464
f 561//453 574//466 573//465
f 562//454 575//467 574//466
f 563//455 576//468 575//467
f 564//456 565//457 576//468
f 565//457 566//458 578//470
f 565//457 578//470 577//469
f 566//458 567//459 579//471
f 566//458 579//471 578//470
f 567//459 568//460 580//472
f 567//459 580//472 579//471
f 568//460 569//461 581//473
f 568//460 581//473 580//472
f 569//461 570//462 582//474
f 569//461 582//474 581//473
f 570//462 571//463 583//475
f 570//462 583//475 582//474
f 571//463 572//464 584//476
f 571//463 584//476 583//475
f 572//464 573//465 585//477
f 572//464 585//477 584//476
f 573//465 574//466 586//478
f 573//465 586//478 585//477
f 574//466 575//467 587//479
f 574//466 587//479 586//478
f 575//467 576//468 588//480
f 575//467 588//480 587//479
f 576//468 565//457 577//469
f 576//468 577//469 588//480
f 577//469 578//470 590//482
f 577//469 590//482 589//481
f 578//470 579//471 591//483
f 578//470 591//483 590//482
f 579//471 580//472 592//484
f 579//471 592//484 591//483
f 580//472 581//473 593//485
f 580//472 593//485 592//484
f 581//473 582//474 594//486
f 581//473 594//486 593//485
f 582//474 583//475 595//487
f 582//474 595//487 594//486
f 583//475 584//476 596//488
f 583//475 596//488 595//487
f 584//476 585//477 597//489
f 584//476 597//489 596//488
f 585//477 586//478 598//490
f 585//477 598//490 597//489
f 586//478 587//479 599//491
f 586//478 599//491 598//490
f 587//479 588//480 600//492
f 587//479 600//492 599//491
f 588//480 577//469 589//481
f 588//480 589//481 600//492
f 589//481 590//482 602//494
f 589//481 602//494 601//493
f 590//482 591//483 603//495
f 590//482 603//495 602//494
f 591//483 592//484 604//496
f 591//483 604//496 603//495
f 592//484 593//485 605//497
f 592//484 605//497 604//496
f 593//485 594//486 606//498
f 593//485 606//498 605//497
f 594//486 595//487 607//499
f 594//486 607//499 606//498
f 595//487 596//488 608//500
f 595//487 608//500 607//499
f 596//488 597//489 609//501
f 596//488 609//501 608//500
f 597//489 598//490 610//502
f 597//489 610//502 609//501
f 598//490 599//491 611//503
f 598//490 611//503 610//502
f 599//491 600//492 612//504
f 599//491 612//504 611//503
f 600//492 589//481 601//493
f 600//492 601//493 612//504
f 601//493 602//494 614//506
f 601//493 614//506 613//505
f 602//494 603//495 615//507
f 602//494 615//507 614//506
f 603//495 604//496 616//508
f 603//495 616//508 615//507
f 604//496 605//497 617//509
f 604//496 617//509 616//508
f 605//497 606//498 618//510
f 605//497 618//510 617//509
f 606//498 607//499 619//511
f 606//498 619//511 618//510
f 607//499 608//500 620//512
f 607//499 620//512 619//511
f 608//500 609//501 621//513
f 608//500 621//513 620//512
f 609//501 610//502 622//514
f 609//501 622//514 621//513
f 610//502 611//503 623//515
f 610//502 623//515 622//514
f 611//503 612//504 624//516
f 611//503 624//516 623//515
f 612//504 601//493 613//505
f 612//504 613//505 624//516
f 613//505 614//506 626//518
f 613//505 626//518 625//517
f 614//506 615//507 627//519
f 614//506 627//519 626//518
f 615//507 616//508 628//520
f 615//507 628//520 627//519
f 616//508 617//509 629//521
f 616//508 629//521 628//520
f 617//509 618//510 630//522
f 617//509 630//522 629//521
f 618//510 619//511 631//523
f 618//510 631//523 630//522
f 619//511 620//512 632//524
f 619//511 632//524 631//523
f 620//512 621//513 633//525
f 620//512 633//525 632//524
f 621//513 622//514 634//526
f 621//513 634//526 633//525
f 622//514 623//515 635//527
f 622//514 635//527 634//526
f 623//515 624//516 636//528
f 623//515 636//528 635//527
f 624//516 613//505 625//517
f 624//516 625//517 636//528
f 625//517 626//518 638//530
f 625//517 638//530 637//529
f 626//518 627//519 639//531
f 626//518 639//531 638//530
f 627//519 628//520 640//532
f 627//519 640//532 639//531
f 628//520 629//521 641//533
f 628//520 641//533 640//532
f 629//521 630//522 642//534
f 629//521 642//534 641//533
f 630//522 631//523 643//535
f 630//522 643//535 642//534
f 631//523 632//524 644//536
f 631//523 644//536 643//535
f 632//524 633//525 645//537
f 632//524 645//537 644//536
f 633//525 634//526 646//538
f 633//525 646//538 645//537
f 634//526 635//527 647//539
f 634//526 647//539 646//538
f 635//527 636//528 648//540
f 635//527 648//540 647//539
f 636//528 625//517 637//529
f 636//528 637//529 648//540
f 637//529 638//530 650//542
f 638//530 639//531 651//543
f 639//531 640//532 652//544
f 640//532 641//533 653//545
f 641//533 642//534 654//546
f 642//534 643//535 655//547
f 643//535 644//536 656//548
f 644//536 645//537 657//549
f 645//537 646//538 658//550
f 646//538 647//539 659//551
f 647//539 648//540 660//552
f 648//540 637//529 649//541
f 661//553 662//553 663//553
f 661//553 663//553 664//553
f 665//554 666//554 667//554
f 665//554 667//554 668//554
f 669//555 670//555 671//555
f 669//555 671//555 672//555
f 673//556 674//556 675//556
f 673//556 675//556 676//556
f 677//557 678//557 679//557
f 677//557 679//557 680//557
f 681//558 682//558 683//558
f 681//558 683//558 684//558
f 685//559 698//572 697//571
f 686//560 699//573 698//572
f 687//561 700//574 699//573
f 688//562 701//575 700//574
f 689//563 702//576 701//575
f 690//564 703//577 702//576
f 691//565 704//578 703//577
f 692//566 705//579 704//578
f 693//567 706//580 705//579
f 694//568 707//581 706//580
f 695//569 708//582 707//581
f 696//570 697//571 708//582
f 697//571 698//572 710//584
f 697//571 710//584 709//583
f 698//572 699//573 711//585
f 698//572 711//585 710//584
f 699//573 700//574 712//586
f 699//573 712//586 711//585
f 700//574 701//575 713//587
f 700//574 713//587 712//586
f 701//575 702//576 714//588
f 701//575 714//588 713//587
f 702//576 703//577 715//589
f 702//576 715//589 714//588
f 703//577 704//578 716//590
f 703//577 716//590 715//589
f 704//578 705//579 717//591
f 704//578 717//591 716//590
f 705//579 706//580 718//592
f 705//579 718//592 717//591
f 706//580 707//581 719//593
f 706//580 719//593 718//592
f 707//581 708//582 720//594
f 707//581 720//594 719//593
f 708//582 697//571 709//583
f 708//582 709//583 720//594
f 709//583 710//584 722//596
f 709//583 722//596 721//595
f 710//584 711//585 723//597
f 710//584 723//597 722//596
f 711//585 712//586 724//598
f 711//585 724//598 723//597
f 712//586 713//587 725//599
f 712//586 725//599 724//598
f 713//587 714//588 726//600
f 713//587 726//600 725//599
f 714//588 715//589 727//601
f 714//588 727//601 726//600
f 715//589 716//590 728//602
f 715//589 728//602 727//601
f 716//590 717//591 729//603
f 716//590 729//603 728//602
f 717//591 718//592 730//604
f 717//591 730//604 729//603
f 718//592 719//593 731//605
f 718//592 731//605 730//604
f 719//593 720//594 732//606
f 719//593 732//606 731//605
f 720//594 709//583 721//595
f 720//594 721//595 732//606
f 721//595 722//596 734//608
f 721//595 734//608 733//607
f 722//596 723//597 735//609
f 722//596 735//609 734//608
f 723//597 724//598 736//610
f 723//597 736//610 735//609
f 724//598 725//599 737//611
f 724//598 737//611 736//610
f 725//599 726//600 738//612
f 725//599 738//612 737//611
f 726//600 727//601 739//613
f 726//600 739//613 738//612
f 727//601 728//602 740//614
f 727//601 740//614 739//613
f 728//602 729//603 741//615
f 728//602 741//615 740//614
f 729//603 730//604 742//616
f 729//603 742//616 741//615
f 730//604 731//605 743//617
f 730//604 743//617 742//616
f 731//605 732//606 744//618
f 731//605 744//618 743//617
f 732//606 721//595 733//607
f 732//606 733//607 744//618
f 733//607 734//608 746//620
f 733//607 746//620 745//619
f 734//608 735//609 747//621
f 734//608 747//621 746//620
f 735//609 736//610 748//622
f 735//609 748//622 747//621
f 736//610 737//611 749//623
f 736//610 749//623 748//622
f 737//611 738//612 750//624
f 737//611 750//624 749//623
f 738//612 739//613 751//625
f 738//612 751//625 750//624
f 739//613 740//614 752//626
f 739//613 752//626 751//625
f 740//614 741//615 753//627
f 740//614 753//627 752//626
f 741//615 742//616 754//628
f 741//615 754//628 753//627
f 742//616 743//617 755//629
f 742//616 755//629 754//628
f 743//617 744//618 756//630
f 743//617 756//630 755//629
f 744//618 733//607 745//619
f 744//618 745//619 756//630
f 745//619 746//620 758//632
f 745//619 758//632 757//631
f 746//620 747//621 759//633
f 746//620 759//633 758//632
f 747//621 748//622 760//634
f 747//621 760//634 759//633
f 748//622 749//623 761//635
f 748//622 761//635 760//634
f 749//623 750//624 762//636
f 749//623 762//636 761//635
f 750//624 751//625 763//637
f 750//624 763//637 762//636
f 751//625 752//626 764//638
f 751//625 764//638 763//637
f 752//626 753//627 765//639
f 752//626 765//639 764//638
f 753//627 754//628 766//640
f 753//627 766//640 765//639
f 754//628 755//629 767//641
f 754//628 767//641 766//640
f 755//629 756//630 768//642
f 755//629 768//642 767//641
f 756//630 745//619 757//631
f 756//630 757//631 768//642
f 757//631 758//632 770//644
f 757//631 770//644 769//643
f 758//632 759//633 771//645
f 758//632 771//645 770//644
f 759//633 760//634 772//646
f 759//633 772//646 771//645
f 760//634 761//635 773//647
f 760//634 773//647 772//646
f 761//635 762//636 774//648
f 761//635 774//648 773//647
f 762//636 763//637 775//649
f 762//636 775//649 774//648
f 763//637 764//638 776//650
f 763//637 776//650 775//649
f 764//638 765//639 777//651
f 764//638 777//651 776//650
f 765//639 766//640 778//652
f 765//639 778//652 777//651
f 766//640 767//641 779//653
f 766//640 779//653 778//652
f 767//641 768//642 780//654
f 767//641 780//654 779//653
f 768//642 757//631 769//643
f 768//642 769//643 780//654
f 769//643 770//644 782//656
f 770//644 771//645 783//657
f 771//645 772//646 784//658
f 772//646 773//647 785//659
f 773//647 774//648 786//660
f 774//648 775//649 787//661
f 775//649 776//650 788//662
f 776//650 777//651 789//663
f 777//651 778//652 790//664
f 778//652 779//653 791//665
f 779//653 780//654 792//666
f 780//654 769//643 781//655
f 793//667 806//680 805//679
f 794//668 807//681 806//680
f 795//669 808//682 807//681
f 796//670 809//683 808//682
f 797//671 810//684 809//683
f 798//672 811//685 810//684
f 799//673 812//686 811//685
f 800//674 813//687 812//686
f 801//675 814//688 813//687
f 802//676 815//689 814//688
f 803//677 816//690 815//689
f 804//678 805//679 816//690
f 805//679 806//680 818//692
f 805//679 818//692 817//691
f 806//680 807//681 819//693
f 806//680 819//693 818//692
f 807//681 808//682 820//694
f 807//681 820//694 819//693
f 808//682 809//683 821//695
f 808//682 821//695 820//694
f 809//683 810//684 822//696
f 809//683 822//696 821//695
f 810//684 811//685 823//697
f 810//684 823//697 822//696
f 811//685 812//686 824//698
f 811//685 824//698 823//697
f 812//686 813//687 825//699
f 812//686 825//699 824//698
f 813//687 814//688 826//700
f 813//687 826//700 825//699
f 814//688 815//689 827//701
f 814//688 827//701 826//700
f 815//689 816//690 828//702
f 815//689 828//702 827//701
f 816//690 805//679 817//691
f 816//690 817//691 828//702
f 817//691 818//692 830//704
f 817//691 830//704 829//703
f 818//692 819//693 831//705
f 818//692 831//705 830//704
f 819//693 820//694 832//706
f 819//693 832//706 831//705
f 820//694 821//695 833//707
f 820//694 833//707 832//706
f 821//695 822//696 834//708
f 821//695 834//708 833//707
f 822//696 823//697 835//709
f 822//696 835//709 834//708
f 823//697 824//698 836//710
f 823//697 836//710 835//709
f 824//698 825//699 837//711
f 824//698 837//711 836//710
f 825//699 826//700 838//712
f 825//699 838//712 837//711
f 826//700 827//701 839//713
f 826//700 839//713 838//712
f 827//701 828//702 840//714
f 827//701 840//714 839//713
f 828//702 817//691 829//703
f 828//702 829//703 840//714
f 829//703 830//704 842//716
f 829//703 842//716 841//715
f 830//704 831//705 843//717
f 830//704 843//717 842//716
f 831//705 832//706 844//718
f 831//705 844//718 843//717
f 832//706 833//707 845//719
f 832//706 845//719 844//718
f 833//707 834//708 846//720
f 833//707 846//720 845//719
f 834//708 835//709 847//721
f 834//708 847//721 846//720
f 835//709 836//710 848//722
f 835//709 848//722 847//721
f 836//710 837//711 849//723
f 836//710 849//723 848//722
f 837//711 838//712 850//724
f 837//711 850//724 849//723
f 838//712 839//713 851//725
f 838//712 851//725 850//724
f 839//713 840//714 852//726
f 839//713 852//726 851//725
f 840//714 829//703 841//715
f 840//714 841//715 852//726
f 841//715 842//716 854//728
f 841//715 854//728 853//727
f 842//716 843//717 855//729
f 842//716 855//729 854//728
f 843//717 844//718 856//730
f 843//717 856//730 855//729
f 844//718 845//719 857//731
f 844//718 857//731 856//730
f 845//719 846//720 858//732
f 845//719 858//732 857//731
f 846//720 847//721 859//733
f 846//720 859//733 858//732
f 847//721 848//722 860//734
f 847//721 860//734 859//733
f 848//722 849//723 861//735
f 848//722 861//735 860//734
f 849//723 850//724 862//736
f 849//723 862//736 861//735
f 850//724 851//725 863//737
f 850//724 863//737 862//736
f 851//725 852//726 864//738
f 851//725 864//738 863//737
f 852//726 841//715 853//727
f 852//726 853//727 864//738
f 853//727 854//728 866//740
f 853//727 866//740 865//739
f 854//728 855//729 867//741
f 854//728 867//741 866//740
f 855//729 856//730 868//742
f 855//729 868//742 867//741
f 856//730 857//731 869//743
f 856//730 869//743 868//742
f 857//731 858//732 870//744
f 857//731 870//744 869//743
f 858//732 859//733 871//745
f 858//732 871//745 870//744
f 859//733 860//734 872//746
f 859//733 872//746 871//745
f 860//734 861//735 873//747
f 860//734 873//747 872//746
f 861//735 862//736 874//748
f 861//735 874//748 873//747
f 862//736 863//737 875//749
f 862//736 875//749 874//748
f 863//737 864//738 876//750
f 863//737 876//750 875//749
f 864//738 853//727 865//739
f 864//738 865//739 876//750
f 865//739 866//740 878//752
f 865//739 878//752 877//751
f 866//740 867//741 879//753
f 866//740 879//753 878//752
f 867//741 868//742 880//754
f 867//741 880//754 879//753
f 868//742 869//743 881//755
f 868//742 881//755 880//754
f 869//743 870//744 882//756
f 869//743 882//756 881//755
f 870//744 871//745 883//757
f 870//744 883//757 882//756
f 871//745 872//746 884//758
f 871//745 884//758 883//757
f 872//746 873//747 885//759
f 872//746 885//759 884//758
f 873//747 874//748 886//760
f 873//747 886//760 885//759
f 874//748 875//749 887//761
f 874//748 887//761 886//760
f 875//749 876//750 888//762
f 875//749 888//762 887//761
f 876//750 865//739 877//751
f 876//750 877//751 888//762
f 877//751 878//752 890//764
f 878//752 879//753 891//765
f 879//753 880//754 892//766
f 880//754 881//755 893//767
f 881//755 882//756 894//768
f 882//756 883//757 895//769
f 883//757 884//758 896//770
f 884//758 885//759 897//771
f 885//759 886//760 898//772
f 886//760 887//761 899//773
f 887//761 888//762 900//774
f 888//762 877//751 889//763
f 901//775 902//775 903//775
f 901//775 903//775 904//775
f 905//776 906//776 907//776
f 905//776 907//776 908//776
f 909//777 910//777 911//777
f 909//777 911//777 912//777
f 913//778 914//778 915//778
f 913//778 915//778 916//778
f 917//779 918//779 919//779
f 917//779 919//779 920//779
f 921//780 922//780 923//780
f 921//780 923//780 924//780
f 925//781 926//781 927//781
f 925//781 927//781 928//781
f 929//782 930//782 931//782
f 929//782 931//782 932//782
f 933//783 934//783 935//783
f 933//783 935//783 936//783
f 937//784 938//784 939//784
f 937//784 939//784 940//784
f 941//785 942//785 943//785
f 941//785 943//785 944//785
f 945//786 946//786 947//786
f 945//786 947//786 948//786
f 949//787 950//787 951//787
f 949//787 951//787 952//787
f 953//788 954//788 955//788
f 953//788 955//788 956//788
f 957//789 958//789 959//789
f 957//789 959//789 960//789
f 961//790 962//790 963//790
f 961//790 963//790 964//790
f 965//791 966//791 967//791
f 965//791 967//791 968//791
f 969//792 970//792 971//792
f 969//792 971//792 972//792
f 973//793 974//793 975//793
f 973//793 975//793 976//793
f 977//794 978//794 979//794
f 977//794 979//794 980//794
f 981//795 982//795 983//795
f 981//795 983//795 984//795
f 985//796 986//796 987//796
f 985//796 987//796 988//796
f 989//797 990//797 991//797
f 989//797 991//797 992//797
f 993//798 994//798 995//798
f 993//798 995//798 996//798
f 997//799 998//799 999//799
f 997//799 999//799 1000//799
f 1001//800 1002//800 1003//800
f 1001//800 1003//800 1004//800
f 1005//801 1006//801 1007//801
f 1005//801 1007//801 1008//801
f 1009//802 1010//802 1011//802
f 1009//802 1011//802 1012//802
f 1013//803 1014//803 1015//803
f 1013//803 1015//803 1016//803
f 1017//804 1018//804 1019//804
f 1017//804 1019//804 1020//804
f 1021//805 1022//805 1023//805
f 1021//805 1023//805 1024//805
f 1025//806 1026//806 1027//806
f 1025//806 1027//806 1028//806
f 1029//807 1030//807 1031//807
f 1029//807 1031//807 1032//807
f 1033//808 1034//808 1035//808
f 1033//808 1035//808 1036//808
f 1037//809 1038//809 1039//809
f 1037//809 1039//809 1040//809
f 1041//810 1042//810 1043//810
f 1041//810 1043//810 1044//810
f 1045//811 1046//811 1047//811
f 1045//811 1047//811 1048//811
f 1049//812 1050//812 1051//812
f 1049//812 1051//812 1052//812
f 1053//813 1054//813 1055//813
f 1053//813 1055//813 1056//813
f 1057//814 1058//814 1059//814
f 1057//814 1059//814 1060//814
f 1061//815 1062//815 1063//815
f 1061//815 1063//815 1064//815
f 1065//816 1066//816 1067//816
f 1065//816 1067//816 1068//816
f 1069//817 1070//817 1071//817
f 1069//817 1071//817 1072//817
f 1073//818 1074//818 1075//818
f 1073//818 1075//818 1076//818
f 1077//819 1078//819 1079//819
f 1077//819 1079//819 1080//819
f 1081//820 1082//820 1083//820
f 1081//820 1083//820 1084//820
f 1085//821 1086//821 1087//821
f 1085//821 1087//821 1088//821
f 1089//822 1090//822 1091//822
f 1089//822 1091//822 1092//822
f 1093//823 1094//823 1095//823
f 1093//823 1095//823 1096//823
f 1097//824 1098//824 1099//824
f 1097//824 1099//824 1100//824
f 1101//825 1102//825 1103//825
f 1101//825 1103//825 1104//825
f 1105//826 1106//826 1107//826
f 1105//826 1107//826 1108//826
f 1109//827 1110//827 1111//827
f 1109//827 1111//827 1112//827
f 1113//828 1114//828 1115//828
f 1113//828 1115//828 1116//828
f 1117//829 1118//829 1119//829
f 1117//829 1119//829 1120//829
f 1121//830 1122//830 1123//830
f 1121//830 1123//830 1124//830
f 1125//831 1126//831 1127//831
f 1125//831 1127//831 1128//831
f 1129//832 1130//832 1131//832
f 1129//832 1131//832 1132//832
f 1133//833 1134//833 1135//833
f 1133//833 1135//833 1136//833
f 1137//834 1138//834 1139//834
f 1137//834 1139//834 1140//834
f 1141//835 1142//835 1143//835
f 1141//835 1143//835 1144//835
f 1145//836 1146//836 1147//836
f 1145//836 1147//836 1148//836
f 1149//837 1150//837 1151//837
f 1149//837 1151//837 1152//837
f 1153//838 1154//838 1155//838
f 1153//838 1155//838 1156//838
f 1157//839 1158//839 1159//839
f 1157//839 1159//839 1160//839
f 1161//840 1162//840 1163//840
f 1161//840 1163//840 1164//840
f 1165//841 1166//841 1167//841
f 1165//841 1167//841 1168//841
f 1169//842 1170//842 1171//842
f 1169//842 1171//842 1172//842
f 1173//843 1174//843 1175//843
f 1173//843 1175//843 1176//843
f 1177//844 1178//844 1179//844
f 1177//844 1179//844 1180//844
f 1181//845 1182//845 1183//845
f 1181//845 1183//845 1184//845
f 1185//846 1186//846 1187//846
f 1185//846 1187//846 1188//846
f 1189//847 1190//847 1191//847
f 1189//847 1191//847 1192//847
f 1193//848 1194//848 1195//848
f 1193//848 1195//848 1196//848
f 1197//849 1198//849 1199//849
f 1197//849 1199//849 1200//849
f 1201//850 1202//850 1203//850
f 1201//850 1203//850 1204//850
f 1205//851 1206//851 1207//851
f 1205//851 1207//851 1208//851
f 1209//852 1210//852 1211//852
f 1209//852 1211//852 1212//852
