# Mario World Scene
o Scene

v -90.00000 -7.50000 45.00000 0.250 0.720 0.180
v 90.00000 -7.50000 45.00000 0.250 0.720 0.180
v 90.00000 -6.00000 45.00000 0.250 0.720 0.180
v -90.00000 -6.00000 45.00000 0.250 0.720 0.180
v 90.00000 -7.50000 -15.00000 0.250 0.720 0.180
v -90.00000 -7.50000 -15.00000 0.250 0.720 0.180
v -90.00000 -6.00000 -15.00000 0.250 0.720 0.180
v 90.00000 -6.00000 -15.00000 0.250 0.720 0.180
v -90.00000 -6.00000 45.00000 0.250 0.720 0.180
v 90.00000 -6.00000 45.00000 0.250 0.720 0.180
v 90.00000 -6.00000 -15.00000 0.250 0.720 0.180
v -90.00000 -6.00000 -15.00000 0.250 0.720 0.180
v -90.00000 -7.50000 -15.00000 0.250 0.720 0.180
v 90.00000 -7.50000 -15.00000 0.250 0.720 0.180
v 90.00000 -7.50000 45.00000 0.250 0.720 0.180
v -90.00000 -7.50000 45.00000 0.250 0.720 0.180
v 90.00000 -7.50000 45.00000 0.250 0.720 0.180
v 90.00000 -7.50000 -15.00000 0.250 0.720 0.180
v 90.00000 -6.00000 -15.00000 0.250 0.720 0.180
v 90.00000 -6.00000 45.00000 0.250 0.720 0.180
v -90.00000 -7.50000 -15.00000 0.250 0.720 0.180
v -90.00000 -7.50000 45.00000 0.250 0.720 0.180
v -90.00000 -6.00000 45.00000 0.250 0.720 0.180
v -90.00000 -6.00000 -15.00000 0.250 0.720 0.180
v -90.00000 -15.00000 45.00000 0.550 0.350 0.150
v 90.00000 -15.00000 45.00000 0.550 0.350 0.150
v 90.00000 -7.50000 45.00000 0.550 0.350 0.150
v -90.00000 -7.50000 45.00000 0.550 0.350 0.150
v 90.00000 -15.00000 -15.00000 0.550 0.350 0.150
v -90.00000 -15.00000 -15.00000 0.550 0.350 0.150
v -90.00000 -7.50000 -15.00000 0.550 0.350 0.150
v 90.00000 -7.50000 -15.00000 0.550 0.350 0.150
v -90.00000 -7.50000 45.00000 0.550 0.350 0.150
v 90.00000 -7.50000 45.00000 0.550 0.350 0.150
v 90.00000 -7.50000 -15.00000 0.550 0.350 0.150
v -90.00000 -7.50000 -15.00000 0.550 0.350 0.150
v -90.00000 -15.00000 -15.00000 0.550 0.350 0.150
v 90.00000 -15.00000 -15.00000 0.550 0.350 0.150
v 90.00000 -15.00000 45.00000 0.550 0.350 0.150
v -90.00000 -15.00000 45.00000 0.550 0.350 0.150
v 90.00000 -15.00000 45.00000 0.550 0.350 0.150
v 90.00000 -15.00000 -15.00000 0.550 0.350 0.150
v 90.00000 -7.50000 -15.00000 0.550 0.350 0.150
v 90.00000 -7.50000 45.00000 0.550 0.350 0.150
v -90.00000 -15.00000 -15.00000 0.550 0.350 0.150
v -90.00000 -15.00000 45.00000 0.550 0.350 0.150
v -90.00000 -7.50000 45.00000 0.550 0.350 0.150
v -90.00000 -7.50000 -15.00000 0.550 0.350 0.150
v -36.00000 9.00000 -9.00000 0.300 0.780 0.200
v -36.00000 9.00000 -9.00000 0.300 0.780 0.200
v -36.00000 9.00000 -9.00000 0.300 0.780 0.200
v -36.00000 9.00000 -9.00000 0.300 0.780 0.200
v -36.00000 9.00000 -9.00000 0.300 0.780 0.200
v -36.00000 9.00000 -9.00000 0.300 0.780 0.200
v -36.00000 9.00000 -9.00000 0.300 0.780 0.200
v -36.00000 9.00000 -9.00000 0.300 0.780 0.200
v -36.00000 9.00000 -9.00000 0.300 0.780 0.200
v -36.00000 9.00000 -9.00000 0.300 0.780 0.200
v -36.00000 9.00000 -9.00000 0.300 0.780 0.200
v -36.00000 9.00000 -9.00000 0.300 0.780 0.200
v -36.00000 9.00000 -9.00000 0.300 0.780 0.200
v -36.00000 9.00000 -9.00000 0.300 0.780 0.200
v -36.00000 9.00000 -9.00000 0.300 0.780 0.200
v -36.00000 9.00000 -9.00000 0.300 0.780 0.200
v -36.00000 9.00000 -9.00000 0.300 0.780 0.200
v -36.00000 9.00000 -9.00000 0.300 0.780 0.200
v -31.36475 8.26585 -9.00000 0.300 0.780 0.200
v -31.64429 8.26585 -7.41465 0.300 0.780 0.200
v -32.44919 8.26585 -6.02052 0.300 0.780 0.200
v -33.68237 8.26585 -4.98575 0.300 0.780 0.200
v -35.19510 8.26585 -4.43517 0.300 0.780 0.200
v -36.80490 8.26585 -4.43517 0.300 0.780 0.200
v -38.31763 8.26585 -4.98575 0.300 0.780 0.200
v -39.55081 8.26585 -6.02052 0.300 0.780 0.200
v -40.35571 8.26585 -7.41465 0.300 0.780 0.200
v -40.63525 8.26585 -9.00000 0.300 0.780 0.200
v -40.35571 8.26585 -10.58535 0.300 0.780 0.200
v -39.55081 8.26585 -11.97948 0.300 0.780 0.200
v -38.31763 8.26585 -13.01425 0.300 0.780 0.200
v -36.80490 8.26585 -13.56483 0.300 0.780 0.200
v -35.19510 8.26585 -13.56483 0.300 0.780 0.200
v -33.68237 8.26585 -13.01425 0.300 0.780 0.200
v -32.44919 8.26585 -11.97948 0.300 0.780 0.200
v -31.64429 8.26585 -10.58535 0.300 0.780 0.200
v -27.18322 6.13525 -9.00000 0.300 0.780 0.200
v -27.71494 6.13525 -5.98448 0.300 0.780 0.200
v -29.24596 6.13525 -3.33268 0.300 0.780 0.200
v -31.59161 6.13525 -1.36445 0.300 0.780 0.200
v -34.46898 6.13525 -0.31717 0.300 0.780 0.200
v -37.53102 6.13525 -0.31717 0.300 0.780 0.200
v -40.40839 6.13525 -1.36445 0.300 0.780 0.200
v -42.75404 6.13525 -3.33268 0.300 0.780 0.200
v -44.28506 6.13525 -5.98448 0.300 0.780 0.200
v -44.81678 6.13525 -9.00000 0.300 0.780 0.200
v -44.28506 6.13525 -12.01552 0.300 0.780 0.200
v -42.75404 6.13525 -14.66732 0.300 0.780 0.200
v -40.40839 6.13525 -16.63555 0.300 0.780 0.200
v -37.53102 6.13525 -17.68283 0.300 0.780 0.200
v -34.46898 6.13525 -17.68283 0.300 0.780 0.200
v -31.59161 6.13525 -16.63555 0.300 0.780 0.200
v -29.24596 6.13525 -14.66732 0.300 0.780 0.200
v -27.71494 6.13525 -12.01552 0.300 0.780 0.200
v -23.86475 2.81678 -9.00000 0.300 0.780 0.200
v -24.59659 2.81678 -4.84950 0.300 0.780 0.200
v -26.70386 2.81678 -1.19961 0.300 0.780 0.200
v -29.93237 2.81678 1.50944 0.300 0.780 0.200
v -33.89274 2.81678 2.95089 0.300 0.780 0.200
v -38.10726 2.81678 2.95089 0.300 0.780 0.200
v -42.06763 2.81678 1.50944 0.300 0.780 0.200
v -45.29614 2.81678 -1.19961 0.300 0.780 0.200
v -47.40341 2.81678 -4.84950 0.300 0.780 0.200
v -48.13525 2.81678 -9.00000 0.300 0.780 0.200
v -47.40341 2.81678 -13.15050 0.300 0.780 0.200
v -45.29614 2.81678 -16.80039 0.300 0.780 0.200
v -42.06763 2.81678 -19.50944 0.300 0.780 0.200
v -38.10726 2.81678 -20.95089 0.300 0.780 0.200
v -33.89274 2.81678 -20.95089 0.300 0.780 0.200
v -29.93237 2.81678 -19.50944 0.300 0.780 0.200
v -26.70386 2.81678 -16.80039 0.300 0.780 0.200
v -24.59659 2.81678 -13.15050 0.300 0.780 0.200
v -21.73415 -1.36475 -9.00000 0.300 0.780 0.200
v -22.59449 -1.36475 -4.12079 0.300 0.780 0.200
v -25.07173 -1.36475 0.16991 0.300 0.780 0.200
v -28.86708 -1.36475 3.35459 0.300 0.780 0.200
v -33.52276 -1.36475 5.04912 0.300 0.780 0.200
v -38.47724 -1.36475 5.04912 0.300 0.780 0.200
v -43.13292 -1.36475 3.35459 0.300 0.780 0.200
v -46.92827 -1.36475 0.16991 0.300 0.780 0.200
v -49.40551 -1.36475 -4.12079 0.300 0.780 0.200
v -50.26585 -1.36475 -9.00000 0.300 0.780 0.200
v -49.40551 -1.36475 -13.87921 0.300 0.780 0.200
v -46.92827 -1.36475 -18.16991 0.300 0.780 0.200
v -43.13292 -1.36475 -21.35459 0.300 0.780 0.200
v -38.47724 -1.36475 -23.04912 0.300 0.780 0.200
v -33.52276 -1.36475 -23.04912 0.300 0.780 0.200
v -28.86708 -1.36475 -21.35459 0.300 0.780 0.200
v -25.07173 -1.36475 -18.16991 0.300 0.780 0.200
v -22.59449 -1.36475 -13.87921 0.300 0.780 0.200
v -21.00000 -6.00000 -9.00000 0.300 0.780 0.200
v -21.90461 -6.00000 -3.86970 0.300 0.780 0.200
v -24.50933 -6.00000 0.64181 0.300 0.780 0.200
v -28.50000 -6.00000 3.99038 0.300 0.780 0.200
v -33.39528 -6.00000 5.77212 0.300 0.780 0.200
v -38.60472 -6.00000 5.77212 0.300 0.780 0.200
v -43.50000 -6.00000 3.99038 0.300 0.780 0.200
v -47.49067 -6.00000 0.64181 0.300 0.780 0.200
v -50.09539 -6.00000 -3.86970 0.300 0.780 0.200
v -51.00000 -6.00000 -9.00000 0.300 0.780 0.200
v -50.09539 -6.00000 -14.13030 0.300 0.780 0.200
v -47.49067 -6.00000 -18.64181 0.300 0.780 0.200
v -43.50000 -6.00000 -21.99038 0.300 0.780 0.200
v -38.60472 -6.00000 -23.77212 0.300 0.780 0.200
v -33.39528 -6.00000 -23.77212 0.300 0.780 0.200
v -28.50000 -6.00000 -21.99038 0.300 0.780 0.200
v -24.50933 -6.00000 -18.64181 0.300 0.780 0.200
v -21.90461 -6.00000 -14.13030 0.300 0.780 0.200
v -21.73415 -10.63525 -9.00000 0.300 0.780 0.200
v -22.59449 -10.63525 -4.12079 0.300 0.780 0.200
v -25.07173 -10.63525 0.16991 0.300 0.780 0.200
v -28.86708 -10.63525 3.35459 0.300 0.780 0.200
v -33.52276 -10.63525 5.04912 0.300 0.780 0.200
v -38.47724 -10.63525 5.04912 0.300 0.780 0.200
v -43.13292 -10.63525 3.35459 0.300 0.780 0.200
v -46.92827 -10.63525 0.16991 0.300 0.780 0.200
v -49.40551 -10.63525 -4.12079 0.300 0.780 0.200
v -50.26585 -10.63525 -9.00000 0.300 0.780 0.200
v -49.40551 -10.63525 -13.87921 0.300 0.780 0.200
v -46.92827 -10.63525 -18.16991 0.300 0.780 0.200
v -43.13292 -10.63525 -21.35459 0.300 0.780 0.200
v -38.47724 -10.63525 -23.04912 0.300 0.780 0.200
v -33.52276 -10.63525 -23.04912 0.300 0.780 0.200
v -28.86708 -10.63525 -21.35459 0.300 0.780 0.200
v -25.07173 -10.63525 -18.16991 0.300 0.780 0.200
v -22.59449 -10.63525 -13.87921 0.300 0.780 0.200
v -23.86475 -14.81678 -9.00000 0.300 0.780 0.200
v -24.59659 -14.81678 -4.84950 0.300 0.780 0.200
v -26.70386 -14.81678 -1.19961 0.300 0.780 0.200
v -29.93237 -14.81678 1.50944 0.300 0.780 0.200
v -33.89274 -14.81678 2.95089 0.300 0.780 0.200
v -38.10726 -14.81678 2.95089 0.300 0.780 0.200
v -42.06763 -14.81678 1.50944 0.300 0.780 0.200
v -45.29614 -14.81678 -1.19961 0.300 0.780 0.200
v -47.40341 -14.81678 -4.84950 0.300 0.780 0.200
v -48.13525 -14.81678 -9.00000 0.300 0.780 0.200
v -47.40341 -14.81678 -13.15050 0.300 0.780 0.200
v -45.29614 -14.81678 -16.80039 0.300 0.780 0.200
v -42.06763 -14.81678 -19.50944 0.300 0.780 0.200
v -38.10726 -14.81678 -20.95089 0.300 0.780 0.200
v -33.89274 -14.81678 -20.95089 0.300 0.780 0.200
v -29.93237 -14.81678 -19.50944 0.300 0.780 0.200
v -26.70386 -14.81678 -16.80039 0.300 0.780 0.200
v -24.59659 -14.81678 -13.15050 0.300 0.780 0.200
v -27.18322 -18.13525 -9.00000 0.300 0.780 0.200
v -27.71494 -18.13525 -5.98448 0.300 0.780 0.200
v -29.24596 -18.13525 -3.33268 0.300 0.780 0.200
v -31.59161 -18.13525 -1.36445 0.300 0.780 0.200
v -34.46898 -18.13525 -0.31717 0.300 0.780 0.200
v -37.53102 -18.13525 -0.31717 0.300 0.780 0.200
v -40.40839 -18.13525 -1.36445 0.300 0.780 0.200
v -42.75404 -18.13525 -3.33268 0.300 0.780 0.200
v -44.28506 -18.13525 -5.98448 0.300 0.780 0.200
v -44.81678 -18.13525 -9.00000 0.300 0.780 0.200
v -44.28506 -18.13525 -12.01552 0.300 0.780 0.200
v -42.75404 -18.13525 -14.66732 0.300 0.780 0.200
v -40.40839 -18.13525 -16.63555 0.300 0.780 0.200
v -37.53102 -18.13525 -17.68283 0.300 0.780 0.200
v -34.46898 -18.13525 -17.68283 0.300 0.780 0.200
v -31.59161 -18.13525 -16.63555 0.300 0.780 0.200
v -29.24596 -18.13525 -14.66732 0.300 0.780 0.200
v -27.71494 -18.13525 -12.01552 0.300 0.780 0.200
v -31.36475 -20.26585 -9.00000 0.300 0.780 0.200
v -31.64429 -20.26585 -7.41465 0.300 0.780 0.200
v -32.44919 -20.26585 -6.02052 0.300 0.780 0.200
v -33.68237 -20.26585 -4.98575 0.300 0.780 0.200
v -35.19510 -20.26585 -4.43517 0.300 0.780 0.200
v -36.80490 -20.26585 -4.43517 0.300 0.780 0.200
v -38.31763 -20.26585 -4.98575 0.300 0.780 0.200
v -39.55081 -20.26585 -6.02052 0.300 0.780 0.200
v -40.35571 -20.26585 -7.41465 0.300 0.780 0.200
v -40.63525 -20.26585 -9.00000 0.300 0.780 0.200
v -40.35571 -20.26585 -10.58535 0.300 0.780 0.200
v -39.55081 -20.26585 -11.97948 0.300 0.780 0.200
v -38.31763 -20.26585 -13.01425 0.300 0.780 0.200
v -36.80490 -20.26585 -13.56483 0.300 0.780 0.200
v -35.19510 -20.26585 -13.56483 0.300 0.780 0.200
v -33.68237 -20.26585 -13.01425 0.300 0.780 0.200
v -32.44919 -20.26585 -11.97948 0.300 0.780 0.200
v -31.64429 -20.26585 -10.58535 0.300 0.780 0.200
v -36.00000 -21.00000 -9.00000 0.300 0.780 0.200
v -36.00000 -21.00000 -9.00000 0.300 0.780 0.200
v -36.00000 -21.00000 -9.00000 0.300 0.780 0.200
v -36.00000 -21.00000 -9.00000 0.300 0.780 0.200
v -36.00000 -21.00000 -9.00000 0.300 0.780 0.200
v -36.00000 -21.00000 -9.00000 0.300 0.780 0.200
v -36.00000 -21.00000 -9.00000 0.300 0.780 0.200
v -36.00000 -21.00000 -9.00000 0.300 0.780 0.200
v -36.00000 -21.00000 -9.00000 0.300 0.780 0.200
v -36.00000 -21.00000 -9.00000 0.300 0.780 0.200
v -36.00000 -21.00000 -9.00000 0.300 0.780 0.200
v -36.00000 -21.00000 -9.00000 0.300 0.780 0.200
v -36.00000 -21.00000 -9.00000 0.300 0.780 0.200
v -36.00000 -21.00000 -9.00000 0.300 0.780 0.200
v -36.00000 -21.00000 -9.00000 0.300 0.780 0.200
v -36.00000 -21.00000 -9.00000 0.300 0.780 0.200
v -36.00000 -21.00000 -9.00000 0.300 0.780 0.200
v -36.00000 -21.00000 -9.00000 0.300 0.780 0.200
v -18.00000 3.00000 -9.00000 0.300 0.780 0.200
v -18.00000 3.00000 -9.00000 0.300 0.780 0.200
v -18.00000 3.00000 -9.00000 0.300 0.780 0.200
v -18.00000 3.00000 -9.00000 0.300 0.780 0.200
v -18.00000 3.00000 -9.00000 0.300 0.780 0.200
v -18.00000 3.00000 -9.00000 0.300 0.780 0.200
v -18.00000 3.00000 -9.00000 0.300 0.780 0.200
v -18.00000 3.00000 -9.00000 0.300 0.780 0.200
v -18.00000 3.00000 -9.00000 0.300 0.780 0.200
v -18.00000 3.00000 -9.00000 0.300 0.780 0.200
v -18.00000 3.00000 -9.00000 0.300 0.780 0.200
v -18.00000 3.00000 -9.00000 0.300 0.780 0.200
v -18.00000 3.00000 -9.00000 0.300 0.780 0.200
v -18.00000 3.00000 -9.00000 0.300 0.780 0.200
v -18.00000 3.00000 -9.00000 0.300 0.780 0.200
v -18.00000 3.00000 -9.00000 0.300 0.780 0.200
v -18.00000 3.00000 -9.00000 0.300 0.780 0.200
v -18.00000 3.00000 -9.00000 0.300 0.780 0.200
v -15.21885 2.55951 -9.00000 0.300 0.780 0.200
v -15.38657 2.55951 -8.04879 0.300 0.780 0.200
v -15.86951 2.55951 -7.21231 0.300 0.780 0.200
v -16.60942 2.55951 -6.59145 0.300 0.780 0.200
v -17.51706 2.55951 -6.26110 0.300 0.780 0.200
v -18.48294 2.55951 -6.26110 0.300 0.780 0.200
v -19.39058 2.55951 -6.59145 0.300 0.780 0.200
v -20.13049 2.55951 -7.21231 0.300 0.780 0.200
v -20.61343 2.55951 -8.04879 0.300 0.780 0.200
v -20.78115 2.55951 -9.00000 0.300 0.780 0.200
v -20.61343 2.55951 -9.95121 0.300 0.780 0.200
v -20.13049 2.55951 -10.78769 0.300 0.780 0.200
v -19.39058 2.55951 -11.40855 0.300 0.780 0.200
v -18.48294 2.55951 -11.73890 0.300 0.780 0.200
v -17.51706 2.55951 -11.73890 0.300 0.780 0.200
v -16.60942 2.55951 -11.40855 0.300 0.780 0.200
v -15.86951 2.55951 -10.78769 0.300 0.780 0.200
v -15.38657 2.55951 -9.95121 0.300 0.780 0.200
v -12.70993 1.28115 -9.00000 0.300 0.780 0.200
v -13.02896 1.28115 -7.19069 0.300 0.780 0.200
v -13.94757 1.28115 -5.59961 0.300 0.780 0.200
v -15.35497 1.28115 -4.41867 0.300 0.780 0.200
v -17.08139 1.28115 -3.79030 0.300 0.780 0.200
v -18.91861 1.28115 -3.79030 0.300 0.780 0.200
v -20.64503 1.28115 -4.41867 0.300 0.780 0.200
v -22.05243 1.28115 -5.59961 0.300 0.780 0.200
v -22.97104 1.28115 -7.19069 0.300 0.780 0.200
v -23.29007 1.28115 -9.00000 0.300 0.780 0.200
v -22.97104 1.28115 -10.80931 0.300 0.780 0.200
v -22.05243 1.28115 -12.40039 0.300 0.780 0.200
v -20.64503 1.28115 -13.58133 0.300 0.780 0.200
v -18.91861 1.28115 -14.20970 0.300 0.780 0.200
v -17.08139 1.28115 -14.20970 0.300 0.780 0.200
v -15.35497 1.28115 -13.58133 0.300 0.780 0.200
v -13.94757 1.28115 -12.40039 0.300 0.780 0.200
v -13.02896 1.28115 -10.80931 0.300 0.780 0.200
v -10.71885 -0.70993 -9.00000 0.300 0.780 0.200
v -11.15795 -0.70993 -6.50970 0.300 0.780 0.200
v -12.42231 -0.70993 -4.31977 0.300 0.780 0.200
v -14.35942 -0.70993 -2.69434 0.300 0.780 0.200
v -16.73564 -0.70993 -1.82946 0.300 0.780 0.200
v -19.26436 -0.70993 -1.82946 0.300 0.780 0.200
v -21.64058 -0.70993 -2.69434 0.300 0.780 0.200
v -23.57769 -0.70993 -4.31977 0.300 0.780 0.200
v -24.84205 -0.70993 -6.50970 0.300 0.780 0.200
v -25.28115 -0.70993 -9.00000 0.300 0.780 0.200
v -24.84205 -0.70993 -11.49030 0.300 0.780 0.200
v -23.57769 -0.70993 -13.68023 0.300 0.780 0.200
v -21.64058 -0.70993 -15.30566 0.300 0.780 0.200
v -19.26436 -0.70993 -16.17054 0.300 0.780 0.200
v -16.73564 -0.70993 -16.17054 0.300 0.780 0.200
v -14.35942 -0.70993 -15.30566 0.300 0.780 0.200
v -12.42231 -0.70993 -13.68023 0.300 0.780 0.200
v -11.15795 -0.70993 -11.49030 0.300 0.780 0.200
v -9.44049 -3.21885 -9.00000 0.300 0.780 0.200
v -9.95669 -3.21885 -6.07248 0.300 0.780 0.200
v -11.44304 -3.21885 -3.49805 0.300 0.780 0.200
v -13.72025 -3.21885 -1.58725 0.300 0.780 0.200
v -16.51366 -3.21885 -0.57053 0.300 0.780 0.200
v -19.48634 -3.21885 -0.57053 0.300 0.780 0.200
v -22.27975 -3.21885 -1.58725 0.300 0.780 0.200
v -24.55696 -3.21885 -3.49805 0.300 0.780 0.200
v -26.04331 -3.21885 -6.07248 0.300 0.780 0.200
v -26.55951 -3.21885 -9.00000 0.300 0.780 0.200
v -26.04331 -3.21885 -11.92752 0.300 0.780 0.200
v -24.55696 -3.21885 -14.50195 0.300 0.780 0.200
v -22.27975 -3.21885 -16.41275 0.300 0.780 0.200
v -19.48634 -3.21885 -17.42947 0.300 0.780 0.200
v -16.51366 -3.21885 -17.42947 0.300 0.780 0.200
v -13.72025 -3.21885 -16.41275 0.300 0.780 0.200
v -11.44304 -3.21885 -14.50195 0.300 0.780 0.200
v -9.95669 -3.21885 -11.92752 0.300 0.780 0.200
v -9.00000 -6.00000 -9.00000 0.300 0.780 0.200
v -9.54277 -6.00000 -5.92182 0.300 0.780 0.200
v -11.10560 -6.00000 -3.21491 0.300 0.780 0.200
v -13.50000 -6.00000 -1.20577 0.300 0.780 0.200
v -16.43717 -6.00000 -0.13673 0.300 0.780 0.200
v -19.56283 -6.00000 -0.13673 0.300 0.780 0.200
v -22.50000 -6.00000 -1.20577 0.300 0.780 0.200
v -24.89440 -6.00000 -3.21491 0.300 0.780 0.200
v -26.45723 -6.00000 -5.92182 0.300 0.780 0.200
v -27.00000 -6.00000 -9.00000 0.300 0.780 0.200
v -26.45723 -6.00000 -12.07818 0.300 0.780 0.200
v -24.89440 -6.00000 -14.78509 0.300 0.780 0.200
v -22.50000 -6.00000 -16.79423 0.300 0.780 0.200
v -19.56283 -6.00000 -17.86327 0.300 0.780 0.200
v -16.43717 -6.00000 -17.86327 0.300 0.780 0.200
v -13.50000 -6.00000 -16.79423 0.300 0.780 0.200
v -11.10560 -6.00000 -14.78509 0.300 0.780 0.200
v -9.54277 -6.00000 -12.07818 0.300 0.780 0.200
v -9.44049 -8.78115 -9.00000 0.300 0.780 0.200
v -9.95669 -8.78115 -6.07248 0.300 0.780 0.200
v -11.44304 -8.78115 -3.49805 0.300 0.780 0.200
v -13.72025 -8.78115 -1.58725 0.300 0.780 0.200
v -16.51366 -8.78115 -0.57053 0.300 0.780 0.200
v -19.48634 -8.78115 -0.57053 0.300 0.780 0.200
v -22.27975 -8.78115 -1.58725 0.300 0.780 0.200
v -24.55696 -8.78115 -3.49805 0.300 0.780 0.200
v -26.04331 -8.78115 -6.07248 0.300 0.780 0.200
v -26.55951 -8.78115 -9.00000 0.300 0.780 0.200
v -26.04331 -8.78115 -11.92752 0.300 0.780 0.200
v -24.55696 -8.78115 -14.50195 0.300 0.780 0.200
v -22.27975 -8.78115 -16.41275 0.300 0.780 0.200
v -19.48634 -8.78115 -17.42947 0.300 0.780 0.200
v -16.51366 -8.78115 -17.42947 0.300 0.780 0.200
v -13.72025 -8.78115 -16.41275 0.300 0.780 0.200
v -11.44304 -8.78115 -14.50195 0.300 0.780 0.200
v -9.95669 -8.78115 -11.92752 0.300 0.780 0.200
v -10.71885 -11.29007 -9.00000 0.300 0.780 0.200
v -11.15795 -11.29007 -6.50970 0.300 0.780 0.200
v -12.42231 -11.29007 -4.31977 0.300 0.780 0.200
v -14.35942 -11.29007 -2.69434 0.300 0.780 0.200
v -16.73564 -11.29007 -1.82946 0.300 0.780 0.200
v -19.26436 -11.29007 -1.82946 0.300 0.780 0.200
v -21.64058 -11.29007 -2.69434 0.300 0.780 0.200
v -23.57769 -11.29007 -4.31977 0.300 0.780 0.200
v -24.84205 -11.29007 -6.50970 0.300 0.780 0.200
v -25.28115 -11.29007 -9.00000 0.300 0.780 0.200
v -24.84205 -11.29007 -11.49030 0.300 0.780 0.200
v -23.57769 -11.29007 -13.68023 0.300 0.780 0.200
v -21.64058 -11.29007 -15.30566 0.300 0.780 0.200
v -19.26436 -11.29007 -16.17054 0.300 0.780 0.200
v -16.73564 -11.29007 -16.17054 0.300 0.780 0.200
v -14.35942 -11.29007 -15.30566 0.300 0.780 0.200
v -12.42231 -11.29007 -13.68023 0.300 0.780 0.200
v -11.15795 -11.29007 -11.49030 0.300 0.780 0.200
v -12.70993 -13.28115 -9.00000 0.300 0.780 0.200
v -13.02896 -13.28115 -7.19069 0.300 0.780 0.200
v -13.94757 -13.28115 -5.59961 0.300 0.780 0.200
v -15.35497 -13.28115 -4.41867 0.300 0.780 0.200
v -17.08139 -13.28115 -3.79030 0.300 0.780 0.200
v -18.91861 -13.28115 -3.79030 0.300 0.780 0.200
v -20.64503 -13.28115 -4.41867 0.300 0.780 0.200
v -22.05243 -13.28115 -5.59961 0.300 0.780 0.200
v -22.97104 -13.28115 -7.19069 0.300 0.780 0.200
v -23.29007 -13.28115 -9.00000 0.300 0.780 0.200
v -22.97104 -13.28115 -10.80931 0.300 0.780 0.200
v -22.05243 -13.28115 -12.40039 0.300 0.780 0.200
v -20.64503 -13.28115 -13.58133 0.300 0.780 0.200
v -18.91861 -13.28115 -14.20970 0.300 0.780 0.200
v -17.08139 -13.28115 -14.20970 0.300 0.780 0.200
v -15.35497 -13.28115 -13.58133 0.300 0.780 0.200
v -13.94757 -13.28115 -12.40039 0.300 0.780 0.200
v -13.02896 -13.28115 -10.80931 0.300 0.780 0.200
v -15.21885 -14.55951 -9.00000 0.300 0.780 0.200
v -15.38657 -14.55951 -8.04879 0.300 0.780 0.200
v -15.86951 -14.55951 -7.21231 0.300 0.780 0.200
v -16.60942 -14.55951 -6.59145 0.300 0.780 0.200
v -17.51706 -14.55951 -6.26110 0.300 0.780 0.200
v -18.48294 -14.55951 -6.26110 0.300 0.780 0.200
v -19.39058 -14.55951 -6.59145 0.300 0.780 0.200
v -20.13049 -14.55951 -7.21231 0.300 0.780 0.200
v -20.61343 -14.55951 -8.04879 0.300 0.780 0.200
v -20.78115 -14.55951 -9.00000 0.300 0.780 0.200
v -20.61343 -14.55951 -9.95121 0.300 0.780 0.200
v -20.13049 -14.55951 -10.78769 0.300 0.780 0.200
v -19.39058 -14.55951 -11.40855 0.300 0.780 0.200
v -18.48294 -14.55951 -11.73890 0.300 0.780 0.200
v -17.51706 -14.55951 -11.73890 0.300 0.780 0.200
v -16.60942 -14.55951 -11.40855 0.300 0.780 0.200
v -15.86951 -14.55951 -10.78769 0.300 0.780 0.200
v -15.38657 -14.55951 -9.95121 0.300 0.780 0.200
v -18.00000 -15.00000 -9.00000 0.300 0.780 0.200
v -18.00000 -15.00000 -9.00000 0.300 0.780 0.200
v -18.00000 -15.00000 -9.00000 0.300 0.780 0.200
v -18.00000 -15.00000 -9.00000 0.300 0.780 0.200
v -18.00000 -15.00000 -9.00000 0.300 0.780 0.200
v -18.00000 -15.00000 -9.00000 0.300 0.780 0.200
v -18.00000 -15.00000 -9.00000 0.300 0.780 0.200
v -18.00000 -15.00000 -9.00000 0.300 0.780 0.200
v -18.00000 -15.00000 -9.00000 0.300 0.780 0.200
v -18.00000 -15.00000 -9.00000 0.300 0.780 0.200
v -18.00000 -15.00000 -9.00000 0.300 0.780 0.200
v -18.00000 -15.00000 -9.00000 0.300 0.780 0.200
v -18.00000 -15.00000 -9.00000 0.300 0.780 0.200
v -18.00000 -15.00000 -9.00000 0.300 0.780 0.200
v -18.00000 -15.00000 -9.00000 0.300 0.780 0.200
v -18.00000 -15.00000 -9.00000 0.300 0.780 0.200
v -18.00000 -15.00000 -9.00000 0.300 0.780 0.200
v -18.00000 -15.00000 -9.00000 0.300 0.780 0.200
v 42.00000 10.50000 -9.00000 0.300 0.780 0.200
v 42.00000 10.50000 -9.00000 0.300 0.780 0.200
v 42.00000 10.50000 -9.00000 0.300 0.780 0.200
v 42.00000 10.50000 -9.00000 0.300 0.780 0.200
v 42.00000 10.50000 -9.00000 0.300 0.780 0.200
v 42.00000 10.50000 -9.00000 0.300 0.780 0.200
v 42.00000 10.50000 -9.00000 0.300 0.780 0.200
v 42.00000 10.50000 -9.00000 0.300 0.780 0.200
v 42.00000 10.50000 -9.00000 0.300 0.780 0.200
v 42.00000 10.50000 -9.00000 0.300 0.780 0.200
v 42.00000 10.50000 -9.00000 0.300 0.780 0.200
v 42.00000 10.50000 -9.00000 0.300 0.780 0.200
v 42.00000 10.50000 -9.00000 0.300 0.780 0.200
v 42.00000 10.50000 -9.00000 0.300 0.780 0.200
v 42.00000 10.50000 -9.00000 0.300 0.780 0.200
v 42.00000 10.50000 -9.00000 0.300 0.780 0.200
v 42.00000 10.50000 -9.00000 0.300 0.780 0.200
v 42.00000 10.50000 -9.00000 0.300 0.780 0.200
v 47.09878 9.69243 -9.00000 0.300 0.780 0.200
v 46.79129 9.69243 -7.25611 0.300 0.780 0.200
v 45.90589 9.69243 -5.72257 0.300 0.780 0.200
v 44.54939 9.69243 -4.58433 0.300 0.780 0.200
v 42.88539 9.69243 -3.97868 0.300 0.780 0.200
v 41.11461 9.69243 -3.97868 0.300 0.780 0.200
v 39.45061 9.69243 -4.58433 0.300 0.780 0.200
v 38.09411 9.69243 -5.72257 0.300 0.780 0.200
v 37.20871 9.69243 -7.25611 0.300 0.780 0.200
v 36.90122 9.69243 -9.00000 0.300 0.780 0.200
v 37.20871 9.69243 -10.74389 0.300 0.780 0.200
v 38.09411 9.69243 -12.27743 0.300 0.780 0.200
v 39.45061 9.69243 -13.41567 0.300 0.780 0.200
v 41.11461 9.69243 -14.02132 0.300 0.780 0.200
v 42.88539 9.69243 -14.02132 0.300 0.780 0.200
v 44.54939 9.69243 -13.41567 0.300 0.780 0.200
v 45.90589 9.69243 -12.27743 0.300 0.780 0.200
v 46.79129 9.69243 -10.74389 0.300 0.780 0.200
v 51.69846 7.34878 -9.00000 0.300 0.780 0.200
v 51.11357 7.34878 -5.68293 0.300 0.780 0.200
v 49.42945 7.34878 -2.76595 0.300 0.780 0.200
v 46.84923 7.34878 -0.60089 0.300 0.780 0.200
v 43.68412 7.34878 0.55112 0.300 0.780 0.200
v 40.31588 7.34878 0.55112 0.300 0.780 0.200
v 37.15077 7.34878 -0.60089 0.300 0.780 0.200
v 34.57055 7.34878 -2.76595 0.300 0.780 0.200
v 32.88643 7.34878 -5.68293 0.300 0.780 0.200
v 32.30154 7.34878 -9.00000 0.300 0.780 0.200
v 32.88643 7.34878 -12.31707 0.300 0.780 0.200
v 34.57055 7.34878 -15.23405 0.300 0.780 0.200
v 37.15077 7.34878 -17.39911 0.300 0.780 0.200
v 40.31588 7.34878 -18.55112 0.300 0.780 0.200
v 43.68412 7.34878 -18.55112 0.300 0.780 0.200
v 46.84923 7.34878 -17.39911 0.300 0.780 0.200
v 49.42945 7.34878 -15.23405 0.300 0.780 0.200
v 51.11357 7.34878 -12.31707 0.300 0.780 0.200
v 55.34878 3.69846 -9.00000 0.300 0.780 0.200
v 54.54375 3.69846 -4.43445 0.300 0.780 0.200
v 52.22576 3.69846 -0.41957 0.300 0.780 0.200
v 48.67439 3.69846 2.56038 0.300 0.780 0.200
v 44.31799 3.69846 4.14598 0.300 0.780 0.200
v 39.68201 3.69846 4.14598 0.300 0.780 0.200
v 35.32561 3.69846 2.56038 0.300 0.780 0.200
v 31.77424 3.69846 -0.41957 0.300 0.780 0.200
v 29.45625 3.69846 -4.43445 0.300 0.780 0.200
v 28.65122 3.69846 -9.00000 0.300 0.780 0.200
v 29.45625 3.69846 -13.56555 0.300 0.780 0.200
v 31.77424 3.69846 -17.58043 0.300 0.780 0.200
v 35.32561 3.69846 -20.56038 0.300 0.780 0.200
v 39.68201 3.69846 -22.14598 0.300 0.780 0.200
v 44.31799 3.69846 -22.14598 0.300 0.780 0.200
v 48.67439 3.69846 -20.56038 0.300 0.780 0.200
v 52.22576 3.69846 -17.58043 0.300 0.780 0.200
v 54.54375 3.69846 -13.56555 0.300 0.780 0.200
v 57.69243 -0.90122 -9.00000 0.300 0.780 0.200
v 56.74606 -0.90122 -3.63287 0.300 0.780 0.200
v 54.02110 -0.90122 1.08690 0.300 0.780 0.200
v 49.84622 -0.90122 4.59005 0.300 0.780 0.200
v 44.72496 -0.90122 6.45403 0.300 0.780 0.200
v 39.27504 -0.90122 6.45403 0.300 0.780 0.200
v 34.15378 -0.90122 4.59005 0.300 0.780 0.200
v 29.97890 -0.90122 1.08690 0.300 0.780 0.200
v 27.25394 -0.90122 -3.63287 0.300 0.780 0.200
v 26.30757 -0.90122 -9.00000 0.300 0.780 0.200
v 27.25394 -0.90122 -14.36713 0.300 0.780 0.200
v 29.97890 -0.90122 -19.08690 0.300 0.780 0.200
v 34.15378 -0.90122 -22.59005 0.300 0.780 0.200
v 39.27504 -0.90122 -24.45403 0.300 0.780 0.200
v 44.72496 -0.90122 -24.45403 0.300 0.780 0.200
v 49.84622 -0.90122 -22.59005 0.300 0.780 0.200
v 54.02110 -0.90122 -19.08690 0.300 0.780 0.200
v 56.74606 -0.90122 -14.36713 0.300 0.780 0.200
v 58.50000 -6.00000 -9.00000 0.300 0.780 0.200
v 57.50493 -6.00000 -3.35667 0.300 0.780 0.200
v 54.63973 -6.00000 1.60600 0.300 0.780 0.200
v 50.25000 -6.00000 5.28942 0.300 0.780 0.200
v 44.86519 -6.00000 7.24933 0.300 0.780 0.200
v 39.13481 -6.00000 7.24933 0.300 0.780 0.200
v 33.75000 -6.00000 5.28942 0.300 0.780 0.200
v 29.36027 -6.00000 1.60600 0.300 0.780 0.200
v 26.49507 -6.00000 -3.35667 0.300 0.780 0.200
v 25.50000 -6.00000 -9.00000 0.300 0.780 0.200
v 26.49507 -6.00000 -14.64333 0.300 0.780 0.200
v 29.36027 -6.00000 -19.60600 0.300 0.780 0.200
v 33.75000 -6.00000 -23.28942 0.300 0.780 0.200
v 39.13481 -6.00000 -25.24933 0.300 0.780 0.200
v 44.86519 -6.00000 -25.24933 0.300 0.780 0.200
v 50.25000 -6.00000 -23.28942 0.300 0.780 0.200
v 54.63973 -6.00000 -19.60600 0.300 0.780 0.200
v 57.50493 -6.00000 -14.64333 0.300 0.780 0.200
v 57.69243 -11.09878 -9.00000 0.300 0.780 0.200
v 56.74606 -11.09878 -3.63287 0.300 0.780 0.200
v 54.02110 -11.09878 1.08690 0.300 0.780 0.200
v 49.84622 -11.09878 4.59005 0.300 0.780 0.200
v 44.72496 -11.09878 6.45403 0.300 0.780 0.200
v 39.27504 -11.09878 6.45403 0.300 0.780 0.200
v 34.15378 -11.09878 4.59005 0.300 0.780 0.200
v 29.97890 -11.09878 1.08690 0.300 0.780 0.200
v 27.25394 -11.09878 -3.63287 0.300 0.780 0.200
v 26.30757 -11.09878 -9.00000 0.300 0.780 0.200
v 27.25394 -11.09878 -14.36713 0.300 0.780 0.200
v 29.97890 -11.09878 -19.08690 0.300 0.780 0.200
v 34.15378 -11.09878 -22.59005 0.300 0.780 0.200
v 39.27504 -11.09878 -24.45403 0.300 0.780 0.200
v 44.72496 -11.09878 -24.45403 0.300 0.780 0.200
v 49.84622 -11.09878 -22.59005 0.300 0.780 0.200
v 54.02110 -11.09878 -19.08690 0.300 0.780 0.200
v 56.74606 -11.09878 -14.36713 0.300 0.780 0.200
v 55.34878 -15.69846 -9.00000 0.300 0.780 0.200
v 54.54375 -15.69846 -4.43445 0.300 0.780 0.200
v 52.22576 -15.69846 -0.41957 0.300 0.780 0.200
v 48.67439 -15.69846 2.56038 0.300 0.780 0.200
v 44.31799 -15.69846 4.14598 0.300 0.780 0.200
v 39.68201 -15.69846 4.14598 0.300 0.780 0.200
v 35.32561 -15.69846 2.56038 0.300 0.780 0.200
v 31.77424 -15.69846 -0.41957 0.300 0.780 0.200
v 29.45625 -15.69846 -4.43445 0.300 0.780 0.200
v 28.65122 -15.69846 -9.00000 0.300 0.780 0.200
v 29.45625 -15.69846 -13.56555 0.300 0.780 0.200
v 31.77424 -15.69846 -17.58043 0.300 0.780 0.200
v 35.32561 -15.69846 -20.56038 0.300 0.780 0.200
v 39.68201 -15.69846 -22.14598 0.300 0.780 0.200
v 44.31799 -15.69846 -22.14598 0.300 0.780 0.200
v 48.67439 -15.69846 -20.56038 0.300 0.780 0.200
v 52.22576 -15.69846 -17.58043 0.300 0.780 0.200
v 54.54375 -15.69846 -13.56555 0.300 0.780 0.200
v 51.69846 -19.34878 -9.00000 0.300 0.780 0.200
v 51.11357 -19.34878 -5.68293 0.300 0.780 0.200
v 49.42945 -19.34878 -2.76595 0.300 0.780 0.200
v 46.84923 -19.34878 -0.60089 0.300 0.780 0.200
v 43.68412 -19.34878 0.55112 0.300 0.780 0.200
v 40.31588 -19.34878 0.55112 0.300 0.780 0.200
v 37.15077 -19.34878 -0.60089 0.300 0.780 0.200
v 34.57055 -19.34878 -2.76595 0.300 0.780 0.200
v 32.88643 -19.34878 -5.68293 0.300 0.780 0.200
v 32.30154 -19.34878 -9.00000 0.300 0.780 0.200
v 32.88643 -19.34878 -12.31707 0.300 0.780 0.200
v 34.57055 -19.34878 -15.23405 0.300 0.780 0.200
v 37.15077 -19.34878 -17.39911 0.300 0.780 0.200
v 40.31588 -19.34878 -18.55112 0.300 0.780 0.200
v 43.68412 -19.34878 -18.55112 0.300 0.780 0.200
v 46.84923 -19.34878 -17.39911 0.300 0.780 0.200
v 49.42945 -19.34878 -15.23405 0.300 0.780 0.200
v 51.11357 -19.34878 -12.31707 0.300 0.780 0.200
v 47.09878 -21.69243 -9.00000 0.300 0.780 0.200
v 46.79129 -21.69243 -7.25611 0.300 0.780 0.200
v 45.90589 -21.69243 -5.72257 0.300 0.780 0.200
v 44.54939 -21.69243 -4.58433 0.300 0.780 0.200
v 42.88539 -21.69243 -3.97868 0.300 0.780 0.200
v 41.11461 -21.69243 -3.97868 0.300 0.780 0.200
v 39.45061 -21.69243 -4.58433 0.300 0.780 0.200
v 38.09411 -21.69243 -5.72257 0.300 0.780 0.200
v 37.20871 -21.69243 -7.25611 0.300 0.780 0.200
v 36.90122 -21.69243 -9.00000 0.300 0.780 0.200
v 37.20871 -21.69243 -10.74389 0.300 0.780 0.200
v 38.09411 -21.69243 -12.27743 0.300 0.780 0.200
v 39.45061 -21.69243 -13.41567 0.300 0.780 0.200
v 41.11461 -21.69243 -14.02132 0.300 0.780 0.200
v 42.88539 -21.69243 -14.02132 0.300 0.780 0.200
v 44.54939 -21.69243 -13.41567 0.300 0.780 0.200
v 45.90589 -21.69243 -12.27743 0.300 0.780 0.200
v 46.79129 -21.69243 -10.74389 0.300 0.780 0.200
v 42.00000 -22.50000 -9.00000 0.300 0.780 0.200
v 42.00000 -22.50000 -9.00000 0.300 0.780 0.200
v 42.00000 -22.50000 -9.00000 0.300 0.780 0.200
v 42.00000 -22.50000 -9.00000 0.300 0.780 0.200
v 42.00000 -22.50000 -9.00000 0.300 0.780 0.200
v 42.00000 -22.50000 -9.00000 0.300 0.780 0.200
v 42.00000 -22.50000 -9.00000 0.300 0.780 0.200
v 42.00000 -22.50000 -9.00000 0.300 0.780 0.200
v 42.00000 -22.50000 -9.00000 0.300 0.780 0.200
v 42.00000 -22.50000 -9.00000 0.300 0.780 0.200
v 42.00000 -22.50000 -9.00000 0.300 0.780 0.200
v 42.00000 -22.50000 -9.00000 0.300 0.780 0.200
v 42.00000 -22.50000 -9.00000 0.300 0.780 0.200
v 42.00000 -22.50000 -9.00000 0.300 0.780 0.200
v 42.00000 -22.50000 -9.00000 0.300 0.780 0.200
v 42.00000 -22.50000 -9.00000 0.300 0.780 0.200
v 42.00000 -22.50000 -9.00000 0.300 0.780 0.200
v 42.00000 -22.50000 -9.00000 0.300 0.780 0.200
v 24.00000 2.40000 -9.00000 0.300 0.780 0.200
v 24.00000 2.40000 -9.00000 0.300 0.780 0.200
v 24.00000 2.40000 -9.00000 0.300 0.780 0.200
v 24.00000 2.40000 -9.00000 0.300 0.780 0.200
v 24.00000 2.40000 -9.00000 0.300 0.780 0.200
v 24.00000 2.40000 -9.00000 0.300 0.780 0.200
v 24.00000 2.40000 -9.00000 0.300 0.780 0.200
v 24.00000 2.40000 -9.00000 0.300 0.780 0.200
v 24.00000 2.40000 -9.00000 0.300 0.780 0.200
v 24.00000 2.40000 -9.00000 0.300 0.780 0.200
v 24.00000 2.40000 -9.00000 0.300 0.780 0.200
v 24.00000 2.40000 -9.00000 0.300 0.780 0.200
v 24.00000 2.40000 -9.00000 0.300 0.780 0.200
v 24.00000 2.40000 -9.00000 0.300 0.780 0.200
v 24.00000 2.40000 -9.00000 0.300 0.780 0.200
v 24.00000 2.40000 -9.00000 0.300 0.780 0.200
v 24.00000 2.40000 -9.00000 0.300 0.780 0.200
v 24.00000 2.40000 -9.00000 0.300 0.780 0.200
v 26.59574 1.98887 -9.00000 0.300 0.780 0.200
v 26.43920 1.98887 -8.11220 0.300 0.780 0.200
v 25.98845 1.98887 -7.33149 0.300 0.780 0.200
v 25.29787 1.98887 -6.75202 0.300 0.780 0.200
v 24.45075 1.98887 -6.44369 0.300 0.780 0.200
v 23.54925 1.98887 -6.44369 0.300 0.780 0.200
v 22.70213 1.98887 -6.75202 0.300 0.780 0.200
v 22.01155 1.98887 -7.33149 0.300 0.780 0.200
v 21.56080 1.98887 -8.11220 0.300 0.780 0.200
v 21.40426 1.98887 -9.00000 0.300 0.780 0.200
v 21.56080 1.98887 -9.88780 0.300 0.780 0.200
v 22.01155 1.98887 -10.66851 0.300 0.780 0.200
v 22.70213 1.98887 -11.24798 0.300 0.780 0.200
v 23.54925 1.98887 -11.55631 0.300 0.780 0.200
v 24.45075 1.98887 -11.55631 0.300 0.780 0.200
v 25.29787 1.98887 -11.24798 0.300 0.780 0.200
v 25.98845 1.98887 -10.66851 0.300 0.780 0.200
v 26.43920 1.98887 -9.88780 0.300 0.780 0.200
v 28.93740 0.79574 -9.00000 0.300 0.780 0.200
v 28.63963 0.79574 -7.31131 0.300 0.780 0.200
v 27.78226 0.79574 -5.82630 0.300 0.780 0.200
v 26.46870 0.79574 -4.72409 0.300 0.780 0.200
v 24.85737 0.79574 -4.13761 0.300 0.780 0.200
v 23.14263 0.79574 -4.13761 0.300 0.780 0.200
v 21.53130 0.79574 -4.72409 0.300 0.780 0.200
v 20.21774 0.79574 -5.82630 0.300 0.780 0.200
v 19.36037 0.79574 -7.31131 0.300 0.780 0.200
v 19.06260 0.79574 -9.00000 0.300 0.780 0.200
v 19.36037 0.79574 -10.68869 0.300 0.780 0.200
v 20.21774 0.79574 -12.17370 0.300 0.780 0.200
v 21.53130 0.79574 -13.27591 0.300 0.780 0.200
v 23.14263 0.79574 -13.86239 0.300 0.780 0.200
v 24.85737 0.79574 -13.86239 0.300 0.780 0.200
v 26.46870 0.79574 -13.27591 0.300 0.780 0.200
v 27.78226 0.79574 -12.17370 0.300 0.780 0.200
v 28.63963 0.79574 -10.68869 0.300 0.780 0.200
v 30.79574 -1.06260 -9.00000 0.300 0.780 0.200
v 30.38591 -1.06260 -6.67572 0.300 0.780 0.200
v 29.20584 -1.06260 -4.63178 0.300 0.780 0.200
v 27.39787 -1.06260 -3.11471 0.300 0.780 0.200
v 25.18007 -1.06260 -2.30750 0.300 0.780 0.200
v 22.81993 -1.06260 -2.30750 0.300 0.780 0.200
v 20.60213 -1.06260 -3.11471 0.300 0.780 0.200
v 18.79416 -1.06260 -4.63178 0.300 0.780 0.200
v 17.61409 -1.06260 -6.67572 0.300 0.780 0.200
v 17.20426 -1.06260 -9.00000 0.300 0.780 0.200
v 17.61409 -1.06260 -11.32428 0.300 0.780 0.200
v 18.79416 -1.06260 -13.36822 0.300 0.780 0.200
v 20.60213 -1.06260 -14.88529 0.300 0.780 0.200
v 22.81993 -1.06260 -15.69250 0.300 0.780 0.200
v 25.18007 -1.06260 -15.69250 0.300 0.780 0.200
v 27.39787 -1.06260 -14.88529 0.300 0.780 0.200
v 29.20584 -1.06260 -13.36822 0.300 0.780 0.200
v 30.38591 -1.06260 -11.32428 0.300 0.780 0.200
v 31.98887 -3.40426 -9.00000 0.300 0.780 0.200
v 31.50709 -3.40426 -6.26764 0.300 0.780 0.200
v 30.11983 -3.40426 -3.86485 0.300 0.780 0.200
v 27.99444 -3.40426 -2.08143 0.300 0.780 0.200
v 25.38725 -3.40426 -1.13249 0.300 0.780 0.200
v 22.61275 -3.40426 -1.13249 0.300 0.780 0.200
v 20.00556 -3.40426 -2.08143 0.300 0.780 0.200
v 17.88017 -3.40426 -3.86485 0.300 0.780 0.200
v 16.49291 -3.40426 -6.26764 0.300 0.780 0.200
v 16.01113 -3.40426 -9.00000 0.300 0.780 0.200
v 16.49291 -3.40426 -11.73236 0.300 0.780 0.200
v 17.88017 -3.40426 -14.13515 0.300 0.780 0.200
v 20.00556 -3.40426 -15.91857 0.300 0.780 0.200
v 22.61275 -3.40426 -16.86751 0.300 0.780 0.200
v 25.38725 -3.40426 -16.86751 0.300 0.780 0.200
v 27.99444 -3.40426 -15.91857 0.300 0.780 0.200
v 30.11983 -3.40426 -14.13515 0.300 0.780 0.200
v 31.50709 -3.40426 -11.73236 0.300 0.780 0.200
v 32.40000 -6.00000 -9.00000 0.300 0.780 0.200
v 31.89342 -6.00000 -6.12703 0.300 0.780 0.200
v 30.43477 -6.00000 -3.60058 0.300 0.780 0.200
v 28.20000 -6.00000 -1.72539 0.300 0.780 0.200
v 25.45864 -6.00000 -0.72761 0.300 0.780 0.200
v 22.54136 -6.00000 -0.72761 0.300 0.780 0.200
v 19.80000 -6.00000 -1.72539 0.300 0.780 0.200
v 17.56523 -6.00000 -3.60058 0.300 0.780 0.200
v 16.10658 -6.00000 -6.12703 0.300 0.780 0.200
v 15.60000 -6.00000 -9.00000 0.300 0.780 0.200
v 16.10658 -6.00000 -11.87297 0.300 0.780 0.200
v 17.56523 -6.00000 -14.39942 0.300 0.780 0.200
v 19.80000 -6.00000 -16.27461 0.300 0.780 0.200
v 22.54136 -6.00000 -17.27239 0.300 0.780 0.200
v 25.45864 -6.00000 -17.27239 0.300 0.780 0.200
v 28.20000 -6.00000 -16.27461 0.300 0.780 0.200
v 30.43477 -6.00000 -14.39942 0.300 0.780 0.200
v 31.89342 -6.00000 -11.87297 0.300 0.780 0.200
v 31.98887 -8.59574 -9.00000 0.300 0.780 0.200
v 31.50709 -8.59574 -6.26764 0.300 0.780 0.200
v 30.11983 -8.59574 -3.86485 0.300 0.780 0.200
v 27.99444 -8.59574 -2.08143 0.300 0.780 0.200
v 25.38725 -8.59574 -1.13249 0.300 0.780 0.200
v 22.61275 -8.59574 -1.13249 0.300 0.780 0.200
v 20.00556 -8.59574 -2.08143 0.300 0.780 0.200
v 17.88017 -8.59574 -3.86485 0.300 0.780 0.200
v 16.49291 -8.59574 -6.26764 0.300 0.780 0.200
v 16.01113 -8.59574 -9.00000 0.300 0.780 0.200
v 16.49291 -8.59574 -11.73236 0.300 0.780 0.200
v 17.88017 -8.59574 -14.13515 0.300 0.780 0.200
v 20.00556 -8.59574 -15.91857 0.300 0.780 0.200
v 22.61275 -8.59574 -16.86751 0.300 0.780 0.200
v 25.38725 -8.59574 -16.86751 0.300 0.780 0.200
v 27.99444 -8.59574 -15.91857 0.300 0.780 0.200
v 30.11983 -8.59574 -14.13515 0.300 0.780 0.200
v 31.50709 -8.59574 -11.73236 0.300 0.780 0.200
v 30.79574 -10.93740 -9.00000 0.300 0.780 0.200
v 30.38591 -10.93740 -6.67572 0.300 0.780 0.200
v 29.20584 -10.93740 -4.63178 0.300 0.780 0.200
v 27.39787 -10.93740 -3.11471 0.300 0.780 0.200
v 25.18007 -10.93740 -2.30750 0.300 0.780 0.200
v 22.81993 -10.93740 -2.30750 0.300 0.780 0.200
v 20.60213 -10.93740 -3.11471 0.300 0.780 0.200
v 18.79416 -10.93740 -4.63178 0.300 0.780 0.200
v 17.61409 -10.93740 -6.67572 0.300 0.780 0.200
v 17.20426 -10.93740 -9.00000 0.300 0.780 0.200
v 17.61409 -10.93740 -11.32428 0.300 0.780 0.200
v 18.79416 -10.93740 -13.36822 0.300 0.780 0.200
v 20.60213 -10.93740 -14.88529 0.300 0.780 0.200
v 22.81993 -10.93740 -15.69250 0.300 0.780 0.200
v 25.18007 -10.93740 -15.69250 0.300 0.780 0.200
v 27.39787 -10.93740 -14.88529 0.300 0.780 0.200
v 29.20584 -10.93740 -13.36822 0.300 0.780 0.200
v 30.38591 -10.93740 -11.32428 0.300 0.780 0.200
v 28.93740 -12.79574 -9.00000 0.300 0.780 0.200
v 28.63963 -12.79574 -7.31131 0.300 0.780 0.200
v 27.78226 -12.79574 -5.82630 0.300 0.780 0.200
v 26.46870 -12.79574 -4.72409 0.300 0.780 0.200
v 24.85737 -12.79574 -4.13761 0.300 0.780 0.200
v 23.14263 -12.79574 -4.13761 0.300 0.780 0.200
v 21.53130 -12.79574 -4.72409 0.300 0.780 0.200
v 20.21774 -12.79574 -5.82630 0.300 0.780 0.200
v 19.36037 -12.79574 -7.31131 0.300 0.780 0.200
v 19.06260 -12.79574 -9.00000 0.300 0.780 0.200
v 19.36037 -12.79574 -10.68869 0.300 0.780 0.200
v 20.21774 -12.79574 -12.17370 0.300 0.780 0.200
v 21.53130 -12.79574 -13.27591 0.300 0.780 0.200
v 23.14263 -12.79574 -13.86239 0.300 0.780 0.200
v 24.85737 -12.79574 -13.86239 0.300 0.780 0.200
v 26.46870 -12.79574 -13.27591 0.300 0.780 0.200
v 27.78226 -12.79574 -12.17370 0.300 0.780 0.200
v 28.63963 -12.79574 -10.68869 0.300 0.780 0.200
v 26.59574 -13.98887 -9.00000 0.300 0.780 0.200
v 26.43920 -13.98887 -8.11220 0.300 0.780 0.200
v 25.98845 -13.98887 -7.33149 0.300 0.780 0.200
v 25.29787 -13.98887 -6.75202 0.300 0.780 0.200
v 24.45075 -13.98887 -6.44369 0.300 0.780 0.200
v 23.54925 -13.98887 -6.44369 0.300 0.780 0.200
v 22.70213 -13.98887 -6.75202 0.300 0.780 0.200
v 22.01155 -13.98887 -7.33149 0.300 0.780 0.200
v 21.56080 -13.98887 -8.11220 0.300 0.780 0.200
v 21.40426 -13.98887 -9.00000 0.300 0.780 0.200
v 21.56080 -13.98887 -9.88780 0.300 0.780 0.200
v 22.01155 -13.98887 -10.66851 0.300 0.780 0.200
v 22.70213 -13.98887 -11.24798 0.300 0.780 0.200
v 23.54925 -13.98887 -11.55631 0.300 0.780 0.200
v 24.45075 -13.98887 -11.55631 0.300 0.780 0.200
v 25.29787 -13.98887 -11.24798 0.300 0.780 0.200
v 25.98845 -13.98887 -10.66851 0.300 0.780 0.200
v 26.43920 -13.98887 -9.88780 0.300 0.780 0.200
v 24.00000 -14.40000 -9.00000 0.300 0.780 0.200
v 24.00000 -14.40000 -9.00000 0.300 0.780 0.200
v 24.00000 -14.40000 -9.00000 0.300 0.780 0.200
v 24.00000 -14.40000 -9.00000 0.300 0.780 0.200
v 24.00000 -14.40000 -9.00000 0.300 0.780 0.200
v 24.00000 -14.40000 -9.00000 0.300 0.780 0.200
v 24.00000 -14.40000 -9.00000 0.300 0.780 0.200
v 24.00000 -14.40000 -9.00000 0.300 0.780 0.200
v 24.00000 -14.40000 -9.00000 0.300 0.780 0.200
v 24.00000 -14.40000 -9.00000 0.300 0.780 0.200
v 24.00000 -14.40000 -9.00000 0.300 0.780 0.200
v 24.00000 -14.40000 -9.00000 0.300 0.780 0.200
v 24.00000 -14.40000 -9.00000 0.300 0.780 0.200
v 24.00000 -14.40000 -9.00000 0.300 0.780 0.200
v 24.00000 -14.40000 -9.00000 0.300 0.780 0.200
v 24.00000 -14.40000 -9.00000 0.300 0.780 0.200
v 24.00000 -14.40000 -9.00000 0.300 0.780 0.200
v 24.00000 -14.40000 -9.00000 0.300 0.780 0.200
v -54.90000 -6.00000 -2.10000 0.420 0.240 0.060
v -53.10000 -6.00000 -2.10000 0.420 0.240 0.060
v -53.10000 4.50000 -2.10000 0.420 0.240 0.060
v -54.90000 4.50000 -2.10000 0.420 0.240 0.060
v -53.10000 -6.00000 -3.90000 0.420 0.240 0.060
v -54.90000 -6.00000 -3.90000 0.420 0.240 0.060
v -54.90000 4.50000 -3.90000 0.420 0.240 0.060
v -53.10000 4.50000 -3.90000 0.420 0.240 0.060
v -54.90000 4.50000 -2.10000 0.420 0.240 0.060
v -53.10000 4.50000 -2.10000 0.420 0.240 0.060
v -53.10000 4.50000 -3.90000 0.420 0.240 0.060
v -54.90000 4.50000 -3.90000 0.420 0.240 0.060
v -54.90000 -6.00000 -3.90000 0.420 0.240 0.060
v -53.10000 -6.00000 -3.90000 0.420 0.240 0.060
v -53.10000 -6.00000 -2.10000 0.420 0.240 0.060
v -54.90000 -6.00000 -2.10000 0.420 0.240 0.060
v -53.10000 -6.00000 -2.10000 0.420 0.240 0.060
v -53.10000 -6.00000 -3.90000 0.420 0.240 0.060
v -53.10000 4.50000 -3.90000 0.420 0.240 0.060
v -53.10000 4.50000 -2.10000 0.420 0.240 0.060
v -54.90000 -6.00000 -3.90000 0.420 0.240 0.060
v -54.90000 -6.00000 -2.10000 0.420 0.240 0.060
v -54.90000 4.50000 -2.10000 0.420 0.240 0.060
v -54.90000 4.50000 -3.90000 0.420 0.240 0.060
v -54.00000 10.80000 -3.00000 0.150 0.600 0.100
v -54.00000 10.80000 -3.00000 0.150 0.600 0.100
v -54.00000 10.80000 -3.00000 0.150 0.600 0.100
v -54.00000 10.80000 -3.00000 0.150 0.600 0.100
v -54.00000 10.80000 -3.00000 0.150 0.600 0.100
v -54.00000 10.80000 -3.00000 0.150 0.600 0.100
v -54.00000 10.80000 -3.00000 0.150 0.600 0.100
v -54.00000 10.80000 -3.00000 0.150 0.600 0.100
v -54.00000 10.80000 -3.00000 0.150 0.600 0.100
v -54.00000 10.80000 -3.00000 0.150 0.600 0.100
v -54.00000 10.80000 -3.00000 0.150 0.600 0.100
v -54.00000 10.80000 -3.00000 0.150 0.600 0.100
v -52.39273 10.48029 -3.00000 0.150 0.600 0.100
v -52.60806 10.48029 -2.19636 0.150 0.600 0.100
v -53.19636 10.48029 -1.60806 0.150 0.600 0.100
v -54.00000 10.48029 -1.39273 0.150 0.600 0.100
v -54.80364 10.48029 -1.60806 0.150 0.600 0.100
v -55.39194 10.48029 -2.19636 0.150 0.600 0.100
v -55.60727 10.48029 -3.00000 0.150 0.600 0.100
v -55.39194 10.48029 -3.80364 0.150 0.600 0.100
v -54.80364 10.48029 -4.39194 0.150 0.600 0.100
v -54.00000 10.48029 -4.60727 0.150 0.600 0.100
v -53.19636 10.48029 -4.39194 0.150 0.600 0.100
v -52.60806 10.48029 -3.80364 0.150 0.600 0.100
v -51.03015 9.56985 -3.00000 0.150 0.600 0.100
v -51.42804 9.56985 -1.51508 0.150 0.600 0.100
v -52.51508 9.56985 -0.42804 0.150 0.600 0.100
v -54.00000 9.56985 -0.03015 0.150 0.600 0.100
v -55.48492 9.56985 -0.42804 0.150 0.600 0.100
v -56.57196 9.56985 -1.51508 0.150 0.600 0.100
v -56.96985 9.56985 -3.00000 0.150 0.600 0.100
v -56.57196 9.56985 -4.48492 0.150 0.600 0.100
v -55.48492 9.56985 -5.57196 0.150 0.600 0.100
v -54.00000 9.56985 -5.96985 0.150 0.600 0.100
v -52.51508 9.56985 -5.57196 0.150 0.600 0.100
v -51.42804 9.56985 -4.48492 0.150 0.600 0.100
v -50.11971 8.20727 -3.00000 0.150 0.600 0.100
v -50.63957 8.20727 -1.05985 0.150 0.600 0.100
v -52.05985 8.20727 0.36043 0.150 0.600 0.100
v -54.00000 8.20727 0.88029 0.150 0.600 0.100
v -55.94015 8.20727 0.36043 0.150 0.600 0.100
v -57.36043 8.20727 -1.05985 0.150 0.600 0.100
v -57.88029 8.20727 -3.00000 0.150 0.600 0.100
v -57.36043 8.20727 -4.94015 0.150 0.600 0.100
v -55.94015 8.20727 -6.36043 0.150 0.600 0.100
v -54.00000 8.20727 -6.88029 0.150 0.600 0.100
v -52.05985 8.20727 -6.36043 0.150 0.600 0.100
v -50.63957 8.20727 -4.94015 0.150 0.600 0.100
v -49.80000 6.60000 -3.00000 0.150 0.600 0.100
v -50.36269 6.60000 -0.90000 0.150 0.600 0.100
v -51.90000 6.60000 0.63731 0.150 0.600 0.100
v -54.00000 6.60000 1.20000 0.150 0.600 0.100
v -56.10000 6.60000 0.63731 0.150 0.600 0.100
v -57.63731 6.60000 -0.90000 0.150 0.600 0.100
v -58.20000 6.60000 -3.00000 0.150 0.600 0.100
v -57.63731 6.60000 -5.10000 0.150 0.600 0.100
v -56.10000 6.60000 -6.63731 0.150 0.600 0.100
v -54.00000 6.60000 -7.20000 0.150 0.600 0.100
v -51.90000 6.60000 -6.63731 0.150 0.600 0.100
v -50.36269 6.60000 -5.10000 0.150 0.600 0.100
v -50.11971 4.99273 -3.00000 0.150 0.600 0.100
v -50.63957 4.99273 -1.05985 0.150 0.600 0.100
v -52.05985 4.99273 0.36043 0.150 0.600 0.100
v -54.00000 4.99273 0.88029 0.150 0.600 0.100
v -55.94015 4.99273 0.36043 0.150 0.600 0.100
v -57.36043 4.99273 -1.05985 0.150 0.600 0.100
v -57.88029 4.99273 -3.00000 0.150 0.600 0.100
v -57.36043 4.99273 -4.94015 0.150 0.600 0.100
v -55.94015 4.99273 -6.36043 0.150 0.600 0.100
v -54.00000 4.99273 -6.88029 0.150 0.600 0.100
v -52.05985 4.99273 -6.36043 0.150 0.600 0.100
v -50.63957 4.99273 -4.94015 0.150 0.600 0.100
v -51.03015 3.63015 -3.00000 0.150 0.600 0.100
v -51.42804 3.63015 -1.51508 0.150 0.600 0.100
v -52.51508 3.63015 -0.42804 0.150 0.600 0.100
v -54.00000 3.63015 -0.03015 0.150 0.600 0.100
v -55.48492 3.63015 -0.42804 0.150 0.600 0.100
v -56.57196 3.63015 -1.51508 0.150 0.600 0.100
v -56.96985 3.63015 -3.00000 0.150 0.600 0.100
v -56.57196 3.63015 -4.48492 0.150 0.600 0.100
v -55.48492 3.63015 -5.57196 0.150 0.600 0.100
v -54.00000 3.63015 -5.96985 0.150 0.600 0.100
v -52.51508 3.63015 -5.57196 0.150 0.600 0.100
v -51.42804 3.63015 -4.48492 0.150 0.600 0.100
v -52.39273 2.71971 -3.00000 0.150 0.600 0.100
v -52.60806 2.71971 -2.19636 0.150 0.600 0.100
v -53.19636 2.71971 -1.60806 0.150 0.600 0.100
v -54.00000 2.71971 -1.39273 0.150 0.600 0.100
v -54.80364 2.71971 -1.60806 0.150 0.600 0.100
v -55.39194 2.71971 -2.19636 0.150 0.600 0.100
v -55.60727 2.71971 -3.00000 0.150 0.600 0.100
v -55.39194 2.71971 -3.80364 0.150 0.600 0.100
v -54.80364 2.71971 -4.39194 0.150 0.600 0.100
v -54.00000 2.71971 -4.60727 0.150 0.600 0.100
v -53.19636 2.71971 -4.39194 0.150 0.600 0.100
v -52.60806 2.71971 -3.80364 0.150 0.600 0.100
v -54.00000 2.40000 -3.00000 0.150 0.600 0.100
v -54.00000 2.40000 -3.00000 0.150 0.600 0.100
v -54.00000 2.40000 -3.00000 0.150 0.600 0.100
v -54.00000 2.40000 -3.00000 0.150 0.600 0.100
v -54.00000 2.40000 -3.00000 0.150 0.600 0.100
v -54.00000 2.40000 -3.00000 0.150 0.600 0.100
v -54.00000 2.40000 -3.00000 0.150 0.600 0.100
v -54.00000 2.40000 -3.00000 0.150 0.600 0.100
v -54.00000 2.40000 -3.00000 0.150 0.600 0.100
v -54.00000 2.40000 -3.00000 0.150 0.600 0.100
v -54.00000 2.40000 -3.00000 0.150 0.600 0.100
v -54.00000 2.40000 -3.00000 0.150 0.600 0.100
v -54.00000 12.90000 -3.00000 0.150 0.650 0.100
v -54.00000 12.90000 -3.00000 0.150 0.650 0.100
v -54.00000 12.90000 -3.00000 0.150 0.650 0.100
v -54.00000 12.90000 -3.00000 0.150 0.650 0.100
v -54.00000 12.90000 -3.00000 0.150 0.650 0.100
v -54.00000 12.90000 -3.00000 0.150 0.650 0.100
v -54.00000 12.90000 -3.00000 0.150 0.650 0.100
v -54.00000 12.90000 -3.00000 0.150 0.650 0.100
v -54.00000 12.90000 -3.00000 0.150 0.650 0.100
v -54.00000 12.90000 -3.00000 0.150 0.650 0.100
v -54.00000 12.90000 -3.00000 0.150 0.650 0.100
v -54.00000 12.90000 -3.00000 0.150 0.650 0.100
v -52.73714 12.64880 -3.00000 0.150 0.650 0.100
v -52.90634 12.64880 -2.36857 0.150 0.650 0.100
v -53.36857 12.64880 -1.90634 0.150 0.650 0.100
v -54.00000 12.64880 -1.73714 0.150 0.650 0.100
v -54.63143 12.64880 -1.90634 0.150 0.650 0.100
v -55.09366 12.64880 -2.36857 0.150 0.650 0.100
v -55.26286 12.64880 -3.00000 0.150 0.650 0.100
v -55.09366 12.64880 -3.63143 0.150 0.650 0.100
v -54.63143 12.64880 -4.09366 0.150 0.650 0.100
v -54.00000 12.64880 -4.26286 0.150 0.650 0.100
v -53.36857 12.64880 -4.09366 0.150 0.650 0.100
v -52.90634 12.64880 -3.63143 0.150 0.650 0.100
v -51.66655 11.93345 -3.00000 0.150 0.650 0.100
v -51.97917 11.93345 -1.83327 0.150 0.650 0.100
v -52.83327 11.93345 -0.97917 0.150 0.650 0.100
v -54.00000 11.93345 -0.66655 0.150 0.650 0.100
v -55.16673 11.93345 -0.97917 0.150 0.650 0.100
v -56.02083 11.93345 -1.83327 0.150 0.650 0.100
v -56.33345 11.93345 -3.00000 0.150 0.650 0.100
v -56.02083 11.93345 -4.16673 0.150 0.650 0.100
v -55.16673 11.93345 -5.02083 0.150 0.650 0.100
v -54.00000 11.93345 -5.33345 0.150 0.650 0.100
v -52.83327 11.93345 -5.02083 0.150 0.650 0.100
v -51.97917 11.93345 -4.16673 0.150 0.650 0.100
v -50.95120 10.86286 -3.00000 0.150 0.650 0.100
v -51.35966 10.86286 -1.47560 0.150 0.650 0.100
v -52.47560 10.86286 -0.35966 0.150 0.650 0.100
v -54.00000 10.86286 0.04880 0.150 0.650 0.100
v -55.52440 10.86286 -0.35966 0.150 0.650 0.100
v -56.64034 10.86286 -1.47560 0.150 0.650 0.100
v -57.04880 10.86286 -3.00000 0.150 0.650 0.100
v -56.64034 10.86286 -4.52440 0.150 0.650 0.100
v -55.52440 10.86286 -5.64034 0.150 0.650 0.100
v -54.00000 10.86286 -6.04880 0.150 0.650 0.100
v -52.47560 10.86286 -5.64034 0.150 0.650 0.100
v -51.35966 10.86286 -4.52440 0.150 0.650 0.100
v -50.70000 9.60000 -3.00000 0.150 0.650 0.100
v -51.14212 9.60000 -1.35000 0.150 0.650 0.100
v -52.35000 9.60000 -0.14212 0.150 0.650 0.100
v -54.00000 9.60000 0.30000 0.150 0.650 0.100
v -55.65000 9.60000 -0.14212 0.150 0.650 0.100
v -56.85788 9.60000 -1.35000 0.150 0.650 0.100
v -57.30000 9.60000 -3.00000 0.150 0.650 0.100
v -56.85788 9.60000 -4.65000 0.150 0.650 0.100
v -55.65000 9.60000 -5.85788 0.150 0.650 0.100
v -54.00000 9.60000 -6.30000 0.150 0.650 0.100
v -52.35000 9.60000 -5.85788 0.150 0.650 0.100
v -51.14212 9.60000 -4.65000 0.150 0.650 0.100
v -50.95120 8.33714 -3.00000 0.150 0.650 0.100
v -51.35966 8.33714 -1.47560 0.150 0.650 0.100
v -52.47560 8.33714 -0.35966 0.150 0.650 0.100
v -54.00000 8.33714 0.04880 0.150 0.650 0.100
v -55.52440 8.33714 -0.35966 0.150 0.650 0.100
v -56.64034 8.33714 -1.47560 0.150 0.650 0.100
v -57.04880 8.33714 -3.00000 0.150 0.650 0.100
v -56.64034 8.33714 -4.52440 0.150 0.650 0.100
v -55.52440 8.33714 -5.64034 0.150 0.650 0.100
v -54.00000 8.33714 -6.04880 0.150 0.650 0.100
v -52.47560 8.33714 -5.64034 0.150 0.650 0.100
v -51.35966 8.33714 -4.52440 0.150 0.650 0.100
v -51.66655 7.26655 -3.00000 0.150 0.650 0.100
v -51.97917 7.26655 -1.83327 0.150 0.650 0.100
v -52.83327 7.26655 -0.97917 0.150 0.650 0.100
v -54.00000 7.26655 -0.66655 0.150 0.650 0.100
v -55.16673 7.26655 -0.97917 0.150 0.650 0.100
v -56.02083 7.26655 -1.83327 0.150 0.650 0.100
v -56.33345 7.26655 -3.00000 0.150 0.650 0.100
v -56.02083 7.26655 -4.16673 0.150 0.650 0.100
v -55.16673 7.26655 -5.02083 0.150 0.650 0.100
v -54.00000 7.26655 -5.33345 0.150 0.650 0.100
v -52.83327 7.26655 -5.02083 0.150 0.650 0.100
v -51.97917 7.26655 -4.16673 0.150 0.650 0.100
v -52.73714 6.55120 -3.00000 0.150 0.650 0.100
v -52.90634 6.55120 -2.36857 0.150 0.650 0.100
v -53.36857 6.55120 -1.90634 0.150 0.650 0.100
v -54.00000 6.55120 -1.73714 0.150 0.650 0.100
v -54.63143 6.55120 -1.90634 0.150 0.650 0.100
v -55.09366 6.55120 -2.36857 0.150 0.650 0.100
v -55.26286 6.55120 -3.00000 0.150 0.650 0.100
v -55.09366 6.55120 -3.63143 0.150 0.650 0.100
v -54.63143 6.55120 -4.09366 0.150 0.650 0.100
v -54.00000 6.55120 -4.26286 0.150 0.650 0.100
v -53.36857 6.55120 -4.09366 0.150 0.650 0.100
v -52.90634 6.55120 -3.63143 0.150 0.650 0.100
v -54.00000 6.30000 -3.00000 0.150 0.650 0.100
v -54.00000 6.30000 -3.00000 0.150 0.650 0.100
v -54.00000 6.30000 -3.00000 0.150 0.650 0.100
v -54.00000 6.30000 -3.00000 0.150 0.650 0.100
v -54.00000 6.30000 -3.00000 0.150 0.650 0.100
v -54.00000 6.30000 -3.00000 0.150 0.650 0.100
v -54.00000 6.30000 -3.00000 0.150 0.650 0.100
v -54.00000 6.30000 -3.00000 0.150 0.650 0.100
v -54.00000 6.30000 -3.00000 0.150 0.650 0.100
v -54.00000 6.30000 -3.00000 0.150 0.650 0.100
v -54.00000 6.30000 -3.00000 0.150 0.650 0.100
v -54.00000 6.30000 -3.00000 0.150 0.650 0.100
v -54.00000 14.10000 -3.00000 0.180 0.700 0.120
v -54.00000 14.10000 -3.00000 0.180 0.700 0.120
v -54.00000 14.10000 -3.00000 0.180 0.700 0.120
v -54.00000 14.10000 -3.00000 0.180 0.700 0.120
v -54.00000 14.10000 -3.00000 0.180 0.700 0.120
v -54.00000 14.10000 -3.00000 0.180 0.700 0.120
v -54.00000 14.10000 -3.00000 0.180 0.700 0.120
v -54.00000 14.10000 -3.00000 0.180 0.700 0.120
v -54.00000 14.10000 -3.00000 0.180 0.700 0.120
v -54.00000 14.10000 -3.00000 0.180 0.700 0.120
v -52.95000 13.81865 -3.00000 0.180 0.700 0.120
v -53.15053 13.81865 -2.38283 0.180 0.700 0.120
v -53.67553 13.81865 -2.00139 0.180 0.700 0.120
v -54.32447 13.81865 -2.00139 0.180 0.700 0.120
v -54.84947 13.81865 -2.38283 0.180 0.700 0.120
v -55.05000 13.81865 -3.00000 0.180 0.700 0.120
v -54.84947 13.81865 -3.61717 0.180 0.700 0.120
v -54.32447 13.81865 -3.99861 0.180 0.700 0.120
v -53.67553 13.81865 -3.99861 0.180 0.700 0.120
v -53.15053 13.81865 -3.61717 0.180 0.700 0.120
v -52.18135 13.05000 -3.00000 0.180 0.700 0.120
v -52.52868 13.05000 -1.93102 0.180 0.700 0.120
v -53.43801 13.05000 -1.27036 0.180 0.700 0.120
v -54.56199 13.05000 -1.27036 0.180 0.700 0.120
v -55.47132 13.05000 -1.93102 0.180 0.700 0.120
v -55.81865 13.05000 -3.00000 0.180 0.700 0.120
v -55.47132 13.05000 -4.06898 0.180 0.700 0.120
v -54.56199 13.05000 -4.72964 0.180 0.700 0.120
v -53.43801 13.05000 -4.72964 0.180 0.700 0.120
v -52.52868 13.05000 -4.06898 0.180 0.700 0.120
v -51.90000 12.00000 -3.00000 0.180 0.700 0.120
v -52.30106 12.00000 -1.76565 0.180 0.700 0.120
v -53.35106 12.00000 -1.00278 0.180 0.700 0.120
v -54.64894 12.00000 -1.00278 0.180 0.700 0.120
v -55.69894 12.00000 -1.76565 0.180 0.700 0.120
v -56.10000 12.00000 -3.00000 0.180 0.700 0.120
v -55.69894 12.00000 -4.23435 0.180 0.700 0.120
v -54.64894 12.00000 -4.99722 0.180 0.700 0.120
v -53.35106 12.00000 -4.99722 0.180 0.700 0.120
v -52.30106 12.00000 -4.23435 0.180 0.700 0.120
v -52.18135 10.95000 -3.00000 0.180 0.700 0.120
v -52.52868 10.95000 -1.93102 0.180 0.700 0.120
v -53.43801 10.95000 -1.27036 0.180 0.700 0.120
v -54.56199 10.95000 -1.27036 0.180 0.700 0.120
v -55.47132 10.95000 -1.93102 0.180 0.700 0.120
v -55.81865 10.95000 -3.00000 0.180 0.700 0.120
v -55.47132 10.95000 -4.06898 0.180 0.700 0.120
v -54.56199 10.95000 -4.72964 0.180 0.700 0.120
v -53.43801 10.95000 -4.72964 0.180 0.700 0.120
v -52.52868 10.95000 -4.06898 0.180 0.700 0.120
v -52.95000 10.18135 -3.00000 0.180 0.700 0.120
v -53.15053 10.18135 -2.38283 0.180 0.700 0.120
v -53.67553 10.18135 -2.00139 0.180 0.700 0.120
v -54.32447 10.18135 -2.00139 0.180 0.700 0.120
v -54.84947 10.18135 -2.38283 0.180 0.700 0.120
v -55.05000 10.18135 -3.00000 0.180 0.700 0.120
v -54.84947 10.18135 -3.61717 0.180 0.700 0.120
v -54.32447 10.18135 -3.99861 0.180 0.700 0.120
v -53.67553 10.18135 -3.99861 0.180 0.700 0.120
v -53.15053 10.18135 -3.61717 0.180 0.700 0.120
v -54.00000 9.90000 -3.00000 0.180 0.700 0.120
v -54.00000 9.90000 -3.00000 0.180 0.700 0.120
v -54.00000 9.90000 -3.00000 0.180 0.700 0.120
v -54.00000 9.90000 -3.00000 0.180 0.700 0.120
v -54.00000 9.90000 -3.00000 0.180 0.700 0.120
v -54.00000 9.90000 -3.00000 0.180 0.700 0.120
v -54.00000 9.90000 -3.00000 0.180 0.700 0.120
v -54.00000 9.90000 -3.00000 0.180 0.700 0.120
v -54.00000 9.90000 -3.00000 0.180 0.700 0.120
v -54.00000 9.90000 -3.00000 0.180 0.700 0.120
v -42.90000 -6.00000 -9.60000 0.420 0.240 0.060
v -41.10000 -6.00000 -9.60000 0.420 0.240 0.060
v -41.10000 4.50000 -9.60000 0.420 0.240 0.060
v -42.90000 4.50000 -9.60000 0.420 0.240 0.060
v -41.10000 -6.00000 -11.40000 0.420 0.240 0.060
v -42.90000 -6.00000 -11.40000 0.420 0.240 0.060
v -42.90000 4.50000 -11.40000 0.420 0.240 0.060
v -41.10000 4.50000 -11.40000 0.420 0.240 0.060
v -42.90000 4.50000 -9.60000 0.420 0.240 0.060
v -41.10000 4.50000 -9.60000 0.420 0.240 0.060
v -41.10000 4.50000 -11.40000 0.420 0.240 0.060
v -42.90000 4.50000 -11.40000 0.420 0.240 0.060
v -42.90000 -6.00000 -11.40000 0.420 0.240 0.060
v -41.10000 -6.00000 -11.40000 0.420 0.240 0.060
v -41.10000 -6.00000 -9.60000 0.420 0.240 0.060
v -42.90000 -6.00000 -9.60000 0.420 0.240 0.060
v -41.10000 -6.00000 -9.60000 0.420 0.240 0.060
v -41.10000 -6.00000 -11.40000 0.420 0.240 0.060
v -41.10000 4.50000 -11.40000 0.420 0.240 0.060
v -41.10000 4.50000 -9.60000 0.420 0.240 0.060
v -42.90000 -6.00000 -11.40000 0.420 0.240 0.060
v -42.90000 -6.00000 -9.60000 0.420 0.240 0.060
v -42.90000 4.50000 -9.60000 0.420 0.240 0.060
v -42.90000 4.50000 -11.40000 0.420 0.240 0.060
v -42.00000 10.80000 -10.50000 0.150 0.600 0.100
v -42.00000 10.80000 -10.50000 0.150 0.600 0.100
v -42.00000 10.80000 -10.50000 0.150 0.600 0.100
v -42.00000 10.80000 -10.50000 0.150 0.600 0.100
v -42.00000 10.80000 -10.50000 0.150 0.600 0.100
v -42.00000 10.80000 -10.50000 0.150 0.600 0.100
v -42.00000 10.80000 -10.50000 0.150 0.600 0.100
v -42.00000 10.80000 -10.50000 0.150 0.600 0.100
v -42.00000 10.80000 -10.50000 0.150 0.600 0.100
v -42.00000 10.80000 -10.50000 0.150 0.600 0.100
v -42.00000 10.80000 -10.50000 0.150 0.600 0.100
v -42.00000 10.80000 -10.50000 0.150 0.600 0.100
v -40.39273 10.48029 -10.50000 0.150 0.600 0.100
v -40.60806 10.48029 -9.69636 0.150 0.600 0.100
v -41.19636 10.48029 -9.10806 0.150 0.600 0.100
v -42.00000 10.48029 -8.89273 0.150 0.600 0.100
v -42.80364 10.48029 -9.10806 0.150 0.600 0.100
v -43.39194 10.48029 -9.69636 0.150 0.600 0.100
v -43.60727 10.48029 -10.50000 0.150 0.600 0.100
v -43.39194 10.48029 -11.30364 0.150 0.600 0.100
v -42.80364 10.48029 -11.89194 0.150 0.600 0.100
v -42.00000 10.48029 -12.10727 0.150 0.600 0.100
v -41.19636 10.48029 -11.89194 0.150 0.600 0.100
v -40.60806 10.48029 -11.30364 0.150 0.600 0.100
v -39.03015 9.56985 -10.50000 0.150 0.600 0.100
v -39.42804 9.56985 -9.01508 0.150 0.600 0.100
v -40.51508 9.56985 -7.92804 0.150 0.600 0.100
v -42.00000 9.56985 -7.53015 0.150 0.600 0.100
v -43.48492 9.56985 -7.92804 0.150 0.600 0.100
v -44.57196 9.56985 -9.01508 0.150 0.600 0.100
v -44.96985 9.56985 -10.50000 0.150 0.600 0.100
v -44.57196 9.56985 -11.98492 0.150 0.600 0.100
v -43.48492 9.56985 -13.07196 0.150 0.600 0.100
v -42.00000 9.56985 -13.46985 0.150 0.600 0.100
v -40.51508 9.56985 -13.07196 0.150 0.600 0.100
v -39.42804 9.56985 -11.98492 0.150 0.600 0.100
v -38.11971 8.20727 -10.50000 0.150 0.600 0.100
v -38.63957 8.20727 -8.55985 0.150 0.600 0.100
v -40.05985 8.20727 -7.13957 0.150 0.600 0.100
v -42.00000 8.20727 -6.61971 0.150 0.600 0.100
v -43.94015 8.20727 -7.13957 0.150 0.600 0.100
v -45.36043 8.20727 -8.55985 0.150 0.600 0.100
v -45.88029 8.20727 -10.50000 0.150 0.600 0.100
v -45.36043 8.20727 -12.44015 0.150 0.600 0.100
v -43.94015 8.20727 -13.86043 0.150 0.600 0.100
v -42.00000 8.20727 -14.38029 0.150 0.600 0.100
v -40.05985 8.20727 -13.86043 0.150 0.600 0.100
v -38.63957 8.20727 -12.44015 0.150 0.600 0.100
v -37.80000 6.60000 -10.50000 0.150 0.600 0.100
v -38.36269 6.60000 -8.40000 0.150 0.600 0.100
v -39.90000 6.60000 -6.86269 0.150 0.600 0.100
v -42.00000 6.60000 -6.30000 0.150 0.600 0.100
v -44.10000 6.60000 -6.86269 0.150 0.600 0.100
v -45.63731 6.60000 -8.40000 0.150 0.600 0.100
v -46.20000 6.60000 -10.50000 0.150 0.600 0.100
v -45.63731 6.60000 -12.60000 0.150 0.600 0.100
v -44.10000 6.60000 -14.13731 0.150 0.600 0.100
v -42.00000 6.60000 -14.70000 0.150 0.600 0.100
v -39.90000 6.60000 -14.13731 0.150 0.600 0.100
v -38.36269 6.60000 -12.60000 0.150 0.600 0.100
v -38.11971 4.99273 -10.50000 0.150 0.600 0.100
v -38.63957 4.99273 -8.55985 0.150 0.600 0.100
v -40.05985 4.99273 -7.13957 0.150 0.600 0.100
v -42.00000 4.99273 -6.61971 0.150 0.600 0.100
v -43.94015 4.99273 -7.13957 0.150 0.600 0.100
v -45.36043 4.99273 -8.55985 0.150 0.600 0.100
v -45.88029 4.99273 -10.50000 0.150 0.600 0.100
v -45.36043 4.99273 -12.44015 0.150 0.600 0.100
v -43.94015 4.99273 -13.86043 0.150 0.600 0.100
v -42.00000 4.99273 -14.38029 0.150 0.600 0.100
v -40.05985 4.99273 -13.86043 0.150 0.600 0.100
v -38.63957 4.99273 -12.44015 0.150 0.600 0.100
v -39.03015 3.63015 -10.50000 0.150 0.600 0.100
v -39.42804 3.63015 -9.01508 0.150 0.600 0.100
v -40.51508 3.63015 -7.92804 0.150 0.600 0.100
v -42.00000 3.63015 -7.53015 0.150 0.600 0.100
v -43.48492 3.63015 -7.92804 0.150 0.600 0.100
v -44.57196 3.63015 -9.01508 0.150 0.600 0.100
v -44.96985 3.63015 -10.50000 0.150 0.600 0.100
v -44.57196 3.63015 -11.98492 0.150 0.600 0.100
v -43.48492 3.63015 -13.07196 0.150 0.600 0.100
v -42.00000 3.63015 -13.46985 0.150 0.600 0.100
v -40.51508 3.63015 -13.07196 0.150 0.600 0.100
v -39.42804 3.63015 -11.98492 0.150 0.600 0.100
v -40.39273 2.71971 -10.50000 0.150 0.600 0.100
v -40.60806 2.71971 -9.69636 0.150 0.600 0.100
v -41.19636 2.71971 -9.10806 0.150 0.600 0.100
v -42.00000 2.71971 -8.89273 0.150 0.600 0.100
v -42.80364 2.71971 -9.10806 0.150 0.600 0.100
v -43.39194 2.71971 -9.69636 0.150 0.600 0.100
v -43.60727 2.71971 -10.50000 0.150 0.600 0.100
v -43.39194 2.71971 -11.30364 0.150 0.600 0.100
v -42.80364 2.71971 -11.89194 0.150 0.600 0.100
v -42.00000 2.71971 -12.10727 0.150 0.600 0.100
v -41.19636 2.71971 -11.89194 0.150 0.600 0.100
v -40.60806 2.71971 -11.30364 0.150 0.600 0.100
v -42.00000 2.40000 -10.50000 0.150 0.600 0.100
v -42.00000 2.40000 -10.50000 0.150 0.600 0.100
v -42.00000 2.40000 -10.50000 0.150 0.600 0.100
v -42.00000 2.40000 -10.50000 0.150 0.600 0.100
v -42.00000 2.40000 -10.50000 0.150 0.600 0.100
v -42.00000 2.40000 -10.50000 0.150 0.600 0.100
v -42.00000 2.40000 -10.50000 0.150 0.600 0.100
v -42.00000 2.40000 -10.50000 0.150 0.600 0.100
v -42.00000 2.40000 -10.50000 0.150 0.600 0.100
v -42.00000 2.40000 -10.50000 0.150 0.600 0.100
v -42.00000 2.40000 -10.50000 0.150 0.600 0.100
v -42.00000 2.40000 -10.50000 0.150 0.600 0.100
v -42.00000 12.90000 -10.50000 0.150 0.650 0.100
v -42.00000 12.90000 -10.50000 0.150 0.650 0.100
v -42.00000 12.90000 -10.50000 0.150 0.650 0.100
v -42.00000 12.90000 -10.50000 0.150 0.650 0.100
v -42.00000 12.90000 -10.50000 0.150 0.650 0.100
v -42.00000 12.90000 -10.50000 0.150 0.650 0.100
v -42.00000 12.90000 -10.50000 0.150 0.650 0.100
v -42.00000 12.90000 -10.50000 0.150 0.650 0.100
v -42.00000 12.90000 -10.50000 0.150 0.650 0.100
v -42.00000 12.90000 -10.50000 0.150 0.650 0.100
v -42.00000 12.90000 -10.50000 0.150 0.650 0.100
v -42.00000 12.90000 -10.50000 0.150 0.650 0.100
v -40.73714 12.64880 -10.50000 0.150 0.650 0.100
v -40.90634 12.64880 -9.86857 0.150 0.650 0.100
v -41.36857 12.64880 -9.40634 0.150 0.650 0.100
v -42.00000 12.64880 -9.23714 0.150 0.650 0.100
v -42.63143 12.64880 -9.40634 0.150 0.650 0.100
v -43.09366 12.64880 -9.86857 0.150 0.650 0.100
v -43.26286 12.64880 -10.50000 0.150 0.650 0.100
v -43.09366 12.64880 -11.13143 0.150 0.650 0.100
v -42.63143 12.64880 -11.59366 0.150 0.650 0.100
v -42.00000 12.64880 -11.76286 0.150 0.650 0.100
v -41.36857 12.64880 -11.59366 0.150 0.650 0.100
v -40.90634 12.64880 -11.13143 0.150 0.650 0.100
v -39.66655 11.93345 -10.50000 0.150 0.650 0.100
v -39.97917 11.93345 -9.33327 0.150 0.650 0.100
v -40.83327 11.93345 -8.47917 0.150 0.650 0.100
v -42.00000 11.93345 -8.16655 0.150 0.650 0.100
v -43.16673 11.93345 -8.47917 0.150 0.650 0.100
v -44.02083 11.93345 -9.33327 0.150 0.650 0.100
v -44.33345 11.93345 -10.50000 0.150 0.650 0.100
v -44.02083 11.93345 -11.66673 0.150 0.650 0.100
v -43.16673 11.93345 -12.52083 0.150 0.650 0.100
v -42.00000 11.93345 -12.83345 0.150 0.650 0.100
v -40.83327 11.93345 -12.52083 0.150 0.650 0.100
v -39.97917 11.93345 -11.66673 0.150 0.650 0.100
v -38.95120 10.86286 -10.50000 0.150 0.650 0.100
v -39.35966 10.86286 -8.97560 0.150 0.650 0.100
v -40.47560 10.86286 -7.85966 0.150 0.650 0.100
v -42.00000 10.86286 -7.45120 0.150 0.650 0.100
v -43.52440 10.86286 -7.85966 0.150 0.650 0.100
v -44.64034 10.86286 -8.97560 0.150 0.650 0.100
v -45.04880 10.86286 -10.50000 0.150 0.650 0.100
v -44.64034 10.86286 -12.02440 0.150 0.650 0.100
v -43.52440 10.86286 -13.14034 0.150 0.650 0.100
v -42.00000 10.86286 -13.54880 0.150 0.650 0.100
v -40.47560 10.86286 -13.14034 0.150 0.650 0.100
v -39.35966 10.86286 -12.02440 0.150 0.650 0.100
v -38.70000 9.60000 -10.50000 0.150 0.650 0.100
v -39.14212 9.60000 -8.85000 0.150 0.650 0.100
v -40.35000 9.60000 -7.64212 0.150 0.650 0.100
v -42.00000 9.60000 -7.20000 0.150 0.650 0.100
v -43.65000 9.60000 -7.64212 0.150 0.650 0.100
v -44.85788 9.60000 -8.85000 0.150 0.650 0.100
v -45.30000 9.60000 -10.50000 0.150 0.650 0.100
v -44.85788 9.60000 -12.15000 0.150 0.650 0.100
v -43.65000 9.60000 -13.35788 0.150 0.650 0.100
v -42.00000 9.60000 -13.80000 0.150 0.650 0.100
v -40.35000 9.60000 -13.35788 0.150 0.650 0.100
v -39.14212 9.60000 -12.15000 0.150 0.650 0.100
v -38.95120 8.33714 -10.50000 0.150 0.650 0.100
v -39.35966 8.33714 -8.97560 0.150 0.650 0.100
v -40.47560 8.33714 -7.85966 0.150 0.650 0.100
v -42.00000 8.33714 -7.45120 0.150 0.650 0.100
v -43.52440 8.33714 -7.85966 0.150 0.650 0.100
v -44.64034 8.33714 -8.97560 0.150 0.650 0.100
v -45.04880 8.33714 -10.50000 0.150 0.650 0.100
v -44.64034 8.33714 -12.02440 0.150 0.650 0.100
v -43.52440 8.33714 -13.14034 0.150 0.650 0.100
v -42.00000 8.33714 -13.54880 0.150 0.650 0.100
v -40.47560 8.33714 -13.14034 0.150 0.650 0.100
v -39.35966 8.33714 -12.02440 0.150 0.650 0.100
v -39.66655 7.26655 -10.50000 0.150 0.650 0.100
v -39.97917 7.26655 -9.33327 0.150 0.650 0.100
v -40.83327 7.26655 -8.47917 0.150 0.650 0.100
v -42.00000 7.26655 -8.16655 0.150 0.650 0.100
v -43.16673 7.26655 -8.47917 0.150 0.650 0.100
v -44.02083 7.26655 -9.33327 0.150 0.650 0.100
v -44.33345 7.26655 -10.50000 0.150 0.650 0.100
v -44.02083 7.26655 -11.66673 0.150 0.650 0.100
v -43.16673 7.26655 -12.52083 0.150 0.650 0.100
v -42.00000 7.26655 -12.83345 0.150 0.650 0.100
v -40.83327 7.26655 -12.52083 0.150 0.650 0.100
v -39.97917 7.26655 -11.66673 0.150 0.650 0.100
v -40.73714 6.55120 -10.50000 0.150 0.650 0.100
v -40.90634 6.55120 -9.86857 0.150 0.650 0.100
v -41.36857 6.55120 -9.40634 0.150 0.650 0.100
v -42.00000 6.55120 -9.23714 0.150 0.650 0.100
v -42.63143 6.55120 -9.40634 0.150 0.650 0.100
v -43.09366 6.55120 -9.86857 0.150 0.650 0.100
v -43.26286 6.55120 -10.50000 0.150 0.650 0.100
v -43.09366 6.55120 -11.13143 0.150 0.650 0.100
v -42.63143 6.55120 -11.59366 0.150 0.650 0.100
v -42.00000 6.55120 -11.76286 0.150 0.650 0.100
v -41.36857 6.55120 -11.59366 0.150 0.650 0.100
v -40.90634 6.55120 -11.13143 0.150 0.650 0.100
v -42.00000 6.30000 -10.50000 0.150 0.650 0.100
v -42.00000 6.30000 -10.50000 0.150 0.650 0.100
v -42.00000 6.30000 -10.50000 0.150 0.650 0.100
v -42.00000 6.30000 -10.50000 0.150 0.650 0.100
v -42.00000 6.30000 -10.50000 0.150 0.650 0.100
v -42.00000 6.30000 -10.50000 0.150 0.650 0.100
v -42.00000 6.30000 -10.50000 0.150 0.650 0.100
v -42.00000 6.30000 -10.50000 0.150 0.650 0.100
v -42.00000 6.30000 -10.50000 0.150 0.650 0.100
v -42.00000 6.30000 -10.50000 0.150 0.650 0.100
v -42.00000 6.30000 -10.50000 0.150 0.650 0.100
v -42.00000 6.30000 -10.50000 0.150 0.650 0.100
v -42.00000 14.10000 -10.50000 0.180 0.700 0.120
v -42.00000 14.10000 -10.50000 0.180 0.700 0.120
v -42.00000 14.10000 -10.50000 0.180 0.700 0.120
v -42.00000 14.10000 -10.50000 0.180 0.700 0.120
v -42.00000 14.10000 -10.50000 0.180 0.700 0.120
v -42.00000 14.10000 -10.50000 0.180 0.700 0.120
v -42.00000 14.10000 -10.50000 0.180 0.700 0.120
v -42.00000 14.10000 -10.50000 0.180 0.700 0.120
v -42.00000 14.10000 -10.50000 0.180 0.700 0.120
v -42.00000 14.10000 -10.50000 0.180 0.700 0.120
v -40.95000 13.81865 -10.50000 0.180 0.700 0.120
v -41.15053 13.81865 -9.88283 0.180 0.700 0.120
v -41.67553 13.81865 -9.50139 0.180 0.700 0.120
v -42.32447 13.81865 -9.50139 0.180 0.700 0.120
v -42.84947 13.81865 -9.88283 0.180 0.700 0.120
v -43.05000 13.81865 -10.50000 0.180 0.700 0.120
v -42.84947 13.81865 -11.11717 0.180 0.700 0.120
v -42.32447 13.81865 -11.49861 0.180 0.700 0.120
v -41.67553 13.81865 -11.49861 0.180 0.700 0.120
v -41.15053 13.81865 -11.11717 0.180 0.700 0.120
v -40.18135 13.05000 -10.50000 0.180 0.700 0.120
v -40.52868 13.05000 -9.43102 0.180 0.700 0.120
v -41.43801 13.05000 -8.77036 0.180 0.700 0.120
v -42.56199 13.05000 -8.77036 0.180 0.700 0.120
v -43.47132 13.05000 -9.43102 0.180 0.700 0.120
v -43.81865 13.05000 -10.50000 0.180 0.700 0.120
v -43.47132 13.05000 -11.56898 0.180 0.700 0.120
v -42.56199 13.05000 -12.22964 0.180 0.700 0.120
v -41.43801 13.05000 -12.22964 0.180 0.700 0.120
v -40.52868 13.05000 -11.56898 0.180 0.700 0.120
v -39.90000 12.00000 -10.50000 0.180 0.700 0.120
v -40.30106 12.00000 -9.26565 0.180 0.700 0.120
v -41.35106 12.00000 -8.50278 0.180 0.700 0.120
v -42.64894 12.00000 -8.50278 0.180 0.700 0.120
v -43.69894 12.00000 -9.26565 0.180 0.700 0.120
v -44.10000 12.00000 -10.50000 0.180 0.700 0.120
v -43.69894 12.00000 -11.73435 0.180 0.700 0.120
v -42.64894 12.00000 -12.49722 0.180 0.700 0.120
v -41.35106 12.00000 -12.49722 0.180 0.700 0.120
v -40.30106 12.00000 -11.73435 0.180 0.700 0.120
v -40.18135 10.95000 -10.50000 0.180 0.700 0.120
v -40.52868 10.95000 -9.43102 0.180 0.700 0.120
v -41.43801 10.95000 -8.77036 0.180 0.700 0.120
v -42.56199 10.95000 -8.77036 0.180 0.700 0.120
v -43.47132 10.95000 -9.43102 0.180 0.700 0.120
v -43.81865 10.95000 -10.50000 0.180 0.700 0.120
v -43.47132 10.95000 -11.56898 0.180 0.700 0.120
v -42.56199 10.95000 -12.22964 0.180 0.700 0.120
v -41.43801 10.95000 -12.22964 0.180 0.700 0.120
v -40.52868 10.95000 -11.56898 0.180 0.700 0.120
v -40.95000 10.18135 -10.50000 0.180 0.700 0.120
v -41.15053 10.18135 -9.88283 0.180 0.700 0.120
v -41.67553 10.18135 -9.50139 0.180 0.700 0.120
v -42.32447 10.18135 -9.50139 0.180 0.700 0.120
v -42.84947 10.18135 -9.88283 0.180 0.700 0.120
v -43.05000 10.18135 -10.50000 0.180 0.700 0.120
v -42.84947 10.18135 -11.11717 0.180 0.700 0.120
v -42.32447 10.18135 -11.49861 0.180 0.700 0.120
v -41.67553 10.18135 -11.49861 0.180 0.700 0.120
v -41.15053 10.18135 -11.11717 0.180 0.700 0.120
v -42.00000 9.90000 -10.50000 0.180 0.700 0.120
v -42.00000 9.90000 -10.50000 0.180 0.700 0.120
v -42.00000 9.90000 -10.50000 0.180 0.700 0.120
v -42.00000 9.90000 -10.50000 0.180 0.700 0.120
v -42.00000 9.90000 -10.50000 0.180 0.700 0.120
v -42.00000 9.90000 -10.50000 0.180 0.700 0.120
v -42.00000 9.90000 -10.50000 0.180 0.700 0.120
v -42.00000 9.90000 -10.50000 0.180 0.700 0.120
v -42.00000 9.90000 -10.50000 0.180 0.700 0.120
v -42.00000 9.90000 -10.50000 0.180 0.700 0.120
v 29.10000 -6.00000 -5.10000 0.420 0.240 0.060
v 30.90000 -6.00000 -5.10000 0.420 0.240 0.060
v 30.90000 4.50000 -5.10000 0.420 0.240 0.060
v 29.10000 4.50000 -5.10000 0.420 0.240 0.060
v 30.90000 -6.00000 -6.90000 0.420 0.240 0.060
v 29.10000 -6.00000 -6.90000 0.420 0.240 0.060
v 29.10000 4.50000 -6.90000 0.420 0.240 0.060
v 30.90000 4.50000 -6.90000 0.420 0.240 0.060
v 29.10000 4.50000 -5.10000 0.420 0.240 0.060
v 30.90000 4.50000 -5.10000 0.420 0.240 0.060
v 30.90000 4.50000 -6.90000 0.420 0.240 0.060
v 29.10000 4.50000 -6.90000 0.420 0.240 0.060
v 29.10000 -6.00000 -6.90000 0.420 0.240 0.060
v 30.90000 -6.00000 -6.90000 0.420 0.240 0.060
v 30.90000 -6.00000 -5.10000 0.420 0.240 0.060
v 29.10000 -6.00000 -5.10000 0.420 0.240 0.060
v 30.90000 -6.00000 -5.10000 0.420 0.240 0.060
v 30.90000 -6.00000 -6.90000 0.420 0.240 0.060
v 30.90000 4.50000 -6.90000 0.420 0.240 0.060
v 30.90000 4.50000 -5.10000 0.420 0.240 0.060
v 29.10000 -6.00000 -6.90000 0.420 0.240 0.060
v 29.10000 -6.00000 -5.10000 0.420 0.240 0.060
v 29.10000 4.50000 -5.10000 0.420 0.240 0.060
v 29.10000 4.50000 -6.90000 0.420 0.240 0.060
v 30.00000 10.80000 -6.00000 0.150 0.600 0.100
v 30.00000 10.80000 -6.00000 0.150 0.600 0.100
v 30.00000 10.80000 -6.00000 0.150 0.600 0.100
v 30.00000 10.80000 -6.00000 0.150 0.600 0.100
v 30.00000 10.80000 -6.00000 0.150 0.600 0.100
v 30.00000 10.80000 -6.00000 0.150 0.600 0.100
v 30.00000 10.80000 -6.00000 0.150 0.600 0.100
v 30.00000 10.80000 -6.00000 0.150 0.600 0.100
v 30.00000 10.80000 -6.00000 0.150 0.600 0.100
v 30.00000 10.80000 -6.00000 0.150 0.600 0.100
v 30.00000 10.80000 -6.00000 0.150 0.600 0.100
v 30.00000 10.80000 -6.00000 0.150 0.600 0.100
v 31.60727 10.48029 -6.00000 0.150 0.600 0.100
v 31.39194 10.48029 -5.19636 0.150 0.600 0.100
v 30.80364 10.48029 -4.60806 0.150 0.600 0.100
v 30.00000 10.48029 -4.39273 0.150 0.600 0.100
v 29.19636 10.48029 -4.60806 0.150 0.600 0.100
v 28.60806 10.48029 -5.19636 0.150 0.600 0.100
v 28.39273 10.48029 -6.00000 0.150 0.600 0.100
v 28.60806 10.48029 -6.80364 0.150 0.600 0.100
v 29.19636 10.48029 -7.39194 0.150 0.600 0.100
v 30.00000 10.48029 -7.60727 0.150 0.600 0.100
v 30.80364 10.48029 -7.39194 0.150 0.600 0.100
v 31.39194 10.48029 -6.80364 0.150 0.600 0.100
v 32.96985 9.56985 -6.00000 0.150 0.600 0.100
v 32.57196 9.56985 -4.51508 0.150 0.600 0.100
v 31.48492 9.56985 -3.42804 0.150 0.600 0.100
v 30.00000 9.56985 -3.03015 0.150 0.600 0.100
v 28.51508 9.56985 -3.42804 0.150 0.600 0.100
v 27.42804 9.56985 -4.51508 0.150 0.600 0.100
v 27.03015 9.56985 -6.00000 0.150 0.600 0.100
v 27.42804 9.56985 -7.48492 0.150 0.600 0.100
v 28.51508 9.56985 -8.57196 0.150 0.600 0.100
v 30.00000 9.56985 -8.96985 0.150 0.600 0.100
v 31.48492 9.56985 -8.57196 0.150 0.600 0.100
v 32.57196 9.56985 -7.48492 0.150 0.600 0.100
v 33.88029 8.20727 -6.00000 0.150 0.600 0.100
v 33.36043 8.20727 -4.05985 0.150 0.600 0.100
v 31.94015 8.20727 -2.63957 0.150 0.600 0.100
v 30.00000 8.20727 -2.11971 0.150 0.600 0.100
v 28.05985 8.20727 -2.63957 0.150 0.600 0.100
v 26.63957 8.20727 -4.05985 0.150 0.600 0.100
v 26.11971 8.20727 -6.00000 0.150 0.600 0.100
v 26.63957 8.20727 -7.94015 0.150 0.600 0.100
v 28.05985 8.20727 -9.36043 0.150 0.600 0.100
v 30.00000 8.20727 -9.88029 0.150 0.600 0.100
v 31.94015 8.20727 -9.36043 0.150 0.600 0.100
v 33.36043 8.20727 -7.94015 0.150 0.600 0.100
v 34.20000 6.60000 -6.00000 0.150 0.600 0.100
v 33.63731 6.60000 -3.90000 0.150 0.600 0.100
v 32.10000 6.60000 -2.36269 0.150 0.600 0.100
v 30.00000 6.60000 -1.80000 0.150 0.600 0.100
v 27.90000 6.60000 -2.36269 0.150 0.600 0.100
v 26.36269 6.60000 -3.90000 0.150 0.600 0.100
v 25.80000 6.60000 -6.00000 0.150 0.600 0.100
v 26.36269 6.60000 -8.10000 0.150 0.600 0.100
v 27.90000 6.60000 -9.63731 0.150 0.600 0.100
v 30.00000 6.60000 -10.20000 0.150 0.600 0.100
v 32.10000 6.60000 -9.63731 0.150 0.600 0.100
v 33.63731 6.60000 -8.10000 0.150 0.600 0.100
v 33.88029 4.99273 -6.00000 0.150 0.600 0.100
v 33.36043 4.99273 -4.05985 0.150 0.600 0.100
v 31.94015 4.99273 -2.63957 0.150 0.600 0.100
v 30.00000 4.99273 -2.11971 0.150 0.600 0.100
v 28.05985 4.99273 -2.63957 0.150 0.600 0.100
v 26.63957 4.99273 -4.05985 0.150 0.600 0.100
v 26.11971 4.99273 -6.00000 0.150 0.600 0.100
v 26.63957 4.99273 -7.94015 0.150 0.600 0.100
v 28.05985 4.99273 -9.36043 0.150 0.600 0.100
v 30.00000 4.99273 -9.88029 0.150 0.600 0.100
v 31.94015 4.99273 -9.36043 0.150 0.600 0.100
v 33.36043 4.99273 -7.94015 0.150 0.600 0.100
v 32.96985 3.63015 -6.00000 0.150 0.600 0.100
v 32.57196 3.63015 -4.51508 0.150 0.600 0.100
v 31.48492 3.63015 -3.42804 0.150 0.600 0.100
v 30.00000 3.63015 -3.03015 0.150 0.600 0.100
v 28.51508 3.63015 -3.42804 0.150 0.600 0.100
v 27.42804 3.63015 -4.51508 0.150 0.600 0.100
v 27.03015 3.63015 -6.00000 0.150 0.600 0.100
v 27.42804 3.63015 -7.48492 0.150 0.600 0.100
v 28.51508 3.63015 -8.57196 0.150 0.600 0.100
v 30.00000 3.63015 -8.96985 0.150 0.600 0.100
v 31.48492 3.63015 -8.57196 0.150 0.600 0.100
v 32.57196 3.63015 -7.48492 0.150 0.600 0.100
v 31.60727 2.71971 -6.00000 0.150 0.600 0.100
v 31.39194 2.71971 -5.19636 0.150 0.600 0.100
v 30.80364 2.71971 -4.60806 0.150 0.600 0.100
v 30.00000 2.71971 -4.39273 0.150 0.600 0.100
v 29.19636 2.71971 -4.60806 0.150 0.600 0.100
v 28.60806 2.71971 -5.19636 0.150 0.600 0.100
v 28.39273 2.71971 -6.00000 0.150 0.600 0.100
v 28.60806 2.71971 -6.80364 0.150 0.600 0.100
v 29.19636 2.71971 -7.39194 0.150 0.600 0.100
v 30.00000 2.71971 -7.60727 0.150 0.600 0.100
v 30.80364 2.71971 -7.39194 0.150 0.600 0.100
v 31.39194 2.71971 -6.80364 0.150 0.600 0.100
v 30.00000 2.40000 -6.00000 0.150 0.600 0.100
v 30.00000 2.40000 -6.00000 0.150 0.600 0.100
v 30.00000 2.40000 -6.00000 0.150 0.600 0.100
v 30.00000 2.40000 -6.00000 0.150 0.600 0.100
v 30.00000 2.40000 -6.00000 0.150 0.600 0.100
v 30.00000 2.40000 -6.00000 0.150 0.600 0.100
v 30.00000 2.40000 -6.00000 0.150 0.600 0.100
v 30.00000 2.40000 -6.00000 0.150 0.600 0.100
v 30.00000 2.40000 -6.00000 0.150 0.600 0.100
v 30.00000 2.40000 -6.00000 0.150 0.600 0.100
v 30.00000 2.40000 -6.00000 0.150 0.600 0.100
v 30.00000 2.40000 -6.00000 0.150 0.600 0.100
v 30.00000 12.90000 -6.00000 0.150 0.650 0.100
v 30.00000 12.90000 -6.00000 0.150 0.650 0.100
v 30.00000 12.90000 -6.00000 0.150 0.650 0.100
v 30.00000 12.90000 -6.00000 0.150 0.650 0.100
v 30.00000 12.90000 -6.00000 0.150 0.650 0.100
v 30.00000 12.90000 -6.00000 0.150 0.650 0.100
v 30.00000 12.90000 -6.00000 0.150 0.650 0.100
v 30.00000 12.90000 -6.00000 0.150 0.650 0.100
v 30.00000 12.90000 -6.00000 0.150 0.650 0.100
v 30.00000 12.90000 -6.00000 0.150 0.650 0.100
v 30.00000 12.90000 -6.00000 0.150 0.650 0.100
v 30.00000 12.90000 -6.00000 0.150 0.650 0.100
v 31.26286 12.64880 -6.00000 0.150 0.650 0.100
v 31.09366 12.64880 -5.36857 0.150 0.650 0.100
v 30.63143 12.64880 -4.90634 0.150 0.650 0.100
v 30.00000 12.64880 -4.73714 0.150 0.650 0.100
v 29.36857 12.64880 -4.90634 0.150 0.650 0.100
v 28.90634 12.64880 -5.36857 0.150 0.650 0.100
v 28.73714 12.64880 -6.00000 0.150 0.650 0.100
v 28.90634 12.64880 -6.63143 0.150 0.650 0.100
v 29.36857 12.64880 -7.09366 0.150 0.650 0.100
v 30.00000 12.64880 -7.26286 0.150 0.650 0.100
v 30.63143 12.64880 -7.09366 0.150 0.650 0.100
v 31.09366 12.64880 -6.63143 0.150 0.650 0.100
v 32.33345 11.93345 -6.00000 0.150 0.650 0.100
v 32.02083 11.93345 -4.83327 0.150 0.650 0.100
v 31.16673 11.93345 -3.97917 0.150 0.650 0.100
v 30.00000 11.93345 -3.66655 0.150 0.650 0.100
v 28.83327 11.93345 -3.97917 0.150 0.650 0.100
v 27.97917 11.93345 -4.83327 0.150 0.650 0.100
v 27.66655 11.93345 -6.00000 0.150 0.650 0.100
v 27.97917 11.93345 -7.16673 0.150 0.650 0.100
v 28.83327 11.93345 -8.02083 0.150 0.650 0.100
v 30.00000 11.93345 -8.33345 0.150 0.650 0.100
v 31.16673 11.93345 -8.02083 0.150 0.650 0.100
v 32.02083 11.93345 -7.16673 0.150 0.650 0.100
v 33.04880 10.86286 -6.00000 0.150 0.650 0.100
v 32.64034 10.86286 -4.47560 0.150 0.650 0.100
v 31.52440 10.86286 -3.35966 0.150 0.650 0.100
v 30.00000 10.86286 -2.95120 0.150 0.650 0.100
v 28.47560 10.86286 -3.35966 0.150 0.650 0.100
v 27.35966 10.86286 -4.47560 0.150 0.650 0.100
v 26.95120 10.86286 -6.00000 0.150 0.650 0.100
v 27.35966 10.86286 -7.52440 0.150 0.650 0.100
v 28.47560 10.86286 -8.64034 0.150 0.650 0.100
v 30.00000 10.86286 -9.04880 0.150 0.650 0.100
v 31.52440 10.86286 -8.64034 0.150 0.650 0.100
v 32.64034 10.86286 -7.52440 0.150 0.650 0.100
v 33.30000 9.60000 -6.00000 0.150 0.650 0.100
v 32.85788 9.60000 -4.35000 0.150 0.650 0.100
v 31.65000 9.60000 -3.14212 0.150 0.650 0.100
v 30.00000 9.60000 -2.70000 0.150 0.650 0.100
v 28.35000 9.60000 -3.14212 0.150 0.650 0.100
v 27.14212 9.60000 -4.35000 0.150 0.650 0.100
v 26.70000 9.60000 -6.00000 0.150 0.650 0.100
v 27.14212 9.60000 -7.65000 0.150 0.650 0.100
v 28.35000 9.60000 -8.85788 0.150 0.650 0.100
v 30.00000 9.60000 -9.30000 0.150 0.650 0.100
v 31.65000 9.60000 -8.85788 0.150 0.650 0.100
v 32.85788 9.60000 -7.65000 0.150 0.650 0.100
v 33.04880 8.33714 -6.00000 0.150 0.650 0.100
v 32.64034 8.33714 -4.47560 0.150 0.650 0.100
v 31.52440 8.33714 -3.35966 0.150 0.650 0.100
v 30.00000 8.33714 -2.95120 0.150 0.650 0.100
v 28.47560 8.33714 -3.35966 0.150 0.650 0.100
v 27.35966 8.33714 -4.47560 0.150 0.650 0.100
v 26.95120 8.33714 -6.00000 0.150 0.650 0.100
v 27.35966 8.33714 -7.52440 0.150 0.650 0.100
v 28.47560 8.33714 -8.64034 0.150 0.650 0.100
v 30.00000 8.33714 -9.04880 0.150 0.650 0.100
v 31.52440 8.33714 -8.64034 0.150 0.650 0.100
v 32.64034 8.33714 -7.52440 0.150 0.650 0.100
v 32.33345 7.26655 -6.00000 0.150 0.650 0.100
v 32.02083 7.26655 -4.83327 0.150 0.650 0.100
v 31.16673 7.26655 -3.97917 0.150 0.650 0.100
v 30.00000 7.26655 -3.66655 0.150 0.650 0.100
v 28.83327 7.26655 -3.97917 0.150 0.650 0.100
v 27.97917 7.26655 -4.83327 0.150 0.650 0.100
v 27.66655 7.26655 -6.00000 0.150 0.650 0.100
v 27.97917 7.26655 -7.16673 0.150 0.650 0.100
v 28.83327 7.26655 -8.02083 0.150 0.650 0.100
v 30.00000 7.26655 -8.33345 0.150 0.650 0.100
v 31.16673 7.26655 -8.02083 0.150 0.650 0.100
v 32.02083 7.26655 -7.16673 0.150 0.650 0.100
v 31.26286 6.55120 -6.00000 0.150 0.650 0.100
v 31.09366 6.55120 -5.36857 0.150 0.650 0.100
v 30.63143 6.55120 -4.90634 0.150 0.650 0.100
v 30.00000 6.55120 -4.73714 0.150 0.650 0.100
v 29.36857 6.55120 -4.90634 0.150 0.650 0.100
v 28.90634 6.55120 -5.36857 0.150 0.650 0.100
v 28.73714 6.55120 -6.00000 0.150 0.650 0.100
v 28.90634 6.55120 -6.63143 0.150 0.650 0.100
v 29.36857 6.55120 -7.09366 0.150 0.650 0.100
v 30.00000 6.55120 -7.26286 0.150 0.650 0.100
v 30.63143 6.55120 -7.09366 0.150 0.650 0.100
v 31.09366 6.55120 -6.63143 0.150 0.650 0.100
v 30.00000 6.30000 -6.00000 0.150 0.650 0.100
v 30.00000 6.30000 -6.00000 0.150 0.650 0.100
v 30.00000 6.30000 -6.00000 0.150 0.650 0.100
v 30.00000 6.30000 -6.00000 0.150 0.650 0.100
v 30.00000 6.30000 -6.00000 0.150 0.650 0.100
v 30.00000 6.30000 -6.00000 0.150 0.650 0.100
v 30.00000 6.30000 -6.00000 0.150 0.650 0.100
v 30.00000 6.30000 -6.00000 0.150 0.650 0.100
v 30.00000 6.30000 -6.00000 0.150 0.650 0.100
v 30.00000 6.30000 -6.00000 0.150 0.650 0.100
v 30.00000 6.30000 -6.00000 0.150 0.650 0.100
v 30.00000 6.30000 -6.00000 0.150 0.650 0.100
v 30.00000 14.10000 -6.00000 0.180 0.700 0.120
v 30.00000 14.10000 -6.00000 0.180 0.700 0.120
v 30.00000 14.10000 -6.00000 0.180 0.700 0.120
v 30.00000 14.10000 -6.00000 0.180 0.700 0.120
v 30.00000 14.10000 -6.00000 0.180 0.700 0.120
v 30.00000 14.10000 -6.00000 0.180 0.700 0.120
v 30.00000 14.10000 -6.00000 0.180 0.700 0.120
v 30.00000 14.10000 -6.00000 0.180 0.700 0.120
v 30.00000 14.10000 -6.00000 0.180 0.700 0.120
v 30.00000 14.10000 -6.00000 0.180 0.700 0.120
v 31.05000 13.81865 -6.00000 0.180 0.700 0.120
v 30.84947 13.81865 -5.38283 0.180 0.700 0.120
v 30.32447 13.81865 -5.00139 0.180 0.700 0.120
v 29.67553 13.81865 -5.00139 0.180 0.700 0.120
v 29.15053 13.81865 -5.38283 0.180 0.700 0.120
v 28.95000 13.81865 -6.00000 0.180 0.700 0.120
v 29.15053 13.81865 -6.61717 0.180 0.700 0.120
v 29.67553 13.81865 -6.99861 0.180 0.700 0.120
v 30.32447 13.81865 -6.99861 0.180 0.700 0.120
v 30.84947 13.81865 -6.61717 0.180 0.700 0.120
v 31.81865 13.05000 -6.00000 0.180 0.700 0.120
v 31.47132 13.05000 -4.93102 0.180 0.700 0.120
v 30.56199 13.05000 -4.27036 0.180 0.700 0.120
v 29.43801 13.05000 -4.27036 0.180 0.700 0.120
v 28.52868 13.05000 -4.93102 0.180 0.700 0.120
v 28.18135 13.05000 -6.00000 0.180 0.700 0.120
v 28.52868 13.05000 -7.06898 0.180 0.700 0.120
v 29.43801 13.05000 -7.72964 0.180 0.700 0.120
v 30.56199 13.05000 -7.72964 0.180 0.700 0.120
v 31.47132 13.05000 -7.06898 0.180 0.700 0.120
v 32.10000 12.00000 -6.00000 0.180 0.700 0.120
v 31.69894 12.00000 -4.76565 0.180 0.700 0.120
v 30.64894 12.00000 -4.00278 0.180 0.700 0.120
v 29.35106 12.00000 -4.00278 0.180 0.700 0.120
v 28.30106 12.00000 -4.76565 0.180 0.700 0.120
v 27.90000 12.00000 -6.00000 0.180 0.700 0.120
v 28.30106 12.00000 -7.23435 0.180 0.700 0.120
v 29.35106 12.00000 -7.99722 0.180 0.700 0.120
v 30.64894 12.00000 -7.99722 0.180 0.700 0.120
v 31.69894 12.00000 -7.23435 0.180 0.700 0.120
v 31.81865 10.95000 -6.00000 0.180 0.700 0.120
v 31.47132 10.95000 -4.93102 0.180 0.700 0.120
v 30.56199 10.95000 -4.27036 0.180 0.700 0.120
v 29.43801 10.95000 -4.27036 0.180 0.700 0.120
v 28.52868 10.95000 -4.93102 0.180 0.700 0.120
v 28.18135 10.95000 -6.00000 0.180 0.700 0.120
v 28.52868 10.95000 -7.06898 0.180 0.700 0.120
v 29.43801 10.95000 -7.72964 0.180 0.700 0.120
v 30.56199 10.95000 -7.72964 0.180 0.700 0.120
v 31.47132 10.95000 -7.06898 0.180 0.700 0.120
v 31.05000 10.18135 -6.00000 0.180 0.700 0.120
v 30.84947 10.18135 -5.38283 0.180 0.700 0.120
v 30.32447 10.18135 -5.00139 0.180 0.700 0.120
v 29.67553 10.18135 -5.00139 0.180 0.700 0.120
v 29.15053 10.18135 -5.38283 0.180 0.700 0.120
v 28.95000 10.18135 -6.00000 0.180 0.700 0.120
v 29.15053 10.18135 -6.61717 0.180 0.700 0.120
v 29.67553 10.18135 -6.99861 0.180 0.700 0.120
v 30.32447 10.18135 -6.99861 0.180 0.700 0.120
v 30.84947 10.18135 -6.61717 0.180 0.700 0.120
v 30.00000 9.90000 -6.00000 0.180 0.700 0.120
v 30.00000 9.90000 -6.00000 0.180 0.700 0.120
v 30.00000 9.90000 -6.00000 0.180 0.700 0.120
v 30.00000 9.90000 -6.00000 0.180 0.700 0.120
v 30.00000 9.90000 -6.00000 0.180 0.700 0.120
v 30.00000 9.90000 -6.00000 0.180 0.700 0.120
v 30.00000 9.90000 -6.00000 0.180 0.700 0.120
v 30.00000 9.90000 -6.00000 0.180 0.700 0.120
v 30.00000 9.90000 -6.00000 0.180 0.700 0.120
v 30.00000 9.90000 -6.00000 0.180 0.700 0.120
v 47.10000 -6.00000 -3.60000 0.420 0.240 0.060
v 48.90000 -6.00000 -3.60000 0.420 0.240 0.060
v 48.90000 4.50000 -3.60000 0.420 0.240 0.060
v 47.10000 4.50000 -3.60000 0.420 0.240 0.060
v 48.90000 -6.00000 -5.40000 0.420 0.240 0.060
v 47.10000 -6.00000 -5.40000 0.420 0.240 0.060
v 47.10000 4.50000 -5.40000 0.420 0.240 0.060
v 48.90000 4.50000 -5.40000 0.420 0.240 0.060
v 47.10000 4.50000 -3.60000 0.420 0.240 0.060
v 48.90000 4.50000 -3.60000 0.420 0.240 0.060
v 48.90000 4.50000 -5.40000 0.420 0.240 0.060
v 47.10000 4.50000 -5.40000 0.420 0.240 0.060
v 47.10000 -6.00000 -5.40000 0.420 0.240 0.060
v 48.90000 -6.00000 -5.40000 0.420 0.240 0.060
v 48.90000 -6.00000 -3.60000 0.420 0.240 0.060
v 47.10000 -6.00000 -3.60000 0.420 0.240 0.060
v 48.90000 -6.00000 -3.60000 0.420 0.240 0.060
v 48.90000 -6.00000 -5.40000 0.420 0.240 0.060
v 48.90000 4.50000 -5.40000 0.420 0.240 0.060
v 48.90000 4.50000 -3.60000 0.420 0.240 0.060
v 47.10000 -6.00000 -5.40000 0.420 0.240 0.060
v 47.10000 -6.00000 -3.60000 0.420 0.240 0.060
v 47.10000 4.50000 -3.60000 0.420 0.240 0.060
v 47.10000 4.50000 -5.40000 0.420 0.240 0.060
v 48.00000 10.80000 -4.50000 0.150 0.600 0.100
v 48.00000 10.80000 -4.50000 0.150 0.600 0.100
v 48.00000 10.80000 -4.50000 0.150 0.600 0.100
v 48.00000 10.80000 -4.50000 0.150 0.600 0.100
v 48.00000 10.80000 -4.50000 0.150 0.600 0.100
v 48.00000 10.80000 -4.50000 0.150 0.600 0.100
v 48.00000 10.80000 -4.50000 0.150 0.600 0.100
v 48.00000 10.80000 -4.50000 0.150 0.600 0.100
v 48.00000 10.80000 -4.50000 0.150 0.600 0.100
v 48.00000 10.80000 -4.50000 0.150 0.600 0.100
v 48.00000 10.80000 -4.50000 0.150 0.600 0.100
v 48.00000 10.80000 -4.50000 0.150 0.600 0.100
v 49.60727 10.48029 -4.50000 0.150 0.600 0.100
v 49.39194 10.48029 -3.69636 0.150 0.600 0.100
v 48.80364 10.48029 -3.10806 0.150 0.600 0.100
v 48.00000 10.48029 -2.89273 0.150 0.600 0.100
v 47.19636 10.48029 -3.10806 0.150 0.600 0.100
v 46.60806 10.48029 -3.69636 0.150 0.600 0.100
v 46.39273 10.48029 -4.50000 0.150 0.600 0.100
v 46.60806 10.48029 -5.30364 0.150 0.600 0.100
v 47.19636 10.48029 -5.89194 0.150 0.600 0.100
v 48.00000 10.48029 -6.10727 0.150 0.600 0.100
v 48.80364 10.48029 -5.89194 0.150 0.600 0.100
v 49.39194 10.48029 -5.30364 0.150 0.600 0.100
v 50.96985 9.56985 -4.50000 0.150 0.600 0.100
v 50.57196 9.56985 -3.01508 0.150 0.600 0.100
v 49.48492 9.56985 -1.92804 0.150 0.600 0.100
v 48.00000 9.56985 -1.53015 0.150 0.600 0.100
v 46.51508 9.56985 -1.92804 0.150 0.600 0.100
v 45.42804 9.56985 -3.01508 0.150 0.600 0.100
v 45.03015 9.56985 -4.50000 0.150 0.600 0.100
v 45.42804 9.56985 -5.98492 0.150 0.600 0.100
v 46.51508 9.56985 -7.07196 0.150 0.600 0.100
v 48.00000 9.56985 -7.46985 0.150 0.600 0.100
v 49.48492 9.56985 -7.07196 0.150 0.600 0.100
v 50.57196 9.56985 -5.98492 0.150 0.600 0.100
v 51.88029 8.20727 -4.50000 0.150 0.600 0.100
v 51.36043 8.20727 -2.55985 0.150 0.600 0.100
v 49.94015 8.20727 -1.13957 0.150 0.600 0.100
v 48.00000 8.20727 -0.61971 0.150 0.600 0.100
v 46.05985 8.20727 -1.13957 0.150 0.600 0.100
v 44.63957 8.20727 -2.55985 0.150 0.600 0.100
v 44.11971 8.20727 -4.50000 0.150 0.600 0.100
v 44.63957 8.20727 -6.44015 0.150 0.600 0.100
v 46.05985 8.20727 -7.86043 0.150 0.600 0.100
v 48.00000 8.20727 -8.38029 0.150 0.600 0.100
v 49.94015 8.20727 -7.86043 0.150 0.600 0.100
v 51.36043 8.20727 -6.44015 0.150 0.600 0.100
v 52.20000 6.60000 -4.50000 0.150 0.600 0.100
v 51.63731 6.60000 -2.40000 0.150 0.600 0.100
v 50.10000 6.60000 -0.86269 0.150 0.600 0.100
v 48.00000 6.60000 -0.30000 0.150 0.600 0.100
v 45.90000 6.60000 -0.86269 0.150 0.600 0.100
v 44.36269 6.60000 -2.40000 0.150 0.600 0.100
v 43.80000 6.60000 -4.50000 0.150 0.600 0.100
v 44.36269 6.60000 -6.60000 0.150 0.600 0.100
v 45.90000 6.60000 -8.13731 0.150 0.600 0.100
v 48.00000 6.60000 -8.70000 0.150 0.600 0.100
v 50.10000 6.60000 -8.13731 0.150 0.600 0.100
v 51.63731 6.60000 -6.60000 0.150 0.600 0.100
v 51.88029 4.99273 -4.50000 0.150 0.600 0.100
v 51.36043 4.99273 -2.55985 0.150 0.600 0.100
v 49.94015 4.99273 -1.13957 0.150 0.600 0.100
v 48.00000 4.99273 -0.61971 0.150 0.600 0.100
v 46.05985 4.99273 -1.13957 0.150 0.600 0.100
v 44.63957 4.99273 -2.55985 0.150 0.600 0.100
v 44.11971 4.99273 -4.50000 0.150 0.600 0.100
v 44.63957 4.99273 -6.44015 0.150 0.600 0.100
v 46.05985 4.99273 -7.86043 0.150 0.600 0.100
v 48.00000 4.99273 -8.38029 0.150 0.600 0.100
v 49.94015 4.99273 -7.86043 0.150 0.600 0.100
v 51.36043 4.99273 -6.44015 0.150 0.600 0.100
v 50.96985 3.63015 -4.50000 0.150 0.600 0.100
v 50.57196 3.63015 -3.01508 0.150 0.600 0.100
v 49.48492 3.63015 -1.92804 0.150 0.600 0.100
v 48.00000 3.63015 -1.53015 0.150 0.600 0.100
v 46.51508 3.63015 -1.92804 0.150 0.600 0.100
v 45.42804 3.63015 -3.01508 0.150 0.600 0.100
v 45.03015 3.63015 -4.50000 0.150 0.600 0.100
v 45.42804 3.63015 -5.98492 0.150 0.600 0.100
v 46.51508 3.63015 -7.07196 0.150 0.600 0.100
v 48.00000 3.63015 -7.46985 0.150 0.600 0.100
v 49.48492 3.63015 -7.07196 0.150 0.600 0.100
v 50.57196 3.63015 -5.98492 0.150 0.600 0.100
v 49.60727 2.71971 -4.50000 0.150 0.600 0.100
v 49.39194 2.71971 -3.69636 0.150 0.600 0.100
v 48.80364 2.71971 -3.10806 0.150 0.600 0.100
v 48.00000 2.71971 -2.89273 0.150 0.600 0.100
v 47.19636 2.71971 -3.10806 0.150 0.600 0.100
v 46.60806 2.71971 -3.69636 0.150 0.600 0.100
v 46.39273 2.71971 -4.50000 0.150 0.600 0.100
v 46.60806 2.71971 -5.30364 0.150 0.600 0.100
v 47.19636 2.71971 -5.89194 0.150 0.600 0.100
v 48.00000 2.71971 -6.10727 0.150 0.600 0.100
v 48.80364 2.71971 -5.89194 0.150 0.600 0.100
v 49.39194 2.71971 -5.30364 0.150 0.600 0.100
v 48.00000 2.40000 -4.50000 0.150 0.600 0.100
v 48.00000 2.40000 -4.50000 0.150 0.600 0.100
v 48.00000 2.40000 -4.50000 0.150 0.600 0.100
v 48.00000 2.40000 -4.50000 0.150 0.600 0.100
v 48.00000 2.40000 -4.50000 0.150 0.600 0.100
v 48.00000 2.40000 -4.50000 0.150 0.600 0.100
v 48.00000 2.40000 -4.50000 0.150 0.600 0.100
v 48.00000 2.40000 -4.50000 0.150 0.600 0.100
v 48.00000 2.40000 -4.50000 0.150 0.600 0.100
v 48.00000 2.40000 -4.50000 0.150 0.600 0.100
v 48.00000 2.40000 -4.50000 0.150 0.600 0.100
v 48.00000 2.40000 -4.50000 0.150 0.600 0.100
v 48.00000 12.90000 -4.50000 0.150 0.650 0.100
v 48.00000 12.90000 -4.50000 0.150 0.650 0.100
v 48.00000 12.90000 -4.50000 0.150 0.650 0.100
v 48.00000 12.90000 -4.50000 0.150 0.650 0.100
v 48.00000 12.90000 -4.50000 0.150 0.650 0.100
v 48.00000 12.90000 -4.50000 0.150 0.650 0.100
v 48.00000 12.90000 -4.50000 0.150 0.650 0.100
v 48.00000 12.90000 -4.50000 0.150 0.650 0.100
v 48.00000 12.90000 -4.50000 0.150 0.650 0.100
v 48.00000 12.90000 -4.50000 0.150 0.650 0.100
v 48.00000 12.90000 -4.50000 0.150 0.650 0.100
v 48.00000 12.90000 -4.50000 0.150 0.650 0.100
v 49.26286 12.64880 -4.50000 0.150 0.650 0.100
v 49.09366 12.64880 -3.86857 0.150 0.650 0.100
v 48.63143 12.64880 -3.40634 0.150 0.650 0.100
v 48.00000 12.64880 -3.23714 0.150 0.650 0.100
v 47.36857 12.64880 -3.40634 0.150 0.650 0.100
v 46.90634 12.64880 -3.86857 0.150 0.650 0.100
v 46.73714 12.64880 -4.50000 0.150 0.650 0.100
v 46.90634 12.64880 -5.13143 0.150 0.650 0.100
v 47.36857 12.64880 -5.59366 0.150 0.650 0.100
v 48.00000 12.64880 -5.76286 0.150 0.650 0.100
v 48.63143 12.64880 -5.59366 0.150 0.650 0.100
v 49.09366 12.64880 -5.13143 0.150 0.650 0.100
v 50.33345 11.93345 -4.50000 0.150 0.650 0.100
v 50.02083 11.93345 -3.33327 0.150 0.650 0.100
v 49.16673 11.93345 -2.47917 0.150 0.650 0.100
v 48.00000 11.93345 -2.16655 0.150 0.650 0.100
v 46.83327 11.93345 -2.47917 0.150 0.650 0.100
v 45.97917 11.93345 -3.33327 0.150 0.650 0.100
v 45.66655 11.93345 -4.50000 0.150 0.650 0.100
v 45.97917 11.93345 -5.66673 0.150 0.650 0.100
v 46.83327 11.93345 -6.52083 0.150 0.650 0.100
v 48.00000 11.93345 -6.83345 0.150 0.650 0.100
v 49.16673 11.93345 -6.52083 0.150 0.650 0.100
v 50.02083 11.93345 -5.66673 0.150 0.650 0.100
v 51.04880 10.86286 -4.50000 0.150 0.650 0.100
v 50.64034 10.86286 -2.97560 0.150 0.650 0.100
v 49.52440 10.86286 -1.85966 0.150 0.650 0.100
v 48.00000 10.86286 -1.45120 0.150 0.650 0.100
v 46.47560 10.86286 -1.85966 0.150 0.650 0.100
v 45.35966 10.86286 -2.97560 0.150 0.650 0.100
v 44.95120 10.86286 -4.50000 0.150 0.650 0.100
v 45.35966 10.86286 -6.02440 0.150 0.650 0.100
v 46.47560 10.86286 -7.14034 0.150 0.650 0.100
v 48.00000 10.86286 -7.54880 0.150 0.650 0.100
v 49.52440 10.86286 -7.14034 0.150 0.650 0.100
v 50.64034 10.86286 -6.02440 0.150 0.650 0.100
v 51.30000 9.60000 -4.50000 0.150 0.650 0.100
v 50.85788 9.60000 -2.85000 0.150 0.650 0.100
v 49.65000 9.60000 -1.64212 0.150 0.650 0.100
v 48.00000 9.60000 -1.20000 0.150 0.650 0.100
v 46.35000 9.60000 -1.64212 0.150 0.650 0.100
v 45.14212 9.60000 -2.85000 0.150 0.650 0.100
v 44.70000 9.60000 -4.50000 0.150 0.650 0.100
v 45.14212 9.60000 -6.15000 0.150 0.650 0.100
v 46.35000 9.60000 -7.35788 0.150 0.650 0.100
v 48.00000 9.60000 -7.80000 0.150 0.650 0.100
v 49.65000 9.60000 -7.35788 0.150 0.650 0.100
v 50.85788 9.60000 -6.15000 0.150 0.650 0.100
v 51.04880 8.33714 -4.50000 0.150 0.650 0.100
v 50.64034 8.33714 -2.97560 0.150 0.650 0.100
v 49.52440 8.33714 -1.85966 0.150 0.650 0.100
v 48.00000 8.33714 -1.45120 0.150 0.650 0.100
v 46.47560 8.33714 -1.85966 0.150 0.650 0.100
v 45.35966 8.33714 -2.97560 0.150 0.650 0.100
v 44.95120 8.33714 -4.50000 0.150 0.650 0.100
v 45.35966 8.33714 -6.02440 0.150 0.650 0.100
v 46.47560 8.33714 -7.14034 0.150 0.650 0.100
v 48.00000 8.33714 -7.54880 0.150 0.650 0.100
v 49.52440 8.33714 -7.14034 0.150 0.650 0.100
v 50.64034 8.33714 -6.02440 0.150 0.650 0.100
v 50.33345 7.26655 -4.50000 0.150 0.650 0.100
v 50.02083 7.26655 -3.33327 0.150 0.650 0.100
v 49.16673 7.26655 -2.47917 0.150 0.650 0.100
v 48.00000 7.26655 -2.16655 0.150 0.650 0.100
v 46.83327 7.26655 -2.47917 0.150 0.650 0.100
v 45.97917 7.26655 -3.33327 0.150 0.650 0.100
v 45.66655 7.26655 -4.50000 0.150 0.650 0.100
v 45.97917 7.26655 -5.66673 0.150 0.650 0.100
v 46.83327 7.26655 -6.52083 0.150 0.650 0.100
v 48.00000 7.26655 -6.83345 0.150 0.650 0.100
v 49.16673 7.26655 -6.52083 0.150 0.650 0.100
v 50.02083 7.26655 -5.66673 0.150 0.650 0.100
v 49.26286 6.55120 -4.50000 0.150 0.650 0.100
v 49.09366 6.55120 -3.86857 0.150 0.650 0.100
v 48.63143 6.55120 -3.40634 0.150 0.650 0.100
v 48.00000 6.55120 -3.23714 0.150 0.650 0.100
v 47.36857 6.55120 -3.40634 0.150 0.650 0.100
v 46.90634 6.55120 -3.86857 0.150 0.650 0.100
v 46.73714 6.55120 -4.50000 0.150 0.650 0.100
v 46.90634 6.55120 -5.13143 0.150 0.650 0.100
v 47.36857 6.55120 -5.59366 0.150 0.650 0.100
v 48.00000 6.55120 -5.76286 0.150 0.650 0.100
v 48.63143 6.55120 -5.59366 0.150 0.650 0.100
v 49.09366 6.55120 -5.13143 0.150 0.650 0.100
v 48.00000 6.30000 -4.50000 0.150 0.650 0.100
v 48.00000 6.30000 -4.50000 0.150 0.650 0.100
v 48.00000 6.30000 -4.50000 0.150 0.650 0.100
v 48.00000 6.30000 -4.50000 0.150 0.650 0.100
v 48.00000 6.30000 -4.50000 0.150 0.650 0.100
v 48.00000 6.30000 -4.50000 0.150 0.650 0.100
v 48.00000 6.30000 -4.50000 0.150 0.650 0.100
v 48.00000 6.30000 -4.50000 0.150 0.650 0.100
v 48.00000 6.30000 -4.50000 0.150 0.650 0.100
v 48.00000 6.30000 -4.50000 0.150 0.650 0.100
v 48.00000 6.30000 -4.50000 0.150 0.650 0.100
v 48.00000 6.30000 -4.50000 0.150 0.650 0.100
v 48.00000 14.10000 -4.50000 0.180 0.700 0.120
v 48.00000 14.10000 -4.50000 0.180 0.700 0.120
v 48.00000 14.10000 -4.50000 0.180 0.700 0.120
v 48.00000 14.10000 -4.50000 0.180 0.700 0.120
v 48.00000 14.10000 -4.50000 0.180 0.700 0.120
v 48.00000 14.10000 -4.50000 0.180 0.700 0.120
v 48.00000 14.10000 -4.50000 0.180 0.700 0.120
v 48.00000 14.10000 -4.50000 0.180 0.700 0.120
v 48.00000 14.10000 -4.50000 0.180 0.700 0.120
v 48.00000 14.10000 -4.50000 0.180 0.700 0.120
v 49.05000 13.81865 -4.50000 0.180 0.700 0.120
v 48.84947 13.81865 -3.88283 0.180 0.700 0.120
v 48.32447 13.81865 -3.50139 0.180 0.700 0.120
v 47.67553 13.81865 -3.50139 0.180 0.700 0.120
v 47.15053 13.81865 -3.88283 0.180 0.700 0.120
v 46.95000 13.81865 -4.50000 0.180 0.700 0.120
v 47.15053 13.81865 -5.11717 0.180 0.700 0.120
v 47.67553 13.81865 -5.49861 0.180 0.700 0.120
v 48.32447 13.81865 -5.49861 0.180 0.700 0.120
v 48.84947 13.81865 -5.11717 0.180 0.700 0.120
v 49.81865 13.05000 -4.50000 0.180 0.700 0.120
v 49.47132 13.05000 -3.43102 0.180 0.700 0.120
v 48.56199 13.05000 -2.77036 0.180 0.700 0.120
v 47.43801 13.05000 -2.77036 0.180 0.700 0.120
v 46.52868 13.05000 -3.43102 0.180 0.700 0.120
v 46.18135 13.05000 -4.50000 0.180 0.700 0.120
v 46.52868 13.05000 -5.56898 0.180 0.700 0.120
v 47.43801 13.05000 -6.22964 0.180 0.700 0.120
v 48.56199 13.05000 -6.22964 0.180 0.700 0.120
v 49.47132 13.05000 -5.56898 0.180 0.700 0.120
v 50.10000 12.00000 -4.50000 0.180 0.700 0.120
v 49.69894 12.00000 -3.26565 0.180 0.700 0.120
v 48.64894 12.00000 -2.50278 0.180 0.700 0.120
v 47.35106 12.00000 -2.50278 0.180 0.700 0.120
v 46.30106 12.00000 -3.26565 0.180 0.700 0.120
v 45.90000 12.00000 -4.50000 0.180 0.700 0.120
v 46.30106 12.00000 -5.73435 0.180 0.700 0.120
v 47.35106 12.00000 -6.49722 0.180 0.700 0.120
v 48.64894 12.00000 -6.49722 0.180 0.700 0.120
v 49.69894 12.00000 -5.73435 0.180 0.700 0.120
v 49.81865 10.95000 -4.50000 0.180 0.700 0.120
v 49.47132 10.95000 -3.43102 0.180 0.700 0.120
v 48.56199 10.95000 -2.77036 0.180 0.700 0.120
v 47.43801 10.95000 -2.77036 0.180 0.700 0.120
v 46.52868 10.95000 -3.43102 0.180 0.700 0.120
v 46.18135 10.95000 -4.50000 0.180 0.700 0.120
v 46.52868 10.95000 -5.56898 0.180 0.700 0.120
v 47.43801 10.95000 -6.22964 0.180 0.700 0.120
v 48.56199 10.95000 -6.22964 0.180 0.700 0.120
v 49.47132 10.95000 -5.56898 0.180 0.700 0.120
v 49.05000 10.18135 -4.50000 0.180 0.700 0.120
v 48.84947 10.18135 -3.88283 0.180 0.700 0.120
v 48.32447 10.18135 -3.50139 0.180 0.700 0.120
v 47.67553 10.18135 -3.50139 0.180 0.700 0.120
v 47.15053 10.18135 -3.88283 0.180 0.700 0.120
v 46.95000 10.18135 -4.50000 0.180 0.700 0.120
v 47.15053 10.18135 -5.11717 0.180 0.700 0.120
v 47.67553 10.18135 -5.49861 0.180 0.700 0.120
v 48.32447 10.18135 -5.49861 0.180 0.700 0.120
v 48.84947 10.18135 -5.11717 0.180 0.700 0.120
v 48.00000 9.90000 -4.50000 0.180 0.700 0.120
v 48.00000 9.90000 -4.50000 0.180 0.700 0.120
v 48.00000 9.90000 -4.50000 0.180 0.700 0.120
v 48.00000 9.90000 -4.50000 0.180 0.700 0.120
v 48.00000 9.90000 -4.50000 0.180 0.700 0.120
v 48.00000 9.90000 -4.50000 0.180 0.700 0.120
v 48.00000 9.90000 -4.50000 0.180 0.700 0.120
v 48.00000 9.90000 -4.50000 0.180 0.700 0.120
v 48.00000 9.90000 -4.50000 0.180 0.700 0.120
v 48.00000 9.90000 -4.50000 0.180 0.700 0.120
v 65.10000 -6.00000 -8.10000 0.420 0.240 0.060
v 66.90000 -6.00000 -8.10000 0.420 0.240 0.060
v 66.90000 4.50000 -8.10000 0.420 0.240 0.060
v 65.10000 4.50000 -8.10000 0.420 0.240 0.060
v 66.90000 -6.00000 -9.90000 0.420 0.240 0.060
v 65.10000 -6.00000 -9.90000 0.420 0.240 0.060
v 65.10000 4.50000 -9.90000 0.420 0.240 0.060
v 66.90000 4.50000 -9.90000 0.420 0.240 0.060
v 65.10000 4.50000 -8.10000 0.420 0.240 0.060
v 66.90000 4.50000 -8.10000 0.420 0.240 0.060
v 66.90000 4.50000 -9.90000 0.420 0.240 0.060
v 65.10000 4.50000 -9.90000 0.420 0.240 0.060
v 65.10000 -6.00000 -9.90000 0.420 0.240 0.060
v 66.90000 -6.00000 -9.90000 0.420 0.240 0.060
v 66.90000 -6.00000 -8.10000 0.420 0.240 0.060
v 65.10000 -6.00000 -8.10000 0.420 0.240 0.060
v 66.90000 -6.00000 -8.10000 0.420 0.240 0.060
v 66.90000 -6.00000 -9.90000 0.420 0.240 0.060
v 66.90000 4.50000 -9.90000 0.420 0.240 0.060
v 66.90000 4.50000 -8.10000 0.420 0.240 0.060
v 65.10000 -6.00000 -9.90000 0.420 0.240 0.060
v 65.10000 -6.00000 -8.10000 0.420 0.240 0.060
v 65.10000 4.50000 -8.10000 0.420 0.240 0.060
v 65.10000 4.50000 -9.90000 0.420 0.240 0.060
v 66.00000 10.80000 -9.00000 0.150 0.600 0.100
v 66.00000 10.80000 -9.00000 0.150 0.600 0.100
v 66.00000 10.80000 -9.00000 0.150 0.600 0.100
v 66.00000 10.80000 -9.00000 0.150 0.600 0.100
v 66.00000 10.80000 -9.00000 0.150 0.600 0.100
v 66.00000 10.80000 -9.00000 0.150 0.600 0.100
v 66.00000 10.80000 -9.00000 0.150 0.600 0.100
v 66.00000 10.80000 -9.00000 0.150 0.600 0.100
v 66.00000 10.80000 -9.00000 0.150 0.600 0.100
v 66.00000 10.80000 -9.00000 0.150 0.600 0.100
v 66.00000 10.80000 -9.00000 0.150 0.600 0.100
v 66.00000 10.80000 -9.00000 0.150 0.600 0.100
v 67.60727 10.48029 -9.00000 0.150 0.600 0.100
v 67.39194 10.48029 -8.19636 0.150 0.600 0.100
v 66.80364 10.48029 -7.60806 0.150 0.600 0.100
v 66.00000 10.48029 -7.39273 0.150 0.600 0.100
v 65.19636 10.48029 -7.60806 0.150 0.600 0.100
v 64.60806 10.48029 -8.19636 0.150 0.600 0.100
v 64.39273 10.48029 -9.00000 0.150 0.600 0.100
v 64.60806 10.48029 -9.80364 0.150 0.600 0.100
v 65.19636 10.48029 -10.39194 0.150 0.600 0.100
v 66.00000 10.48029 -10.60727 0.150 0.600 0.100
v 66.80364 10.48029 -10.39194 0.150 0.600 0.100
v 67.39194 10.48029 -9.80364 0.150 0.600 0.100
v 68.96985 9.56985 -9.00000 0.150 0.600 0.100
v 68.57196 9.56985 -7.51508 0.150 0.600 0.100
v 67.48492 9.56985 -6.42804 0.150 0.600 0.100
v 66.00000 9.56985 -6.03015 0.150 0.600 0.100
v 64.51508 9.56985 -6.42804 0.150 0.600 0.100
v 63.42804 9.56985 -7.51508 0.150 0.600 0.100
v 63.03015 9.56985 -9.00000 0.150 0.600 0.100
v 63.42804 9.56985 -10.48492 0.150 0.600 0.100
v 64.51508 9.56985 -11.57196 0.150 0.600 0.100
v 66.00000 9.56985 -11.96985 0.150 0.600 0.100
v 67.48492 9.56985 -11.57196 0.150 0.600 0.100
v 68.57196 9.56985 -10.48492 0.150 0.600 0.100
v 69.88029 8.20727 -9.00000 0.150 0.600 0.100
v 69.36043 8.20727 -7.05985 0.150 0.600 0.100
v 67.94015 8.20727 -5.63957 0.150 0.600 0.100
v 66.00000 8.20727 -5.11971 0.150 0.600 0.100
v 64.05985 8.20727 -5.63957 0.150 0.600 0.100
v 62.63957 8.20727 -7.05985 0.150 0.600 0.100
v 62.11971 8.20727 -9.00000 0.150 0.600 0.100
v 62.63957 8.20727 -10.94015 0.150 0.600 0.100
v 64.05985 8.20727 -12.36043 0.150 0.600 0.100
v 66.00000 8.20727 -12.88029 0.150 0.600 0.100
v 67.94015 8.20727 -12.36043 0.150 0.600 0.100
v 69.36043 8.20727 -10.94015 0.150 0.600 0.100
v 70.20000 6.60000 -9.00000 0.150 0.600 0.100
v 69.63731 6.60000 -6.90000 0.150 0.600 0.100
v 68.10000 6.60000 -5.36269 0.150 0.600 0.100
v 66.00000 6.60000 -4.80000 0.150 0.600 0.100
v 63.90000 6.60000 -5.36269 0.150 0.600 0.100
v 62.36269 6.60000 -6.90000 0.150 0.600 0.100
v 61.80000 6.60000 -9.00000 0.150 0.600 0.100
v 62.36269 6.60000 -11.10000 0.150 0.600 0.100
v 63.90000 6.60000 -12.63731 0.150 0.600 0.100
v 66.00000 6.60000 -13.20000 0.150 0.600 0.100
v 68.10000 6.60000 -12.63731 0.150 0.600 0.100
v 69.63731 6.60000 -11.10000 0.150 0.600 0.100
v 69.88029 4.99273 -9.00000 0.150 0.600 0.100
v 69.36043 4.99273 -7.05985 0.150 0.600 0.100
v 67.94015 4.99273 -5.63957 0.150 0.600 0.100
v 66.00000 4.99273 -5.11971 0.150 0.600 0.100
v 64.05985 4.99273 -5.63957 0.150 0.600 0.100
v 62.63957 4.99273 -7.05985 0.150 0.600 0.100
v 62.11971 4.99273 -9.00000 0.150 0.600 0.100
v 62.63957 4.99273 -10.94015 0.150 0.600 0.100
v 64.05985 4.99273 -12.36043 0.150 0.600 0.100
v 66.00000 4.99273 -12.88029 0.150 0.600 0.100
v 67.94015 4.99273 -12.36043 0.150 0.600 0.100
v 69.36043 4.99273 -10.94015 0.150 0.600 0.100
v 68.96985 3.63015 -9.00000 0.150 0.600 0.100
v 68.57196 3.63015 -7.51508 0.150 0.600 0.100
v 67.48492 3.63015 -6.42804 0.150 0.600 0.100
v 66.00000 3.63015 -6.03015 0.150 0.600 0.100
v 64.51508 3.63015 -6.42804 0.150 0.600 0.100
v 63.42804 3.63015 -7.51508 0.150 0.600 0.100
v 63.03015 3.63015 -9.00000 0.150 0.600 0.100
v 63.42804 3.63015 -10.48492 0.150 0.600 0.100
v 64.51508 3.63015 -11.57196 0.150 0.600 0.100
v 66.00000 3.63015 -11.96985 0.150 0.600 0.100
v 67.48492 3.63015 -11.57196 0.150 0.600 0.100
v 68.57196 3.63015 -10.48492 0.150 0.600 0.100
v 67.60727 2.71971 -9.00000 0.150 0.600 0.100
v 67.39194 2.71971 -8.19636 0.150 0.600 0.100
v 66.80364 2.71971 -7.60806 0.150 0.600 0.100
v 66.00000 2.71971 -7.39273 0.150 0.600 0.100
v 65.19636 2.71971 -7.60806 0.150 0.600 0.100
v 64.60806 2.71971 -8.19636 0.150 0.600 0.100
v 64.39273 2.71971 -9.00000 0.150 0.600 0.100
v 64.60806 2.71971 -9.80364 0.150 0.600 0.100
v 65.19636 2.71971 -10.39194 0.150 0.600 0.100
v 66.00000 2.71971 -10.60727 0.150 0.600 0.100
v 66.80364 2.71971 -10.39194 0.150 0.600 0.100
v 67.39194 2.71971 -9.80364 0.150 0.600 0.100
v 66.00000 2.40000 -9.00000 0.150 0.600 0.100
v 66.00000 2.40000 -9.00000 0.150 0.600 0.100
v 66.00000 2.40000 -9.00000 0.150 0.600 0.100
v 66.00000 2.40000 -9.00000 0.150 0.600 0.100
v 66.00000 2.40000 -9.00000 0.150 0.600 0.100
v 66.00000 2.40000 -9.00000 0.150 0.600 0.100
v 66.00000 2.40000 -9.00000 0.150 0.600 0.100
v 66.00000 2.40000 -9.00000 0.150 0.600 0.100
v 66.00000 2.40000 -9.00000 0.150 0.600 0.100
v 66.00000 2.40000 -9.00000 0.150 0.600 0.100
v 66.00000 2.40000 -9.00000 0.150 0.600 0.100
v 66.00000 2.40000 -9.00000 0.150 0.600 0.100
v 66.00000 12.90000 -9.00000 0.150 0.650 0.100
v 66.00000 12.90000 -9.00000 0.150 0.650 0.100
v 66.00000 12.90000 -9.00000 0.150 0.650 0.100
v 66.00000 12.90000 -9.00000 0.150 0.650 0.100
v 66.00000 12.90000 -9.00000 0.150 0.650 0.100
v 66.00000 12.90000 -9.00000 0.150 0.650 0.100
v 66.00000 12.90000 -9.00000 0.150 0.650 0.100
v 66.00000 12.90000 -9.00000 0.150 0.650 0.100
v 66.00000 12.90000 -9.00000 0.150 0.650 0.100
v 66.00000 12.90000 -9.00000 0.150 0.650 0.100
v 66.00000 12.90000 -9.00000 0.150 0.650 0.100
v 66.00000 12.90000 -9.00000 0.150 0.650 0.100
v 67.26286 12.64880 -9.00000 0.150 0.650 0.100
v 67.09366 12.64880 -8.36857 0.150 0.650 0.100
v 66.63143 12.64880 -7.90634 0.150 0.650 0.100
v 66.00000 12.64880 -7.73714 0.150 0.650 0.100
v 65.36857 12.64880 -7.90634 0.150 0.650 0.100
v 64.90634 12.64880 -8.36857 0.150 0.650 0.100
v 64.73714 12.64880 -9.00000 0.150 0.650 0.100
v 64.90634 12.64880 -9.63143 0.150 0.650 0.100
v 65.36857 12.64880 -10.09366 0.150 0.650 0.100
v 66.00000 12.64880 -10.26286 0.150 0.650 0.100
v 66.63143 12.64880 -10.09366 0.150 0.650 0.100
v 67.09366 12.64880 -9.63143 0.150 0.650 0.100
v 68.33345 11.93345 -9.00000 0.150 0.650 0.100
v 68.02083 11.93345 -7.83327 0.150 0.650 0.100
v 67.16673 11.93345 -6.97917 0.150 0.650 0.100
v 66.00000 11.93345 -6.66655 0.150 0.650 0.100
v 64.83327 11.93345 -6.97917 0.150 0.650 0.100
v 63.97917 11.93345 -7.83327 0.150 0.650 0.100
v 63.66655 11.93345 -9.00000 0.150 0.650 0.100
v 63.97917 11.93345 -10.16673 0.150 0.650 0.100
v 64.83327 11.93345 -11.02083 0.150 0.650 0.100
v 66.00000 11.93345 -11.33345 0.150 0.650 0.100
v 67.16673 11.93345 -11.02083 0.150 0.650 0.100
v 68.02083 11.93345 -10.16673 0.150 0.650 0.100
v 69.04880 10.86286 -9.00000 0.150 0.650 0.100
v 68.64034 10.86286 -7.47560 0.150 0.650 0.100
v 67.52440 10.86286 -6.35966 0.150 0.650 0.100
v 66.00000 10.86286 -5.95120 0.150 0.650 0.100
v 64.47560 10.86286 -6.35966 0.150 0.650 0.100
v 63.35966 10.86286 -7.47560 0.150 0.650 0.100
v 62.95120 10.86286 -9.00000 0.150 0.650 0.100
v 63.35966 10.86286 -10.52440 0.150 0.650 0.100
v 64.47560 10.86286 -11.64034 0.150 0.650 0.100
v 66.00000 10.86286 -12.04880 0.150 0.650 0.100
v 67.52440 10.86286 -11.64034 0.150 0.650 0.100
v 68.64034 10.86286 -10.52440 0.150 0.650 0.100
v 69.30000 9.60000 -9.00000 0.150 0.650 0.100
v 68.85788 9.60000 -7.35000 0.150 0.650 0.100
v 67.65000 9.60000 -6.14212 0.150 0.650 0.100
v 66.00000 9.60000 -5.70000 0.150 0.650 0.100
v 64.35000 9.60000 -6.14212 0.150 0.650 0.100
v 63.14212 9.60000 -7.35000 0.150 0.650 0.100
v 62.70000 9.60000 -9.00000 0.150 0.650 0.100
v 63.14212 9.60000 -10.65000 0.150 0.650 0.100
v 64.35000 9.60000 -11.85788 0.150 0.650 0.100
v 66.00000 9.60000 -12.30000 0.150 0.650 0.100
v 67.65000 9.60000 -11.85788 0.150 0.650 0.100
v 68.85788 9.60000 -10.65000 0.150 0.650 0.100
v 69.04880 8.33714 -9.00000 0.150 0.650 0.100
v 68.64034 8.33714 -7.47560 0.150 0.650 0.100
v 67.52440 8.33714 -6.35966 0.150 0.650 0.100
v 66.00000 8.33714 -5.95120 0.150 0.650 0.100
v 64.47560 8.33714 -6.35966 0.150 0.650 0.100
v 63.35966 8.33714 -7.47560 0.150 0.650 0.100
v 62.95120 8.33714 -9.00000 0.150 0.650 0.100
v 63.35966 8.33714 -10.52440 0.150 0.650 0.100
v 64.47560 8.33714 -11.64034 0.150 0.650 0.100
v 66.00000 8.33714 -12.04880 0.150 0.650 0.100
v 67.52440 8.33714 -11.64034 0.150 0.650 0.100
v 68.64034 8.33714 -10.52440 0.150 0.650 0.100
v 68.33345 7.26655 -9.00000 0.150 0.650 0.100
v 68.02083 7.26655 -7.83327 0.150 0.650 0.100
v 67.16673 7.26655 -6.97917 0.150 0.650 0.100
v 66.00000 7.26655 -6.66655 0.150 0.650 0.100
v 64.83327 7.26655 -6.97917 0.150 0.650 0.100
v 63.97917 7.26655 -7.83327 0.150 0.650 0.100
v 63.66655 7.26655 -9.00000 0.150 0.650 0.100
v 63.97917 7.26655 -10.16673 0.150 0.650 0.100
v 64.83327 7.26655 -11.02083 0.150 0.650 0.100
v 66.00000 7.26655 -11.33345 0.150 0.650 0.100
v 67.16673 7.26655 -11.02083 0.150 0.650 0.100
v 68.02083 7.26655 -10.16673 0.150 0.650 0.100
v 67.26286 6.55120 -9.00000 0.150 0.650 0.100
v 67.09366 6.55120 -8.36857 0.150 0.650 0.100
v 66.63143 6.55120 -7.90634 0.150 0.650 0.100
v 66.00000 6.55120 -7.73714 0.150 0.650 0.100
v 65.36857 6.55120 -7.90634 0.150 0.650 0.100
v 64.90634 6.55120 -8.36857 0.150 0.650 0.100
v 64.73714 6.55120 -9.00000 0.150 0.650 0.100
v 64.90634 6.55120 -9.63143 0.150 0.650 0.100
v 65.36857 6.55120 -10.09366 0.150 0.650 0.100
v 66.00000 6.55120 -10.26286 0.150 0.650 0.100
v 66.63143 6.55120 -10.09366 0.150 0.650 0.100
v 67.09366 6.55120 -9.63143 0.150 0.650 0.100
v 66.00000 6.30000 -9.00000 0.150 0.650 0.100
v 66.00000 6.30000 -9.00000 0.150 0.650 0.100
v 66.00000 6.30000 -9.00000 0.150 0.650 0.100
v 66.00000 6.30000 -9.00000 0.150 0.650 0.100
v 66.00000 6.30000 -9.00000 0.150 0.650 0.100
v 66.00000 6.30000 -9.00000 0.150 0.650 0.100
v 66.00000 6.30000 -9.00000 0.150 0.650 0.100
v 66.00000 6.30000 -9.00000 0.150 0.650 0.100
v 66.00000 6.30000 -9.00000 0.150 0.650 0.100
v 66.00000 6.30000 -9.00000 0.150 0.650 0.100
v 66.00000 6.30000 -9.00000 0.150 0.650 0.100
v 66.00000 6.30000 -9.00000 0.150 0.650 0.100
v 66.00000 14.10000 -9.00000 0.180 0.700 0.120
v 66.00000 14.10000 -9.00000 0.180 0.700 0.120
v 66.00000 14.10000 -9.00000 0.180 0.700 0.120
v 66.00000 14.10000 -9.00000 0.180 0.700 0.120
v 66.00000 14.10000 -9.00000 0.180 0.700 0.120
v 66.00000 14.10000 -9.00000 0.180 0.700 0.120
v 66.00000 14.10000 -9.00000 0.180 0.700 0.120
v 66.00000 14.10000 -9.00000 0.180 0.700 0.120
v 66.00000 14.10000 -9.00000 0.180 0.700 0.120
v 66.00000 14.10000 -9.00000 0.180 0.700 0.120
v 67.05000 13.81865 -9.00000 0.180 0.700 0.120
v 66.84947 13.81865 -8.38283 0.180 0.700 0.120
v 66.32447 13.81865 -8.00139 0.180 0.700 0.120
v 65.67553 13.81865 -8.00139 0.180 0.700 0.120
v 65.15053 13.81865 -8.38283 0.180 0.700 0.120
v 64.95000 13.81865 -9.00000 0.180 0.700 0.120
v 65.15053 13.81865 -9.61717 0.180 0.700 0.120
v 65.67553 13.81865 -9.99861 0.180 0.700 0.120
v 66.32447 13.81865 -9.99861 0.180 0.700 0.120
v 66.84947 13.81865 -9.61717 0.180 0.700 0.120
v 67.81865 13.05000 -9.00000 0.180 0.700 0.120
v 67.47132 13.05000 -7.93102 0.180 0.700 0.120
v 66.56199 13.05000 -7.27036 0.180 0.700 0.120
v 65.43801 13.05000 -7.27036 0.180 0.700 0.120
v 64.52868 13.05000 -7.93102 0.180 0.700 0.120
v 64.18135 13.05000 -9.00000 0.180 0.700 0.120
v 64.52868 13.05000 -10.06898 0.180 0.700 0.120
v 65.43801 13.05000 -10.72964 0.180 0.700 0.120
v 66.56199 13.05000 -10.72964 0.180 0.700 0.120
v 67.47132 13.05000 -10.06898 0.180 0.700 0.120
v 68.10000 12.00000 -9.00000 0.180 0.700 0.120
v 67.69894 12.00000 -7.76565 0.180 0.700 0.120
v 66.64894 12.00000 -7.00278 0.180 0.700 0.120
v 65.35106 12.00000 -7.00278 0.180 0.700 0.120
v 64.30106 12.00000 -7.76565 0.180 0.700 0.120
v 63.90000 12.00000 -9.00000 0.180 0.700 0.120
v 64.30106 12.00000 -10.23435 0.180 0.700 0.120
v 65.35106 12.00000 -10.99722 0.180 0.700 0.120
v 66.64894 12.00000 -10.99722 0.180 0.700 0.120
v 67.69894 12.00000 -10.23435 0.180 0.700 0.120
v 67.81865 10.95000 -9.00000 0.180 0.700 0.120
v 67.47132 10.95000 -7.93102 0.180 0.700 0.120
v 66.56199 10.95000 -7.27036 0.180 0.700 0.120
v 65.43801 10.95000 -7.27036 0.180 0.700 0.120
v 64.52868 10.95000 -7.93102 0.180 0.700 0.120
v 64.18135 10.95000 -9.00000 0.180 0.700 0.120
v 64.52868 10.95000 -10.06898 0.180 0.700 0.120
v 65.43801 10.95000 -10.72964 0.180 0.700 0.120
v 66.56199 10.95000 -10.72964 0.180 0.700 0.120
v 67.47132 10.95000 -10.06898 0.180 0.700 0.120
v 67.05000 10.18135 -9.00000 0.180 0.700 0.120
v 66.84947 10.18135 -8.38283 0.180 0.700 0.120
v 66.32447 10.18135 -8.00139 0.180 0.700 0.120
v 65.67553 10.18135 -8.00139 0.180 0.700 0.120
v 65.15053 10.18135 -8.38283 0.180 0.700 0.120
v 64.95000 10.18135 -9.00000 0.180 0.700 0.120
v 65.15053 10.18135 -9.61717 0.180 0.700 0.120
v 65.67553 10.18135 -9.99861 0.180 0.700 0.120
v 66.32447 10.18135 -9.99861 0.180 0.700 0.120
v 66.84947 10.18135 -9.61717 0.180 0.700 0.120
v 66.00000 9.90000 -9.00000 0.180 0.700 0.120
v 66.00000 9.90000 -9.00000 0.180 0.700 0.120
v 66.00000 9.90000 -9.00000 0.180 0.700 0.120
v 66.00000 9.90000 -9.00000 0.180 0.700 0.120
v 66.00000 9.90000 -9.00000 0.180 0.700 0.120
v 66.00000 9.90000 -9.00000 0.180 0.700 0.120
v 66.00000 9.90000 -9.00000 0.180 0.700 0.120
v 66.00000 9.90000 -9.00000 0.180 0.700 0.120
v 66.00000 9.90000 -9.00000 0.180 0.700 0.120
v 66.00000 9.90000 -9.00000 0.180 0.700 0.120
v -44.10000 -6.00000 -0.90000 0.100 0.650 0.120
v -39.90000 -6.00000 -0.90000 0.100 0.650 0.120
v -39.90000 5.40000 -0.90000 0.100 0.650 0.120
v -44.10000 5.40000 -0.90000 0.100 0.650 0.120
v -39.90000 -6.00000 -5.10000 0.100 0.650 0.120
v -44.10000 -6.00000 -5.10000 0.100 0.650 0.120
v -44.10000 5.40000 -5.10000 0.100 0.650 0.120
v -39.90000 5.40000 -5.10000 0.100 0.650 0.120
v -44.10000 5.40000 -0.90000 0.100 0.650 0.120
v -39.90000 5.40000 -0.90000 0.100 0.650 0.120
v -39.90000 5.40000 -5.10000 0.100 0.650 0.120
v -44.10000 5.40000 -5.10000 0.100 0.650 0.120
v -44.10000 -6.00000 -5.10000 0.100 0.650 0.120
v -39.90000 -6.00000 -5.10000 0.100 0.650 0.120
v -39.90000 -6.00000 -0.90000 0.100 0.650 0.120
v -44.10000 -6.00000 -0.90000 0.100 0.650 0.120
v -39.90000 -6.00000 -0.90000 0.100 0.650 0.120
v -39.90000 -6.00000 -5.10000 0.100 0.650 0.120
v -39.90000 5.40000 -5.10000 0.100 0.650 0.120
v -39.90000 5.40000 -0.90000 0.100 0.650 0.120
v -44.10000 -6.00000 -5.10000 0.100 0.650 0.120
v -44.10000 -6.00000 -0.90000 0.100 0.650 0.120
v -44.10000 5.40000 -0.90000 0.100 0.650 0.120
v -44.10000 5.40000 -5.10000 0.100 0.650 0.120
v -44.70000 5.40000 -0.30000 0.080 0.550 0.100
v -39.30000 5.40000 -0.30000 0.080 0.550 0.100
v -39.30000 6.90000 -0.30000 0.080 0.550 0.100
v -44.70000 6.90000 -0.30000 0.080 0.550 0.100
v -39.30000 5.40000 -5.70000 0.080 0.550 0.100
v -44.70000 5.40000 -5.70000 0.080 0.550 0.100
v -44.70000 6.90000 -5.70000 0.080 0.550 0.100
v -39.30000 6.90000 -5.70000 0.080 0.550 0.100
v -44.70000 6.90000 -0.30000 0.080 0.550 0.100
v -39.30000 6.90000 -0.30000 0.080 0.550 0.100
v -39.30000 6.90000 -5.70000 0.080 0.550 0.100
v -44.70000 6.90000 -5.70000 0.080 0.550 0.100
v -44.70000 5.40000 -5.70000 0.080 0.550 0.100
v -39.30000 5.40000 -5.70000 0.080 0.550 0.100
v -39.30000 5.40000 -0.30000 0.080 0.550 0.100
v -44.70000 5.40000 -0.30000 0.080 0.550 0.100
v -39.30000 5.40000 -0.30000 0.080 0.550 0.100
v -39.30000 5.40000 -5.70000 0.080 0.550 0.100
v -39.30000 6.90000 -5.70000 0.080 0.550 0.100
v -39.30000 6.90000 -0.30000 0.080 0.550 0.100
v -44.70000 5.40000 -5.70000 0.080 0.550 0.100
v -44.70000 5.40000 -0.30000 0.080 0.550 0.100
v -44.70000 6.90000 -0.30000 0.080 0.550 0.100
v -44.70000 6.90000 -5.70000 0.080 0.550 0.100
v -17.10000 -6.00000 8.10000 0.100 0.650 0.120
v -12.90000 -6.00000 8.10000 0.100 0.650 0.120
v -12.90000 7.50000 8.10000 0.100 0.650 0.120
v -17.10000 7.50000 8.10000 0.100 0.650 0.120
v -12.90000 -6.00000 3.90000 0.100 0.650 0.120
v -17.10000 -6.00000 3.90000 0.100 0.650 0.120
v -17.10000 7.50000 3.90000 0.100 0.650 0.120
v -12.90000 7.50000 3.90000 0.100 0.650 0.120
v -17.10000 7.50000 8.10000 0.100 0.650 0.120
v -12.90000 7.50000 8.10000 0.100 0.650 0.120
v -12.90000 7.50000 3.90000 0.100 0.650 0.120
v -17.10000 7.50000 3.90000 0.100 0.650 0.120
v -17.10000 -6.00000 3.90000 0.100 0.650 0.120
v -12.90000 -6.00000 3.90000 0.100 0.650 0.120
v -12.90000 -6.00000 8.10000 0.100 0.650 0.120
v -17.10000 -6.00000 8.10000 0.100 0.650 0.120
v -12.90000 -6.00000 8.10000 0.100 0.650 0.120
v -12.90000 -6.00000 3.90000 0.100 0.650 0.120
v -12.90000 7.50000 3.90000 0.100 0.650 0.120
v -12.90000 7.50000 8.10000 0.100 0.650 0.120
v -17.10000 -6.00000 3.90000 0.100 0.650 0.120
v -17.10000 -6.00000 8.10000 0.100 0.650 0.120
v -17.10000 7.50000 8.10000 0.100 0.650 0.120
v -17.10000 7.50000 3.90000 0.100 0.650 0.120
v -17.70000 7.50000 8.70000 0.080 0.550 0.100
v -12.30000 7.50000 8.70000 0.080 0.550 0.100
v -12.30000 9.00000 8.70000 0.080 0.550 0.100
v -17.70000 9.00000 8.70000 0.080 0.550 0.100
v -12.30000 7.50000 3.30000 0.080 0.550 0.100
v -17.70000 7.50000 3.30000 0.080 0.550 0.100
v -17.70000 9.00000 3.30000 0.080 0.550 0.100
v -12.30000 9.00000 3.30000 0.080 0.550 0.100
v -17.70000 9.00000 8.70000 0.080 0.550 0.100
v -12.30000 9.00000 8.70000 0.080 0.550 0.100
v -12.30000 9.00000 3.30000 0.080 0.550 0.100
v -17.70000 9.00000 3.30000 0.080 0.550 0.100
v -17.70000 7.50000 3.30000 0.080 0.550 0.100
v -12.30000 7.50000 3.30000 0.080 0.550 0.100
v -12.30000 7.50000 8.70000 0.080 0.550 0.100
v -17.70000 7.50000 8.70000 0.080 0.550 0.100
v -12.30000 7.50000 8.70000 0.080 0.550 0.100
v -12.30000 7.50000 3.30000 0.080 0.550 0.100
v -12.30000 9.00000 3.30000 0.080 0.550 0.100
v -12.30000 9.00000 8.70000 0.080 0.550 0.100
v -17.70000 7.50000 3.30000 0.080 0.550 0.100
v -17.70000 7.50000 8.70000 0.080 0.550 0.100
v -17.70000 9.00000 8.70000 0.080 0.550 0.100
v -17.70000 9.00000 3.30000 0.080 0.550 0.100
v 15.90000 -6.00000 -3.90000 0.100 0.650 0.120
v 20.10000 -6.00000 -3.90000 0.100 0.650 0.120
v 20.10000 4.50000 -3.90000 0.100 0.650 0.120
v 15.90000 4.50000 -3.90000 0.100 0.650 0.120
v 20.10000 -6.00000 -8.10000 0.100 0.650 0.120
v 15.90000 -6.00000 -8.10000 0.100 0.650 0.120
v 15.90000 4.50000 -8.10000 0.100 0.650 0.120
v 20.10000 4.50000 -8.10000 0.100 0.650 0.120
v 15.90000 4.50000 -3.90000 0.100 0.650 0.120
v 20.10000 4.50000 -3.90000 0.100 0.650 0.120
v 20.10000 4.50000 -8.10000 0.100 0.650 0.120
v 15.90000 4.50000 -8.10000 0.100 0.650 0.120
v 15.90000 -6.00000 -8.10000 0.100 0.650 0.120
v 20.10000 -6.00000 -8.10000 0.100 0.650 0.120
v 20.10000 -6.00000 -3.90000 0.100 0.650 0.120
v 15.90000 -6.00000 -3.90000 0.100 0.650 0.120
v 20.10000 -6.00000 -3.90000 0.100 0.650 0.120
v 20.10000 -6.00000 -8.10000 0.100 0.650 0.120
v 20.10000 4.50000 -8.10000 0.100 0.650 0.120
v 20.10000 4.50000 -3.90000 0.100 0.650 0.120
v 15.90000 -6.00000 -8.10000 0.100 0.650 0.120
v 15.90000 -6.00000 -3.90000 0.100 0.650 0.120
v 15.90000 4.50000 -3.90000 0.100 0.650 0.120
v 15.90000 4.50000 -8.10000 0.100 0.650 0.120
v 15.30000 4.50000 -3.30000 0.080 0.550 0.100
v 20.70000 4.50000 -3.30000 0.080 0.550 0.100
v 20.70000 6.00000 -3.30000 0.080 0.550 0.100
v 15.30000 6.00000 -3.30000 0.080 0.550 0.100
v 20.70000 4.50000 -8.70000 0.080 0.550 0.100
v 15.30000 4.50000 -8.70000 0.080 0.550 0.100
v 15.30000 6.00000 -8.70000 0.080 0.550 0.100
v 20.70000 6.00000 -8.70000 0.080 0.550 0.100
v 15.30000 6.00000 -3.30000 0.080 0.550 0.100
v 20.70000 6.00000 -3.30000 0.080 0.550 0.100
v 20.70000 6.00000 -8.70000 0.080 0.550 0.100
v 15.30000 6.00000 -8.70000 0.080 0.550 0.100
v 15.30000 4.50000 -8.70000 0.080 0.550 0.100
v 20.70000 4.50000 -8.70000 0.080 0.550 0.100
v 20.70000 4.50000 -3.30000 0.080 0.550 0.100
v 15.30000 4.50000 -3.30000 0.080 0.550 0.100
v 20.70000 4.50000 -3.30000 0.080 0.550 0.100
v 20.70000 4.50000 -8.70000 0.080 0.550 0.100
v 20.70000 6.00000 -8.70000 0.080 0.550 0.100
v 20.70000 6.00000 -3.30000 0.080 0.550 0.100
v 15.30000 4.50000 -8.70000 0.080 0.550 0.100
v 15.30000 4.50000 -3.30000 0.080 0.550 0.100
v 15.30000 6.00000 -3.30000 0.080 0.550 0.100
v 15.30000 6.00000 -8.70000 0.080 0.550 0.100
v 42.90000 -6.00000 6.60000 0.100 0.650 0.120
v 47.10000 -6.00000 6.60000 0.100 0.650 0.120
v 47.10000 9.00000 6.60000 0.100 0.650 0.120
v 42.90000 9.00000 6.60000 0.100 0.650 0.120
v 47.10000 -6.00000 2.40000 0.100 0.650 0.120
v 42.90000 -6.00000 2.40000 0.100 0.650 0.120
v 42.90000 9.00000 2.40000 0.100 0.650 0.120
v 47.10000 9.00000 2.40000 0.100 0.650 0.120
v 42.90000 9.00000 6.60000 0.100 0.650 0.120
v 47.10000 9.00000 6.60000 0.100 0.650 0.120
v 47.10000 9.00000 2.40000 0.100 0.650 0.120
v 42.90000 9.00000 2.40000 0.100 0.650 0.120
v 42.90000 -6.00000 2.40000 0.100 0.650 0.120
v 47.10000 -6.00000 2.40000 0.100 0.650 0.120
v 47.10000 -6.00000 6.60000 0.100 0.650 0.120
v 42.90000 -6.00000 6.60000 0.100 0.650 0.120
v 47.10000 -6.00000 6.60000 0.100 0.650 0.120
v 47.10000 -6.00000 2.40000 0.100 0.650 0.120
v 47.10000 9.00000 2.40000 0.100 0.650 0.120
v 47.10000 9.00000 6.60000 0.100 0.650 0.120
v 42.90000 -6.00000 2.40000 0.100 0.650 0.120
v 42.90000 -6.00000 6.60000 0.100 0.650 0.120
v 42.90000 9.00000 6.60000 0.100 0.650 0.120
v 42.90000 9.00000 2.40000 0.100 0.650 0.120
v 42.30000 9.00000 7.20000 0.080 0.550 0.100
v 47.70000 9.00000 7.20000 0.080 0.550 0.100
v 47.70000 10.50000 7.20000 0.080 0.550 0.100
v 42.30000 10.50000 7.20000 0.080 0.550 0.100
v 47.70000 9.00000 1.80000 0.080 0.550 0.100
v 42.30000 9.00000 1.80000 0.080 0.550 0.100
v 42.30000 10.50000 1.80000 0.080 0.550 0.100
v 47.70000 10.50000 1.80000 0.080 0.550 0.100
v 42.30000 10.50000 7.20000 0.080 0.550 0.100
v 47.70000 10.50000 7.20000 0.080 0.550 0.100
v 47.70000 10.50000 1.80000 0.080 0.550 0.100
v 42.30000 10.50000 1.80000 0.080 0.550 0.100
v 42.30000 9.00000 1.80000 0.080 0.550 0.100
v 47.70000 9.00000 1.80000 0.080 0.550 0.100
v 47.70000 9.00000 7.20000 0.080 0.550 0.100
v 42.30000 9.00000 7.20000 0.080 0.550 0.100
v 47.70000 9.00000 7.20000 0.080 0.550 0.100
v 47.70000 9.00000 1.80000 0.080 0.550 0.100
v 47.70000 10.50000 1.80000 0.080 0.550 0.100
v 47.70000 10.50000 7.20000 0.080 0.550 0.100
v 42.30000 9.00000 1.80000 0.080 0.550 0.100
v 42.30000 9.00000 7.20000 0.080 0.550 0.100
v 42.30000 10.50000 7.20000 0.080 0.550 0.100
v 42.30000 10.50000 1.80000 0.080 0.550 0.100
v 66.90000 -6.00000 -2.40000 0.100 0.650 0.120
v 71.10000 -6.00000 -2.40000 0.100 0.650 0.120
v 71.10000 6.00000 -2.40000 0.100 0.650 0.120
v 66.90000 6.00000 -2.40000 0.100 0.650 0.120
v 71.10000 -6.00000 -6.60000 0.100 0.650 0.120
v 66.90000 -6.00000 -6.60000 0.100 0.650 0.120
v 66.90000 6.00000 -6.60000 0.100 0.650 0.120
v 71.10000 6.00000 -6.60000 0.100 0.650 0.120
v 66.90000 6.00000 -2.40000 0.100 0.650 0.120
v 71.10000 6.00000 -2.40000 0.100 0.650 0.120
v 71.10000 6.00000 -6.60000 0.100 0.650 0.120
v 66.90000 6.00000 -6.60000 0.100 0.650 0.120
v 66.90000 -6.00000 -6.60000 0.100 0.650 0.120
v 71.10000 -6.00000 -6.60000 0.100 0.650 0.120
v 71.10000 -6.00000 -2.40000 0.100 0.650 0.120
v 66.90000 -6.00000 -2.40000 0.100 0.650 0.120
v 71.10000 -6.00000 -2.40000 0.100 0.650 0.120
v 71.10000 -6.00000 -6.60000 0.100 0.650 0.120
v 71.10000 6.00000 -6.60000 0.100 0.650 0.120
v 71.10000 6.00000 -2.40000 0.100 0.650 0.120
v 66.90000 -6.00000 -6.60000 0.100 0.650 0.120
v 66.90000 -6.00000 -2.40000 0.100 0.650 0.120
v 66.90000 6.00000 -2.40000 0.100 0.650 0.120
v 66.90000 6.00000 -6.60000 0.100 0.650 0.120
v 66.30000 6.00000 -1.80000 0.080 0.550 0.100
v 71.70000 6.00000 -1.80000 0.080 0.550 0.100
v 71.70000 7.50000 -1.80000 0.080 0.550 0.100
v 66.30000 7.50000 -1.80000 0.080 0.550 0.100
v 71.70000 6.00000 -7.20000 0.080 0.550 0.100
v 66.30000 6.00000 -7.20000 0.080 0.550 0.100
v 66.30000 7.50000 -7.20000 0.080 0.550 0.100
v 71.70000 7.50000 -7.20000 0.080 0.550 0.100
v 66.30000 7.50000 -1.80000 0.080 0.550 0.100
v 71.70000 7.50000 -1.80000 0.080 0.550 0.100
v 71.70000 7.50000 -7.20000 0.080 0.550 0.100
v 66.30000 7.50000 -7.20000 0.080 0.550 0.100
v 66.30000 6.00000 -7.20000 0.080 0.550 0.100
v 71.70000 6.00000 -7.20000 0.080 0.550 0.100
v 71.70000 6.00000 -1.80000 0.080 0.550 0.100
v 66.30000 6.00000 -1.80000 0.080 0.550 0.100
v 71.70000 6.00000 -1.80000 0.080 0.550 0.100
v 71.70000 6.00000 -7.20000 0.080 0.550 0.100
v 71.70000 7.50000 -7.20000 0.080 0.550 0.100
v 71.70000 7.50000 -1.80000 0.080 0.550 0.100
v 66.30000 6.00000 -7.20000 0.080 0.550 0.100
v 66.30000 6.00000 -1.80000 0.080 0.550 0.100
v 66.30000 7.50000 -1.80000 0.080 0.550 0.100
v 66.30000 7.50000 -7.20000 0.080 0.550 0.100
v -10.80000 8.70000 4.80000 0.950 0.750 0.100
v -7.20000 8.70000 4.80000 0.950 0.750 0.100
v -7.20000 12.30000 4.80000 0.950 0.750 0.100
v -10.80000 12.30000 4.80000 0.950 0.750 0.100
v -7.20000 8.70000 1.20000 0.950 0.750 0.100
v -10.80000 8.70000 1.20000 0.950 0.750 0.100
v -10.80000 12.30000 1.20000 0.950 0.750 0.100
v -7.20000 12.30000 1.20000 0.950 0.750 0.100
v -10.80000 12.30000 4.80000 0.950 0.750 0.100
v -7.20000 12.30000 4.80000 0.950 0.750 0.100
v -7.20000 12.30000 1.20000 0.950 0.750 0.100
v -10.80000 12.30000 1.20000 0.950 0.750 0.100
v -10.80000 8.70000 1.20000 0.950 0.750 0.100
v -7.20000 8.70000 1.20000 0.950 0.750 0.100
v -7.20000 8.70000 4.80000 0.950 0.750 0.100
v -10.80000 8.70000 4.80000 0.950 0.750 0.100
v -7.20000 8.70000 4.80000 0.950 0.750 0.100
v -7.20000 8.70000 1.20000 0.950 0.750 0.100
v -7.20000 12.30000 1.20000 0.950 0.750 0.100
v -7.20000 12.30000 4.80000 0.950 0.750 0.100
v -10.80000 8.70000 1.20000 0.950 0.750 0.100
v -10.80000 8.70000 4.80000 0.950 0.750 0.100
v -10.80000 12.30000 4.80000 0.950 0.750 0.100
v -10.80000 12.30000 1.20000 0.950 0.750 0.100
v -10.86000 8.64000 4.86000 0.300 0.200 0.020
v -7.14000 8.64000 4.86000 0.300 0.200 0.020
v -7.14000 8.94000 4.86000 0.300 0.200 0.020
v -10.86000 8.94000 4.86000 0.300 0.200 0.020
v -7.14000 8.64000 1.14000 0.300 0.200 0.020
v -10.86000 8.64000 1.14000 0.300 0.200 0.020
v -10.86000 8.94000 1.14000 0.300 0.200 0.020
v -7.14000 8.94000 1.14000 0.300 0.200 0.020
v -10.86000 8.94000 4.86000 0.300 0.200 0.020
v -7.14000 8.94000 4.86000 0.300 0.200 0.020
v -7.14000 8.94000 1.14000 0.300 0.200 0.020
v -10.86000 8.94000 1.14000 0.300 0.200 0.020
v -10.86000 8.64000 1.14000 0.300 0.200 0.020
v -7.14000 8.64000 1.14000 0.300 0.200 0.020
v -7.14000 8.64000 4.86000 0.300 0.200 0.020
v -10.86000 8.64000 4.86000 0.300 0.200 0.020
v -7.14000 8.64000 4.86000 0.300 0.200 0.020
v -7.14000 8.64000 1.14000 0.300 0.200 0.020
v -7.14000 8.94000 1.14000 0.300 0.200 0.020
v -7.14000 8.94000 4.86000 0.300 0.200 0.020
v -10.86000 8.64000 1.14000 0.300 0.200 0.020
v -10.86000 8.64000 4.86000 0.300 0.200 0.020
v -10.86000 8.94000 4.86000 0.300 0.200 0.020
v -10.86000 8.94000 1.14000 0.300 0.200 0.020
v -10.86000 12.06000 4.86000 0.300 0.200 0.020
v -7.14000 12.06000 4.86000 0.300 0.200 0.020
v -7.14000 12.36000 4.86000 0.300 0.200 0.020
v -10.86000 12.36000 4.86000 0.300 0.200 0.020
v -7.14000 12.06000 1.14000 0.300 0.200 0.020
v -10.86000 12.06000 1.14000 0.300 0.200 0.020
v -10.86000 12.36000 1.14000 0.300 0.200 0.020
v -7.14000 12.36000 1.14000 0.300 0.200 0.020
v -10.86000 12.36000 4.86000 0.300 0.200 0.020
v -7.14000 12.36000 4.86000 0.300 0.200 0.020
v -7.14000 12.36000 1.14000 0.300 0.200 0.020
v -10.86000 12.36000 1.14000 0.300 0.200 0.020
v -10.86000 12.06000 1.14000 0.300 0.200 0.020
v -7.14000 12.06000 1.14000 0.300 0.200 0.020
v -7.14000 12.06000 4.86000 0.300 0.200 0.020
v -10.86000 12.06000 4.86000 0.300 0.200 0.020
v -7.14000 12.06000 4.86000 0.300 0.200 0.020
v -7.14000 12.06000 1.14000 0.300 0.200 0.020
v -7.14000 12.36000 1.14000 0.300 0.200 0.020
v -7.14000 12.36000 4.86000 0.300 0.200 0.020
v -10.86000 12.06000 1.14000 0.300 0.200 0.020
v -10.86000 12.06000 4.86000 0.300 0.200 0.020
v -10.86000 12.36000 4.86000 0.300 0.200 0.020
v -10.86000 12.36000 1.14000 0.300 0.200 0.020
v -9.36000 9.66000 4.95000 0.980 0.980 0.980
v -8.64000 9.66000 4.95000 0.980 0.980 0.980
v -8.64000 11.34000 4.95000 0.980 0.980 0.980
v -9.36000 11.34000 4.95000 0.980 0.980 0.980
v -8.64000 9.66000 4.74000 0.980 0.980 0.980
v -9.36000 9.66000 4.74000 0.980 0.980 0.980
v -9.36000 11.34000 4.74000 0.980 0.980 0.980
v -8.64000 11.34000 4.74000 0.980 0.980 0.980
v -9.36000 11.34000 4.95000 0.980 0.980 0.980
v -8.64000 11.34000 4.95000 0.980 0.980 0.980
v -8.64000 11.34000 4.74000 0.980 0.980 0.980
v -9.36000 11.34000 4.74000 0.980 0.980 0.980
v -9.36000 9.66000 4.74000 0.980 0.980 0.980
v -8.64000 9.66000 4.74000 0.980 0.980 0.980
v -8.64000 9.66000 4.95000 0.980 0.980 0.980
v -9.36000 9.66000 4.95000 0.980 0.980 0.980
v -8.64000 9.66000 4.95000 0.980 0.980 0.980
v -8.64000 9.66000 4.74000 0.980 0.980 0.980
v -8.64000 11.34000 4.74000 0.980 0.980 0.980
v -8.64000 11.34000 4.95000 0.980 0.980 0.980
v -9.36000 9.66000 4.74000 0.980 0.980 0.980
v -9.36000 9.66000 4.95000 0.980 0.980 0.980
v -9.36000 11.34000 4.95000 0.980 0.980 0.980
v -9.36000 11.34000 4.74000 0.980 0.980 0.980
v -9.66000 10.80000 4.95000 0.980 0.980 0.980
v -8.34000 10.80000 4.95000 0.980 0.980 0.980
v -8.34000 11.40000 4.95000 0.980 0.980 0.980
v -9.66000 11.40000 4.95000 0.980 0.980 0.980
v -8.34000 10.80000 4.74000 0.980 0.980 0.980
v -9.66000 10.80000 4.74000 0.980 0.980 0.980
v -9.66000 11.40000 4.74000 0.980 0.980 0.980
v -8.34000 11.40000 4.74000 0.980 0.980 0.980
v -9.66000 11.40000 4.95000 0.980 0.980 0.980
v -8.34000 11.40000 4.95000 0.980 0.980 0.980
v -8.34000 11.40000 4.74000 0.980 0.980 0.980
v -9.66000 11.40000 4.74000 0.980 0.980 0.980
v -9.66000 10.80000 4.74000 0.980 0.980 0.980
v -8.34000 10.80000 4.74000 0.980 0.980 0.980
v -8.34000 10.80000 4.95000 0.980 0.980 0.980
v -9.66000 10.80000 4.95000 0.980 0.980 0.980
v -8.34000 10.80000 4.95000 0.980 0.980 0.980
v -8.34000 10.80000 4.74000 0.980 0.980 0.980
v -8.34000 11.40000 4.74000 0.980 0.980 0.980
v -8.34000 11.40000 4.95000 0.980 0.980 0.980
v -9.66000 10.80000 4.74000 0.980 0.980 0.980
v -9.66000 10.80000 4.95000 0.980 0.980 0.980
v -9.66000 11.40000 4.95000 0.980 0.980 0.980
v -9.66000 11.40000 4.74000 0.980 0.980 0.980
v -6.30000 8.70000 4.80000 0.950 0.750 0.100
v -2.70000 8.70000 4.80000 0.950 0.750 0.100
v -2.70000 12.30000 4.80000 0.950 0.750 0.100
v -6.30000 12.30000 4.80000 0.950 0.750 0.100
v -2.70000 8.70000 1.20000 0.950 0.750 0.100
v -6.30000 8.70000 1.20000 0.950 0.750 0.100
v -6.30000 12.30000 1.20000 0.950 0.750 0.100
v -2.70000 12.30000 1.20000 0.950 0.750 0.100
v -6.30000 12.30000 4.80000 0.950 0.750 0.100
v -2.70000 12.30000 4.80000 0.950 0.750 0.100
v -2.70000 12.30000 1.20000 0.950 0.750 0.100
v -6.30000 12.30000 1.20000 0.950 0.750 0.100
v -6.30000 8.70000 1.20000 0.950 0.750 0.100
v -2.70000 8.70000 1.20000 0.950 0.750 0.100
v -2.70000 8.70000 4.80000 0.950 0.750 0.100
v -6.30000 8.70000 4.80000 0.950 0.750 0.100
v -2.70000 8.70000 4.80000 0.950 0.750 0.100
v -2.70000 8.70000 1.20000 0.950 0.750 0.100
v -2.70000 12.30000 1.20000 0.950 0.750 0.100
v -2.70000 12.30000 4.80000 0.950 0.750 0.100
v -6.30000 8.70000 1.20000 0.950 0.750 0.100
v -6.30000 8.70000 4.80000 0.950 0.750 0.100
v -6.30000 12.30000 4.80000 0.950 0.750 0.100
v -6.30000 12.30000 1.20000 0.950 0.750 0.100
v -6.36000 8.64000 4.86000 0.300 0.200 0.020
v -2.64000 8.64000 4.86000 0.300 0.200 0.020
v -2.64000 8.94000 4.86000 0.300 0.200 0.020
v -6.36000 8.94000 4.86000 0.300 0.200 0.020
v -2.64000 8.64000 1.14000 0.300 0.200 0.020
v -6.36000 8.64000 1.14000 0.300 0.200 0.020
v -6.36000 8.94000 1.14000 0.300 0.200 0.020
v -2.64000 8.94000 1.14000 0.300 0.200 0.020
v -6.36000 8.94000 4.86000 0.300 0.200 0.020
v -2.64000 8.94000 4.86000 0.300 0.200 0.020
v -2.64000 8.94000 1.14000 0.300 0.200 0.020
v -6.36000 8.94000 1.14000 0.300 0.200 0.020
v -6.36000 8.64000 1.14000 0.300 0.200 0.020
v -2.64000 8.64000 1.14000 0.300 0.200 0.020
v -2.64000 8.64000 4.86000 0.300 0.200 0.020
v -6.36000 8.64000 4.86000 0.300 0.200 0.020
v -2.64000 8.64000 4.86000 0.300 0.200 0.020
v -2.64000 8.64000 1.14000 0.300 0.200 0.020
v -2.64000 8.94000 1.14000 0.300 0.200 0.020
v -2.64000 8.94000 4.86000 0.300 0.200 0.020
v -6.36000 8.64000 1.14000 0.300 0.200 0.020
v -6.36000 8.64000 4.86000 0.300 0.200 0.020
v -6.36000 8.94000 4.86000 0.300 0.200 0.020
v -6.36000 8.94000 1.14000 0.300 0.200 0.020
v -6.36000 12.06000 4.86000 0.300 0.200 0.020
v -2.64000 12.06000 4.86000 0.300 0.200 0.020
v -2.64000 12.36000 4.86000 0.300 0.200 0.020
v -6.36000 12.36000 4.86000 0.300 0.200 0.020
v -2.64000 12.06000 1.14000 0.300 0.200 0.020
v -6.36000 12.06000 1.14000 0.300 0.200 0.020
v -6.36000 12.36000 1.14000 0.300 0.200 0.020
v -2.64000 12.36000 1.14000 0.300 0.200 0.020
v -6.36000 12.36000 4.86000 0.300 0.200 0.020
v -2.64000 12.36000 4.86000 0.300 0.200 0.020
v -2.64000 12.36000 1.14000 0.300 0.200 0.020
v -6.36000 12.36000 1.14000 0.300 0.200 0.020
v -6.36000 12.06000 1.14000 0.300 0.200 0.020
v -2.64000 12.06000 1.14000 0.300 0.200 0.020
v -2.64000 12.06000 4.86000 0.300 0.200 0.020
v -6.36000 12.06000 4.86000 0.300 0.200 0.020
v -2.64000 12.06000 4.86000 0.300 0.200 0.020
v -2.64000 12.06000 1.14000 0.300 0.200 0.020
v -2.64000 12.36000 1.14000 0.300 0.200 0.020
v -2.64000 12.36000 4.86000 0.300 0.200 0.020
v -6.36000 12.06000 1.14000 0.300 0.200 0.020
v -6.36000 12.06000 4.86000 0.300 0.200 0.020
v -6.36000 12.36000 4.86000 0.300 0.200 0.020
v -6.36000 12.36000 1.14000 0.300 0.200 0.020
v -4.86000 9.66000 4.95000 0.980 0.980 0.980
v -4.14000 9.66000 4.95000 0.980 0.980 0.980
v -4.14000 11.34000 4.95000 0.980 0.980 0.980
v -4.86000 11.34000 4.95000 0.980 0.980 0.980
v -4.14000 9.66000 4.74000 0.980 0.980 0.980
v -4.86000 9.66000 4.74000 0.980 0.980 0.980
v -4.86000 11.34000 4.74000 0.980 0.980 0.980
v -4.14000 11.34000 4.74000 0.980 0.980 0.980
v -4.86000 11.34000 4.95000 0.980 0.980 0.980
v -4.14000 11.34000 4.95000 0.980 0.980 0.980
v -4.14000 11.34000 4.74000 0.980 0.980 0.980
v -4.86000 11.34000 4.74000 0.980 0.980 0.980
v -4.86000 9.66000 4.74000 0.980 0.980 0.980
v -4.14000 9.66000 4.74000 0.980 0.980 0.980
v -4.14000 9.66000 4.95000 0.980 0.980 0.980
v -4.86000 9.66000 4.95000 0.980 0.980 0.980
v -4.14000 9.66000 4.95000 0.980 0.980 0.980
v -4.14000 9.66000 4.74000 0.980 0.980 0.980
v -4.14000 11.34000 4.74000 0.980 0.980 0.980
v -4.14000 11.34000 4.95000 0.980 0.980 0.980
v -4.86000 9.66000 4.74000 0.980 0.980 0.980
v -4.86000 9.66000 4.95000 0.980 0.980 0.980
v -4.86000 11.34000 4.95000 0.980 0.980 0.980
v -4.86000 11.34000 4.74000 0.980 0.980 0.980
v -5.16000 10.80000 4.95000 0.980 0.980 0.980
v -3.84000 10.80000 4.95000 0.980 0.980 0.980
v -3.84000 11.40000 4.95000 0.980 0.980 0.980
v -5.16000 11.40000 4.95000 0.980 0.980 0.980
v -3.84000 10.80000 4.74000 0.980 0.980 0.980
v -5.16000 10.80000 4.74000 0.980 0.980 0.980
v -5.16000 11.40000 4.74000 0.980 0.980 0.980
v -3.84000 11.40000 4.74000 0.980 0.980 0.980
v -5.16000 11.40000 4.95000 0.980 0.980 0.980
v -3.84000 11.40000 4.95000 0.980 0.980 0.980
v -3.84000 11.40000 4.74000 0.980 0.980 0.980
v -5.16000 11.40000 4.74000 0.980 0.980 0.980
v -5.16000 10.80000 4.74000 0.980 0.980 0.980
v -3.84000 10.80000 4.74000 0.980 0.980 0.980
v -3.84000 10.80000 4.95000 0.980 0.980 0.980
v -5.16000 10.80000 4.95000 0.980 0.980 0.980
v -3.84000 10.80000 4.95000 0.980 0.980 0.980
v -3.84000 10.80000 4.74000 0.980 0.980 0.980
v -3.84000 11.40000 4.74000 0.980 0.980 0.980
v -3.84000 11.40000 4.95000 0.980 0.980 0.980
v -5.16000 10.80000 4.74000 0.980 0.980 0.980
v -5.16000 10.80000 4.95000 0.980 0.980 0.980
v -5.16000 11.40000 4.95000 0.980 0.980 0.980
v -5.16000 11.40000 4.74000 0.980 0.980 0.980
v -1.80000 8.70000 4.80000 0.950 0.750 0.100
v 1.80000 8.70000 4.80000 0.950 0.750 0.100
v 1.80000 12.30000 4.80000 0.950 0.750 0.100
v -1.80000 12.30000 4.80000 0.950 0.750 0.100
v 1.80000 8.70000 1.20000 0.950 0.750 0.100
v -1.80000 8.70000 1.20000 0.950 0.750 0.100
v -1.80000 12.30000 1.20000 0.950 0.750 0.100
v 1.80000 12.30000 1.20000 0.950 0.750 0.100
v -1.80000 12.30000 4.80000 0.950 0.750 0.100
v 1.80000 12.30000 4.80000 0.950 0.750 0.100
v 1.80000 12.30000 1.20000 0.950 0.750 0.100
v -1.80000 12.30000 1.20000 0.950 0.750 0.100
v -1.80000 8.70000 1.20000 0.950 0.750 0.100
v 1.80000 8.70000 1.20000 0.950 0.750 0.100
v 1.80000 8.70000 4.80000 0.950 0.750 0.100
v -1.80000 8.70000 4.80000 0.950 0.750 0.100
v 1.80000 8.70000 4.80000 0.950 0.750 0.100
v 1.80000 8.70000 1.20000 0.950 0.750 0.100
v 1.80000 12.30000 1.20000 0.950 0.750 0.100
v 1.80000 12.30000 4.80000 0.950 0.750 0.100
v -1.80000 8.70000 1.20000 0.950 0.750 0.100
v -1.80000 8.70000 4.80000 0.950 0.750 0.100
v -1.80000 12.30000 4.80000 0.950 0.750 0.100
v -1.80000 12.30000 1.20000 0.950 0.750 0.100
v -1.86000 8.64000 4.86000 0.300 0.200 0.020
v 1.86000 8.64000 4.86000 0.300 0.200 0.020
v 1.86000 8.94000 4.86000 0.300 0.200 0.020
v -1.86000 8.94000 4.86000 0.300 0.200 0.020
v 1.86000 8.64000 1.14000 0.300 0.200 0.020
v -1.86000 8.64000 1.14000 0.300 0.200 0.020
v -1.86000 8.94000 1.14000 0.300 0.200 0.020
v 1.86000 8.94000 1.14000 0.300 0.200 0.020
v -1.86000 8.94000 4.86000 0.300 0.200 0.020
v 1.86000 8.94000 4.86000 0.300 0.200 0.020
v 1.86000 8.94000 1.14000 0.300 0.200 0.020
v -1.86000 8.94000 1.14000 0.300 0.200 0.020
v -1.86000 8.64000 1.14000 0.300 0.200 0.020
v 1.86000 8.64000 1.14000 0.300 0.200 0.020
v 1.86000 8.64000 4.86000 0.300 0.200 0.020
v -1.86000 8.64000 4.86000 0.300 0.200 0.020
v 1.86000 8.64000 4.86000 0.300 0.200 0.020
v 1.86000 8.64000 1.14000 0.300 0.200 0.020
v 1.86000 8.94000 1.14000 0.300 0.200 0.020
v 1.86000 8.94000 4.86000 0.300 0.200 0.020
v -1.86000 8.64000 1.14000 0.300 0.200 0.020
v -1.86000 8.64000 4.86000 0.300 0.200 0.020
v -1.86000 8.94000 4.86000 0.300 0.200 0.020
v -1.86000 8.94000 1.14000 0.300 0.200 0.020
v -1.86000 12.06000 4.86000 0.300 0.200 0.020
v 1.86000 12.06000 4.86000 0.300 0.200 0.020
v 1.86000 12.36000 4.86000 0.300 0.200 0.020
v -1.86000 12.36000 4.86000 0.300 0.200 0.020
v 1.86000 12.06000 1.14000 0.300 0.200 0.020
v -1.86000 12.06000 1.14000 0.300 0.200 0.020
v -1.86000 12.36000 1.14000 0.300 0.200 0.020
v 1.86000 12.36000 1.14000 0.300 0.200 0.020
v -1.86000 12.36000 4.86000 0.300 0.200 0.020
v 1.86000 12.36000 4.86000 0.300 0.200 0.020
v 1.86000 12.36000 1.14000 0.300 0.200 0.020
v -1.86000 12.36000 1.14000 0.300 0.200 0.020
v -1.86000 12.06000 1.14000 0.300 0.200 0.020
v 1.86000 12.06000 1.14000 0.300 0.200 0.020
v 1.86000 12.06000 4.86000 0.300 0.200 0.020
v -1.86000 12.06000 4.86000 0.300 0.200 0.020
v 1.86000 12.06000 4.86000 0.300 0.200 0.020
v 1.86000 12.06000 1.14000 0.300 0.200 0.020
v 1.86000 12.36000 1.14000 0.300 0.200 0.020
v 1.86000 12.36000 4.86000 0.300 0.200 0.020
v -1.86000 12.06000 1.14000 0.300 0.200 0.020
v -1.86000 12.06000 4.86000 0.300 0.200 0.020
v -1.86000 12.36000 4.86000 0.300 0.200 0.020
v -1.86000 12.36000 1.14000 0.300 0.200 0.020
v -0.36000 9.66000 4.95000 0.980 0.980 0.980
v 0.36000 9.66000 4.95000 0.980 0.980 0.980
v 0.36000 11.34000 4.95000 0.980 0.980 0.980
v -0.36000 11.34000 4.95000 0.980 0.980 0.980
v 0.36000 9.66000 4.74000 0.980 0.980 0.980
v -0.36000 9.66000 4.74000 0.980 0.980 0.980
v -0.36000 11.34000 4.74000 0.980 0.980 0.980
v 0.36000 11.34000 4.74000 0.980 0.980 0.980
v -0.36000 11.34000 4.95000 0.980 0.980 0.980
v 0.36000 11.34000 4.95000 0.980 0.980 0.980
v 0.36000 11.34000 4.74000 0.980 0.980 0.980
v -0.36000 11.34000 4.74000 0.980 0.980 0.980
v -0.36000 9.66000 4.74000 0.980 0.980 0.980
v 0.36000 9.66000 4.74000 0.980 0.980 0.980
v 0.36000 9.66000 4.95000 0.980 0.980 0.980
v -0.36000 9.66000 4.95000 0.980 0.980 0.980
v 0.36000 9.66000 4.95000 0.980 0.980 0.980
v 0.36000 9.66000 4.74000 0.980 0.980 0.980
v 0.36000 11.34000 4.74000 0.980 0.980 0.980
v 0.36000 11.34000 4.95000 0.980 0.980 0.980
v -0.36000 9.66000 4.74000 0.980 0.980 0.980
v -0.36000 9.66000 4.95000 0.980 0.980 0.980
v -0.36000 11.34000 4.95000 0.980 0.980 0.980
v -0.36000 11.34000 4.74000 0.980 0.980 0.980
v -0.66000 10.80000 4.95000 0.980 0.980 0.980
v 0.66000 10.80000 4.95000 0.980 0.980 0.980
v 0.66000 11.40000 4.95000 0.980 0.980 0.980
v -0.66000 11.40000 4.95000 0.980 0.980 0.980
v 0.66000 10.80000 4.74000 0.980 0.980 0.980
v -0.66000 10.80000 4.74000 0.980 0.980 0.980
v -0.66000 11.40000 4.74000 0.980 0.980 0.980
v 0.66000 11.40000 4.74000 0.980 0.980 0.980
v -0.66000 11.40000 4.95000 0.980 0.980 0.980
v 0.66000 11.40000 4.95000 0.980 0.980 0.980
v 0.66000 11.40000 4.74000 0.980 0.980 0.980
v -0.66000 11.40000 4.74000 0.980 0.980 0.980
v -0.66000 10.80000 4.74000 0.980 0.980 0.980
v 0.66000 10.80000 4.74000 0.980 0.980 0.980
v 0.66000 10.80000 4.95000 0.980 0.980 0.980
v -0.66000 10.80000 4.95000 0.980 0.980 0.980
v 0.66000 10.80000 4.95000 0.980 0.980 0.980
v 0.66000 10.80000 4.74000 0.980 0.980 0.980
v 0.66000 11.40000 4.74000 0.980 0.980 0.980
v 0.66000 11.40000 4.95000 0.980 0.980 0.980
v -0.66000 10.80000 4.74000 0.980 0.980 0.980
v -0.66000 10.80000 4.95000 0.980 0.980 0.980
v -0.66000 11.40000 4.95000 0.980 0.980 0.980
v -0.66000 11.40000 4.74000 0.980 0.980 0.980
v 28.20000 8.70000 3.30000 0.950 0.750 0.100
v 31.80000 8.70000 3.30000 0.950 0.750 0.100
v 31.80000 12.30000 3.30000 0.950 0.750 0.100
v 28.20000 12.30000 3.30000 0.950 0.750 0.100
v 31.80000 8.70000 -0.30000 0.950 0.750 0.100
v 28.20000 8.70000 -0.30000 0.950 0.750 0.100
v 28.20000 12.30000 -0.30000 0.950 0.750 0.100
v 31.80000 12.30000 -0.30000 0.950 0.750 0.100
v 28.20000 12.30000 3.30000 0.950 0.750 0.100
v 31.80000 12.30000 3.30000 0.950 0.750 0.100
v 31.80000 12.30000 -0.30000 0.950 0.750 0.100
v 28.20000 12.30000 -0.30000 0.950 0.750 0.100
v 28.20000 8.70000 -0.30000 0.950 0.750 0.100
v 31.80000 8.70000 -0.30000 0.950 0.750 0.100
v 31.80000 8.70000 3.30000 0.950 0.750 0.100
v 28.20000 8.70000 3.30000 0.950 0.750 0.100
v 31.80000 8.70000 3.30000 0.950 0.750 0.100
v 31.80000 8.70000 -0.30000 0.950 0.750 0.100
v 31.80000 12.30000 -0.30000 0.950 0.750 0.100
v 31.80000 12.30000 3.30000 0.950 0.750 0.100
v 28.20000 8.70000 -0.30000 0.950 0.750 0.100
v 28.20000 8.70000 3.30000 0.950 0.750 0.100
v 28.20000 12.30000 3.30000 0.950 0.750 0.100
v 28.20000 12.30000 -0.30000 0.950 0.750 0.100
v 28.14000 8.64000 3.36000 0.300 0.200 0.020
v 31.86000 8.64000 3.36000 0.300 0.200 0.020
v 31.86000 8.94000 3.36000 0.300 0.200 0.020
v 28.14000 8.94000 3.36000 0.300 0.200 0.020
v 31.86000 8.64000 -0.36000 0.300 0.200 0.020
v 28.14000 8.64000 -0.36000 0.300 0.200 0.020
v 28.14000 8.94000 -0.36000 0.300 0.200 0.020
v 31.86000 8.94000 -0.36000 0.300 0.200 0.020
v 28.14000 8.94000 3.36000 0.300 0.200 0.020
v 31.86000 8.94000 3.36000 0.300 0.200 0.020
v 31.86000 8.94000 -0.36000 0.300 0.200 0.020
v 28.14000 8.94000 -0.36000 0.300 0.200 0.020
v 28.14000 8.64000 -0.36000 0.300 0.200 0.020
v 31.86000 8.64000 -0.36000 0.300 0.200 0.020
v 31.86000 8.64000 3.36000 0.300 0.200 0.020
v 28.14000 8.64000 3.36000 0.300 0.200 0.020
v 31.86000 8.64000 3.36000 0.300 0.200 0.020
v 31.86000 8.64000 -0.36000 0.300 0.200 0.020
v 31.86000 8.94000 -0.36000 0.300 0.200 0.020
v 31.86000 8.94000 3.36000 0.300 0.200 0.020
v 28.14000 8.64000 -0.36000 0.300 0.200 0.020
v 28.14000 8.64000 3.36000 0.300 0.200 0.020
v 28.14000 8.94000 3.36000 0.300 0.200 0.020
v 28.14000 8.94000 -0.36000 0.300 0.200 0.020
v 28.14000 12.06000 3.36000 0.300 0.200 0.020
v 31.86000 12.06000 3.36000 0.300 0.200 0.020
v 31.86000 12.36000 3.36000 0.300 0.200 0.020
v 28.14000 12.36000 3.36000 0.300 0.200 0.020
v 31.86000 12.06000 -0.36000 0.300 0.200 0.020
v 28.14000 12.06000 -0.36000 0.300 0.200 0.020
v 28.14000 12.36000 -0.36000 0.300 0.200 0.020
v 31.86000 12.36000 -0.36000 0.300 0.200 0.020
v 28.14000 12.36000 3.36000 0.300 0.200 0.020
v 31.86000 12.36000 3.36000 0.300 0.200 0.020
v 31.86000 12.36000 -0.36000 0.300 0.200 0.020
v 28.14000 12.36000 -0.36000 0.300 0.200 0.020
v 28.14000 12.06000 -0.36000 0.300 0.200 0.020
v 31.86000 12.06000 -0.36000 0.300 0.200 0.020
v 31.86000 12.06000 3.36000 0.300 0.200 0.020
v 28.14000 12.06000 3.36000 0.300 0.200 0.020
v 31.86000 12.06000 3.36000 0.300 0.200 0.020
v 31.86000 12.06000 -0.36000 0.300 0.200 0.020
v 31.86000 12.36000 -0.36000 0.300 0.200 0.020
v 31.86000 12.36000 3.36000 0.300 0.200 0.020
v 28.14000 12.06000 -0.36000 0.300 0.200 0.020
v 28.14000 12.06000 3.36000 0.300 0.200 0.020
v 28.14000 12.36000 3.36000 0.300 0.200 0.020
v 28.14000 12.36000 -0.36000 0.300 0.200 0.020
v 29.64000 9.66000 3.45000 0.980 0.980 0.980
v 30.36000 9.66000 3.45000 0.980 0.980 0.980
v 30.36000 11.34000 3.45000 0.980 0.980 0.980
v 29.64000 11.34000 3.45000 0.980 0.980 0.980
v 30.36000 9.66000 3.24000 0.980 0.980 0.980
v 29.64000 9.66000 3.24000 0.980 0.980 0.980
v 29.64000 11.34000 3.24000 0.980 0.980 0.980
v 30.36000 11.34000 3.24000 0.980 0.980 0.980
v 29.64000 11.34000 3.45000 0.980 0.980 0.980
v 30.36000 11.34000 3.45000 0.980 0.980 0.980
v 30.36000 11.34000 3.24000 0.980 0.980 0.980
v 29.64000 11.34000 3.24000 0.980 0.980 0.980
v 29.64000 9.66000 3.24000 0.980 0.980 0.980
v 30.36000 9.66000 3.24000 0.980 0.980 0.980
v 30.36000 9.66000 3.45000 0.980 0.980 0.980
v 29.64000 9.66000 3.45000 0.980 0.980 0.980
v 30.36000 9.66000 3.45000 0.980 0.980 0.980
v 30.36000 9.66000 3.24000 0.980 0.980 0.980
v 30.36000 11.34000 3.24000 0.980 0.980 0.980
v 30.36000 11.34000 3.45000 0.980 0.980 0.980
v 29.64000 9.66000 3.24000 0.980 0.980 0.980
v 29.64000 9.66000 3.45000 0.980 0.980 0.980
v 29.64000 11.34000 3.45000 0.980 0.980 0.980
v 29.64000 11.34000 3.24000 0.980 0.980 0.980
v 29.34000 10.80000 3.45000 0.980 0.980 0.980
v 30.66000 10.80000 3.45000 0.980 0.980 0.980
v 30.66000 11.40000 3.45000 0.980 0.980 0.980
v 29.34000 11.40000 3.45000 0.980 0.980 0.980
v 30.66000 10.80000 3.24000 0.980 0.980 0.980
v 29.34000 10.80000 3.24000 0.980 0.980 0.980
v 29.34000 11.40000 3.24000 0.980 0.980 0.980
v 30.66000 11.40000 3.24000 0.980 0.980 0.980
v 29.34000 11.40000 3.45000 0.980 0.980 0.980
v 30.66000 11.40000 3.45000 0.980 0.980 0.980
v 30.66000 11.40000 3.24000 0.980 0.980 0.980
v 29.34000 11.40000 3.24000 0.980 0.980 0.980
v 29.34000 10.80000 3.24000 0.980 0.980 0.980
v 30.66000 10.80000 3.24000 0.980 0.980 0.980
v 30.66000 10.80000 3.45000 0.980 0.980 0.980
v 29.34000 10.80000 3.45000 0.980 0.980 0.980
v 30.66000 10.80000 3.45000 0.980 0.980 0.980
v 30.66000 10.80000 3.24000 0.980 0.980 0.980
v 30.66000 11.40000 3.24000 0.980 0.980 0.980
v 30.66000 11.40000 3.45000 0.980 0.980 0.980
v 29.34000 10.80000 3.24000 0.980 0.980 0.980
v 29.34000 10.80000 3.45000 0.980 0.980 0.980
v 29.34000 11.40000 3.45000 0.980 0.980 0.980
v 29.34000 11.40000 3.24000 0.980 0.980 0.980
v -16.80000 8.70000 4.80000 0.720 0.320 0.180
v -13.20000 8.70000 4.80000 0.720 0.320 0.180
v -13.20000 12.30000 4.80000 0.720 0.320 0.180
v -16.80000 12.30000 4.80000 0.720 0.320 0.180
v -13.20000 8.70000 1.20000 0.720 0.320 0.180
v -16.80000 8.70000 1.20000 0.720 0.320 0.180
v -16.80000 12.30000 1.20000 0.720 0.320 0.180
v -13.20000 12.30000 1.20000 0.720 0.320 0.180
v -16.80000 12.30000 4.80000 0.720 0.320 0.180
v -13.20000 12.30000 4.80000 0.720 0.320 0.180
v -13.20000 12.30000 1.20000 0.720 0.320 0.180
v -16.80000 12.30000 1.20000 0.720 0.320 0.180
v -16.80000 8.70000 1.20000 0.720 0.320 0.180
v -13.20000 8.70000 1.20000 0.720 0.320 0.180
v -13.20000 8.70000 4.80000 0.720 0.320 0.180
v -16.80000 8.70000 4.80000 0.720 0.320 0.180
v -13.20000 8.70000 4.80000 0.720 0.320 0.180
v -13.20000 8.70000 1.20000 0.720 0.320 0.180
v -13.20000 12.30000 1.20000 0.720 0.320 0.180
v -13.20000 12.30000 4.80000 0.720 0.320 0.180
v -16.80000 8.70000 1.20000 0.720 0.320 0.180
v -16.80000 8.70000 4.80000 0.720 0.320 0.180
v -16.80000 12.30000 4.80000 0.720 0.320 0.180
v -16.80000 12.30000 1.20000 0.720 0.320 0.180
v -16.86000 10.35000 4.86000 0.550 0.250 0.120
v -13.14000 10.35000 4.86000 0.550 0.250 0.120
v -13.14000 10.65000 4.86000 0.550 0.250 0.120
v -16.86000 10.65000 4.86000 0.550 0.250 0.120
v -13.14000 10.35000 1.14000 0.550 0.250 0.120
v -16.86000 10.35000 1.14000 0.550 0.250 0.120
v -16.86000 10.65000 1.14000 0.550 0.250 0.120
v -13.14000 10.65000 1.14000 0.550 0.250 0.120
v -16.86000 10.65000 4.86000 0.550 0.250 0.120
v -13.14000 10.65000 4.86000 0.550 0.250 0.120
v -13.14000 10.65000 1.14000 0.550 0.250 0.120
v -16.86000 10.65000 1.14000 0.550 0.250 0.120
v -16.86000 10.35000 1.14000 0.550 0.250 0.120
v -13.14000 10.35000 1.14000 0.550 0.250 0.120
v -13.14000 10.35000 4.86000 0.550 0.250 0.120
v -16.86000 10.35000 4.86000 0.550 0.250 0.120
v -13.14000 10.35000 4.86000 0.550 0.250 0.120
v -13.14000 10.35000 1.14000 0.550 0.250 0.120
v -13.14000 10.65000 1.14000 0.550 0.250 0.120
v -13.14000 10.65000 4.86000 0.550 0.250 0.120
v -16.86000 10.35000 1.14000 0.550 0.250 0.120
v -16.86000 10.35000 4.86000 0.550 0.250 0.120
v -16.86000 10.65000 4.86000 0.550 0.250 0.120
v -16.86000 10.65000 1.14000 0.550 0.250 0.120
v -15.15000 8.64000 4.86000 0.550 0.250 0.120
v -14.85000 8.64000 4.86000 0.550 0.250 0.120
v -14.85000 12.36000 4.86000 0.550 0.250 0.120
v -15.15000 12.36000 4.86000 0.550 0.250 0.120
v -14.85000 8.64000 1.14000 0.550 0.250 0.120
v -15.15000 8.64000 1.14000 0.550 0.250 0.120
v -15.15000 12.36000 1.14000 0.550 0.250 0.120
v -14.85000 12.36000 1.14000 0.550 0.250 0.120
v -15.15000 12.36000 4.86000 0.550 0.250 0.120
v -14.85000 12.36000 4.86000 0.550 0.250 0.120
v -14.85000 12.36000 1.14000 0.550 0.250 0.120
v -15.15000 12.36000 1.14000 0.550 0.250 0.120
v -15.15000 8.64000 1.14000 0.550 0.250 0.120
v -14.85000 8.64000 1.14000 0.550 0.250 0.120
v -14.85000 8.64000 4.86000 0.550 0.250 0.120
v -15.15000 8.64000 4.86000 0.550 0.250 0.120
v -14.85000 8.64000 4.86000 0.550 0.250 0.120
v -14.85000 8.64000 1.14000 0.550 0.250 0.120
v -14.85000 12.36000 1.14000 0.550 0.250 0.120
v -14.85000 12.36000 4.86000 0.550 0.250 0.120
v -15.15000 8.64000 1.14000 0.550 0.250 0.120
v -15.15000 8.64000 4.86000 0.550 0.250 0.120
v -15.15000 12.36000 4.86000 0.550 0.250 0.120
v -15.15000 12.36000 1.14000 0.550 0.250 0.120
v 2.70000 8.70000 4.80000 0.720 0.320 0.180
v 6.30000 8.70000 4.80000 0.720 0.320 0.180
v 6.30000 12.30000 4.80000 0.720 0.320 0.180
v 2.70000 12.30000 4.80000 0.720 0.320 0.180
v 6.30000 8.70000 1.20000 0.720 0.320 0.180
v 2.70000 8.70000 1.20000 0.720 0.320 0.180
v 2.70000 12.30000 1.20000 0.720 0.320 0.180
v 6.30000 12.30000 1.20000 0.720 0.320 0.180
v 2.70000 12.30000 4.80000 0.720 0.320 0.180
v 6.30000 12.30000 4.80000 0.720 0.320 0.180
v 6.30000 12.30000 1.20000 0.720 0.320 0.180
v 2.70000 12.30000 1.20000 0.720 0.320 0.180
v 2.70000 8.70000 1.20000 0.720 0.320 0.180
v 6.30000 8.70000 1.20000 0.720 0.320 0.180
v 6.30000 8.70000 4.80000 0.720 0.320 0.180
v 2.70000 8.70000 4.80000 0.720 0.320 0.180
v 6.30000 8.70000 4.80000 0.720 0.320 0.180
v 6.30000 8.70000 1.20000 0.720 0.320 0.180
v 6.30000 12.30000 1.20000 0.720 0.320 0.180
v 6.30000 12.30000 4.80000 0.720 0.320 0.180
v 2.70000 8.70000 1.20000 0.720 0.320 0.180
v 2.70000 8.70000 4.80000 0.720 0.320 0.180
v 2.70000 12.30000 4.80000 0.720 0.320 0.180
v 2.70000 12.30000 1.20000 0.720 0.320 0.180
v 2.64000 10.35000 4.86000 0.550 0.250 0.120
v 6.36000 10.35000 4.86000 0.550 0.250 0.120
v 6.36000 10.65000 4.86000 0.550 0.250 0.120
v 2.64000 10.65000 4.86000 0.550 0.250 0.120
v 6.36000 10.35000 1.14000 0.550 0.250 0.120
v 2.64000 10.35000 1.14000 0.550 0.250 0.120
v 2.64000 10.65000 1.14000 0.550 0.250 0.120
v 6.36000 10.65000 1.14000 0.550 0.250 0.120
v 2.64000 10.65000 4.86000 0.550 0.250 0.120
v 6.36000 10.65000 4.86000 0.550 0.250 0.120
v 6.36000 10.65000 1.14000 0.550 0.250 0.120
v 2.64000 10.65000 1.14000 0.550 0.250 0.120
v 2.64000 10.35000 1.14000 0.550 0.250 0.120
v 6.36000 10.35000 1.14000 0.550 0.250 0.120
v 6.36000 10.35000 4.86000 0.550 0.250 0.120
v 2.64000 10.35000 4.86000 0.550 0.250 0.120
v 6.36000 10.35000 4.86000 0.550 0.250 0.120
v 6.36000 10.35000 1.14000 0.550 0.250 0.120
v 6.36000 10.65000 1.14000 0.550 0.250 0.120
v 6.36000 10.65000 4.86000 0.550 0.250 0.120
v 2.64000 10.35000 1.14000 0.550 0.250 0.120
v 2.64000 10.35000 4.86000 0.550 0.250 0.120
v 2.64000 10.65000 4.86000 0.550 0.250 0.120
v 2.64000 10.65000 1.14000 0.550 0.250 0.120
v 4.35000 8.64000 4.86000 0.550 0.250 0.120
v 4.65000 8.64000 4.86000 0.550 0.250 0.120
v 4.65000 12.36000 4.86000 0.550 0.250 0.120
v 4.35000 12.36000 4.86000 0.550 0.250 0.120
v 4.65000 8.64000 1.14000 0.550 0.250 0.120
v 4.35000 8.64000 1.14000 0.550 0.250 0.120
v 4.35000 12.36000 1.14000 0.550 0.250 0.120
v 4.65000 12.36000 1.14000 0.550 0.250 0.120
v 4.35000 12.36000 4.86000 0.550 0.250 0.120
v 4.65000 12.36000 4.86000 0.550 0.250 0.120
v 4.65000 12.36000 1.14000 0.550 0.250 0.120
v 4.35000 12.36000 1.14000 0.550 0.250 0.120
v 4.35000 8.64000 1.14000 0.550 0.250 0.120
v 4.65000 8.64000 1.14000 0.550 0.250 0.120
v 4.65000 8.64000 4.86000 0.550 0.250 0.120
v 4.35000 8.64000 4.86000 0.550 0.250 0.120
v 4.65000 8.64000 4.86000 0.550 0.250 0.120
v 4.65000 8.64000 1.14000 0.550 0.250 0.120
v 4.65000 12.36000 1.14000 0.550 0.250 0.120
v 4.65000 12.36000 4.86000 0.550 0.250 0.120
v 4.35000 8.64000 1.14000 0.550 0.250 0.120
v 4.35000 8.64000 4.86000 0.550 0.250 0.120
v 4.35000 12.36000 4.86000 0.550 0.250 0.120
v 4.35000 12.36000 1.14000 0.550 0.250 0.120
v 32.70000 8.70000 3.30000 0.720 0.320 0.180
v 36.30000 8.70000 3.30000 0.720 0.320 0.180
v 36.30000 12.30000 3.30000 0.720 0.320 0.180
v 32.70000 12.30000 3.30000 0.720 0.320 0.180
v 36.30000 8.70000 -0.30000 0.720 0.320 0.180
v 32.70000 8.70000 -0.30000 0.720 0.320 0.180
v 32.70000 12.30000 -0.30000 0.720 0.320 0.180
v 36.30000 12.30000 -0.30000 0.720 0.320 0.180
v 32.70000 12.30000 3.30000 0.720 0.320 0.180
v 36.30000 12.30000 3.30000 0.720 0.320 0.180
v 36.30000 12.30000 -0.30000 0.720 0.320 0.180
v 32.70000 12.30000 -0.30000 0.720 0.320 0.180
v 32.70000 8.70000 -0.30000 0.720 0.320 0.180
v 36.30000 8.70000 -0.30000 0.720 0.320 0.180
v 36.30000 8.70000 3.30000 0.720 0.320 0.180
v 32.70000 8.70000 3.30000 0.720 0.320 0.180
v 36.30000 8.70000 3.30000 0.720 0.320 0.180
v 36.30000 8.70000 -0.30000 0.720 0.320 0.180
v 36.30000 12.30000 -0.30000 0.720 0.320 0.180
v 36.30000 12.30000 3.30000 0.720 0.320 0.180
v 32.70000 8.70000 -0.30000 0.720 0.320 0.180
v 32.70000 8.70000 3.30000 0.720 0.320 0.180
v 32.70000 12.30000 3.30000 0.720 0.320 0.180
v 32.70000 12.30000 -0.30000 0.720 0.320 0.180
v 32.64000 10.35000 3.36000 0.550 0.250 0.120
v 36.36000 10.35000 3.36000 0.550 0.250 0.120
v 36.36000 10.65000 3.36000 0.550 0.250 0.120
v 32.64000 10.65000 3.36000 0.550 0.250 0.120
v 36.36000 10.35000 -0.36000 0.550 0.250 0.120
v 32.64000 10.35000 -0.36000 0.550 0.250 0.120
v 32.64000 10.65000 -0.36000 0.550 0.250 0.120
v 36.36000 10.65000 -0.36000 0.550 0.250 0.120
v 32.64000 10.65000 3.36000 0.550 0.250 0.120
v 36.36000 10.65000 3.36000 0.550 0.250 0.120
v 36.36000 10.65000 -0.36000 0.550 0.250 0.120
v 32.64000 10.65000 -0.36000 0.550 0.250 0.120
v 32.64000 10.35000 -0.36000 0.550 0.250 0.120
v 36.36000 10.35000 -0.36000 0.550 0.250 0.120
v 36.36000 10.35000 3.36000 0.550 0.250 0.120
v 32.64000 10.35000 3.36000 0.550 0.250 0.120
v 36.36000 10.35000 3.36000 0.550 0.250 0.120
v 36.36000 10.35000 -0.36000 0.550 0.250 0.120
v 36.36000 10.65000 -0.36000 0.550 0.250 0.120
v 36.36000 10.65000 3.36000 0.550 0.250 0.120
v 32.64000 10.35000 -0.36000 0.550 0.250 0.120
v 32.64000 10.35000 3.36000 0.550 0.250 0.120
v 32.64000 10.65000 3.36000 0.550 0.250 0.120
v 32.64000 10.65000 -0.36000 0.550 0.250 0.120
v 34.35000 8.64000 3.36000 0.550 0.250 0.120
v 34.65000 8.64000 3.36000 0.550 0.250 0.120
v 34.65000 12.36000 3.36000 0.550 0.250 0.120
v 34.35000 12.36000 3.36000 0.550 0.250 0.120
v 34.65000 8.64000 -0.36000 0.550 0.250 0.120
v 34.35000 8.64000 -0.36000 0.550 0.250 0.120
v 34.35000 12.36000 -0.36000 0.550 0.250 0.120
v 34.65000 12.36000 -0.36000 0.550 0.250 0.120
v 34.35000 12.36000 3.36000 0.550 0.250 0.120
v 34.65000 12.36000 3.36000 0.550 0.250 0.120
v 34.65000 12.36000 -0.36000 0.550 0.250 0.120
v 34.35000 12.36000 -0.36000 0.550 0.250 0.120
v 34.35000 8.64000 -0.36000 0.550 0.250 0.120
v 34.65000 8.64000 -0.36000 0.550 0.250 0.120
v 34.65000 8.64000 3.36000 0.550 0.250 0.120
v 34.35000 8.64000 3.36000 0.550 0.250 0.120
v 34.65000 8.64000 3.36000 0.550 0.250 0.120
v 34.65000 8.64000 -0.36000 0.550 0.250 0.120
v 34.65000 12.36000 -0.36000 0.550 0.250 0.120
v 34.65000 12.36000 3.36000 0.550 0.250 0.120
v 34.35000 8.64000 -0.36000 0.550 0.250 0.120
v 34.35000 8.64000 3.36000 0.550 0.250 0.120
v 34.35000 12.36000 3.36000 0.550 0.250 0.120
v 34.35000 12.36000 -0.36000 0.550 0.250 0.120
v -31.35000 -6.00000 0.75000 0.350 0.180 0.050
v -30.30000 -6.00000 0.75000 0.350 0.180 0.050
v -30.30000 -5.25000 0.75000 0.350 0.180 0.050
v -31.35000 -5.25000 0.75000 0.350 0.180 0.050
v -30.30000 -6.00000 -0.75000 0.350 0.180 0.050
v -31.35000 -6.00000 -0.75000 0.350 0.180 0.050
v -31.35000 -5.25000 -0.75000 0.350 0.180 0.050
v -30.30000 -5.25000 -0.75000 0.350 0.180 0.050
v -31.35000 -5.25000 0.75000 0.350 0.180 0.050
v -30.30000 -5.25000 0.75000 0.350 0.180 0.050
v -30.30000 -5.25000 -0.75000 0.350 0.180 0.050
v -31.35000 -5.25000 -0.75000 0.350 0.180 0.050
v -31.35000 -6.00000 -0.75000 0.350 0.180 0.050
v -30.30000 -6.00000 -0.75000 0.350 0.180 0.050
v -30.30000 -6.00000 0.75000 0.350 0.180 0.050
v -31.35000 -6.00000 0.75000 0.350 0.180 0.050
v -30.30000 -6.00000 0.75000 0.350 0.180 0.050
v -30.30000 -6.00000 -0.75000 0.350 0.180 0.050
v -30.30000 -5.25000 -0.75000 0.350 0.180 0.050
v -30.30000 -5.25000 0.75000 0.350 0.180 0.050
v -31.35000 -6.00000 -0.75000 0.350 0.180 0.050
v -31.35000 -6.00000 0.75000 0.350 0.180 0.050
v -31.35000 -5.25000 0.75000 0.350 0.180 0.050
v -31.35000 -5.25000 -0.75000 0.350 0.180 0.050
v -29.70000 -6.00000 0.75000 0.350 0.180 0.050
v -28.65000 -6.00000 0.75000 0.350 0.180 0.050
v -28.65000 -5.25000 0.75000 0.350 0.180 0.050
v -29.70000 -5.25000 0.75000 0.350 0.180 0.050
v -28.65000 -6.00000 -0.75000 0.350 0.180 0.050
v -29.70000 -6.00000 -0.75000 0.350 0.180 0.050
v -29.70000 -5.25000 -0.75000 0.350 0.180 0.050
v -28.65000 -5.25000 -0.75000 0.350 0.180 0.050
v -29.70000 -5.25000 0.75000 0.350 0.180 0.050
v -28.65000 -5.25000 0.75000 0.350 0.180 0.050
v -28.65000 -5.25000 -0.75000 0.350 0.180 0.050
v -29.70000 -5.25000 -0.75000 0.350 0.180 0.050
v -29.70000 -6.00000 -0.75000 0.350 0.180 0.050
v -28.65000 -6.00000 -0.75000 0.350 0.180 0.050
v -28.65000 -6.00000 0.75000 0.350 0.180 0.050
v -29.70000 -6.00000 0.75000 0.350 0.180 0.050
v -28.65000 -6.00000 0.75000 0.350 0.180 0.050
v -28.65000 -6.00000 -0.75000 0.350 0.180 0.050
v -28.65000 -5.25000 -0.75000 0.350 0.180 0.050
v -28.65000 -5.25000 0.75000 0.350 0.180 0.050
v -29.70000 -6.00000 -0.75000 0.350 0.180 0.050
v -29.70000 -6.00000 0.75000 0.350 0.180 0.050
v -29.70000 -5.25000 0.75000 0.350 0.180 0.050
v -29.70000 -5.25000 -0.75000 0.350 0.180 0.050
v -30.00000 -2.25000 0.00000 0.550 0.280 0.080
v -30.00000 -2.25000 0.00000 0.550 0.280 0.080
v -30.00000 -2.25000 0.00000 0.550 0.280 0.080
v -30.00000 -2.25000 0.00000 0.550 0.280 0.080
v -30.00000 -2.25000 0.00000 0.550 0.280 0.080
v -30.00000 -2.25000 0.00000 0.550 0.280 0.080
v -30.00000 -2.25000 0.00000 0.550 0.280 0.080
v -30.00000 -2.25000 0.00000 0.550 0.280 0.080
v -30.00000 -2.25000 0.00000 0.550 0.280 0.080
v -30.00000 -2.25000 0.00000 0.550 0.280 0.080
v -30.00000 -2.25000 0.00000 0.550 0.280 0.080
v -30.00000 -2.25000 0.00000 0.550 0.280 0.080
v -30.00000 -2.25000 0.00000 0.550 0.280 0.080
v -30.00000 -2.25000 0.00000 0.550 0.280 0.080
v -29.44377 -2.33810 0.00000 0.550 0.280 0.080
v -29.49885 -2.33810 0.24134 0.550 0.280 0.080
v -29.65320 -2.33810 0.43488 0.550 0.280 0.080
v -29.87623 -2.33810 0.54228 0.550 0.280 0.080
v -30.12377 -2.33810 0.54228 0.550 0.280 0.080
v -30.34680 -2.33810 0.43488 0.550 0.280 0.080
v -30.50115 -2.33810 0.24134 0.550 0.280 0.080
v -30.55623 -2.33810 0.00000 0.550 0.280 0.080
v -30.50115 -2.33810 -0.24134 0.550 0.280 0.080
v -30.34680 -2.33810 -0.43488 0.550 0.280 0.080
v -30.12377 -2.33810 -0.54228 0.550 0.280 0.080
v -29.87623 -2.33810 -0.54228 0.550 0.280 0.080
v -29.65320 -2.33810 -0.43488 0.550 0.280 0.080
v -29.49885 -2.33810 -0.24134 0.550 0.280 0.080
v -28.94199 -2.59377 0.00000 0.550 0.280 0.080
v -29.04676 -2.59377 0.45905 0.550 0.280 0.080
v -29.34034 -2.59377 0.82719 0.550 0.280 0.080
v -29.76457 -2.59377 1.03149 0.550 0.280 0.080
v -30.23543 -2.59377 1.03149 0.550 0.280 0.080
v -30.65966 -2.59377 0.82719 0.550 0.280 0.080
v -30.95324 -2.59377 0.45905 0.550 0.280 0.080
v -31.05801 -2.59377 0.00000 0.550 0.280 0.080
v -30.95324 -2.59377 -0.45905 0.550 0.280 0.080
v -30.65966 -2.59377 -0.82719 0.550 0.280 0.080
v -30.23543 -2.59377 -1.03149 0.550 0.280 0.080
v -29.76457 -2.59377 -1.03149 0.550 0.280 0.080
v -29.34034 -2.59377 -0.82719 0.550 0.280 0.080
v -29.04676 -2.59377 -0.45905 0.550 0.280 0.080
v -28.54377 -2.99199 0.00000 0.550 0.280 0.080
v -28.68798 -2.99199 0.63183 0.550 0.280 0.080
v -29.09206 -2.99199 1.13853 0.550 0.280 0.080
v -29.67596 -2.99199 1.41972 0.550 0.280 0.080
v -30.32404 -2.99199 1.41972 0.550 0.280 0.080
v -30.90794 -2.99199 1.13853 0.550 0.280 0.080
v -31.31202 -2.99199 0.63183 0.550 0.280 0.080
v -31.45623 -2.99199 0.00000 0.550 0.280 0.080
v -31.31202 -2.99199 -0.63183 0.550 0.280 0.080
v -30.90794 -2.99199 -1.13853 0.550 0.280 0.080
v -30.32404 -2.99199 -1.41972 0.550 0.280 0.080
v -29.67596 -2.99199 -1.41972 0.550 0.280 0.080
v -29.09206 -2.99199 -1.13853 0.550 0.280 0.080
v -28.68798 -2.99199 -0.63183 0.550 0.280 0.080
v -28.28810 -3.49377 0.00000 0.550 0.280 0.080
v -28.45763 -3.49377 0.74277 0.550 0.280 0.080
v -28.93265 -3.49377 1.33842 0.550 0.280 0.080
v -29.61907 -3.49377 1.66898 0.550 0.280 0.080
v -30.38093 -3.49377 1.66898 0.550 0.280 0.080
v -31.06735 -3.49377 1.33842 0.550 0.280 0.080
v -31.54237 -3.49377 0.74277 0.550 0.280 0.080
v -31.71190 -3.49377 0.00000 0.550 0.280 0.080
v -31.54237 -3.49377 -0.74277 0.550 0.280 0.080
v -31.06735 -3.49377 -1.33842 0.550 0.280 0.080
v -30.38093 -3.49377 -1.66898 0.550 0.280 0.080
v -29.61907 -3.49377 -1.66898 0.550 0.280 0.080
v -28.93265 -3.49377 -1.33842 0.550 0.280 0.080
v -28.45763 -3.49377 -0.74277 0.550 0.280 0.080
v -28.20000 -4.05000 0.00000 0.550 0.280 0.080
v -28.37826 -4.05000 0.78099 0.550 0.280 0.080
v -28.87772 -4.05000 1.40730 0.550 0.280 0.080
v -29.59946 -4.05000 1.75487 0.550 0.280 0.080
v -30.40054 -4.05000 1.75487 0.550 0.280 0.080
v -31.12228 -4.05000 1.40730 0.550 0.280 0.080
v -31.62174 -4.05000 0.78099 0.550 0.280 0.080
v -31.80000 -4.05000 0.00000 0.550 0.280 0.080
v -31.62174 -4.05000 -0.78099 0.550 0.280 0.080
v -31.12228 -4.05000 -1.40730 0.550 0.280 0.080
v -30.40054 -4.05000 -1.75487 0.550 0.280 0.080
v -29.59946 -4.05000 -1.75487 0.550 0.280 0.080
v -28.87772 -4.05000 -1.40730 0.550 0.280 0.080
v -28.37826 -4.05000 -0.78099 0.550 0.280 0.080
v -28.28810 -4.60623 0.00000 0.550 0.280 0.080
v -28.45763 -4.60623 0.74277 0.550 0.280 0.080
v -28.93265 -4.60623 1.33842 0.550 0.280 0.080
v -29.61907 -4.60623 1.66898 0.550 0.280 0.080
v -30.38093 -4.60623 1.66898 0.550 0.280 0.080
v -31.06735 -4.60623 1.33842 0.550 0.280 0.080
v -31.54237 -4.60623 0.74277 0.550 0.280 0.080
v -31.71190 -4.60623 0.00000 0.550 0.280 0.080
v -31.54237 -4.60623 -0.74277 0.550 0.280 0.080
v -31.06735 -4.60623 -1.33842 0.550 0.280 0.080
v -30.38093 -4.60623 -1.66898 0.550 0.280 0.080
v -29.61907 -4.60623 -1.66898 0.550 0.280 0.080
v -28.93265 -4.60623 -1.33842 0.550 0.280 0.080
v -28.45763 -4.60623 -0.74277 0.550 0.280 0.080
v -28.54377 -5.10801 0.00000 0.550 0.280 0.080
v -28.68798 -5.10801 0.63183 0.550 0.280 0.080
v -29.09206 -5.10801 1.13853 0.550 0.280 0.080
v -29.67596 -5.10801 1.41972 0.550 0.280 0.080
v -30.32404 -5.10801 1.41972 0.550 0.280 0.080
v -30.90794 -5.10801 1.13853 0.550 0.280 0.080
v -31.31202 -5.10801 0.63183 0.550 0.280 0.080
v -31.45623 -5.10801 0.00000 0.550 0.280 0.080
v -31.31202 -5.10801 -0.63183 0.550 0.280 0.080
v -30.90794 -5.10801 -1.13853 0.550 0.280 0.080
v -30.32404 -5.10801 -1.41972 0.550 0.280 0.080
v -29.67596 -5.10801 -1.41972 0.550 0.280 0.080
v -29.09206 -5.10801 -1.13853 0.550 0.280 0.080
v -28.68798 -5.10801 -0.63183 0.550 0.280 0.080
v -28.94199 -5.50623 0.00000 0.550 0.280 0.080
v -29.04676 -5.50623 0.45905 0.550 0.280 0.080
v -29.34034 -5.50623 0.82719 0.550 0.280 0.080
v -29.76457 -5.50623 1.03149 0.550 0.280 0.080
v -30.23543 -5.50623 1.03149 0.550 0.280 0.080
v -30.65966 -5.50623 0.82719 0.550 0.280 0.080
v -30.95324 -5.50623 0.45905 0.550 0.280 0.080
v -31.05801 -5.50623 0.00000 0.550 0.280 0.080
v -30.95324 -5.50623 -0.45905 0.550 0.280 0.080
v -30.65966 -5.50623 -0.82719 0.550 0.280 0.080
v -30.23543 -5.50623 -1.03149 0.550 0.280 0.080
v -29.76457 -5.50623 -1.03149 0.550 0.280 0.080
v -29.34034 -5.50623 -0.82719 0.550 0.280 0.080
v -29.04676 -5.50623 -0.45905 0.550 0.280 0.080
v -29.44377 -5.76190 0.00000 0.550 0.280 0.080
v -29.49885 -5.76190 0.24134 0.550 0.280 0.080
v -29.65320 -5.76190 0.43488 0.550 0.280 0.080
v -29.87623 -5.76190 0.54228 0.550 0.280 0.080
v -30.12377 -5.76190 0.54228 0.550 0.280 0.080
v -30.34680 -5.76190 0.43488 0.550 0.280 0.080
v -30.50115 -5.76190 0.24134 0.550 0.280 0.080
v -30.55623 -5.76190 0.00000 0.550 0.280 0.080
v -30.50115 -5.76190 -0.24134 0.550 0.280 0.080
v -30.34680 -5.76190 -0.43488 0.550 0.280 0.080
v -30.12377 -5.76190 -0.54228 0.550 0.280 0.080
v -29.87623 -5.76190 -0.54228 0.550 0.280 0.080
v -29.65320 -5.76190 -0.43488 0.550 0.280 0.080
v -29.49885 -5.76190 -0.24134 0.550 0.280 0.080
v -30.00000 -5.85000 0.00000 0.550 0.280 0.080
v -30.00000 -5.85000 0.00000 0.550 0.280 0.080
v -30.00000 -5.85000 0.00000 0.550 0.280 0.080
v -30.00000 -5.85000 0.00000 0.550 0.280 0.080
v -30.00000 -5.85000 0.00000 0.550 0.280 0.080
v -30.00000 -5.85000 0.00000 0.550 0.280 0.080
v -30.00000 -5.85000 0.00000 0.550 0.280 0.080
v -30.00000 -5.85000 0.00000 0.550 0.280 0.080
v -30.00000 -5.85000 -0.00000 0.550 0.280 0.080
v -30.00000 -5.85000 -0.00000 0.550 0.280 0.080
v -30.00000 -5.85000 -0.00000 0.550 0.280 0.080
v -30.00000 -5.85000 -0.00000 0.550 0.280 0.080
v -30.00000 -5.85000 -0.00000 0.550 0.280 0.080
v -30.00000 -5.85000 -0.00000 0.550 0.280 0.080
v -31.05000 -4.86000 1.56000 0.700 0.420 0.180
v -28.95000 -4.86000 1.56000 0.700 0.420 0.180
v -28.95000 -3.66000 1.56000 0.700 0.420 0.180
v -31.05000 -3.66000 1.56000 0.700 0.420 0.180
v -28.95000 -4.86000 1.35000 0.700 0.420 0.180
v -31.05000 -4.86000 1.35000 0.700 0.420 0.180
v -31.05000 -3.66000 1.35000 0.700 0.420 0.180
v -28.95000 -3.66000 1.35000 0.700 0.420 0.180
v -31.05000 -3.66000 1.56000 0.700 0.420 0.180
v -28.95000 -3.66000 1.56000 0.700 0.420 0.180
v -28.95000 -3.66000 1.35000 0.700 0.420 0.180
v -31.05000 -3.66000 1.35000 0.700 0.420 0.180
v -31.05000 -4.86000 1.35000 0.700 0.420 0.180
v -28.95000 -4.86000 1.35000 0.700 0.420 0.180
v -28.95000 -4.86000 1.56000 0.700 0.420 0.180
v -31.05000 -4.86000 1.56000 0.700 0.420 0.180
v -28.95000 -4.86000 1.56000 0.700 0.420 0.180
v -28.95000 -4.86000 1.35000 0.700 0.420 0.180
v -28.95000 -3.66000 1.35000 0.700 0.420 0.180
v -28.95000 -3.66000 1.56000 0.700 0.420 0.180
v -31.05000 -4.86000 1.35000 0.700 0.420 0.180
v -31.05000 -4.86000 1.56000 0.700 0.420 0.180
v -31.05000 -3.66000 1.56000 0.700 0.420 0.180
v -31.05000 -3.66000 1.35000 0.700 0.420 0.180
v -30.90000 -4.35000 1.65000 1.000 1.000 1.000
v -30.30000 -4.35000 1.65000 1.000 1.000 1.000
v -30.30000 -3.84000 1.65000 1.000 1.000 1.000
v -30.90000 -3.84000 1.65000 1.000 1.000 1.000
v -30.30000 -4.35000 1.50000 1.000 1.000 1.000
v -30.90000 -4.35000 1.50000 1.000 1.000 1.000
v -30.90000 -3.84000 1.50000 1.000 1.000 1.000
v -30.30000 -3.84000 1.50000 1.000 1.000 1.000
v -30.90000 -3.84000 1.65000 1.000 1.000 1.000
v -30.30000 -3.84000 1.65000 1.000 1.000 1.000
v -30.30000 -3.84000 1.50000 1.000 1.000 1.000
v -30.90000 -3.84000 1.50000 1.000 1.000 1.000
v -30.90000 -4.35000 1.50000 1.000 1.000 1.000
v -30.30000 -4.35000 1.50000 1.000 1.000 1.000
v -30.30000 -4.35000 1.65000 1.000 1.000 1.000
v -30.90000 -4.35000 1.65000 1.000 1.000 1.000
v -30.30000 -4.35000 1.65000 1.000 1.000 1.000
v -30.30000 -4.35000 1.50000 1.000 1.000 1.000
v -30.30000 -3.84000 1.50000 1.000 1.000 1.000
v -30.30000 -3.84000 1.65000 1.000 1.000 1.000
v -30.90000 -4.35000 1.50000 1.000 1.000 1.000
v -30.90000 -4.35000 1.65000 1.000 1.000 1.000
v -30.90000 -3.84000 1.65000 1.000 1.000 1.000
v -30.90000 -3.84000 1.50000 1.000 1.000 1.000
v -29.70000 -4.35000 1.65000 1.000 1.000 1.000
v -29.10000 -4.35000 1.65000 1.000 1.000 1.000
v -29.10000 -3.84000 1.65000 1.000 1.000 1.000
v -29.70000 -3.84000 1.65000 1.000 1.000 1.000
v -29.10000 -4.35000 1.50000 1.000 1.000 1.000
v -29.70000 -4.35000 1.50000 1.000 1.000 1.000
v -29.70000 -3.84000 1.50000 1.000 1.000 1.000
v -29.10000 -3.84000 1.50000 1.000 1.000 1.000
v -29.70000 -3.84000 1.65000 1.000 1.000 1.000
v -29.10000 -3.84000 1.65000 1.000 1.000 1.000
v -29.10000 -3.84000 1.50000 1.000 1.000 1.000
v -29.70000 -3.84000 1.50000 1.000 1.000 1.000
v -29.70000 -4.35000 1.50000 1.000 1.000 1.000
v -29.10000 -4.35000 1.50000 1.000 1.000 1.000
v -29.10000 -4.35000 1.65000 1.000 1.000 1.000
v -29.70000 -4.35000 1.65000 1.000 1.000 1.000
v -29.10000 -4.35000 1.65000 1.000 1.000 1.000
v -29.10000 -4.35000 1.50000 1.000 1.000 1.000
v -29.10000 -3.84000 1.50000 1.000 1.000 1.000
v -29.10000 -3.84000 1.65000 1.000 1.000 1.000
v -29.70000 -4.35000 1.50000 1.000 1.000 1.000
v -29.70000 -4.35000 1.65000 1.000 1.000 1.000
v -29.70000 -3.84000 1.65000 1.000 1.000 1.000
v -29.70000 -3.84000 1.50000 1.000 1.000 1.000
v -30.84000 -4.29000 1.71000 0.050 0.020 0.000
v -30.36000 -4.29000 1.71000 0.050 0.020 0.000
v -30.36000 -3.90000 1.71000 0.050 0.020 0.000
v -30.84000 -3.90000 1.71000 0.050 0.020 0.000
v -30.36000 -4.29000 1.59000 0.050 0.020 0.000
v -30.84000 -4.29000 1.59000 0.050 0.020 0.000
v -30.84000 -3.90000 1.59000 0.050 0.020 0.000
v -30.36000 -3.90000 1.59000 0.050 0.020 0.000
v -30.84000 -3.90000 1.71000 0.050 0.020 0.000
v -30.36000 -3.90000 1.71000 0.050 0.020 0.000
v -30.36000 -3.90000 1.59000 0.050 0.020 0.000
v -30.84000 -3.90000 1.59000 0.050 0.020 0.000
v -30.84000 -4.29000 1.59000 0.050 0.020 0.000
v -30.36000 -4.29000 1.59000 0.050 0.020 0.000
v -30.36000 -4.29000 1.71000 0.050 0.020 0.000
v -30.84000 -4.29000 1.71000 0.050 0.020 0.000
v -30.36000 -4.29000 1.71000 0.050 0.020 0.000
v -30.36000 -4.29000 1.59000 0.050 0.020 0.000
v -30.36000 -3.90000 1.59000 0.050 0.020 0.000
v -30.36000 -3.90000 1.71000 0.050 0.020 0.000
v -30.84000 -4.29000 1.59000 0.050 0.020 0.000
v -30.84000 -4.29000 1.71000 0.050 0.020 0.000
v -30.84000 -3.90000 1.71000 0.050 0.020 0.000
v -30.84000 -3.90000 1.59000 0.050 0.020 0.000
v -29.64000 -4.29000 1.71000 0.050 0.020 0.000
v -29.16000 -4.29000 1.71000 0.050 0.020 0.000
v -29.16000 -3.90000 1.71000 0.050 0.020 0.000
v -29.64000 -3.90000 1.71000 0.050 0.020 0.000
v -29.16000 -4.29000 1.59000 0.050 0.020 0.000
v -29.64000 -4.29000 1.59000 0.050 0.020 0.000
v -29.64000 -3.90000 1.59000 0.050 0.020 0.000
v -29.16000 -3.90000 1.59000 0.050 0.020 0.000
v -29.64000 -3.90000 1.71000 0.050 0.020 0.000
v -29.16000 -3.90000 1.71000 0.050 0.020 0.000
v -29.16000 -3.90000 1.59000 0.050 0.020 0.000
v -29.64000 -3.90000 1.59000 0.050 0.020 0.000
v -29.64000 -4.29000 1.59000 0.050 0.020 0.000
v -29.16000 -4.29000 1.59000 0.050 0.020 0.000
v -29.16000 -4.29000 1.71000 0.050 0.020 0.000
v -29.64000 -4.29000 1.71000 0.050 0.020 0.000
v -29.16000 -4.29000 1.71000 0.050 0.020 0.000
v -29.16000 -4.29000 1.59000 0.050 0.020 0.000
v -29.16000 -3.90000 1.59000 0.050 0.020 0.000
v -29.16000 -3.90000 1.71000 0.050 0.020 0.000
v -29.64000 -4.29000 1.59000 0.050 0.020 0.000
v -29.64000 -4.29000 1.71000 0.050 0.020 0.000
v -29.64000 -3.90000 1.71000 0.050 0.020 0.000
v -29.64000 -3.90000 1.59000 0.050 0.020 0.000
v -30.96000 -3.90000 1.65000 0.150 0.060 0.000
v -30.24000 -3.90000 1.65000 0.150 0.060 0.000
v -30.24000 -3.66000 1.65000 0.150 0.060 0.000
v -30.96000 -3.66000 1.65000 0.150 0.060 0.000
v -30.24000 -3.90000 1.50000 0.150 0.060 0.000
v -30.96000 -3.90000 1.50000 0.150 0.060 0.000
v -30.96000 -3.66000 1.50000 0.150 0.060 0.000
v -30.24000 -3.66000 1.50000 0.150 0.060 0.000
v -30.96000 -3.66000 1.65000 0.150 0.060 0.000
v -30.24000 -3.66000 1.65000 0.150 0.060 0.000
v -30.24000 -3.66000 1.50000 0.150 0.060 0.000
v -30.96000 -3.66000 1.50000 0.150 0.060 0.000
v -30.96000 -3.90000 1.50000 0.150 0.060 0.000
v -30.24000 -3.90000 1.50000 0.150 0.060 0.000
v -30.24000 -3.90000 1.65000 0.150 0.060 0.000
v -30.96000 -3.90000 1.65000 0.150 0.060 0.000
v -30.24000 -3.90000 1.65000 0.150 0.060 0.000
v -30.24000 -3.90000 1.50000 0.150 0.060 0.000
v -30.24000 -3.66000 1.50000 0.150 0.060 0.000
v -30.24000 -3.66000 1.65000 0.150 0.060 0.000
v -30.96000 -3.90000 1.50000 0.150 0.060 0.000
v -30.96000 -3.90000 1.65000 0.150 0.060 0.000
v -30.96000 -3.66000 1.65000 0.150 0.060 0.000
v -30.96000 -3.66000 1.50000 0.150 0.060 0.000
v -29.76000 -3.90000 1.65000 0.150 0.060 0.000
v -29.04000 -3.90000 1.65000 0.150 0.060 0.000
v -29.04000 -3.66000 1.65000 0.150 0.060 0.000
v -29.76000 -3.66000 1.65000 0.150 0.060 0.000
v -29.04000 -3.90000 1.50000 0.150 0.060 0.000
v -29.76000 -3.90000 1.50000 0.150 0.060 0.000
v -29.76000 -3.66000 1.50000 0.150 0.060 0.000
v -29.04000 -3.66000 1.50000 0.150 0.060 0.000
v -29.76000 -3.66000 1.65000 0.150 0.060 0.000
v -29.04000 -3.66000 1.65000 0.150 0.060 0.000
v -29.04000 -3.66000 1.50000 0.150 0.060 0.000
v -29.76000 -3.66000 1.50000 0.150 0.060 0.000
v -29.76000 -3.90000 1.50000 0.150 0.060 0.000
v -29.04000 -3.90000 1.50000 0.150 0.060 0.000
v -29.04000 -3.90000 1.65000 0.150 0.060 0.000
v -29.76000 -3.90000 1.65000 0.150 0.060 0.000
v -29.04000 -3.90000 1.65000 0.150 0.060 0.000
v -29.04000 -3.90000 1.50000 0.150 0.060 0.000
v -29.04000 -3.66000 1.50000 0.150 0.060 0.000
v -29.04000 -3.66000 1.65000 0.150 0.060 0.000
v -29.76000 -3.90000 1.50000 0.150 0.060 0.000
v -29.76000 -3.90000 1.65000 0.150 0.060 0.000
v -29.76000 -3.66000 1.65000 0.150 0.060 0.000
v -29.76000 -3.66000 1.50000 0.150 0.060 0.000
v -30.66000 -4.86000 1.65000 0.950 0.920 0.850
v -30.30000 -4.86000 1.65000 0.950 0.920 0.850
v -30.30000 -4.56000 1.65000 0.950 0.920 0.850
v -30.66000 -4.56000 1.65000 0.950 0.920 0.850
v -30.30000 -4.86000 1.50000 0.950 0.920 0.850
v -30.66000 -4.86000 1.50000 0.950 0.920 0.850
v -30.66000 -4.56000 1.50000 0.950 0.920 0.850
v -30.30000 -4.56000 1.50000 0.950 0.920 0.850
v -30.66000 -4.56000 1.65000 0.950 0.920 0.850
v -30.30000 -4.56000 1.65000 0.950 0.920 0.850
v -30.30000 -4.56000 1.50000 0.950 0.920 0.850
v -30.66000 -4.56000 1.50000 0.950 0.920 0.850
v -30.66000 -4.86000 1.50000 0.950 0.920 0.850
v -30.30000 -4.86000 1.50000 0.950 0.920 0.850
v -30.30000 -4.86000 1.65000 0.950 0.920 0.850
v -30.66000 -4.86000 1.65000 0.950 0.920 0.850
v -30.30000 -4.86000 1.65000 0.950 0.920 0.850
v -30.30000 -4.86000 1.50000 0.950 0.920 0.850
v -30.30000 -4.56000 1.50000 0.950 0.920 0.850
v -30.30000 -4.56000 1.65000 0.950 0.920 0.850
v -30.66000 -4.86000 1.50000 0.950 0.920 0.850
v -30.66000 -4.86000 1.65000 0.950 0.920 0.850
v -30.66000 -4.56000 1.65000 0.950 0.920 0.850
v -30.66000 -4.56000 1.50000 0.950 0.920 0.850
v -29.70000 -4.86000 1.65000 0.950 0.920 0.850
v -29.34000 -4.86000 1.65000 0.950 0.920 0.850
v -29.34000 -4.56000 1.65000 0.950 0.920 0.850
v -29.70000 -4.56000 1.65000 0.950 0.920 0.850
v -29.34000 -4.86000 1.50000 0.950 0.920 0.850
v -29.70000 -4.86000 1.50000 0.950 0.920 0.850
v -29.70000 -4.56000 1.50000 0.950 0.920 0.850
v -29.34000 -4.56000 1.50000 0.950 0.920 0.850
v -29.70000 -4.56000 1.65000 0.950 0.920 0.850
v -29.34000 -4.56000 1.65000 0.950 0.920 0.850
v -29.34000 -4.56000 1.50000 0.950 0.920 0.850
v -29.70000 -4.56000 1.50000 0.950 0.920 0.850
v -29.70000 -4.86000 1.50000 0.950 0.920 0.850
v -29.34000 -4.86000 1.50000 0.950 0.920 0.850
v -29.34000 -4.86000 1.65000 0.950 0.920 0.850
v -29.70000 -4.86000 1.65000 0.950 0.920 0.850
v -29.34000 -4.86000 1.65000 0.950 0.920 0.850
v -29.34000 -4.86000 1.50000 0.950 0.920 0.850
v -29.34000 -4.56000 1.50000 0.950 0.920 0.850
v -29.34000 -4.56000 1.65000 0.950 0.920 0.850
v -29.70000 -4.86000 1.50000 0.950 0.920 0.850
v -29.70000 -4.86000 1.65000 0.950 0.920 0.850
v -29.70000 -4.56000 1.65000 0.950 0.920 0.850
v -29.70000 -4.56000 1.50000 0.950 0.920 0.850
v -10.35000 -6.00000 2.25000 0.350 0.180 0.050
v -9.30000 -6.00000 2.25000 0.350 0.180 0.050
v -9.30000 -5.25000 2.25000 0.350 0.180 0.050
v -10.35000 -5.25000 2.25000 0.350 0.180 0.050
v -9.30000 -6.00000 0.75000 0.350 0.180 0.050
v -10.35000 -6.00000 0.75000 0.350 0.180 0.050
v -10.35000 -5.25000 0.75000 0.350 0.180 0.050
v -9.30000 -5.25000 0.75000 0.350 0.180 0.050
v -10.35000 -5.25000 2.25000 0.350 0.180 0.050
v -9.30000 -5.25000 2.25000 0.350 0.180 0.050
v -9.30000 -5.25000 0.75000 0.350 0.180 0.050
v -10.35000 -5.25000 0.75000 0.350 0.180 0.050
v -10.35000 -6.00000 0.75000 0.350 0.180 0.050
v -9.30000 -6.00000 0.75000 0.350 0.180 0.050
v -9.30000 -6.00000 2.25000 0.350 0.180 0.050
v -10.35000 -6.00000 2.25000 0.350 0.180 0.050
v -9.30000 -6.00000 2.25000 0.350 0.180 0.050
v -9.30000 -6.00000 0.75000 0.350 0.180 0.050
v -9.30000 -5.25000 0.75000 0.350 0.180 0.050
v -9.30000 -5.25000 2.25000 0.350 0.180 0.050
v -10.35000 -6.00000 0.75000 0.350 0.180 0.050
v -10.35000 -6.00000 2.25000 0.350 0.180 0.050
v -10.35000 -5.25000 2.25000 0.350 0.180 0.050
v -10.35000 -5.25000 0.75000 0.350 0.180 0.050
v -8.70000 -6.00000 2.25000 0.350 0.180 0.050
v -7.65000 -6.00000 2.25000 0.350 0.180 0.050
v -7.65000 -5.25000 2.25000 0.350 0.180 0.050
v -8.70000 -5.25000 2.25000 0.350 0.180 0.050
v -7.65000 -6.00000 0.75000 0.350 0.180 0.050
v -8.70000 -6.00000 0.75000 0.350 0.180 0.050
v -8.70000 -5.25000 0.75000 0.350 0.180 0.050
v -7.65000 -5.25000 0.75000 0.350 0.180 0.050
v -8.70000 -5.25000 2.25000 0.350 0.180 0.050
v -7.65000 -5.25000 2.25000 0.350 0.180 0.050
v -7.65000 -5.25000 0.75000 0.350 0.180 0.050
v -8.70000 -5.25000 0.75000 0.350 0.180 0.050
v -8.70000 -6.00000 0.75000 0.350 0.180 0.050
v -7.65000 -6.00000 0.75000 0.350 0.180 0.050
v -7.65000 -6.00000 2.25000 0.350 0.180 0.050
v -8.70000 -6.00000 2.25000 0.350 0.180 0.050
v -7.65000 -6.00000 2.25000 0.350 0.180 0.050
v -7.65000 -6.00000 0.75000 0.350 0.180 0.050
v -7.65000 -5.25000 0.75000 0.350 0.180 0.050
v -7.65000 -5.25000 2.25000 0.350 0.180 0.050
v -8.70000 -6.00000 0.75000 0.350 0.180 0.050
v -8.70000 -6.00000 2.25000 0.350 0.180 0.050
v -8.70000 -5.25000 2.25000 0.350 0.180 0.050
v -8.70000 -5.25000 0.75000 0.350 0.180 0.050
v -9.00000 -2.25000 1.50000 0.550 0.280 0.080
v -9.00000 -2.25000 1.50000 0.550 0.280 0.080
v -9.00000 -2.25000 1.50000 0.550 0.280 0.080
v -9.00000 -2.25000 1.50000 0.550 0.280 0.080
v -9.00000 -2.25000 1.50000 0.550 0.280 0.080
v -9.00000 -2.25000 1.50000 0.550 0.280 0.080
v -9.00000 -2.25000 1.50000 0.550 0.280 0.080
v -9.00000 -2.25000 1.50000 0.550 0.280 0.080
v -9.00000 -2.25000 1.50000 0.550 0.280 0.080
v -9.00000 -2.25000 1.50000 0.550 0.280 0.080
v -9.00000 -2.25000 1.50000 0.550 0.280 0.080
v -9.00000 -2.25000 1.50000 0.550 0.280 0.080
v -9.00000 -2.25000 1.50000 0.550 0.280 0.080
v -9.00000 -2.25000 1.50000 0.550 0.280 0.080
v -8.44377 -2.33810 1.50000 0.550 0.280 0.080
v -8.49885 -2.33810 1.74134 0.550 0.280 0.080
v -8.65320 -2.33810 1.93488 0.550 0.280 0.080
v -8.87623 -2.33810 2.04228 0.550 0.280 0.080
v -9.12377 -2.33810 2.04228 0.550 0.280 0.080
v -9.34680 -2.33810 1.93488 0.550 0.280 0.080
v -9.50115 -2.33810 1.74134 0.550 0.280 0.080
v -9.55623 -2.33810 1.50000 0.550 0.280 0.080
v -9.50115 -2.33810 1.25866 0.550 0.280 0.080
v -9.34680 -2.33810 1.06512 0.550 0.280 0.080
v -9.12377 -2.33810 0.95772 0.550 0.280 0.080
v -8.87623 -2.33810 0.95772 0.550 0.280 0.080
v -8.65320 -2.33810 1.06512 0.550 0.280 0.080
v -8.49885 -2.33810 1.25866 0.550 0.280 0.080
v -7.94199 -2.59377 1.50000 0.550 0.280 0.080
v -8.04676 -2.59377 1.95905 0.550 0.280 0.080
v -8.34034 -2.59377 2.32719 0.550 0.280 0.080
v -8.76457 -2.59377 2.53149 0.550 0.280 0.080
v -9.23543 -2.59377 2.53149 0.550 0.280 0.080
v -9.65966 -2.59377 2.32719 0.550 0.280 0.080
v -9.95324 -2.59377 1.95905 0.550 0.280 0.080
v -10.05801 -2.59377 1.50000 0.550 0.280 0.080
v -9.95324 -2.59377 1.04095 0.550 0.280 0.080
v -9.65966 -2.59377 0.67281 0.550 0.280 0.080
v -9.23543 -2.59377 0.46851 0.550 0.280 0.080
v -8.76457 -2.59377 0.46851 0.550 0.280 0.080
v -8.34034 -2.59377 0.67281 0.550 0.280 0.080
v -8.04676 -2.59377 1.04095 0.550 0.280 0.080
v -7.54377 -2.99199 1.50000 0.550 0.280 0.080
v -7.68798 -2.99199 2.13183 0.550 0.280 0.080
v -8.09206 -2.99199 2.63853 0.550 0.280 0.080
v -8.67596 -2.99199 2.91972 0.550 0.280 0.080
v -9.32404 -2.99199 2.91972 0.550 0.280 0.080
v -9.90794 -2.99199 2.63853 0.550 0.280 0.080
v -10.31202 -2.99199 2.13183 0.550 0.280 0.080
v -10.45623 -2.99199 1.50000 0.550 0.280 0.080
v -10.31202 -2.99199 0.86817 0.550 0.280 0.080
v -9.90794 -2.99199 0.36147 0.550 0.280 0.080
v -9.32404 -2.99199 0.08028 0.550 0.280 0.080
v -8.67596 -2.99199 0.08028 0.550 0.280 0.080
v -8.09206 -2.99199 0.36147 0.550 0.280 0.080
v -7.68798 -2.99199 0.86817 0.550 0.280 0.080
v -7.28810 -3.49377 1.50000 0.550 0.280 0.080
v -7.45763 -3.49377 2.24277 0.550 0.280 0.080
v -7.93265 -3.49377 2.83842 0.550 0.280 0.080
v -8.61907 -3.49377 3.16898 0.550 0.280 0.080
v -9.38093 -3.49377 3.16898 0.550 0.280 0.080
v -10.06735 -3.49377 2.83842 0.550 0.280 0.080
v -10.54237 -3.49377 2.24277 0.550 0.280 0.080
v -10.71190 -3.49377 1.50000 0.550 0.280 0.080
v -10.54237 -3.49377 0.75723 0.550 0.280 0.080
v -10.06735 -3.49377 0.16158 0.550 0.280 0.080
v -9.38093 -3.49377 -0.16898 0.550 0.280 0.080
v -8.61907 -3.49377 -0.16898 0.550 0.280 0.080
v -7.93265 -3.49377 0.16158 0.550 0.280 0.080
v -7.45763 -3.49377 0.75723 0.550 0.280 0.080
v -7.20000 -4.05000 1.50000 0.550 0.280 0.080
v -7.37826 -4.05000 2.28099 0.550 0.280 0.080
v -7.87772 -4.05000 2.90730 0.550 0.280 0.080
v -8.59946 -4.05000 3.25487 0.550 0.280 0.080
v -9.40054 -4.05000 3.25487 0.550 0.280 0.080
v -10.12228 -4.05000 2.90730 0.550 0.280 0.080
v -10.62174 -4.05000 2.28099 0.550 0.280 0.080
v -10.80000 -4.05000 1.50000 0.550 0.280 0.080
v -10.62174 -4.05000 0.71901 0.550 0.280 0.080
v -10.12228 -4.05000 0.09270 0.550 0.280 0.080
v -9.40054 -4.05000 -0.25487 0.550 0.280 0.080
v -8.59946 -4.05000 -0.25487 0.550 0.280 0.080
v -7.87772 -4.05000 0.09270 0.550 0.280 0.080
v -7.37826 -4.05000 0.71901 0.550 0.280 0.080
v -7.28810 -4.60623 1.50000 0.550 0.280 0.080
v -7.45763 -4.60623 2.24277 0.550 0.280 0.080
v -7.93265 -4.60623 2.83842 0.550 0.280 0.080
v -8.61907 -4.60623 3.16898 0.550 0.280 0.080
v -9.38093 -4.60623 3.16898 0.550 0.280 0.080
v -10.06735 -4.60623 2.83842 0.550 0.280 0.080
v -10.54237 -4.60623 2.24277 0.550 0.280 0.080
v -10.71190 -4.60623 1.50000 0.550 0.280 0.080
v -10.54237 -4.60623 0.75723 0.550 0.280 0.080
v -10.06735 -4.60623 0.16158 0.550 0.280 0.080
v -9.38093 -4.60623 -0.16898 0.550 0.280 0.080
v -8.61907 -4.60623 -0.16898 0.550 0.280 0.080
v -7.93265 -4.60623 0.16158 0.550 0.280 0.080
v -7.45763 -4.60623 0.75723 0.550 0.280 0.080
v -7.54377 -5.10801 1.50000 0.550 0.280 0.080
v -7.68798 -5.10801 2.13183 0.550 0.280 0.080
v -8.09206 -5.10801 2.63853 0.550 0.280 0.080
v -8.67596 -5.10801 2.91972 0.550 0.280 0.080
v -9.32404 -5.10801 2.91972 0.550 0.280 0.080
v -9.90794 -5.10801 2.63853 0.550 0.280 0.080
v -10.31202 -5.10801 2.13183 0.550 0.280 0.080
v -10.45623 -5.10801 1.50000 0.550 0.280 0.080
v -10.31202 -5.10801 0.86817 0.550 0.280 0.080
v -9.90794 -5.10801 0.36147 0.550 0.280 0.080
v -9.32404 -5.10801 0.08028 0.550 0.280 0.080
v -8.67596 -5.10801 0.08028 0.550 0.280 0.080
v -8.09206 -5.10801 0.36147 0.550 0.280 0.080
v -7.68798 -5.10801 0.86817 0.550 0.280 0.080
v -7.94199 -5.50623 1.50000 0.550 0.280 0.080
v -8.04676 -5.50623 1.95905 0.550 0.280 0.080
v -8.34034 -5.50623 2.32719 0.550 0.280 0.080
v -8.76457 -5.50623 2.53149 0.550 0.280 0.080
v -9.23543 -5.50623 2.53149 0.550 0.280 0.080
v -9.65966 -5.50623 2.32719 0.550 0.280 0.080
v -9.95324 -5.50623 1.95905 0.550 0.280 0.080
v -10.05801 -5.50623 1.50000 0.550 0.280 0.080
v -9.95324 -5.50623 1.04095 0.550 0.280 0.080
v -9.65966 -5.50623 0.67281 0.550 0.280 0.080
v -9.23543 -5.50623 0.46851 0.550 0.280 0.080
v -8.76457 -5.50623 0.46851 0.550 0.280 0.080
v -8.34034 -5.50623 0.67281 0.550 0.280 0.080
v -8.04676 -5.50623 1.04095 0.550 0.280 0.080
v -8.44377 -5.76190 1.50000 0.550 0.280 0.080
v -8.49885 -5.76190 1.74134 0.550 0.280 0.080
v -8.65320 -5.76190 1.93488 0.550 0.280 0.080
v -8.87623 -5.76190 2.04228 0.550 0.280 0.080
v -9.12377 -5.76190 2.04228 0.550 0.280 0.080
v -9.34680 -5.76190 1.93488 0.550 0.280 0.080
v -9.50115 -5.76190 1.74134 0.550 0.280 0.080
v -9.55623 -5.76190 1.50000 0.550 0.280 0.080
v -9.50115 -5.76190 1.25866 0.550 0.280 0.080
v -9.34680 -5.76190 1.06512 0.550 0.280 0.080
v -9.12377 -5.76190 0.95772 0.550 0.280 0.080
v -8.87623 -5.76190 0.95772 0.550 0.280 0.080
v -8.65320 -5.76190 1.06512 0.550 0.280 0.080
v -8.49885 -5.76190 1.25866 0.550 0.280 0.080
v -9.00000 -5.85000 1.50000 0.550 0.280 0.080
v -9.00000 -5.85000 1.50000 0.550 0.280 0.080
v -9.00000 -5.85000 1.50000 0.550 0.280 0.080
v -9.00000 -5.85000 1.50000 0.550 0.280 0.080
v -9.00000 -5.85000 1.50000 0.550 0.280 0.080
v -9.00000 -5.85000 1.50000 0.550 0.280 0.080
v -9.00000 -5.85000 1.50000 0.550 0.280 0.080
v -9.00000 -5.85000 1.50000 0.550 0.280 0.080
v -9.00000 -5.85000 1.50000 0.550 0.280 0.080
v -9.00000 -5.85000 1.50000 0.550 0.280 0.080
v -9.00000 -5.85000 1.50000 0.550 0.280 0.080
v -9.00000 -5.85000 1.50000 0.550 0.280 0.080
v -9.00000 -5.85000 1.50000 0.550 0.280 0.080
v -9.00000 -5.85000 1.50000 0.550 0.280 0.080
v -10.05000 -4.86000 3.06000 0.700 0.420 0.180
v -7.95000 -4.86000 3.06000 0.700 0.420 0.180
v -7.95000 -3.66000 3.06000 0.700 0.420 0.180
v -10.05000 -3.66000 3.06000 0.700 0.420 0.180
v -7.95000 -4.86000 2.85000 0.700 0.420 0.180
v -10.05000 -4.86000 2.85000 0.700 0.420 0.180
v -10.05000 -3.66000 2.85000 0.700 0.420 0.180
v -7.95000 -3.66000 2.85000 0.700 0.420 0.180
v -10.05000 -3.66000 3.06000 0.700 0.420 0.180
v -7.95000 -3.66000 3.06000 0.700 0.420 0.180
v -7.95000 -3.66000 2.85000 0.700 0.420 0.180
v -10.05000 -3.66000 2.85000 0.700 0.420 0.180
v -10.05000 -4.86000 2.85000 0.700 0.420 0.180
v -7.95000 -4.86000 2.85000 0.700 0.420 0.180
v -7.95000 -4.86000 3.06000 0.700 0.420 0.180
v -10.05000 -4.86000 3.06000 0.700 0.420 0.180
v -7.95000 -4.86000 3.06000 0.700 0.420 0.180
v -7.95000 -4.86000 2.85000 0.700 0.420 0.180
v -7.95000 -3.66000 2.85000 0.700 0.420 0.180
v -7.95000 -3.66000 3.06000 0.700 0.420 0.180
v -10.05000 -4.86000 2.85000 0.700 0.420 0.180
v -10.05000 -4.86000 3.06000 0.700 0.420 0.180
v -10.05000 -3.66000 3.06000 0.700 0.420 0.180
v -10.05000 -3.66000 2.85000 0.700 0.420 0.180
v -9.90000 -4.35000 3.15000 1.000 1.000 1.000
v -9.30000 -4.35000 3.15000 1.000 1.000 1.000
v -9.30000 -3.84000 3.15000 1.000 1.000 1.000
v -9.90000 -3.84000 3.15000 1.000 1.000 1.000
v -9.30000 -4.35000 3.00000 1.000 1.000 1.000
v -9.90000 -4.35000 3.00000 1.000 1.000 1.000
v -9.90000 -3.84000 3.00000 1.000 1.000 1.000
v -9.30000 -3.84000 3.00000 1.000 1.000 1.000
v -9.90000 -3.84000 3.15000 1.000 1.000 1.000
v -9.30000 -3.84000 3.15000 1.000 1.000 1.000
v -9.30000 -3.84000 3.00000 1.000 1.000 1.000
v -9.90000 -3.84000 3.00000 1.000 1.000 1.000
v -9.90000 -4.35000 3.00000 1.000 1.000 1.000
v -9.30000 -4.35000 3.00000 1.000 1.000 1.000
v -9.30000 -4.35000 3.15000 1.000 1.000 1.000
v -9.90000 -4.35000 3.15000 1.000 1.000 1.000
v -9.30000 -4.35000 3.15000 1.000 1.000 1.000
v -9.30000 -4.35000 3.00000 1.000 1.000 1.000
v -9.30000 -3.84000 3.00000 1.000 1.000 1.000
v -9.30000 -3.84000 3.15000 1.000 1.000 1.000
v -9.90000 -4.35000 3.00000 1.000 1.000 1.000
v -9.90000 -4.35000 3.15000 1.000 1.000 1.000
v -9.90000 -3.84000 3.15000 1.000 1.000 1.000
v -9.90000 -3.84000 3.00000 1.000 1.000 1.000
v -8.70000 -4.35000 3.15000 1.000 1.000 1.000
v -8.10000 -4.35000 3.15000 1.000 1.000 1.000
v -8.10000 -3.84000 3.15000 1.000 1.000 1.000
v -8.70000 -3.84000 3.15000 1.000 1.000 1.000
v -8.10000 -4.35000 3.00000 1.000 1.000 1.000
v -8.70000 -4.35000 3.00000 1.000 1.000 1.000
v -8.70000 -3.84000 3.00000 1.000 1.000 1.000
v -8.10000 -3.84000 3.00000 1.000 1.000 1.000
v -8.70000 -3.84000 3.15000 1.000 1.000 1.000
v -8.10000 -3.84000 3.15000 1.000 1.000 1.000
v -8.10000 -3.84000 3.00000 1.000 1.000 1.000
v -8.70000 -3.84000 3.00000 1.000 1.000 1.000
v -8.70000 -4.35000 3.00000 1.000 1.000 1.000
v -8.10000 -4.35000 3.00000 1.000 1.000 1.000
v -8.10000 -4.35000 3.15000 1.000 1.000 1.000
v -8.70000 -4.35000 3.15000 1.000 1.000 1.000
v -8.10000 -4.35000 3.15000 1.000 1.000 1.000
v -8.10000 -4.35000 3.00000 1.000 1.000 1.000
v -8.10000 -3.84000 3.00000 1.000 1.000 1.000
v -8.10000 -3.84000 3.15000 1.000 1.000 1.000
v -8.70000 -4.35000 3.00000 1.000 1.000 1.000
v -8.70000 -4.35000 3.15000 1.000 1.000 1.000
v -8.70000 -3.84000 3.15000 1.000 1.000 1.000
v -8.70000 -3.84000 3.00000 1.000 1.000 1.000
v -9.84000 -4.29000 3.21000 0.050 0.020 0.000
v -9.36000 -4.29000 3.21000 0.050 0.020 0.000
v -9.36000 -3.90000 3.21000 0.050 0.020 0.000
v -9.84000 -3.90000 3.21000 0.050 0.020 0.000
v -9.36000 -4.29000 3.09000 0.050 0.020 0.000
v -9.84000 -4.29000 3.09000 0.050 0.020 0.000
v -9.84000 -3.90000 3.09000 0.050 0.020 0.000
v -9.36000 -3.90000 3.09000 0.050 0.020 0.000
v -9.84000 -3.90000 3.21000 0.050 0.020 0.000
v -9.36000 -3.90000 3.21000 0.050 0.020 0.000
v -9.36000 -3.90000 3.09000 0.050 0.020 0.000
v -9.84000 -3.90000 3.09000 0.050 0.020 0.000
v -9.84000 -4.29000 3.09000 0.050 0.020 0.000
v -9.36000 -4.29000 3.09000 0.050 0.020 0.000
v -9.36000 -4.29000 3.21000 0.050 0.020 0.000
v -9.84000 -4.29000 3.21000 0.050 0.020 0.000
v -9.36000 -4.29000 3.21000 0.050 0.020 0.000
v -9.36000 -4.29000 3.09000 0.050 0.020 0.000
v -9.36000 -3.90000 3.09000 0.050 0.020 0.000
v -9.36000 -3.90000 3.21000 0.050 0.020 0.000
v -9.84000 -4.29000 3.09000 0.050 0.020 0.000
v -9.84000 -4.29000 3.21000 0.050 0.020 0.000
v -9.84000 -3.90000 3.21000 0.050 0.020 0.000
v -9.84000 -3.90000 3.09000 0.050 0.020 0.000
v -8.64000 -4.29000 3.21000 0.050 0.020 0.000
v -8.16000 -4.29000 3.21000 0.050 0.020 0.000
v -8.16000 -3.90000 3.21000 0.050 0.020 0.000
v -8.64000 -3.90000 3.21000 0.050 0.020 0.000
v -8.16000 -4.29000 3.09000 0.050 0.020 0.000
v -8.64000 -4.29000 3.09000 0.050 0.020 0.000
v -8.64000 -3.90000 3.09000 0.050 0.020 0.000
v -8.16000 -3.90000 3.09000 0.050 0.020 0.000
v -8.64000 -3.90000 3.21000 0.050 0.020 0.000
v -8.16000 -3.90000 3.21000 0.050 0.020 0.000
v -8.16000 -3.90000 3.09000 0.050 0.020 0.000
v -8.64000 -3.90000 3.09000 0.050 0.020 0.000
v -8.64000 -4.29000 3.09000 0.050 0.020 0.000
v -8.16000 -4.29000 3.09000 0.050 0.020 0.000
v -8.16000 -4.29000 3.21000 0.050 0.020 0.000
v -8.64000 -4.29000 3.21000 0.050 0.020 0.000
v -8.16000 -4.29000 3.21000 0.050 0.020 0.000
v -8.16000 -4.29000 3.09000 0.050 0.020 0.000
v -8.16000 -3.90000 3.09000 0.050 0.020 0.000
v -8.16000 -3.90000 3.21000 0.050 0.020 0.000
v -8.64000 -4.29000 3.09000 0.050 0.020 0.000
v -8.64000 -4.29000 3.21000 0.050 0.020 0.000
v -8.64000 -3.90000 3.21000 0.050 0.020 0.000
v -8.64000 -3.90000 3.09000 0.050 0.020 0.000
v -9.96000 -3.90000 3.15000 0.150 0.060 0.000
v -9.24000 -3.90000 3.15000 0.150 0.060 0.000
v -9.24000 -3.66000 3.15000 0.150 0.060 0.000
v -9.96000 -3.66000 3.15000 0.150 0.060 0.000
v -9.24000 -3.90000 3.00000 0.150 0.060 0.000
v -9.96000 -3.90000 3.00000 0.150 0.060 0.000
v -9.96000 -3.66000 3.00000 0.150 0.060 0.000
v -9.24000 -3.66000 3.00000 0.150 0.060 0.000
v -9.96000 -3.66000 3.15000 0.150 0.060 0.000
v -9.24000 -3.66000 3.15000 0.150 0.060 0.000
v -9.24000 -3.66000 3.00000 0.150 0.060 0.000
v -9.96000 -3.66000 3.00000 0.150 0.060 0.000
v -9.96000 -3.90000 3.00000 0.150 0.060 0.000
v -9.24000 -3.90000 3.00000 0.150 0.060 0.000
v -9.24000 -3.90000 3.15000 0.150 0.060 0.000
v -9.96000 -3.90000 3.15000 0.150 0.060 0.000
v -9.24000 -3.90000 3.15000 0.150 0.060 0.000
v -9.24000 -3.90000 3.00000 0.150 0.060 0.000
v -9.24000 -3.66000 3.00000 0.150 0.060 0.000
v -9.24000 -3.66000 3.15000 0.150 0.060 0.000
v -9.96000 -3.90000 3.00000 0.150 0.060 0.000
v -9.96000 -3.90000 3.15000 0.150 0.060 0.000
v -9.96000 -3.66000 3.15000 0.150 0.060 0.000
v -9.96000 -3.66000 3.00000 0.150 0.060 0.000
v -8.76000 -3.90000 3.15000 0.150 0.060 0.000
v -8.04000 -3.90000 3.15000 0.150 0.060 0.000
v -8.04000 -3.66000 3.15000 0.150 0.060 0.000
v -8.76000 -3.66000 3.15000 0.150 0.060 0.000
v -8.04000 -3.90000 3.00000 0.150 0.060 0.000
v -8.76000 -3.90000 3.00000 0.150 0.060 0.000
v -8.76000 -3.66000 3.00000 0.150 0.060 0.000
v -8.04000 -3.66000 3.00000 0.150 0.060 0.000
v -8.76000 -3.66000 3.15000 0.150 0.060 0.000
v -8.04000 -3.66000 3.15000 0.150 0.060 0.000
v -8.04000 -3.66000 3.00000 0.150 0.060 0.000
v -8.76000 -3.66000 3.00000 0.150 0.060 0.000
v -8.76000 -3.90000 3.00000 0.150 0.060 0.000
v -8.04000 -3.90000 3.00000 0.150 0.060 0.000
v -8.04000 -3.90000 3.15000 0.150 0.060 0.000
v -8.76000 -3.90000 3.15000 0.150 0.060 0.000
v -8.04000 -3.90000 3.15000 0.150 0.060 0.000
v -8.04000 -3.90000 3.00000 0.150 0.060 0.000
v -8.04000 -3.66000 3.00000 0.150 0.060 0.000
v -8.04000 -3.66000 3.15000 0.150 0.060 0.000
v -8.76000 -3.90000 3.00000 0.150 0.060 0.000
v -8.76000 -3.90000 3.15000 0.150 0.060 0.000
v -8.76000 -3.66000 3.15000 0.150 0.060 0.000
v -8.76000 -3.66000 3.00000 0.150 0.060 0.000
v -9.66000 -4.86000 3.15000 0.950 0.920 0.850
v -9.30000 -4.86000 3.15000 0.950 0.920 0.850
v -9.30000 -4.56000 3.15000 0.950 0.920 0.850
v -9.66000 -4.56000 3.15000 0.950 0.920 0.850
v -9.30000 -4.86000 3.00000 0.950 0.920 0.850
v -9.66000 -4.86000 3.00000 0.950 0.920 0.850
v -9.66000 -4.56000 3.00000 0.950 0.920 0.850
v -9.30000 -4.56000 3.00000 0.950 0.920 0.850
v -9.66000 -4.56000 3.15000 0.950 0.920 0.850
v -9.30000 -4.56000 3.15000 0.950 0.920 0.850
v -9.30000 -4.56000 3.00000 0.950 0.920 0.850
v -9.66000 -4.56000 3.00000 0.950 0.920 0.850
v -9.66000 -4.86000 3.00000 0.950 0.920 0.850
v -9.30000 -4.86000 3.00000 0.950 0.920 0.850
v -9.30000 -4.86000 3.15000 0.950 0.920 0.850
v -9.66000 -4.86000 3.15000 0.950 0.920 0.850
v -9.30000 -4.86000 3.15000 0.950 0.920 0.850
v -9.30000 -4.86000 3.00000 0.950 0.920 0.850
v -9.30000 -4.56000 3.00000 0.950 0.920 0.850
v -9.30000 -4.56000 3.15000 0.950 0.920 0.850
v -9.66000 -4.86000 3.00000 0.950 0.920 0.850
v -9.66000 -4.86000 3.15000 0.950 0.920 0.850
v -9.66000 -4.56000 3.15000 0.950 0.920 0.850
v -9.66000 -4.56000 3.00000 0.950 0.920 0.850
v -8.70000 -4.86000 3.15000 0.950 0.920 0.850
v -8.34000 -4.86000 3.15000 0.950 0.920 0.850
v -8.34000 -4.56000 3.15000 0.950 0.920 0.850
v -8.70000 -4.56000 3.15000 0.950 0.920 0.850
v -8.34000 -4.86000 3.00000 0.950 0.920 0.850
v -8.70000 -4.86000 3.00000 0.950 0.920 0.850
v -8.70000 -4.56000 3.00000 0.950 0.920 0.850
v -8.34000 -4.56000 3.00000 0.950 0.920 0.850
v -8.70000 -4.56000 3.15000 0.950 0.920 0.850
v -8.34000 -4.56000 3.15000 0.950 0.920 0.850
v -8.34000 -4.56000 3.00000 0.950 0.920 0.850
v -8.70000 -4.56000 3.00000 0.950 0.920 0.850
v -8.70000 -4.86000 3.00000 0.950 0.920 0.850
v -8.34000 -4.86000 3.00000 0.950 0.920 0.850
v -8.34000 -4.86000 3.15000 0.950 0.920 0.850
v -8.70000 -4.86000 3.15000 0.950 0.920 0.850
v -8.34000 -4.86000 3.15000 0.950 0.920 0.850
v -8.34000 -4.86000 3.00000 0.950 0.920 0.850
v -8.34000 -4.56000 3.00000 0.950 0.920 0.850
v -8.34000 -4.56000 3.15000 0.950 0.920 0.850
v -8.70000 -4.86000 3.00000 0.950 0.920 0.850
v -8.70000 -4.86000 3.15000 0.950 0.920 0.850
v -8.70000 -4.56000 3.15000 0.950 0.920 0.850
v -8.70000 -4.56000 3.00000 0.950 0.920 0.850
v 9.15000 -6.00000 0.75000 0.350 0.180 0.050
v 10.20000 -6.00000 0.75000 0.350 0.180 0.050
v 10.20000 -5.25000 0.75000 0.350 0.180 0.050
v 9.15000 -5.25000 0.75000 0.350 0.180 0.050
v 10.20000 -6.00000 -0.75000 0.350 0.180 0.050
v 9.15000 -6.00000 -0.75000 0.350 0.180 0.050
v 9.15000 -5.25000 -0.75000 0.350 0.180 0.050
v 10.20000 -5.25000 -0.75000 0.350 0.180 0.050
v 9.15000 -5.25000 0.75000 0.350 0.180 0.050
v 10.20000 -5.25000 0.75000 0.350 0.180 0.050
v 10.20000 -5.25000 -0.75000 0.350 0.180 0.050
v 9.15000 -5.25000 -0.75000 0.350 0.180 0.050
v 9.15000 -6.00000 -0.75000 0.350 0.180 0.050
v 10.20000 -6.00000 -0.75000 0.350 0.180 0.050
v 10.20000 -6.00000 0.75000 0.350 0.180 0.050
v 9.15000 -6.00000 0.75000 0.350 0.180 0.050
v 10.20000 -6.00000 0.75000 0.350 0.180 0.050
v 10.20000 -6.00000 -0.75000 0.350 0.180 0.050
v 10.20000 -5.25000 -0.75000 0.350 0.180 0.050
v 10.20000 -5.25000 0.75000 0.350 0.180 0.050
v 9.15000 -6.00000 -0.75000 0.350 0.180 0.050
v 9.15000 -6.00000 0.75000 0.350 0.180 0.050
v 9.15000 -5.25000 0.75000 0.350 0.180 0.050
v 9.15000 -5.25000 -0.75000 0.350 0.180 0.050
v 10.80000 -6.00000 0.75000 0.350 0.180 0.050
v 11.85000 -6.00000 0.75000 0.350 0.180 0.050
v 11.85000 -5.25000 0.75000 0.350 0.180 0.050
v 10.80000 -5.25000 0.75000 0.350 0.180 0.050
v 11.85000 -6.00000 -0.75000 0.350 0.180 0.050
v 10.80000 -6.00000 -0.75000 0.350 0.180 0.050
v 10.80000 -5.25000 -0.75000 0.350 0.180 0.050
v 11.85000 -5.25000 -0.75000 0.350 0.180 0.050
v 10.80000 -5.25000 0.75000 0.350 0.180 0.050
v 11.85000 -5.25000 0.75000 0.350 0.180 0.050
v 11.85000 -5.25000 -0.75000 0.350 0.180 0.050
v 10.80000 -5.25000 -0.75000 0.350 0.180 0.050
v 10.80000 -6.00000 -0.75000 0.350 0.180 0.050
v 11.85000 -6.00000 -0.75000 0.350 0.180 0.050
v 11.85000 -6.00000 0.75000 0.350 0.180 0.050
v 10.80000 -6.00000 0.75000 0.350 0.180 0.050
v 11.85000 -6.00000 0.75000 0.350 0.180 0.050
v 11.85000 -6.00000 -0.75000 0.350 0.180 0.050
v 11.85000 -5.25000 -0.75000 0.350 0.180 0.050
v 11.85000 -5.25000 0.75000 0.350 0.180 0.050
v 10.80000 -6.00000 -0.75000 0.350 0.180 0.050
v 10.80000 -6.00000 0.75000 0.350 0.180 0.050
v 10.80000 -5.25000 0.75000 0.350 0.180 0.050
v 10.80000 -5.25000 -0.75000 0.350 0.180 0.050
v 10.50000 -2.25000 0.00000 0.550 0.280 0.080
v 10.50000 -2.25000 0.00000 0.550 0.280 0.080
v 10.50000 -2.25000 0.00000 0.550 0.280 0.080
v 10.50000 -2.25000 0.00000 0.550 0.280 0.080
v 10.50000 -2.25000 0.00000 0.550 0.280 0.080
v 10.50000 -2.25000 0.00000 0.550 0.280 0.080
v 10.50000 -2.25000 0.00000 0.550 0.280 0.080
v 10.50000 -2.25000 0.00000 0.550 0.280 0.080
v 10.50000 -2.25000 0.00000 0.550 0.280 0.080
v 10.50000 -2.25000 0.00000 0.550 0.280 0.080
v 10.50000 -2.25000 0.00000 0.550 0.280 0.080
v 10.50000 -2.25000 0.00000 0.550 0.280 0.080
v 10.50000 -2.25000 0.00000 0.550 0.280 0.080
v 10.50000 -2.25000 0.00000 0.550 0.280 0.080
v 11.05623 -2.33810 0.00000 0.550 0.280 0.080
v 11.00115 -2.33810 0.24134 0.550 0.280 0.080
v 10.84680 -2.33810 0.43488 0.550 0.280 0.080
v 10.62377 -2.33810 0.54228 0.550 0.280 0.080
v 10.37623 -2.33810 0.54228 0.550 0.280 0.080
v 10.15320 -2.33810 0.43488 0.550 0.280 0.080
v 9.99885 -2.33810 0.24134 0.550 0.280 0.080
v 9.94377 -2.33810 0.00000 0.550 0.280 0.080
v 9.99885 -2.33810 -0.24134 0.550 0.280 0.080
v 10.15320 -2.33810 -0.43488 0.550 0.280 0.080
v 10.37623 -2.33810 -0.54228 0.550 0.280 0.080
v 10.62377 -2.33810 -0.54228 0.550 0.280 0.080
v 10.84680 -2.33810 -0.43488 0.550 0.280 0.080
v 11.00115 -2.33810 -0.24134 0.550 0.280 0.080
v 11.55801 -2.59377 0.00000 0.550 0.280 0.080
v 11.45324 -2.59377 0.45905 0.550 0.280 0.080
v 11.15966 -2.59377 0.82719 0.550 0.280 0.080
v 10.73543 -2.59377 1.03149 0.550 0.280 0.080
v 10.26457 -2.59377 1.03149 0.550 0.280 0.080
v 9.84034 -2.59377 0.82719 0.550 0.280 0.080
v 9.54676 -2.59377 0.45905 0.550 0.280 0.080
v 9.44199 -2.59377 0.00000 0.550 0.280 0.080
v 9.54676 -2.59377 -0.45905 0.550 0.280 0.080
v 9.84034 -2.59377 -0.82719 0.550 0.280 0.080
v 10.26457 -2.59377 -1.03149 0.550 0.280 0.080
v 10.73543 -2.59377 -1.03149 0.550 0.280 0.080
v 11.15966 -2.59377 -0.82719 0.550 0.280 0.080
v 11.45324 -2.59377 -0.45905 0.550 0.280 0.080
v 11.95623 -2.99199 0.00000 0.550 0.280 0.080
v 11.81202 -2.99199 0.63183 0.550 0.280 0.080
v 11.40794 -2.99199 1.13853 0.550 0.280 0.080
v 10.82404 -2.99199 1.41972 0.550 0.280 0.080
v 10.17596 -2.99199 1.41972 0.550 0.280 0.080
v 9.59206 -2.99199 1.13853 0.550 0.280 0.080
v 9.18798 -2.99199 0.63183 0.550 0.280 0.080
v 9.04377 -2.99199 0.00000 0.550 0.280 0.080
v 9.18798 -2.99199 -0.63183 0.550 0.280 0.080
v 9.59206 -2.99199 -1.13853 0.550 0.280 0.080
v 10.17596 -2.99199 -1.41972 0.550 0.280 0.080
v 10.82404 -2.99199 -1.41972 0.550 0.280 0.080
v 11.40794 -2.99199 -1.13853 0.550 0.280 0.080
v 11.81202 -2.99199 -0.63183 0.550 0.280 0.080
v 12.21190 -3.49377 0.00000 0.550 0.280 0.080
v 12.04237 -3.49377 0.74277 0.550 0.280 0.080
v 11.56735 -3.49377 1.33842 0.550 0.280 0.080
v 10.88093 -3.49377 1.66898 0.550 0.280 0.080
v 10.11907 -3.49377 1.66898 0.550 0.280 0.080
v 9.43265 -3.49377 1.33842 0.550 0.280 0.080
v 8.95763 -3.49377 0.74277 0.550 0.280 0.080
v 8.78810 -3.49377 0.00000 0.550 0.280 0.080
v 8.95763 -3.49377 -0.74277 0.550 0.280 0.080
v 9.43265 -3.49377 -1.33842 0.550 0.280 0.080
v 10.11907 -3.49377 -1.66898 0.550 0.280 0.080
v 10.88093 -3.49377 -1.66898 0.550 0.280 0.080
v 11.56735 -3.49377 -1.33842 0.550 0.280 0.080
v 12.04237 -3.49377 -0.74277 0.550 0.280 0.080
v 12.30000 -4.05000 0.00000 0.550 0.280 0.080
v 12.12174 -4.05000 0.78099 0.550 0.280 0.080
v 11.62228 -4.05000 1.40730 0.550 0.280 0.080
v 10.90054 -4.05000 1.75487 0.550 0.280 0.080
v 10.09946 -4.05000 1.75487 0.550 0.280 0.080
v 9.37772 -4.05000 1.40730 0.550 0.280 0.080
v 8.87826 -4.05000 0.78099 0.550 0.280 0.080
v 8.70000 -4.05000 0.00000 0.550 0.280 0.080
v 8.87826 -4.05000 -0.78099 0.550 0.280 0.080
v 9.37772 -4.05000 -1.40730 0.550 0.280 0.080
v 10.09946 -4.05000 -1.75487 0.550 0.280 0.080
v 10.90054 -4.05000 -1.75487 0.550 0.280 0.080
v 11.62228 -4.05000 -1.40730 0.550 0.280 0.080
v 12.12174 -4.05000 -0.78099 0.550 0.280 0.080
v 12.21190 -4.60623 0.00000 0.550 0.280 0.080
v 12.04237 -4.60623 0.74277 0.550 0.280 0.080
v 11.56735 -4.60623 1.33842 0.550 0.280 0.080
v 10.88093 -4.60623 1.66898 0.550 0.280 0.080
v 10.11907 -4.60623 1.66898 0.550 0.280 0.080
v 9.43265 -4.60623 1.33842 0.550 0.280 0.080
v 8.95763 -4.60623 0.74277 0.550 0.280 0.080
v 8.78810 -4.60623 0.00000 0.550 0.280 0.080
v 8.95763 -4.60623 -0.74277 0.550 0.280 0.080
v 9.43265 -4.60623 -1.33842 0.550 0.280 0.080
v 10.11907 -4.60623 -1.66898 0.550 0.280 0.080
v 10.88093 -4.60623 -1.66898 0.550 0.280 0.080
v 11.56735 -4.60623 -1.33842 0.550 0.280 0.080
v 12.04237 -4.60623 -0.74277 0.550 0.280 0.080
v 11.95623 -5.10801 0.00000 0.550 0.280 0.080
v 11.81202 -5.10801 0.63183 0.550 0.280 0.080
v 11.40794 -5.10801 1.13853 0.550 0.280 0.080
v 10.82404 -5.10801 1.41972 0.550 0.280 0.080
v 10.17596 -5.10801 1.41972 0.550 0.280 0.080
v 9.59206 -5.10801 1.13853 0.550 0.280 0.080
v 9.18798 -5.10801 0.63183 0.550 0.280 0.080
v 9.04377 -5.10801 0.00000 0.550 0.280 0.080
v 9.18798 -5.10801 -0.63183 0.550 0.280 0.080
v 9.59206 -5.10801 -1.13853 0.550 0.280 0.080
v 10.17596 -5.10801 -1.41972 0.550 0.280 0.080
v 10.82404 -5.10801 -1.41972 0.550 0.280 0.080
v 11.40794 -5.10801 -1.13853 0.550 0.280 0.080
v 11.81202 -5.10801 -0.63183 0.550 0.280 0.080
v 11.55801 -5.50623 0.00000 0.550 0.280 0.080
v 11.45324 -5.50623 0.45905 0.550 0.280 0.080
v 11.15966 -5.50623 0.82719 0.550 0.280 0.080
v 10.73543 -5.50623 1.03149 0.550 0.280 0.080
v 10.26457 -5.50623 1.03149 0.550 0.280 0.080
v 9.84034 -5.50623 0.82719 0.550 0.280 0.080
v 9.54676 -5.50623 0.45905 0.550 0.280 0.080
v 9.44199 -5.50623 0.00000 0.550 0.280 0.080
v 9.54676 -5.50623 -0.45905 0.550 0.280 0.080
v 9.84034 -5.50623 -0.82719 0.550 0.280 0.080
v 10.26457 -5.50623 -1.03149 0.550 0.280 0.080
v 10.73543 -5.50623 -1.03149 0.550 0.280 0.080
v 11.15966 -5.50623 -0.82719 0.550 0.280 0.080
v 11.45324 -5.50623 -0.45905 0.550 0.280 0.080
v 11.05623 -5.76190 0.00000 0.550 0.280 0.080
v 11.00115 -5.76190 0.24134 0.550 0.280 0.080
v 10.84680 -5.76190 0.43488 0.550 0.280 0.080
v 10.62377 -5.76190 0.54228 0.550 0.280 0.080
v 10.37623 -5.76190 0.54228 0.550 0.280 0.080
v 10.15320 -5.76190 0.43488 0.550 0.280 0.080
v 9.99885 -5.76190 0.24134 0.550 0.280 0.080
v 9.94377 -5.76190 0.00000 0.550 0.280 0.080
v 9.99885 -5.76190 -0.24134 0.550 0.280 0.080
v 10.15320 -5.76190 -0.43488 0.550 0.280 0.080
v 10.37623 -5.76190 -0.54228 0.550 0.280 0.080
v 10.62377 -5.76190 -0.54228 0.550 0.280 0.080
v 10.84680 -5.76190 -0.43488 0.550 0.280 0.080
v 11.00115 -5.76190 -0.24134 0.550 0.280 0.080
v 10.50000 -5.85000 0.00000 0.550 0.280 0.080
v 10.50000 -5.85000 0.00000 0.550 0.280 0.080
v 10.50000 -5.85000 0.00000 0.550 0.280 0.080
v 10.50000 -5.85000 0.00000 0.550 0.280 0.080
v 10.50000 -5.85000 0.00000 0.550 0.280 0.080
v 10.50000 -5.85000 0.00000 0.550 0.280 0.080
v 10.50000 -5.85000 0.00000 0.550 0.280 0.080
v 10.50000 -5.85000 0.00000 0.550 0.280 0.080
v 10.50000 -5.85000 -0.00000 0.550 0.280 0.080
v 10.50000 -5.85000 -0.00000 0.550 0.280 0.080
v 10.50000 -5.85000 -0.00000 0.550 0.280 0.080
v 10.50000 -5.85000 -0.00000 0.550 0.280 0.080
v 10.50000 -5.85000 -0.00000 0.550 0.280 0.080
v 10.50000 -5.85000 -0.00000 0.550 0.280 0.080
v 9.45000 -4.86000 1.56000 0.700 0.420 0.180
v 11.55000 -4.86000 1.56000 0.700 0.420 0.180
v 11.55000 -3.66000 1.56000 0.700 0.420 0.180
v 9.45000 -3.66000 1.56000 0.700 0.420 0.180
v 11.55000 -4.86000 1.35000 0.700 0.420 0.180
v 9.45000 -4.86000 1.35000 0.700 0.420 0.180
v 9.45000 -3.66000 1.35000 0.700 0.420 0.180
v 11.55000 -3.66000 1.35000 0.700 0.420 0.180
v 9.45000 -3.66000 1.56000 0.700 0.420 0.180
v 11.55000 -3.66000 1.56000 0.700 0.420 0.180
v 11.55000 -3.66000 1.35000 0.700 0.420 0.180
v 9.45000 -3.66000 1.35000 0.700 0.420 0.180
v 9.45000 -4.86000 1.35000 0.700 0.420 0.180
v 11.55000 -4.86000 1.35000 0.700 0.420 0.180
v 11.55000 -4.86000 1.56000 0.700 0.420 0.180
v 9.45000 -4.86000 1.56000 0.700 0.420 0.180
v 11.55000 -4.86000 1.56000 0.700 0.420 0.180
v 11.55000 -4.86000 1.35000 0.700 0.420 0.180
v 11.55000 -3.66000 1.35000 0.700 0.420 0.180
v 11.55000 -3.66000 1.56000 0.700 0.420 0.180
v 9.45000 -4.86000 1.35000 0.700 0.420 0.180
v 9.45000 -4.86000 1.56000 0.700 0.420 0.180
v 9.45000 -3.66000 1.56000 0.700 0.420 0.180
v 9.45000 -3.66000 1.35000 0.700 0.420 0.180
v 9.60000 -4.35000 1.65000 1.000 1.000 1.000
v 10.20000 -4.35000 1.65000 1.000 1.000 1.000
v 10.20000 -3.84000 1.65000 1.000 1.000 1.000
v 9.60000 -3.84000 1.65000 1.000 1.000 1.000
v 10.20000 -4.35000 1.50000 1.000 1.000 1.000
v 9.60000 -4.35000 1.50000 1.000 1.000 1.000
v 9.60000 -3.84000 1.50000 1.000 1.000 1.000
v 10.20000 -3.84000 1.50000 1.000 1.000 1.000
v 9.60000 -3.84000 1.65000 1.000 1.000 1.000
v 10.20000 -3.84000 1.65000 1.000 1.000 1.000
v 10.20000 -3.84000 1.50000 1.000 1.000 1.000
v 9.60000 -3.84000 1.50000 1.000 1.000 1.000
v 9.60000 -4.35000 1.50000 1.000 1.000 1.000
v 10.20000 -4.35000 1.50000 1.000 1.000 1.000
v 10.20000 -4.35000 1.65000 1.000 1.000 1.000
v 9.60000 -4.35000 1.65000 1.000 1.000 1.000
v 10.20000 -4.35000 1.65000 1.000 1.000 1.000
v 10.20000 -4.35000 1.50000 1.000 1.000 1.000
v 10.20000 -3.84000 1.50000 1.000 1.000 1.000
v 10.20000 -3.84000 1.65000 1.000 1.000 1.000
v 9.60000 -4.35000 1.50000 1.000 1.000 1.000
v 9.60000 -4.35000 1.65000 1.000 1.000 1.000
v 9.60000 -3.84000 1.65000 1.000 1.000 1.000
v 9.60000 -3.84000 1.50000 1.000 1.000 1.000
v 10.80000 -4.35000 1.65000 1.000 1.000 1.000
v 11.40000 -4.35000 1.65000 1.000 1.000 1.000
v 11.40000 -3.84000 1.65000 1.000 1.000 1.000
v 10.80000 -3.84000 1.65000 1.000 1.000 1.000
v 11.40000 -4.35000 1.50000 1.000 1.000 1.000
v 10.80000 -4.35000 1.50000 1.000 1.000 1.000
v 10.80000 -3.84000 1.50000 1.000 1.000 1.000
v 11.40000 -3.84000 1.50000 1.000 1.000 1.000
v 10.80000 -3.84000 1.65000 1.000 1.000 1.000
v 11.40000 -3.84000 1.65000 1.000 1.000 1.000
v 11.40000 -3.84000 1.50000 1.000 1.000 1.000
v 10.80000 -3.84000 1.50000 1.000 1.000 1.000
v 10.80000 -4.35000 1.50000 1.000 1.000 1.000
v 11.40000 -4.35000 1.50000 1.000 1.000 1.000
v 11.40000 -4.35000 1.65000 1.000 1.000 1.000
v 10.80000 -4.35000 1.65000 1.000 1.000 1.000
v 11.40000 -4.35000 1.65000 1.000 1.000 1.000
v 11.40000 -4.35000 1.50000 1.000 1.000 1.000
v 11.40000 -3.84000 1.50000 1.000 1.000 1.000
v 11.40000 -3.84000 1.65000 1.000 1.000 1.000
v 10.80000 -4.35000 1.50000 1.000 1.000 1.000
v 10.80000 -4.35000 1.65000 1.000 1.000 1.000
v 10.80000 -3.84000 1.65000 1.000 1.000 1.000
v 10.80000 -3.84000 1.50000 1.000 1.000 1.000
v 9.66000 -4.29000 1.71000 0.050 0.020 0.000
v 10.14000 -4.29000 1.71000 0.050 0.020 0.000
v 10.14000 -3.90000 1.71000 0.050 0.020 0.000
v 9.66000 -3.90000 1.71000 0.050 0.020 0.000
v 10.14000 -4.29000 1.59000 0.050 0.020 0.000
v 9.66000 -4.29000 1.59000 0.050 0.020 0.000
v 9.66000 -3.90000 1.59000 0.050 0.020 0.000
v 10.14000 -3.90000 1.59000 0.050 0.020 0.000
v 9.66000 -3.90000 1.71000 0.050 0.020 0.000
v 10.14000 -3.90000 1.71000 0.050 0.020 0.000
v 10.14000 -3.90000 1.59000 0.050 0.020 0.000
v 9.66000 -3.90000 1.59000 0.050 0.020 0.000
v 9.66000 -4.29000 1.59000 0.050 0.020 0.000
v 10.14000 -4.29000 1.59000 0.050 0.020 0.000
v 10.14000 -4.29000 1.71000 0.050 0.020 0.000
v 9.66000 -4.29000 1.71000 0.050 0.020 0.000
v 10.14000 -4.29000 1.71000 0.050 0.020 0.000
v 10.14000 -4.29000 1.59000 0.050 0.020 0.000
v 10.14000 -3.90000 1.59000 0.050 0.020 0.000
v 10.14000 -3.90000 1.71000 0.050 0.020 0.000
v 9.66000 -4.29000 1.59000 0.050 0.020 0.000
v 9.66000 -4.29000 1.71000 0.050 0.020 0.000
v 9.66000 -3.90000 1.71000 0.050 0.020 0.000
v 9.66000 -3.90000 1.59000 0.050 0.020 0.000
v 10.86000 -4.29000 1.71000 0.050 0.020 0.000
v 11.34000 -4.29000 1.71000 0.050 0.020 0.000
v 11.34000 -3.90000 1.71000 0.050 0.020 0.000
v 10.86000 -3.90000 1.71000 0.050 0.020 0.000
v 11.34000 -4.29000 1.59000 0.050 0.020 0.000
v 10.86000 -4.29000 1.59000 0.050 0.020 0.000
v 10.86000 -3.90000 1.59000 0.050 0.020 0.000
v 11.34000 -3.90000 1.59000 0.050 0.020 0.000
v 10.86000 -3.90000 1.71000 0.050 0.020 0.000
v 11.34000 -3.90000 1.71000 0.050 0.020 0.000
v 11.34000 -3.90000 1.59000 0.050 0.020 0.000
v 10.86000 -3.90000 1.59000 0.050 0.020 0.000
v 10.86000 -4.29000 1.59000 0.050 0.020 0.000
v 11.34000 -4.29000 1.59000 0.050 0.020 0.000
v 11.34000 -4.29000 1.71000 0.050 0.020 0.000
v 10.86000 -4.29000 1.71000 0.050 0.020 0.000
v 11.34000 -4.29000 1.71000 0.050 0.020 0.000
v 11.34000 -4.29000 1.59000 0.050 0.020 0.000
v 11.34000 -3.90000 1.59000 0.050 0.020 0.000
v 11.34000 -3.90000 1.71000 0.050 0.020 0.000
v 10.86000 -4.29000 1.59000 0.050 0.020 0.000
v 10.86000 -4.29000 1.71000 0.050 0.020 0.000
v 10.86000 -3.90000 1.71000 0.050 0.020 0.000
v 10.86000 -3.90000 1.59000 0.050 0.020 0.000
v 9.54000 -3.90000 1.65000 0.150 0.060 0.000
v 10.26000 -3.90000 1.65000 0.150 0.060 0.000
v 10.26000 -3.66000 1.65000 0.150 0.060 0.000
v 9.54000 -3.66000 1.65000 0.150 0.060 0.000
v 10.26000 -3.90000 1.50000 0.150 0.060 0.000
v 9.54000 -3.90000 1.50000 0.150 0.060 0.000
v 9.54000 -3.66000 1.50000 0.150 0.060 0.000
v 10.26000 -3.66000 1.50000 0.150 0.060 0.000
v 9.54000 -3.66000 1.65000 0.150 0.060 0.000
v 10.26000 -3.66000 1.65000 0.150 0.060 0.000
v 10.26000 -3.66000 1.50000 0.150 0.060 0.000
v 9.54000 -3.66000 1.50000 0.150 0.060 0.000
v 9.54000 -3.90000 1.50000 0.150 0.060 0.000
v 10.26000 -3.90000 1.50000 0.150 0.060 0.000
v 10.26000 -3.90000 1.65000 0.150 0.060 0.000
v 9.54000 -3.90000 1.65000 0.150 0.060 0.000
v 10.26000 -3.90000 1.65000 0.150 0.060 0.000
v 10.26000 -3.90000 1.50000 0.150 0.060 0.000
v 10.26000 -3.66000 1.50000 0.150 0.060 0.000
v 10.26000 -3.66000 1.65000 0.150 0.060 0.000
v 9.54000 -3.90000 1.50000 0.150 0.060 0.000
v 9.54000 -3.90000 1.65000 0.150 0.060 0.000
v 9.54000 -3.66000 1.65000 0.150 0.060 0.000
v 9.54000 -3.66000 1.50000 0.150 0.060 0.000
v 10.74000 -3.90000 1.65000 0.150 0.060 0.000
v 11.46000 -3.90000 1.65000 0.150 0.060 0.000
v 11.46000 -3.66000 1.65000 0.150 0.060 0.000
v 10.74000 -3.66000 1.65000 0.150 0.060 0.000
v 11.46000 -3.90000 1.50000 0.150 0.060 0.000
v 10.74000 -3.90000 1.50000 0.150 0.060 0.000
v 10.74000 -3.66000 1.50000 0.150 0.060 0.000
v 11.46000 -3.66000 1.50000 0.150 0.060 0.000
v 10.74000 -3.66000 1.65000 0.150 0.060 0.000
v 11.46000 -3.66000 1.65000 0.150 0.060 0.000
v 11.46000 -3.66000 1.50000 0.150 0.060 0.000
v 10.74000 -3.66000 1.50000 0.150 0.060 0.000
v 10.74000 -3.90000 1.50000 0.150 0.060 0.000
v 11.46000 -3.90000 1.50000 0.150 0.060 0.000
v 11.46000 -3.90000 1.65000 0.150 0.060 0.000
v 10.74000 -3.90000 1.65000 0.150 0.060 0.000
v 11.46000 -3.90000 1.65000 0.150 0.060 0.000
v 11.46000 -3.90000 1.50000 0.150 0.060 0.000
v 11.46000 -3.66000 1.50000 0.150 0.060 0.000
v 11.46000 -3.66000 1.65000 0.150 0.060 0.000
v 10.74000 -3.90000 1.50000 0.150 0.060 0.000
v 10.74000 -3.90000 1.65000 0.150 0.060 0.000
v 10.74000 -3.66000 1.65000 0.150 0.060 0.000
v 10.74000 -3.66000 1.50000 0.150 0.060 0.000
v 9.84000 -4.86000 1.65000 0.950 0.920 0.850
v 10.20000 -4.86000 1.65000 0.950 0.920 0.850
v 10.20000 -4.56000 1.65000 0.950 0.920 0.850
v 9.84000 -4.56000 1.65000 0.950 0.920 0.850
v 10.20000 -4.86000 1.50000 0.950 0.920 0.850
v 9.84000 -4.86000 1.50000 0.950 0.920 0.850
v 9.84000 -4.56000 1.50000 0.950 0.920 0.850
v 10.20000 -4.56000 1.50000 0.950 0.920 0.850
v 9.84000 -4.56000 1.65000 0.950 0.920 0.850
v 10.20000 -4.56000 1.65000 0.950 0.920 0.850
v 10.20000 -4.56000 1.50000 0.950 0.920 0.850
v 9.84000 -4.56000 1.50000 0.950 0.920 0.850
v 9.84000 -4.86000 1.50000 0.950 0.920 0.850
v 10.20000 -4.86000 1.50000 0.950 0.920 0.850
v 10.20000 -4.86000 1.65000 0.950 0.920 0.850
v 9.84000 -4.86000 1.65000 0.950 0.920 0.850
v 10.20000 -4.86000 1.65000 0.950 0.920 0.850
v 10.20000 -4.86000 1.50000 0.950 0.920 0.850
v 10.20000 -4.56000 1.50000 0.950 0.920 0.850
v 10.20000 -4.56000 1.65000 0.950 0.920 0.850
v 9.84000 -4.86000 1.50000 0.950 0.920 0.850
v 9.84000 -4.86000 1.65000 0.950 0.920 0.850
v 9.84000 -4.56000 1.65000 0.950 0.920 0.850
v 9.84000 -4.56000 1.50000 0.950 0.920 0.850
v 10.80000 -4.86000 1.65000 0.950 0.920 0.850
v 11.16000 -4.86000 1.65000 0.950 0.920 0.850
v 11.16000 -4.56000 1.65000 0.950 0.920 0.850
v 10.80000 -4.56000 1.65000 0.950 0.920 0.850
v 11.16000 -4.86000 1.50000 0.950 0.920 0.850
v 10.80000 -4.86000 1.50000 0.950 0.920 0.850
v 10.80000 -4.56000 1.50000 0.950 0.920 0.850
v 11.16000 -4.56000 1.50000 0.950 0.920 0.850
v 10.80000 -4.56000 1.65000 0.950 0.920 0.850
v 11.16000 -4.56000 1.65000 0.950 0.920 0.850
v 11.16000 -4.56000 1.50000 0.950 0.920 0.850
v 10.80000 -4.56000 1.50000 0.950 0.920 0.850
v 10.80000 -4.86000 1.50000 0.950 0.920 0.850
v 11.16000 -4.86000 1.50000 0.950 0.920 0.850
v 11.16000 -4.86000 1.65000 0.950 0.920 0.850
v 10.80000 -4.86000 1.65000 0.950 0.920 0.850
v 11.16000 -4.86000 1.65000 0.950 0.920 0.850
v 11.16000 -4.86000 1.50000 0.950 0.920 0.850
v 11.16000 -4.56000 1.50000 0.950 0.920 0.850
v 11.16000 -4.56000 1.65000 0.950 0.920 0.850
v 10.80000 -4.86000 1.50000 0.950 0.920 0.850
v 10.80000 -4.86000 1.65000 0.950 0.920 0.850
v 10.80000 -4.56000 1.65000 0.950 0.920 0.850
v 10.80000 -4.56000 1.50000 0.950 0.920 0.850
v 28.65000 -6.00000 1.65000 0.350 0.180 0.050
v 29.70000 -6.00000 1.65000 0.350 0.180 0.050
v 29.70000 -5.25000 1.65000 0.350 0.180 0.050
v 28.65000 -5.25000 1.65000 0.350 0.180 0.050
v 29.70000 -6.00000 0.15000 0.350 0.180 0.050
v 28.65000 -6.00000 0.15000 0.350 0.180 0.050
v 28.65000 -5.25000 0.15000 0.350 0.180 0.050
v 29.70000 -5.25000 0.15000 0.350 0.180 0.050
v 28.65000 -5.25000 1.65000 0.350 0.180 0.050
v 29.70000 -5.25000 1.65000 0.350 0.180 0.050
v 29.70000 -5.25000 0.15000 0.350 0.180 0.050
v 28.65000 -5.25000 0.15000 0.350 0.180 0.050
v 28.65000 -6.00000 0.15000 0.350 0.180 0.050
v 29.70000 -6.00000 0.15000 0.350 0.180 0.050
v 29.70000 -6.00000 1.65000 0.350 0.180 0.050
v 28.65000 -6.00000 1.65000 0.350 0.180 0.050
v 29.70000 -6.00000 1.65000 0.350 0.180 0.050
v 29.70000 -6.00000 0.15000 0.350 0.180 0.050
v 29.70000 -5.25000 0.15000 0.350 0.180 0.050
v 29.70000 -5.25000 1.65000 0.350 0.180 0.050
v 28.65000 -6.00000 0.15000 0.350 0.180 0.050
v 28.65000 -6.00000 1.65000 0.350 0.180 0.050
v 28.65000 -5.25000 1.65000 0.350 0.180 0.050
v 28.65000 -5.25000 0.15000 0.350 0.180 0.050
v 30.30000 -6.00000 1.65000 0.350 0.180 0.050
v 31.35000 -6.00000 1.65000 0.350 0.180 0.050
v 31.35000 -5.25000 1.65000 0.350 0.180 0.050
v 30.30000 -5.25000 1.65000 0.350 0.180 0.050
v 31.35000 -6.00000 0.15000 0.350 0.180 0.050
v 30.30000 -6.00000 0.15000 0.350 0.180 0.050
v 30.30000 -5.25000 0.15000 0.350 0.180 0.050
v 31.35000 -5.25000 0.15000 0.350 0.180 0.050
v 30.30000 -5.25000 1.65000 0.350 0.180 0.050
v 31.35000 -5.25000 1.65000 0.350 0.180 0.050
v 31.35000 -5.25000 0.15000 0.350 0.180 0.050
v 30.30000 -5.25000 0.15000 0.350 0.180 0.050
v 30.30000 -6.00000 0.15000 0.350 0.180 0.050
v 31.35000 -6.00000 0.15000 0.350 0.180 0.050
v 31.35000 -6.00000 1.65000 0.350 0.180 0.050
v 30.30000 -6.00000 1.65000 0.350 0.180 0.050
v 31.35000 -6.00000 1.65000 0.350 0.180 0.050
v 31.35000 -6.00000 0.15000 0.350 0.180 0.050
v 31.35000 -5.25000 0.15000 0.350 0.180 0.050
v 31.35000 -5.25000 1.65000 0.350 0.180 0.050
v 30.30000 -6.00000 0.15000 0.350 0.180 0.050
v 30.30000 -6.00000 1.65000 0.350 0.180 0.050
v 30.30000 -5.25000 1.65000 0.350 0.180 0.050
v 30.30000 -5.25000 0.15000 0.350 0.180 0.050
v 30.00000 -2.25000 0.90000 0.550 0.280 0.080
v 30.00000 -2.25000 0.90000 0.550 0.280 0.080
v 30.00000 -2.25000 0.90000 0.550 0.280 0.080
v 30.00000 -2.25000 0.90000 0.550 0.280 0.080
v 30.00000 -2.25000 0.90000 0.550 0.280 0.080
v 30.00000 -2.25000 0.90000 0.550 0.280 0.080
v 30.00000 -2.25000 0.90000 0.550 0.280 0.080
v 30.00000 -2.25000 0.90000 0.550 0.280 0.080
v 30.00000 -2.25000 0.90000 0.550 0.280 0.080
v 30.00000 -2.25000 0.90000 0.550 0.280 0.080
v 30.00000 -2.25000 0.90000 0.550 0.280 0.080
v 30.00000 -2.25000 0.90000 0.550 0.280 0.080
v 30.00000 -2.25000 0.90000 0.550 0.280 0.080
v 30.00000 -2.25000 0.90000 0.550 0.280 0.080
v 30.55623 -2.33810 0.90000 0.550 0.280 0.080
v 30.50115 -2.33810 1.14134 0.550 0.280 0.080
v 30.34680 -2.33810 1.33488 0.550 0.280 0.080
v 30.12377 -2.33810 1.44228 0.550 0.280 0.080
v 29.87623 -2.33810 1.44228 0.550 0.280 0.080
v 29.65320 -2.33810 1.33488 0.550 0.280 0.080
v 29.49885 -2.33810 1.14134 0.550 0.280 0.080
v 29.44377 -2.33810 0.90000 0.550 0.280 0.080
v 29.49885 -2.33810 0.65866 0.550 0.280 0.080
v 29.65320 -2.33810 0.46512 0.550 0.280 0.080
v 29.87623 -2.33810 0.35772 0.550 0.280 0.080
v 30.12377 -2.33810 0.35772 0.550 0.280 0.080
v 30.34680 -2.33810 0.46512 0.550 0.280 0.080
v 30.50115 -2.33810 0.65866 0.550 0.280 0.080
v 31.05801 -2.59377 0.90000 0.550 0.280 0.080
v 30.95324 -2.59377 1.35905 0.550 0.280 0.080
v 30.65966 -2.59377 1.72719 0.550 0.280 0.080
v 30.23543 -2.59377 1.93149 0.550 0.280 0.080
v 29.76457 -2.59377 1.93149 0.550 0.280 0.080
v 29.34034 -2.59377 1.72719 0.550 0.280 0.080
v 29.04676 -2.59377 1.35905 0.550 0.280 0.080
v 28.94199 -2.59377 0.90000 0.550 0.280 0.080
v 29.04676 -2.59377 0.44095 0.550 0.280 0.080
v 29.34034 -2.59377 0.07281 0.550 0.280 0.080
v 29.76457 -2.59377 -0.13149 0.550 0.280 0.080
v 30.23543 -2.59377 -0.13149 0.550 0.280 0.080
v 30.65966 -2.59377 0.07281 0.550 0.280 0.080
v 30.95324 -2.59377 0.44095 0.550 0.280 0.080
v 31.45623 -2.99199 0.90000 0.550 0.280 0.080
v 31.31202 -2.99199 1.53183 0.550 0.280 0.080
v 30.90794 -2.99199 2.03853 0.550 0.280 0.080
v 30.32404 -2.99199 2.31972 0.550 0.280 0.080
v 29.67596 -2.99199 2.31972 0.550 0.280 0.080
v 29.09206 -2.99199 2.03853 0.550 0.280 0.080
v 28.68798 -2.99199 1.53183 0.550 0.280 0.080
v 28.54377 -2.99199 0.90000 0.550 0.280 0.080
v 28.68798 -2.99199 0.26817 0.550 0.280 0.080
v 29.09206 -2.99199 -0.23853 0.550 0.280 0.080
v 29.67596 -2.99199 -0.51972 0.550 0.280 0.080
v 30.32404 -2.99199 -0.51972 0.550 0.280 0.080
v 30.90794 -2.99199 -0.23853 0.550 0.280 0.080
v 31.31202 -2.99199 0.26817 0.550 0.280 0.080
v 31.71190 -3.49377 0.90000 0.550 0.280 0.080
v 31.54237 -3.49377 1.64277 0.550 0.280 0.080
v 31.06735 -3.49377 2.23842 0.550 0.280 0.080
v 30.38093 -3.49377 2.56898 0.550 0.280 0.080
v 29.61907 -3.49377 2.56898 0.550 0.280 0.080
v 28.93265 -3.49377 2.23842 0.550 0.280 0.080
v 28.45763 -3.49377 1.64277 0.550 0.280 0.080
v 28.28810 -3.49377 0.90000 0.550 0.280 0.080
v 28.45763 -3.49377 0.15723 0.550 0.280 0.080
v 28.93265 -3.49377 -0.43842 0.550 0.280 0.080
v 29.61907 -3.49377 -0.76898 0.550 0.280 0.080
v 30.38093 -3.49377 -0.76898 0.550 0.280 0.080
v 31.06735 -3.49377 -0.43842 0.550 0.280 0.080
v 31.54237 -3.49377 0.15723 0.550 0.280 0.080
v 31.80000 -4.05000 0.90000 0.550 0.280 0.080
v 31.62174 -4.05000 1.68099 0.550 0.280 0.080
v 31.12228 -4.05000 2.30730 0.550 0.280 0.080
v 30.40054 -4.05000 2.65487 0.550 0.280 0.080
v 29.59946 -4.05000 2.65487 0.550 0.280 0.080
v 28.87772 -4.05000 2.30730 0.550 0.280 0.080
v 28.37826 -4.05000 1.68099 0.550 0.280 0.080
v 28.20000 -4.05000 0.90000 0.550 0.280 0.080
v 28.37826 -4.05000 0.11901 0.550 0.280 0.080
v 28.87772 -4.05000 -0.50730 0.550 0.280 0.080
v 29.59946 -4.05000 -0.85487 0.550 0.280 0.080
v 30.40054 -4.05000 -0.85487 0.550 0.280 0.080
v 31.12228 -4.05000 -0.50730 0.550 0.280 0.080
v 31.62174 -4.05000 0.11901 0.550 0.280 0.080
v 31.71190 -4.60623 0.90000 0.550 0.280 0.080
v 31.54237 -4.60623 1.64277 0.550 0.280 0.080
v 31.06735 -4.60623 2.23842 0.550 0.280 0.080
v 30.38093 -4.60623 2.56898 0.550 0.280 0.080
v 29.61907 -4.60623 2.56898 0.550 0.280 0.080
v 28.93265 -4.60623 2.23842 0.550 0.280 0.080
v 28.45763 -4.60623 1.64277 0.550 0.280 0.080
v 28.28810 -4.60623 0.90000 0.550 0.280 0.080
v 28.45763 -4.60623 0.15723 0.550 0.280 0.080
v 28.93265 -4.60623 -0.43842 0.550 0.280 0.080
v 29.61907 -4.60623 -0.76898 0.550 0.280 0.080
v 30.38093 -4.60623 -0.76898 0.550 0.280 0.080
v 31.06735 -4.60623 -0.43842 0.550 0.280 0.080
v 31.54237 -4.60623 0.15723 0.550 0.280 0.080
v 31.45623 -5.10801 0.90000 0.550 0.280 0.080
v 31.31202 -5.10801 1.53183 0.550 0.280 0.080
v 30.90794 -5.10801 2.03853 0.550 0.280 0.080
v 30.32404 -5.10801 2.31972 0.550 0.280 0.080
v 29.67596 -5.10801 2.31972 0.550 0.280 0.080
v 29.09206 -5.10801 2.03853 0.550 0.280 0.080
v 28.68798 -5.10801 1.53183 0.550 0.280 0.080
v 28.54377 -5.10801 0.90000 0.550 0.280 0.080
v 28.68798 -5.10801 0.26817 0.550 0.280 0.080
v 29.09206 -5.10801 -0.23853 0.550 0.280 0.080
v 29.67596 -5.10801 -0.51972 0.550 0.280 0.080
v 30.32404 -5.10801 -0.51972 0.550 0.280 0.080
v 30.90794 -5.10801 -0.23853 0.550 0.280 0.080
v 31.31202 -5.10801 0.26817 0.550 0.280 0.080
v 31.05801 -5.50623 0.90000 0.550 0.280 0.080
v 30.95324 -5.50623 1.35905 0.550 0.280 0.080
v 30.65966 -5.50623 1.72719 0.550 0.280 0.080
v 30.23543 -5.50623 1.93149 0.550 0.280 0.080
v 29.76457 -5.50623 1.93149 0.550 0.280 0.080
v 29.34034 -5.50623 1.72719 0.550 0.280 0.080
v 29.04676 -5.50623 1.35905 0.550 0.280 0.080
v 28.94199 -5.50623 0.90000 0.550 0.280 0.080
v 29.04676 -5.50623 0.44095 0.550 0.280 0.080
v 29.34034 -5.50623 0.07281 0.550 0.280 0.080
v 29.76457 -5.50623 -0.13149 0.550 0.280 0.080
v 30.23543 -5.50623 -0.13149 0.550 0.280 0.080
v 30.65966 -5.50623 0.07281 0.550 0.280 0.080
v 30.95324 -5.50623 0.44095 0.550 0.280 0.080
v 30.55623 -5.76190 0.90000 0.550 0.280 0.080
v 30.50115 -5.76190 1.14134 0.550 0.280 0.080
v 30.34680 -5.76190 1.33488 0.550 0.280 0.080
v 30.12377 -5.76190 1.44228 0.550 0.280 0.080
v 29.87623 -5.76190 1.44228 0.550 0.280 0.080
v 29.65320 -5.76190 1.33488 0.550 0.280 0.080
v 29.49885 -5.76190 1.14134 0.550 0.280 0.080
v 29.44377 -5.76190 0.90000 0.550 0.280 0.080
v 29.49885 -5.76190 0.65866 0.550 0.280 0.080
v 29.65320 -5.76190 0.46512 0.550 0.280 0.080
v 29.87623 -5.76190 0.35772 0.550 0.280 0.080
v 30.12377 -5.76190 0.35772 0.550 0.280 0.080
v 30.34680 -5.76190 0.46512 0.550 0.280 0.080
v 30.50115 -5.76190 0.65866 0.550 0.280 0.080
v 30.00000 -5.85000 0.90000 0.550 0.280 0.080
v 30.00000 -5.85000 0.90000 0.550 0.280 0.080
v 30.00000 -5.85000 0.90000 0.550 0.280 0.080
v 30.00000 -5.85000 0.90000 0.550 0.280 0.080
v 30.00000 -5.85000 0.90000 0.550 0.280 0.080
v 30.00000 -5.85000 0.90000 0.550 0.280 0.080
v 30.00000 -5.85000 0.90000 0.550 0.280 0.080
v 30.00000 -5.85000 0.90000 0.550 0.280 0.080
v 30.00000 -5.85000 0.90000 0.550 0.280 0.080
v 30.00000 -5.85000 0.90000 0.550 0.280 0.080
v 30.00000 -5.85000 0.90000 0.550 0.280 0.080
v 30.00000 -5.85000 0.90000 0.550 0.280 0.080
v 30.00000 -5.85000 0.90000 0.550 0.280 0.080
v 30.00000 -5.85000 0.90000 0.550 0.280 0.080
v 28.95000 -4.86000 2.46000 0.700 0.420 0.180
v 31.05000 -4.86000 2.46000 0.700 0.420 0.180
v 31.05000 -3.66000 2.46000 0.700 0.420 0.180
v 28.95000 -3.66000 2.46000 0.700 0.420 0.180
v 31.05000 -4.86000 2.25000 0.700 0.420 0.180
v 28.95000 -4.86000 2.25000 0.700 0.420 0.180
v 28.95000 -3.66000 2.25000 0.700 0.420 0.180
v 31.05000 -3.66000 2.25000 0.700 0.420 0.180
v 28.95000 -3.66000 2.46000 0.700 0.420 0.180
v 31.05000 -3.66000 2.46000 0.700 0.420 0.180
v 31.05000 -3.66000 2.25000 0.700 0.420 0.180
v 28.95000 -3.66000 2.25000 0.700 0.420 0.180
v 28.95000 -4.86000 2.25000 0.700 0.420 0.180
v 31.05000 -4.86000 2.25000 0.700 0.420 0.180
v 31.05000 -4.86000 2.46000 0.700 0.420 0.180
v 28.95000 -4.86000 2.46000 0.700 0.420 0.180
v 31.05000 -4.86000 2.46000 0.700 0.420 0.180
v 31.05000 -4.86000 2.25000 0.700 0.420 0.180
v 31.05000 -3.66000 2.25000 0.700 0.420 0.180
v 31.05000 -3.66000 2.46000 0.700 0.420 0.180
v 28.95000 -4.86000 2.25000 0.700 0.420 0.180
v 28.95000 -4.86000 2.46000 0.700 0.420 0.180
v 28.95000 -3.66000 2.46000 0.700 0.420 0.180
v 28.95000 -3.66000 2.25000 0.700 0.420 0.180
v 29.10000 -4.35000 2.55000 1.000 1.000 1.000
v 29.70000 -4.35000 2.55000 1.000 1.000 1.000
v 29.70000 -3.84000 2.55000 1.000 1.000 1.000
v 29.10000 -3.84000 2.55000 1.000 1.000 1.000
v 29.70000 -4.35000 2.40000 1.000 1.000 1.000
v 29.10000 -4.35000 2.40000 1.000 1.000 1.000
v 29.10000 -3.84000 2.40000 1.000 1.000 1.000
v 29.70000 -3.84000 2.40000 1.000 1.000 1.000
v 29.10000 -3.84000 2.55000 1.000 1.000 1.000
v 29.70000 -3.84000 2.55000 1.000 1.000 1.000
v 29.70000 -3.84000 2.40000 1.000 1.000 1.000
v 29.10000 -3.84000 2.40000 1.000 1.000 1.000
v 29.10000 -4.35000 2.40000 1.000 1.000 1.000
v 29.70000 -4.35000 2.40000 1.000 1.000 1.000
v 29.70000 -4.35000 2.55000 1.000 1.000 1.000
v 29.10000 -4.35000 2.55000 1.000 1.000 1.000
v 29.70000 -4.35000 2.55000 1.000 1.000 1.000
v 29.70000 -4.35000 2.40000 1.000 1.000 1.000
v 29.70000 -3.84000 2.40000 1.000 1.000 1.000
v 29.70000 -3.84000 2.55000 1.000 1.000 1.000
v 29.10000 -4.35000 2.40000 1.000 1.000 1.000
v 29.10000 -4.35000 2.55000 1.000 1.000 1.000
v 29.10000 -3.84000 2.55000 1.000 1.000 1.000
v 29.10000 -3.84000 2.40000 1.000 1.000 1.000
v 30.30000 -4.35000 2.55000 1.000 1.000 1.000
v 30.90000 -4.35000 2.55000 1.000 1.000 1.000
v 30.90000 -3.84000 2.55000 1.000 1.000 1.000
v 30.30000 -3.84000 2.55000 1.000 1.000 1.000
v 30.90000 -4.35000 2.40000 1.000 1.000 1.000
v 30.30000 -4.35000 2.40000 1.000 1.000 1.000
v 30.30000 -3.84000 2.40000 1.000 1.000 1.000
v 30.90000 -3.84000 2.40000 1.000 1.000 1.000
v 30.30000 -3.84000 2.55000 1.000 1.000 1.000
v 30.90000 -3.84000 2.55000 1.000 1.000 1.000
v 30.90000 -3.84000 2.40000 1.000 1.000 1.000
v 30.30000 -3.84000 2.40000 1.000 1.000 1.000
v 30.30000 -4.35000 2.40000 1.000 1.000 1.000
v 30.90000 -4.35000 2.40000 1.000 1.000 1.000
v 30.90000 -4.35000 2.55000 1.000 1.000 1.000
v 30.30000 -4.35000 2.55000 1.000 1.000 1.000
v 30.90000 -4.35000 2.55000 1.000 1.000 1.000
v 30.90000 -4.35000 2.40000 1.000 1.000 1.000
v 30.90000 -3.84000 2.40000 1.000 1.000 1.000
v 30.90000 -3.84000 2.55000 1.000 1.000 1.000
v 30.30000 -4.35000 2.40000 1.000 1.000 1.000
v 30.30000 -4.35000 2.55000 1.000 1.000 1.000
v 30.30000 -3.84000 2.55000 1.000 1.000 1.000
v 30.30000 -3.84000 2.40000 1.000 1.000 1.000
v 29.16000 -4.29000 2.61000 0.050 0.020 0.000
v 29.64000 -4.29000 2.61000 0.050 0.020 0.000
v 29.64000 -3.90000 2.61000 0.050 0.020 0.000
v 29.16000 -3.90000 2.61000 0.050 0.020 0.000
v 29.64000 -4.29000 2.49000 0.050 0.020 0.000
v 29.16000 -4.29000 2.49000 0.050 0.020 0.000
v 29.16000 -3.90000 2.49000 0.050 0.020 0.000
v 29.64000 -3.90000 2.49000 0.050 0.020 0.000
v 29.16000 -3.90000 2.61000 0.050 0.020 0.000
v 29.64000 -3.90000 2.61000 0.050 0.020 0.000
v 29.64000 -3.90000 2.49000 0.050 0.020 0.000
v 29.16000 -3.90000 2.49000 0.050 0.020 0.000
v 29.16000 -4.29000 2.49000 0.050 0.020 0.000
v 29.64000 -4.29000 2.49000 0.050 0.020 0.000
v 29.64000 -4.29000 2.61000 0.050 0.020 0.000
v 29.16000 -4.29000 2.61000 0.050 0.020 0.000
v 29.64000 -4.29000 2.61000 0.050 0.020 0.000
v 29.64000 -4.29000 2.49000 0.050 0.020 0.000
v 29.64000 -3.90000 2.49000 0.050 0.020 0.000
v 29.64000 -3.90000 2.61000 0.050 0.020 0.000
v 29.16000 -4.29000 2.49000 0.050 0.020 0.000
v 29.16000 -4.29000 2.61000 0.050 0.020 0.000
v 29.16000 -3.90000 2.61000 0.050 0.020 0.000
v 29.16000 -3.90000 2.49000 0.050 0.020 0.000
v 30.36000 -4.29000 2.61000 0.050 0.020 0.000
v 30.84000 -4.29000 2.61000 0.050 0.020 0.000
v 30.84000 -3.90000 2.61000 0.050 0.020 0.000
v 30.36000 -3.90000 2.61000 0.050 0.020 0.000
v 30.84000 -4.29000 2.49000 0.050 0.020 0.000
v 30.36000 -4.29000 2.49000 0.050 0.020 0.000
v 30.36000 -3.90000 2.49000 0.050 0.020 0.000
v 30.84000 -3.90000 2.49000 0.050 0.020 0.000
v 30.36000 -3.90000 2.61000 0.050 0.020 0.000
v 30.84000 -3.90000 2.61000 0.050 0.020 0.000
v 30.84000 -3.90000 2.49000 0.050 0.020 0.000
v 30.36000 -3.90000 2.49000 0.050 0.020 0.000
v 30.36000 -4.29000 2.49000 0.050 0.020 0.000
v 30.84000 -4.29000 2.49000 0.050 0.020 0.000
v 30.84000 -4.29000 2.61000 0.050 0.020 0.000
v 30.36000 -4.29000 2.61000 0.050 0.020 0.000
v 30.84000 -4.29000 2.61000 0.050 0.020 0.000
v 30.84000 -4.29000 2.49000 0.050 0.020 0.000
v 30.84000 -3.90000 2.49000 0.050 0.020 0.000
v 30.84000 -3.90000 2.61000 0.050 0.020 0.000
v 30.36000 -4.29000 2.49000 0.050 0.020 0.000
v 30.36000 -4.29000 2.61000 0.050 0.020 0.000
v 30.36000 -3.90000 2.61000 0.050 0.020 0.000
v 30.36000 -3.90000 2.49000 0.050 0.020 0.000
v 29.04000 -3.90000 2.55000 0.150 0.060 0.000
v 29.76000 -3.90000 2.55000 0.150 0.060 0.000
v 29.76000 -3.66000 2.55000 0.150 0.060 0.000
v 29.04000 -3.66000 2.55000 0.150 0.060 0.000
v 29.76000 -3.90000 2.40000 0.150 0.060 0.000
v 29.04000 -3.90000 2.40000 0.150 0.060 0.000
v 29.04000 -3.66000 2.40000 0.150 0.060 0.000
v 29.76000 -3.66000 2.40000 0.150 0.060 0.000
v 29.04000 -3.66000 2.55000 0.150 0.060 0.000
v 29.76000 -3.66000 2.55000 0.150 0.060 0.000
v 29.76000 -3.66000 2.40000 0.150 0.060 0.000
v 29.04000 -3.66000 2.40000 0.150 0.060 0.000
v 29.04000 -3.90000 2.40000 0.150 0.060 0.000
v 29.76000 -3.90000 2.40000 0.150 0.060 0.000
v 29.76000 -3.90000 2.55000 0.150 0.060 0.000
v 29.04000 -3.90000 2.55000 0.150 0.060 0.000
v 29.76000 -3.90000 2.55000 0.150 0.060 0.000
v 29.76000 -3.90000 2.40000 0.150 0.060 0.000
v 29.76000 -3.66000 2.40000 0.150 0.060 0.000
v 29.76000 -3.66000 2.55000 0.150 0.060 0.000
v 29.04000 -3.90000 2.40000 0.150 0.060 0.000
v 29.04000 -3.90000 2.55000 0.150 0.060 0.000
v 29.04000 -3.66000 2.55000 0.150 0.060 0.000
v 29.04000 -3.66000 2.40000 0.150 0.060 0.000
v 30.24000 -3.90000 2.55000 0.150 0.060 0.000
v 30.96000 -3.90000 2.55000 0.150 0.060 0.000
v 30.96000 -3.66000 2.55000 0.150 0.060 0.000
v 30.24000 -3.66000 2.55000 0.150 0.060 0.000
v 30.96000 -3.90000 2.40000 0.150 0.060 0.000
v 30.24000 -3.90000 2.40000 0.150 0.060 0.000
v 30.24000 -3.66000 2.40000 0.150 0.060 0.000
v 30.96000 -3.66000 2.40000 0.150 0.060 0.000
v 30.24000 -3.66000 2.55000 0.150 0.060 0.000
v 30.96000 -3.66000 2.55000 0.150 0.060 0.000
v 30.96000 -3.66000 2.40000 0.150 0.060 0.000
v 30.24000 -3.66000 2.40000 0.150 0.060 0.000
v 30.24000 -3.90000 2.40000 0.150 0.060 0.000
v 30.96000 -3.90000 2.40000 0.150 0.060 0.000
v 30.96000 -3.90000 2.55000 0.150 0.060 0.000
v 30.24000 -3.90000 2.55000 0.150 0.060 0.000
v 30.96000 -3.90000 2.55000 0.150 0.060 0.000
v 30.96000 -3.90000 2.40000 0.150 0.060 0.000
v 30.96000 -3.66000 2.40000 0.150 0.060 0.000
v 30.96000 -3.66000 2.55000 0.150 0.060 0.000
v 30.24000 -3.90000 2.40000 0.150 0.060 0.000
v 30.24000 -3.90000 2.55000 0.150 0.060 0.000
v 30.24000 -3.66000 2.55000 0.150 0.060 0.000
v 30.24000 -3.66000 2.40000 0.150 0.060 0.000
v 29.34000 -4.86000 2.55000 0.950 0.920 0.850
v 29.70000 -4.86000 2.55000 0.950 0.920 0.850
v 29.70000 -4.56000 2.55000 0.950 0.920 0.850
v 29.34000 -4.56000 2.55000 0.950 0.920 0.850
v 29.70000 -4.86000 2.40000 0.950 0.920 0.850
v 29.34000 -4.86000 2.40000 0.950 0.920 0.850
v 29.34000 -4.56000 2.40000 0.950 0.920 0.850
v 29.70000 -4.56000 2.40000 0.950 0.920 0.850
v 29.34000 -4.56000 2.55000 0.950 0.920 0.850
v 29.70000 -4.56000 2.55000 0.950 0.920 0.850
v 29.70000 -4.56000 2.40000 0.950 0.920 0.850
v 29.34000 -4.56000 2.40000 0.950 0.920 0.850
v 29.34000 -4.86000 2.40000 0.950 0.920 0.850
v 29.70000 -4.86000 2.40000 0.950 0.920 0.850
v 29.70000 -4.86000 2.55000 0.950 0.920 0.850
v 29.34000 -4.86000 2.55000 0.950 0.920 0.850
v 29.70000 -4.86000 2.55000 0.950 0.920 0.850
v 29.70000 -4.86000 2.40000 0.950 0.920 0.850
v 29.70000 -4.56000 2.40000 0.950 0.920 0.850
v 29.70000 -4.56000 2.55000 0.950 0.920 0.850
v 29.34000 -4.86000 2.40000 0.950 0.920 0.850
v 29.34000 -4.86000 2.55000 0.950 0.920 0.850
v 29.34000 -4.56000 2.55000 0.950 0.920 0.850
v 29.34000 -4.56000 2.40000 0.950 0.920 0.850
v 30.30000 -4.86000 2.55000 0.950 0.920 0.850
v 30.66000 -4.86000 2.55000 0.950 0.920 0.850
v 30.66000 -4.56000 2.55000 0.950 0.920 0.850
v 30.30000 -4.56000 2.55000 0.950 0.920 0.850
v 30.66000 -4.86000 2.40000 0.950 0.920 0.850
v 30.30000 -4.86000 2.40000 0.950 0.920 0.850
v 30.30000 -4.56000 2.40000 0.950 0.920 0.850
v 30.66000 -4.56000 2.40000 0.950 0.920 0.850
v 30.30000 -4.56000 2.55000 0.950 0.920 0.850
v 30.66000 -4.56000 2.55000 0.950 0.920 0.850
v 30.66000 -4.56000 2.40000 0.950 0.920 0.850
v 30.30000 -4.56000 2.40000 0.950 0.920 0.850
v 30.30000 -4.86000 2.40000 0.950 0.920 0.850
v 30.66000 -4.86000 2.40000 0.950 0.920 0.850
v 30.66000 -4.86000 2.55000 0.950 0.920 0.850
v 30.30000 -4.86000 2.55000 0.950 0.920 0.850
v 30.66000 -4.86000 2.55000 0.950 0.920 0.850
v 30.66000 -4.86000 2.40000 0.950 0.920 0.850
v 30.66000 -4.56000 2.40000 0.950 0.920 0.850
v 30.66000 -4.56000 2.55000 0.950 0.920 0.850
v 30.30000 -4.86000 2.40000 0.950 0.920 0.850
v 30.30000 -4.86000 2.55000 0.950 0.920 0.850
v 30.30000 -4.56000 2.55000 0.950 0.920 0.850
v 30.30000 -4.56000 2.40000 0.950 0.920 0.850
v 52.65000 -6.00000 0.75000 0.350 0.180 0.050
v 53.70000 -6.00000 0.75000 0.350 0.180 0.050
v 53.70000 -5.25000 0.75000 0.350 0.180 0.050
v 52.65000 -5.25000 0.75000 0.350 0.180 0.050
v 53.70000 -6.00000 -0.75000 0.350 0.180 0.050
v 52.65000 -6.00000 -0.75000 0.350 0.180 0.050
v 52.65000 -5.25000 -0.75000 0.350 0.180 0.050
v 53.70000 -5.25000 -0.75000 0.350 0.180 0.050
v 52.65000 -5.25000 0.75000 0.350 0.180 0.050
v 53.70000 -5.25000 0.75000 0.350 0.180 0.050
v 53.70000 -5.25000 -0.75000 0.350 0.180 0.050
v 52.65000 -5.25000 -0.75000 0.350 0.180 0.050
v 52.65000 -6.00000 -0.75000 0.350 0.180 0.050
v 53.70000 -6.00000 -0.75000 0.350 0.180 0.050
v 53.70000 -6.00000 0.75000 0.350 0.180 0.050
v 52.65000 -6.00000 0.75000 0.350 0.180 0.050
v 53.70000 -6.00000 0.75000 0.350 0.180 0.050
v 53.70000 -6.00000 -0.75000 0.350 0.180 0.050
v 53.70000 -5.25000 -0.75000 0.350 0.180 0.050
v 53.70000 -5.25000 0.75000 0.350 0.180 0.050
v 52.65000 -6.00000 -0.75000 0.350 0.180 0.050
v 52.65000 -6.00000 0.75000 0.350 0.180 0.050
v 52.65000 -5.25000 0.75000 0.350 0.180 0.050
v 52.65000 -5.25000 -0.75000 0.350 0.180 0.050
v 54.30000 -6.00000 0.75000 0.350 0.180 0.050
v 55.35000 -6.00000 0.75000 0.350 0.180 0.050
v 55.35000 -5.25000 0.75000 0.350 0.180 0.050
v 54.30000 -5.25000 0.75000 0.350 0.180 0.050
v 55.35000 -6.00000 -0.75000 0.350 0.180 0.050
v 54.30000 -6.00000 -0.75000 0.350 0.180 0.050
v 54.30000 -5.25000 -0.75000 0.350 0.180 0.050
v 55.35000 -5.25000 -0.75000 0.350 0.180 0.050
v 54.30000 -5.25000 0.75000 0.350 0.180 0.050
v 55.35000 -5.25000 0.75000 0.350 0.180 0.050
v 55.35000 -5.25000 -0.75000 0.350 0.180 0.050
v 54.30000 -5.25000 -0.75000 0.350 0.180 0.050
v 54.30000 -6.00000 -0.75000 0.350 0.180 0.050
v 55.35000 -6.00000 -0.75000 0.350 0.180 0.050
v 55.35000 -6.00000 0.75000 0.350 0.180 0.050
v 54.30000 -6.00000 0.75000 0.350 0.180 0.050
v 55.35000 -6.00000 0.75000 0.350 0.180 0.050
v 55.35000 -6.00000 -0.75000 0.350 0.180 0.050
v 55.35000 -5.25000 -0.75000 0.350 0.180 0.050
v 55.35000 -5.25000 0.75000 0.350 0.180 0.050
v 54.30000 -6.00000 -0.75000 0.350 0.180 0.050
v 54.30000 -6.00000 0.75000 0.350 0.180 0.050
v 54.30000 -5.25000 0.75000 0.350 0.180 0.050
v 54.30000 -5.25000 -0.75000 0.350 0.180 0.050
v 54.00000 -2.25000 0.00000 0.550 0.280 0.080
v 54.00000 -2.25000 0.00000 0.550 0.280 0.080
v 54.00000 -2.25000 0.00000 0.550 0.280 0.080
v 54.00000 -2.25000 0.00000 0.550 0.280 0.080
v 54.00000 -2.25000 0.00000 0.550 0.280 0.080
v 54.00000 -2.25000 0.00000 0.550 0.280 0.080
v 54.00000 -2.25000 0.00000 0.550 0.280 0.080
v 54.00000 -2.25000 0.00000 0.550 0.280 0.080
v 54.00000 -2.25000 0.00000 0.550 0.280 0.080
v 54.00000 -2.25000 0.00000 0.550 0.280 0.080
v 54.00000 -2.25000 0.00000 0.550 0.280 0.080
v 54.00000 -2.25000 0.00000 0.550 0.280 0.080
v 54.00000 -2.25000 0.00000 0.550 0.280 0.080
v 54.00000 -2.25000 0.00000 0.550 0.280 0.080
v 54.55623 -2.33810 0.00000 0.550 0.280 0.080
v 54.50115 -2.33810 0.24134 0.550 0.280 0.080
v 54.34680 -2.33810 0.43488 0.550 0.280 0.080
v 54.12377 -2.33810 0.54228 0.550 0.280 0.080
v 53.87623 -2.33810 0.54228 0.550 0.280 0.080
v 53.65320 -2.33810 0.43488 0.550 0.280 0.080
v 53.49885 -2.33810 0.24134 0.550 0.280 0.080
v 53.44377 -2.33810 0.00000 0.550 0.280 0.080
v 53.49885 -2.33810 -0.24134 0.550 0.280 0.080
v 53.65320 -2.33810 -0.43488 0.550 0.280 0.080
v 53.87623 -2.33810 -0.54228 0.550 0.280 0.080
v 54.12377 -2.33810 -0.54228 0.550 0.280 0.080
v 54.34680 -2.33810 -0.43488 0.550 0.280 0.080
v 54.50115 -2.33810 -0.24134 0.550 0.280 0.080
v 55.05801 -2.59377 0.00000 0.550 0.280 0.080
v 54.95324 -2.59377 0.45905 0.550 0.280 0.080
v 54.65966 -2.59377 0.82719 0.550 0.280 0.080
v 54.23543 -2.59377 1.03149 0.550 0.280 0.080
v 53.76457 -2.59377 1.03149 0.550 0.280 0.080
v 53.34034 -2.59377 0.82719 0.550 0.280 0.080
v 53.04676 -2.59377 0.45905 0.550 0.280 0.080
v 52.94199 -2.59377 0.00000 0.550 0.280 0.080
v 53.04676 -2.59377 -0.45905 0.550 0.280 0.080
v 53.34034 -2.59377 -0.82719 0.550 0.280 0.080
v 53.76457 -2.59377 -1.03149 0.550 0.280 0.080
v 54.23543 -2.59377 -1.03149 0.550 0.280 0.080
v 54.65966 -2.59377 -0.82719 0.550 0.280 0.080
v 54.95324 -2.59377 -0.45905 0.550 0.280 0.080
v 55.45623 -2.99199 0.00000 0.550 0.280 0.080
v 55.31202 -2.99199 0.63183 0.550 0.280 0.080
v 54.90794 -2.99199 1.13853 0.550 0.280 0.080
v 54.32404 -2.99199 1.41972 0.550 0.280 0.080
v 53.67596 -2.99199 1.41972 0.550 0.280 0.080
v 53.09206 -2.99199 1.13853 0.550 0.280 0.080
v 52.68798 -2.99199 0.63183 0.550 0.280 0.080
v 52.54377 -2.99199 0.00000 0.550 0.280 0.080
v 52.68798 -2.99199 -0.63183 0.550 0.280 0.080
v 53.09206 -2.99199 -1.13853 0.550 0.280 0.080
v 53.67596 -2.99199 -1.41972 0.550 0.280 0.080
v 54.32404 -2.99199 -1.41972 0.550 0.280 0.080
v 54.90794 -2.99199 -1.13853 0.550 0.280 0.080
v 55.31202 -2.99199 -0.63183 0.550 0.280 0.080
v 55.71190 -3.49377 0.00000 0.550 0.280 0.080
v 55.54237 -3.49377 0.74277 0.550 0.280 0.080
v 55.06735 -3.49377 1.33842 0.550 0.280 0.080
v 54.38093 -3.49377 1.66898 0.550 0.280 0.080
v 53.61907 -3.49377 1.66898 0.550 0.280 0.080
v 52.93265 -3.49377 1.33842 0.550 0.280 0.080
v 52.45763 -3.49377 0.74277 0.550 0.280 0.080
v 52.28810 -3.49377 0.00000 0.550 0.280 0.080
v 52.45763 -3.49377 -0.74277 0.550 0.280 0.080
v 52.93265 -3.49377 -1.33842 0.550 0.280 0.080
v 53.61907 -3.49377 -1.66898 0.550 0.280 0.080
v 54.38093 -3.49377 -1.66898 0.550 0.280 0.080
v 55.06735 -3.49377 -1.33842 0.550 0.280 0.080
v 55.54237 -3.49377 -0.74277 0.550 0.280 0.080
v 55.80000 -4.05000 0.00000 0.550 0.280 0.080
v 55.62174 -4.05000 0.78099 0.550 0.280 0.080
v 55.12228 -4.05000 1.40730 0.550 0.280 0.080
v 54.40054 -4.05000 1.75487 0.550 0.280 0.080
v 53.59946 -4.05000 1.75487 0.550 0.280 0.080
v 52.87772 -4.05000 1.40730 0.550 0.280 0.080
v 52.37826 -4.05000 0.78099 0.550 0.280 0.080
v 52.20000 -4.05000 0.00000 0.550 0.280 0.080
v 52.37826 -4.05000 -0.78099 0.550 0.280 0.080
v 52.87772 -4.05000 -1.40730 0.550 0.280 0.080
v 53.59946 -4.05000 -1.75487 0.550 0.280 0.080
v 54.40054 -4.05000 -1.75487 0.550 0.280 0.080
v 55.12228 -4.05000 -1.40730 0.550 0.280 0.080
v 55.62174 -4.05000 -0.78099 0.550 0.280 0.080
v 55.71190 -4.60623 0.00000 0.550 0.280 0.080
v 55.54237 -4.60623 0.74277 0.550 0.280 0.080
v 55.06735 -4.60623 1.33842 0.550 0.280 0.080
v 54.38093 -4.60623 1.66898 0.550 0.280 0.080
v 53.61907 -4.60623 1.66898 0.550 0.280 0.080
v 52.93265 -4.60623 1.33842 0.550 0.280 0.080
v 52.45763 -4.60623 0.74277 0.550 0.280 0.080
v 52.28810 -4.60623 0.00000 0.550 0.280 0.080
v 52.45763 -4.60623 -0.74277 0.550 0.280 0.080
v 52.93265 -4.60623 -1.33842 0.550 0.280 0.080
v 53.61907 -4.60623 -1.66898 0.550 0.280 0.080
v 54.38093 -4.60623 -1.66898 0.550 0.280 0.080
v 55.06735 -4.60623 -1.33842 0.550 0.280 0.080
v 55.54237 -4.60623 -0.74277 0.550 0.280 0.080
v 55.45623 -5.10801 0.00000 0.550 0.280 0.080
v 55.31202 -5.10801 0.63183 0.550 0.280 0.080
v 54.90794 -5.10801 1.13853 0.550 0.280 0.080
v 54.32404 -5.10801 1.41972 0.550 0.280 0.080
v 53.67596 -5.10801 1.41972 0.550 0.280 0.080
v 53.09206 -5.10801 1.13853 0.550 0.280 0.080
v 52.68798 -5.10801 0.63183 0.550 0.280 0.080
v 52.54377 -5.10801 0.00000 0.550 0.280 0.080
v 52.68798 -5.10801 -0.63183 0.550 0.280 0.080
v 53.09206 -5.10801 -1.13853 0.550 0.280 0.080
v 53.67596 -5.10801 -1.41972 0.550 0.280 0.080
v 54.32404 -5.10801 -1.41972 0.550 0.280 0.080
v 54.90794 -5.10801 -1.13853 0.550 0.280 0.080
v 55.31202 -5.10801 -0.63183 0.550 0.280 0.080
v 55.05801 -5.50623 0.00000 0.550 0.280 0.080
v 54.95324 -5.50623 0.45905 0.550 0.280 0.080
v 54.65966 -5.50623 0.82719 0.550 0.280 0.080
v 54.23543 -5.50623 1.03149 0.550 0.280 0.080
v 53.76457 -5.50623 1.03149 0.550 0.280 0.080
v 53.34034 -5.50623 0.82719 0.550 0.280 0.080
v 53.04676 -5.50623 0.45905 0.550 0.280 0.080
v 52.94199 -5.50623 0.00000 0.550 0.280 0.080
v 53.04676 -5.50623 -0.45905 0.550 0.280 0.080
v 53.34034 -5.50623 -0.82719 0.550 0.280 0.080
v 53.76457 -5.50623 -1.03149 0.550 0.280 0.080
v 54.23543 -5.50623 -1.03149 0.550 0.280 0.080
v 54.65966 -5.50623 -0.82719 0.550 0.280 0.080
v 54.95324 -5.50623 -0.45905 0.550 0.280 0.080
v 54.55623 -5.76190 0.00000 0.550 0.280 0.080
v 54.50115 -5.76190 0.24134 0.550 0.280 0.080
v 54.34680 -5.76190 0.43488 0.550 0.280 0.080
v 54.12377 -5.76190 0.54228 0.550 0.280 0.080
v 53.87623 -5.76190 0.54228 0.550 0.280 0.080
v 53.65320 -5.76190 0.43488 0.550 0.280 0.080
v 53.49885 -5.76190 0.24134 0.550 0.280 0.080
v 53.44377 -5.76190 0.00000 0.550 0.280 0.080
v 53.49885 -5.76190 -0.24134 0.550 0.280 0.080
v 53.65320 -5.76190 -0.43488 0.550 0.280 0.080
v 53.87623 -5.76190 -0.54228 0.550 0.280 0.080
v 54.12377 -5.76190 -0.54228 0.550 0.280 0.080
v 54.34680 -5.76190 -0.43488 0.550 0.280 0.080
v 54.50115 -5.76190 -0.24134 0.550 0.280 0.080
v 54.00000 -5.85000 0.00000 0.550 0.280 0.080
v 54.00000 -5.85000 0.00000 0.550 0.280 0.080
v 54.00000 -5.85000 0.00000 0.550 0.280 0.080
v 54.00000 -5.85000 0.00000 0.550 0.280 0.080
v 54.00000 -5.85000 0.00000 0.550 0.280 0.080
v 54.00000 -5.85000 0.00000 0.550 0.280 0.080
v 54.00000 -5.85000 0.00000 0.550 0.280 0.080
v 54.00000 -5.85000 0.00000 0.550 0.280 0.080
v 54.00000 -5.85000 -0.00000 0.550 0.280 0.080
v 54.00000 -5.85000 -0.00000 0.550 0.280 0.080
v 54.00000 -5.85000 -0.00000 0.550 0.280 0.080
v 54.00000 -5.85000 -0.00000 0.550 0.280 0.080
v 54.00000 -5.85000 -0.00000 0.550 0.280 0.080
v 54.00000 -5.85000 -0.00000 0.550 0.280 0.080
v 52.95000 -4.86000 1.56000 0.700 0.420 0.180
v 55.05000 -4.86000 1.56000 0.700 0.420 0.180
v 55.05000 -3.66000 1.56000 0.700 0.420 0.180
v 52.95000 -3.66000 1.56000 0.700 0.420 0.180
v 55.05000 -4.86000 1.35000 0.700 0.420 0.180
v 52.95000 -4.86000 1.35000 0.700 0.420 0.180
v 52.95000 -3.66000 1.35000 0.700 0.420 0.180
v 55.05000 -3.66000 1.35000 0.700 0.420 0.180
v 52.95000 -3.66000 1.56000 0.700 0.420 0.180
v 55.05000 -3.66000 1.56000 0.700 0.420 0.180
v 55.05000 -3.66000 1.35000 0.700 0.420 0.180
v 52.95000 -3.66000 1.35000 0.700 0.420 0.180
v 52.95000 -4.86000 1.35000 0.700 0.420 0.180
v 55.05000 -4.86000 1.35000 0.700 0.420 0.180
v 55.05000 -4.86000 1.56000 0.700 0.420 0.180
v 52.95000 -4.86000 1.56000 0.700 0.420 0.180
v 55.05000 -4.86000 1.56000 0.700 0.420 0.180
v 55.05000 -4.86000 1.35000 0.700 0.420 0.180
v 55.05000 -3.66000 1.35000 0.700 0.420 0.180
v 55.05000 -3.66000 1.56000 0.700 0.420 0.180
v 52.95000 -4.86000 1.35000 0.700 0.420 0.180
v 52.95000 -4.86000 1.56000 0.700 0.420 0.180
v 52.95000 -3.66000 1.56000 0.700 0.420 0.180
v 52.95000 -3.66000 1.35000 0.700 0.420 0.180
v 53.10000 -4.35000 1.65000 1.000 1.000 1.000
v 53.70000 -4.35000 1.65000 1.000 1.000 1.000
v 53.70000 -3.84000 1.65000 1.000 1.000 1.000
v 53.10000 -3.84000 1.65000 1.000 1.000 1.000
v 53.70000 -4.35000 1.50000 1.000 1.000 1.000
v 53.10000 -4.35000 1.50000 1.000 1.000 1.000
v 53.10000 -3.84000 1.50000 1.000 1.000 1.000
v 53.70000 -3.84000 1.50000 1.000 1.000 1.000
v 53.10000 -3.84000 1.65000 1.000 1.000 1.000
v 53.70000 -3.84000 1.65000 1.000 1.000 1.000
v 53.70000 -3.84000 1.50000 1.000 1.000 1.000
v 53.10000 -3.84000 1.50000 1.000 1.000 1.000
v 53.10000 -4.35000 1.50000 1.000 1.000 1.000
v 53.70000 -4.35000 1.50000 1.000 1.000 1.000
v 53.70000 -4.35000 1.65000 1.000 1.000 1.000
v 53.10000 -4.35000 1.65000 1.000 1.000 1.000
v 53.70000 -4.35000 1.65000 1.000 1.000 1.000
v 53.70000 -4.35000 1.50000 1.000 1.000 1.000
v 53.70000 -3.84000 1.50000 1.000 1.000 1.000
v 53.70000 -3.84000 1.65000 1.000 1.000 1.000
v 53.10000 -4.35000 1.50000 1.000 1.000 1.000
v 53.10000 -4.35000 1.65000 1.000 1.000 1.000
v 53.10000 -3.84000 1.65000 1.000 1.000 1.000
v 53.10000 -3.84000 1.50000 1.000 1.000 1.000
v 54.30000 -4.35000 1.65000 1.000 1.000 1.000
v 54.90000 -4.35000 1.65000 1.000 1.000 1.000
v 54.90000 -3.84000 1.65000 1.000 1.000 1.000
v 54.30000 -3.84000 1.65000 1.000 1.000 1.000
v 54.90000 -4.35000 1.50000 1.000 1.000 1.000
v 54.30000 -4.35000 1.50000 1.000 1.000 1.000
v 54.30000 -3.84000 1.50000 1.000 1.000 1.000
v 54.90000 -3.84000 1.50000 1.000 1.000 1.000
v 54.30000 -3.84000 1.65000 1.000 1.000 1.000
v 54.90000 -3.84000 1.65000 1.000 1.000 1.000
v 54.90000 -3.84000 1.50000 1.000 1.000 1.000
v 54.30000 -3.84000 1.50000 1.000 1.000 1.000
v 54.30000 -4.35000 1.50000 1.000 1.000 1.000
v 54.90000 -4.35000 1.50000 1.000 1.000 1.000
v 54.90000 -4.35000 1.65000 1.000 1.000 1.000
v 54.30000 -4.35000 1.65000 1.000 1.000 1.000
v 54.90000 -4.35000 1.65000 1.000 1.000 1.000
v 54.90000 -4.35000 1.50000 1.000 1.000 1.000
v 54.90000 -3.84000 1.50000 1.000 1.000 1.000
v 54.90000 -3.84000 1.65000 1.000 1.000 1.000
v 54.30000 -4.35000 1.50000 1.000 1.000 1.000
v 54.30000 -4.35000 1.65000 1.000 1.000 1.000
v 54.30000 -3.84000 1.65000 1.000 1.000 1.000
v 54.30000 -3.84000 1.50000 1.000 1.000 1.000
v 53.16000 -4.29000 1.71000 0.050 0.020 0.000
v 53.64000 -4.29000 1.71000 0.050 0.020 0.000
v 53.64000 -3.90000 1.71000 0.050 0.020 0.000
v 53.16000 -3.90000 1.71000 0.050 0.020 0.000
v 53.64000 -4.29000 1.59000 0.050 0.020 0.000
v 53.16000 -4.29000 1.59000 0.050 0.020 0.000
v 53.16000 -3.90000 1.59000 0.050 0.020 0.000
v 53.64000 -3.90000 1.59000 0.050 0.020 0.000
v 53.16000 -3.90000 1.71000 0.050 0.020 0.000
v 53.64000 -3.90000 1.71000 0.050 0.020 0.000
v 53.64000 -3.90000 1.59000 0.050 0.020 0.000
v 53.16000 -3.90000 1.59000 0.050 0.020 0.000
v 53.16000 -4.29000 1.59000 0.050 0.020 0.000
v 53.64000 -4.29000 1.59000 0.050 0.020 0.000
v 53.64000 -4.29000 1.71000 0.050 0.020 0.000
v 53.16000 -4.29000 1.71000 0.050 0.020 0.000
v 53.64000 -4.29000 1.71000 0.050 0.020 0.000
v 53.64000 -4.29000 1.59000 0.050 0.020 0.000
v 53.64000 -3.90000 1.59000 0.050 0.020 0.000
v 53.64000 -3.90000 1.71000 0.050 0.020 0.000
v 53.16000 -4.29000 1.59000 0.050 0.020 0.000
v 53.16000 -4.29000 1.71000 0.050 0.020 0.000
v 53.16000 -3.90000 1.71000 0.050 0.020 0.000
v 53.16000 -3.90000 1.59000 0.050 0.020 0.000
v 54.36000 -4.29000 1.71000 0.050 0.020 0.000
v 54.84000 -4.29000 1.71000 0.050 0.020 0.000
v 54.84000 -3.90000 1.71000 0.050 0.020 0.000
v 54.36000 -3.90000 1.71000 0.050 0.020 0.000
v 54.84000 -4.29000 1.59000 0.050 0.020 0.000
v 54.36000 -4.29000 1.59000 0.050 0.020 0.000
v 54.36000 -3.90000 1.59000 0.050 0.020 0.000
v 54.84000 -3.90000 1.59000 0.050 0.020 0.000
v 54.36000 -3.90000 1.71000 0.050 0.020 0.000
v 54.84000 -3.90000 1.71000 0.050 0.020 0.000
v 54.84000 -3.90000 1.59000 0.050 0.020 0.000
v 54.36000 -3.90000 1.59000 0.050 0.020 0.000
v 54.36000 -4.29000 1.59000 0.050 0.020 0.000
v 54.84000 -4.29000 1.59000 0.050 0.020 0.000
v 54.84000 -4.29000 1.71000 0.050 0.020 0.000
v 54.36000 -4.29000 1.71000 0.050 0.020 0.000
v 54.84000 -4.29000 1.71000 0.050 0.020 0.000
v 54.84000 -4.29000 1.59000 0.050 0.020 0.000
v 54.84000 -3.90000 1.59000 0.050 0.020 0.000
v 54.84000 -3.90000 1.71000 0.050 0.020 0.000
v 54.36000 -4.29000 1.59000 0.050 0.020 0.000
v 54.36000 -4.29000 1.71000 0.050 0.020 0.000
v 54.36000 -3.90000 1.71000 0.050 0.020 0.000
v 54.36000 -3.90000 1.59000 0.050 0.020 0.000
v 53.04000 -3.90000 1.65000 0.150 0.060 0.000
v 53.76000 -3.90000 1.65000 0.150 0.060 0.000
v 53.76000 -3.66000 1.65000 0.150 0.060 0.000
v 53.04000 -3.66000 1.65000 0.150 0.060 0.000
v 53.76000 -3.90000 1.50000 0.150 0.060 0.000
v 53.04000 -3.90000 1.50000 0.150 0.060 0.000
v 53.04000 -3.66000 1.50000 0.150 0.060 0.000
v 53.76000 -3.66000 1.50000 0.150 0.060 0.000
v 53.04000 -3.66000 1.65000 0.150 0.060 0.000
v 53.76000 -3.66000 1.65000 0.150 0.060 0.000
v 53.76000 -3.66000 1.50000 0.150 0.060 0.000
v 53.04000 -3.66000 1.50000 0.150 0.060 0.000
v 53.04000 -3.90000 1.50000 0.150 0.060 0.000
v 53.76000 -3.90000 1.50000 0.150 0.060 0.000
v 53.76000 -3.90000 1.65000 0.150 0.060 0.000
v 53.04000 -3.90000 1.65000 0.150 0.060 0.000
v 53.76000 -3.90000 1.65000 0.150 0.060 0.000
v 53.76000 -3.90000 1.50000 0.150 0.060 0.000
v 53.76000 -3.66000 1.50000 0.150 0.060 0.000
v 53.76000 -3.66000 1.65000 0.150 0.060 0.000
v 53.04000 -3.90000 1.50000 0.150 0.060 0.000
v 53.04000 -3.90000 1.65000 0.150 0.060 0.000
v 53.04000 -3.66000 1.65000 0.150 0.060 0.000
v 53.04000 -3.66000 1.50000 0.150 0.060 0.000
v 54.24000 -3.90000 1.65000 0.150 0.060 0.000
v 54.96000 -3.90000 1.65000 0.150 0.060 0.000
v 54.96000 -3.66000 1.65000 0.150 0.060 0.000
v 54.24000 -3.66000 1.65000 0.150 0.060 0.000
v 54.96000 -3.90000 1.50000 0.150 0.060 0.000
v 54.24000 -3.90000 1.50000 0.150 0.060 0.000
v 54.24000 -3.66000 1.50000 0.150 0.060 0.000
v 54.96000 -3.66000 1.50000 0.150 0.060 0.000
v 54.24000 -3.66000 1.65000 0.150 0.060 0.000
v 54.96000 -3.66000 1.65000 0.150 0.060 0.000
v 54.96000 -3.66000 1.50000 0.150 0.060 0.000
v 54.24000 -3.66000 1.50000 0.150 0.060 0.000
v 54.24000 -3.90000 1.50000 0.150 0.060 0.000
v 54.96000 -3.90000 1.50000 0.150 0.060 0.000
v 54.96000 -3.90000 1.65000 0.150 0.060 0.000
v 54.24000 -3.90000 1.65000 0.150 0.060 0.000
v 54.96000 -3.90000 1.65000 0.150 0.060 0.000
v 54.96000 -3.90000 1.50000 0.150 0.060 0.000
v 54.96000 -3.66000 1.50000 0.150 0.060 0.000
v 54.96000 -3.66000 1.65000 0.150 0.060 0.000
v 54.24000 -3.90000 1.50000 0.150 0.060 0.000
v 54.24000 -3.90000 1.65000 0.150 0.060 0.000
v 54.24000 -3.66000 1.65000 0.150 0.060 0.000
v 54.24000 -3.66000 1.50000 0.150 0.060 0.000
v 53.34000 -4.86000 1.65000 0.950 0.920 0.850
v 53.70000 -4.86000 1.65000 0.950 0.920 0.850
v 53.70000 -4.56000 1.65000 0.950 0.920 0.850
v 53.34000 -4.56000 1.65000 0.950 0.920 0.850
v 53.70000 -4.86000 1.50000 0.950 0.920 0.850
v 53.34000 -4.86000 1.50000 0.950 0.920 0.850
v 53.34000 -4.56000 1.50000 0.950 0.920 0.850
v 53.70000 -4.56000 1.50000 0.950 0.920 0.850
v 53.34000 -4.56000 1.65000 0.950 0.920 0.850
v 53.70000 -4.56000 1.65000 0.950 0.920 0.850
v 53.70000 -4.56000 1.50000 0.950 0.920 0.850
v 53.34000 -4.56000 1.50000 0.950 0.920 0.850
v 53.34000 -4.86000 1.50000 0.950 0.920 0.850
v 53.70000 -4.86000 1.50000 0.950 0.920 0.850
v 53.70000 -4.86000 1.65000 0.950 0.920 0.850
v 53.34000 -4.86000 1.65000 0.950 0.920 0.850
v 53.70000 -4.86000 1.65000 0.950 0.920 0.850
v 53.70000 -4.86000 1.50000 0.950 0.920 0.850
v 53.70000 -4.56000 1.50000 0.950 0.920 0.850
v 53.70000 -4.56000 1.65000 0.950 0.920 0.850
v 53.34000 -4.86000 1.50000 0.950 0.920 0.850
v 53.34000 -4.86000 1.65000 0.950 0.920 0.850
v 53.34000 -4.56000 1.65000 0.950 0.920 0.850
v 53.34000 -4.56000 1.50000 0.950 0.920 0.850
v 54.30000 -4.86000 1.65000 0.950 0.920 0.850
v 54.66000 -4.86000 1.65000 0.950 0.920 0.850
v 54.66000 -4.56000 1.65000 0.950 0.920 0.850
v 54.30000 -4.56000 1.65000 0.950 0.920 0.850
v 54.66000 -4.86000 1.50000 0.950 0.920 0.850
v 54.30000 -4.86000 1.50000 0.950 0.920 0.850
v 54.30000 -4.56000 1.50000 0.950 0.920 0.850
v 54.66000 -4.56000 1.50000 0.950 0.920 0.850
v 54.30000 -4.56000 1.65000 0.950 0.920 0.850
v 54.66000 -4.56000 1.65000 0.950 0.920 0.850
v 54.66000 -4.56000 1.50000 0.950 0.920 0.850
v 54.30000 -4.56000 1.50000 0.950 0.920 0.850
v 54.30000 -4.86000 1.50000 0.950 0.920 0.850
v 54.66000 -4.86000 1.50000 0.950 0.920 0.850
v 54.66000 -4.86000 1.65000 0.950 0.920 0.850
v 54.30000 -4.86000 1.65000 0.950 0.920 0.850
v 54.66000 -4.86000 1.65000 0.950 0.920 0.850
v 54.66000 -4.86000 1.50000 0.950 0.920 0.850
v 54.66000 -4.56000 1.50000 0.950 0.920 0.850
v 54.66000 -4.56000 1.65000 0.950 0.920 0.850
v 54.30000 -4.86000 1.50000 0.950 0.920 0.850
v 54.30000 -4.86000 1.65000 0.950 0.920 0.850
v 54.30000 -4.56000 1.65000 0.950 0.920 0.850
v 54.30000 -4.56000 1.50000 0.950 0.920 0.850
v 21.00000 -3.00000 0.00000 0.150 0.620 0.180
v 21.00000 -3.00000 0.00000 0.150 0.620 0.180
v 21.00000 -3.00000 0.00000 0.150 0.620 0.180
v 21.00000 -3.00000 0.00000 0.150 0.620 0.180
v 21.00000 -3.00000 0.00000 0.150 0.620 0.180
v 21.00000 -3.00000 0.00000 0.150 0.620 0.180
v 21.00000 -3.00000 0.00000 0.150 0.620 0.180
v 21.00000 -3.00000 0.00000 0.150 0.620 0.180
v 21.00000 -3.00000 0.00000 0.150 0.620 0.180
v 21.00000 -3.00000 0.00000 0.150 0.620 0.180
v 21.00000 -3.00000 0.00000 0.150 0.620 0.180
v 21.00000 -3.00000 0.00000 0.150 0.620 0.180
v 21.00000 -3.00000 0.00000 0.150 0.620 0.180
v 21.00000 -3.00000 0.00000 0.150 0.620 0.180
v 21.63143 -3.12560 0.00000 0.150 0.620 0.180
v 21.56890 -3.12560 0.27397 0.150 0.620 0.180
v 21.39369 -3.12560 0.49367 0.150 0.620 0.180
v 21.14051 -3.12560 0.61560 0.150 0.620 0.180
v 20.85949 -3.12560 0.61560 0.150 0.620 0.180
v 20.60631 -3.12560 0.49367 0.150 0.620 0.180
v 20.43110 -3.12560 0.27397 0.150 0.620 0.180
v 20.36857 -3.12560 0.00000 0.150 0.620 0.180
v 20.43110 -3.12560 -0.27397 0.150 0.620 0.180
v 20.60631 -3.12560 -0.49367 0.150 0.620 0.180
v 20.85949 -3.12560 -0.61560 0.150 0.620 0.180
v 21.14051 -3.12560 -0.61560 0.150 0.620 0.180
v 21.39369 -3.12560 -0.49367 0.150 0.620 0.180
v 21.56890 -3.12560 -0.27397 0.150 0.620 0.180
v 22.16673 -3.48327 0.00000 0.150 0.620 0.180
v 22.05118 -3.48327 0.50622 0.150 0.620 0.180
v 21.72744 -3.48327 0.91218 0.150 0.620 0.180
v 21.25962 -3.48327 1.13747 0.150 0.620 0.180
v 20.74038 -3.48327 1.13747 0.150 0.620 0.180
v 20.27256 -3.48327 0.91218 0.150 0.620 0.180
v 19.94882 -3.48327 0.50622 0.150 0.620 0.180
v 19.83327 -3.48327 0.00000 0.150 0.620 0.180
v 19.94882 -3.48327 -0.50622 0.150 0.620 0.180
v 20.27256 -3.48327 -0.91218 0.150 0.620 0.180
v 20.74038 -3.48327 -1.13747 0.150 0.620 0.180
v 21.25962 -3.48327 -1.13747 0.150 0.620 0.180
v 21.72744 -3.48327 -0.91218 0.150 0.620 0.180
v 22.05118 -3.48327 -0.50622 0.150 0.620 0.180
v 22.52440 -4.01857 0.00000 0.150 0.620 0.180
v 22.37344 -4.01857 0.66141 0.150 0.620 0.180
v 21.95045 -4.01857 1.19182 0.150 0.620 0.180
v 21.33921 -4.01857 1.48618 0.150 0.620 0.180
v 20.66079 -4.01857 1.48618 0.150 0.620 0.180
v 20.04955 -4.01857 1.19182 0.150 0.620 0.180
v 19.62656 -4.01857 0.66141 0.150 0.620 0.180
v 19.47560 -4.01857 0.00000 0.150 0.620 0.180
v 19.62656 -4.01857 -0.66141 0.150 0.620 0.180
v 20.04955 -4.01857 -1.19182 0.150 0.620 0.180
v 20.66079 -4.01857 -1.48618 0.150 0.620 0.180
v 21.33921 -4.01857 -1.48618 0.150 0.620 0.180
v 21.95045 -4.01857 -1.19182 0.150 0.620 0.180
v 22.37344 -4.01857 -0.66141 0.150 0.620 0.180
v 22.65000 -4.65000 0.00000 0.150 0.620 0.180
v 22.48660 -4.65000 0.71591 0.150 0.620 0.180
v 22.02876 -4.65000 1.29002 0.150 0.620 0.180
v 21.36716 -4.65000 1.60863 0.150 0.620 0.180
v 20.63284 -4.65000 1.60863 0.150 0.620 0.180
v 19.97124 -4.65000 1.29002 0.150 0.620 0.180
v 19.51340 -4.65000 0.71591 0.150 0.620 0.180
v 19.35000 -4.65000 0.00000 0.150 0.620 0.180
v 19.51340 -4.65000 -0.71591 0.150 0.620 0.180
v 19.97124 -4.65000 -1.29002 0.150 0.620 0.180
v 20.63284 -4.65000 -1.60863 0.150 0.620 0.180
v 21.36716 -4.65000 -1.60863 0.150 0.620 0.180
v 22.02876 -4.65000 -1.29002 0.150 0.620 0.180
v 22.48660 -4.65000 -0.71591 0.150 0.620 0.180
v 22.52440 -5.28143 0.00000 0.150 0.620 0.180
v 22.37344 -5.28143 0.66141 0.150 0.620 0.180
v 21.95045 -5.28143 1.19182 0.150 0.620 0.180
v 21.33921 -5.28143 1.48618 0.150 0.620 0.180
v 20.66079 -5.28143 1.48618 0.150 0.620 0.180
v 20.04955 -5.28143 1.19182 0.150 0.620 0.180
v 19.62656 -5.28143 0.66141 0.150 0.620 0.180
v 19.47560 -5.28143 0.00000 0.150 0.620 0.180
v 19.62656 -5.28143 -0.66141 0.150 0.620 0.180
v 20.04955 -5.28143 -1.19182 0.150 0.620 0.180
v 20.66079 -5.28143 -1.48618 0.150 0.620 0.180
v 21.33921 -5.28143 -1.48618 0.150 0.620 0.180
v 21.95045 -5.28143 -1.19182 0.150 0.620 0.180
v 22.37344 -5.28143 -0.66141 0.150 0.620 0.180
v 22.16673 -5.81673 0.00000 0.150 0.620 0.180
v 22.05118 -5.81673 0.50622 0.150 0.620 0.180
v 21.72744 -5.81673 0.91218 0.150 0.620 0.180
v 21.25962 -5.81673 1.13747 0.150 0.620 0.180
v 20.74038 -5.81673 1.13747 0.150 0.620 0.180
v 20.27256 -5.81673 0.91218 0.150 0.620 0.180
v 19.94882 -5.81673 0.50622 0.150 0.620 0.180
v 19.83327 -5.81673 0.00000 0.150 0.620 0.180
v 19.94882 -5.81673 -0.50622 0.150 0.620 0.180
v 20.27256 -5.81673 -0.91218 0.150 0.620 0.180
v 20.74038 -5.81673 -1.13747 0.150 0.620 0.180
v 21.25962 -5.81673 -1.13747 0.150 0.620 0.180
v 21.72744 -5.81673 -0.91218 0.150 0.620 0.180
v 22.05118 -5.81673 -0.50622 0.150 0.620 0.180
v 21.63143 -6.17440 0.00000 0.150 0.620 0.180
v 21.56890 -6.17440 0.27397 0.150 0.620 0.180
v 21.39369 -6.17440 0.49367 0.150 0.620 0.180
v 21.14051 -6.17440 0.61560 0.150 0.620 0.180
v 20.85949 -6.17440 0.61560 0.150 0.620 0.180
v 20.60631 -6.17440 0.49367 0.150 0.620 0.180
v 20.43110 -6.17440 0.27397 0.150 0.620 0.180
v 20.36857 -6.17440 0.00000 0.150 0.620 0.180
v 20.43110 -6.17440 -0.27397 0.150 0.620 0.180
v 20.60631 -6.17440 -0.49367 0.150 0.620 0.180
v 20.85949 -6.17440 -0.61560 0.150 0.620 0.180
v 21.14051 -6.17440 -0.61560 0.150 0.620 0.180
v 21.39369 -6.17440 -0.49367 0.150 0.620 0.180
v 21.56890 -6.17440 -0.27397 0.150 0.620 0.180
v 21.00000 -6.30000 0.00000 0.150 0.620 0.180
v 21.00000 -6.30000 0.00000 0.150 0.620 0.180
v 21.00000 -6.30000 0.00000 0.150 0.620 0.180
v 21.00000 -6.30000 0.00000 0.150 0.620 0.180
v 21.00000 -6.30000 0.00000 0.150 0.620 0.180
v 21.00000 -6.30000 0.00000 0.150 0.620 0.180
v 21.00000 -6.30000 0.00000 0.150 0.620 0.180
v 21.00000 -6.30000 0.00000 0.150 0.620 0.180
v 21.00000 -6.30000 -0.00000 0.150 0.620 0.180
v 21.00000 -6.30000 -0.00000 0.150 0.620 0.180
v 21.00000 -6.30000 -0.00000 0.150 0.620 0.180
v 21.00000 -6.30000 -0.00000 0.150 0.620 0.180
v 21.00000 -6.30000 -0.00000 0.150 0.620 0.180
v 21.00000 -6.30000 -0.00000 0.150 0.620 0.180
v 19.44000 -6.00000 1.56000 0.880 0.820 0.350
v 22.56000 -6.00000 1.56000 0.880 0.820 0.350
v 22.56000 -5.55000 1.56000 0.880 0.820 0.350
v 19.44000 -5.55000 1.56000 0.880 0.820 0.350
v 22.56000 -6.00000 -1.56000 0.880 0.820 0.350
v 19.44000 -6.00000 -1.56000 0.880 0.820 0.350
v 19.44000 -5.55000 -1.56000 0.880 0.820 0.350
v 22.56000 -5.55000 -1.56000 0.880 0.820 0.350
v 19.44000 -5.55000 1.56000 0.880 0.820 0.350
v 22.56000 -5.55000 1.56000 0.880 0.820 0.350
v 22.56000 -5.55000 -1.56000 0.880 0.820 0.350
v 19.44000 -5.55000 -1.56000 0.880 0.820 0.350
v 19.44000 -6.00000 -1.56000 0.880 0.820 0.350
v 22.56000 -6.00000 -1.56000 0.880 0.820 0.350
v 22.56000 -6.00000 1.56000 0.880 0.820 0.350
v 19.44000 -6.00000 1.56000 0.880 0.820 0.350
v 22.56000 -6.00000 1.56000 0.880 0.820 0.350
v 22.56000 -6.00000 -1.56000 0.880 0.820 0.350
v 22.56000 -5.55000 -1.56000 0.880 0.820 0.350
v 22.56000 -5.55000 1.56000 0.880 0.820 0.350
v 19.44000 -6.00000 -1.56000 0.880 0.820 0.350
v 19.44000 -6.00000 1.56000 0.880 0.820 0.350
v 19.44000 -5.55000 1.56000 0.880 0.820 0.350
v 19.44000 -5.55000 -1.56000 0.880 0.820 0.350
v 19.38000 -4.86000 0.30000 0.080 0.380 0.100
v 22.62000 -4.86000 0.30000 0.080 0.380 0.100
v 22.62000 -4.56000 0.30000 0.080 0.380 0.100
v 19.38000 -4.56000 0.30000 0.080 0.380 0.100
v 22.62000 -4.86000 -0.30000 0.080 0.380 0.100
v 19.38000 -4.86000 -0.30000 0.080 0.380 0.100
v 19.38000 -4.56000 -0.30000 0.080 0.380 0.100
v 22.62000 -4.56000 -0.30000 0.080 0.380 0.100
v 19.38000 -4.56000 0.30000 0.080 0.380 0.100
v 22.62000 -4.56000 0.30000 0.080 0.380 0.100
v 22.62000 -4.56000 -0.30000 0.080 0.380 0.100
v 19.38000 -4.56000 -0.30000 0.080 0.380 0.100
v 19.38000 -4.86000 -0.30000 0.080 0.380 0.100
v 22.62000 -4.86000 -0.30000 0.080 0.380 0.100
v 22.62000 -4.86000 0.30000 0.080 0.380 0.100
v 19.38000 -4.86000 0.30000 0.080 0.380 0.100
v 22.62000 -4.86000 0.30000 0.080 0.380 0.100
v 22.62000 -4.86000 -0.30000 0.080 0.380 0.100
v 22.62000 -4.56000 -0.30000 0.080 0.380 0.100
v 22.62000 -4.56000 0.30000 0.080 0.380 0.100
v 19.38000 -4.86000 -0.30000 0.080 0.380 0.100
v 19.38000 -4.86000 0.30000 0.080 0.380 0.100
v 19.38000 -4.56000 0.30000 0.080 0.380 0.100
v 19.38000 -4.56000 -0.30000 0.080 0.380 0.100
v 20.70000 -4.86000 1.62000 0.080 0.380 0.100
v 21.30000 -4.86000 1.62000 0.080 0.380 0.100
v 21.30000 -4.56000 1.62000 0.080 0.380 0.100
v 20.70000 -4.56000 1.62000 0.080 0.380 0.100
v 21.30000 -4.86000 -1.62000 0.080 0.380 0.100
v 20.70000 -4.86000 -1.62000 0.080 0.380 0.100
v 20.70000 -4.56000 -1.62000 0.080 0.380 0.100
v 21.30000 -4.56000 -1.62000 0.080 0.380 0.100
v 20.70000 -4.56000 1.62000 0.080 0.380 0.100
v 21.30000 -4.56000 1.62000 0.080 0.380 0.100
v 21.30000 -4.56000 -1.62000 0.080 0.380 0.100
v 20.70000 -4.56000 -1.62000 0.080 0.380 0.100
v 20.70000 -4.86000 -1.62000 0.080 0.380 0.100
v 21.30000 -4.86000 -1.62000 0.080 0.380 0.100
v 21.30000 -4.86000 1.62000 0.080 0.380 0.100
v 20.70000 -4.86000 1.62000 0.080 0.380 0.100
v 21.30000 -4.86000 1.62000 0.080 0.380 0.100
v 21.30000 -4.86000 -1.62000 0.080 0.380 0.100
v 21.30000 -4.56000 -1.62000 0.080 0.380 0.100
v 21.30000 -4.56000 1.62000 0.080 0.380 0.100
v 20.70000 -4.86000 -1.62000 0.080 0.380 0.100
v 20.70000 -4.86000 1.62000 0.080 0.380 0.100
v 20.70000 -4.56000 1.62000 0.080 0.380 0.100
v 20.70000 -4.56000 -1.62000 0.080 0.380 0.100
v -24.00000 -3.00000 0.00000 0.150 0.620 0.180
v -24.00000 -3.00000 0.00000 0.150 0.620 0.180
v -24.00000 -3.00000 0.00000 0.150 0.620 0.180
v -24.00000 -3.00000 0.00000 0.150 0.620 0.180
v -24.00000 -3.00000 0.00000 0.150 0.620 0.180
v -24.00000 -3.00000 0.00000 0.150 0.620 0.180
v -24.00000 -3.00000 0.00000 0.150 0.620 0.180
v -24.00000 -3.00000 0.00000 0.150 0.620 0.180
v -24.00000 -3.00000 0.00000 0.150 0.620 0.180
v -24.00000 -3.00000 0.00000 0.150 0.620 0.180
v -24.00000 -3.00000 0.00000 0.150 0.620 0.180
v -24.00000 -3.00000 0.00000 0.150 0.620 0.180
v -24.00000 -3.00000 0.00000 0.150 0.620 0.180
v -24.00000 -3.00000 0.00000 0.150 0.620 0.180
v -23.36857 -3.12560 0.00000 0.150 0.620 0.180
v -23.43110 -3.12560 0.27397 0.150 0.620 0.180
v -23.60631 -3.12560 0.49367 0.150 0.620 0.180
v -23.85949 -3.12560 0.61560 0.150 0.620 0.180
v -24.14051 -3.12560 0.61560 0.150 0.620 0.180
v -24.39369 -3.12560 0.49367 0.150 0.620 0.180
v -24.56890 -3.12560 0.27397 0.150 0.620 0.180
v -24.63143 -3.12560 0.00000 0.150 0.620 0.180
v -24.56890 -3.12560 -0.27397 0.150 0.620 0.180
v -24.39369 -3.12560 -0.49367 0.150 0.620 0.180
v -24.14051 -3.12560 -0.61560 0.150 0.620 0.180
v -23.85949 -3.12560 -0.61560 0.150 0.620 0.180
v -23.60631 -3.12560 -0.49367 0.150 0.620 0.180
v -23.43110 -3.12560 -0.27397 0.150 0.620 0.180
v -22.83327 -3.48327 0.00000 0.150 0.620 0.180
v -22.94882 -3.48327 0.50622 0.150 0.620 0.180
v -23.27256 -3.48327 0.91218 0.150 0.620 0.180
v -23.74038 -3.48327 1.13747 0.150 0.620 0.180
v -24.25962 -3.48327 1.13747 0.150 0.620 0.180
v -24.72744 -3.48327 0.91218 0.150 0.620 0.180
v -25.05118 -3.48327 0.50622 0.150 0.620 0.180
v -25.16673 -3.48327 0.00000 0.150 0.620 0.180
v -25.05118 -3.48327 -0.50622 0.150 0.620 0.180
v -24.72744 -3.48327 -0.91218 0.150 0.620 0.180
v -24.25962 -3.48327 -1.13747 0.150 0.620 0.180
v -23.74038 -3.48327 -1.13747 0.150 0.620 0.180
v -23.27256 -3.48327 -0.91218 0.150 0.620 0.180
v -22.94882 -3.48327 -0.50622 0.150 0.620 0.180
v -22.47560 -4.01857 0.00000 0.150 0.620 0.180
v -22.62656 -4.01857 0.66141 0.150 0.620 0.180
v -23.04955 -4.01857 1.19182 0.150 0.620 0.180
v -23.66079 -4.01857 1.48618 0.150 0.620 0.180
v -24.33921 -4.01857 1.48618 0.150 0.620 0.180
v -24.95045 -4.01857 1.19182 0.150 0.620 0.180
v -25.37344 -4.01857 0.66141 0.150 0.620 0.180
v -25.52440 -4.01857 0.00000 0.150 0.620 0.180
v -25.37344 -4.01857 -0.66141 0.150 0.620 0.180
v -24.95045 -4.01857 -1.19182 0.150 0.620 0.180
v -24.33921 -4.01857 -1.48618 0.150 0.620 0.180
v -23.66079 -4.01857 -1.48618 0.150 0.620 0.180
v -23.04955 -4.01857 -1.19182 0.150 0.620 0.180
v -22.62656 -4.01857 -0.66141 0.150 0.620 0.180
v -22.35000 -4.65000 0.00000 0.150 0.620 0.180
v -22.51340 -4.65000 0.71591 0.150 0.620 0.180
v -22.97124 -4.65000 1.29002 0.150 0.620 0.180
v -23.63284 -4.65000 1.60863 0.150 0.620 0.180
v -24.36716 -4.65000 1.60863 0.150 0.620 0.180
v -25.02876 -4.65000 1.29002 0.150 0.620 0.180
v -25.48660 -4.65000 0.71591 0.150 0.620 0.180
v -25.65000 -4.65000 0.00000 0.150 0.620 0.180
v -25.48660 -4.65000 -0.71591 0.150 0.620 0.180
v -25.02876 -4.65000 -1.29002 0.150 0.620 0.180
v -24.36716 -4.65000 -1.60863 0.150 0.620 0.180
v -23.63284 -4.65000 -1.60863 0.150 0.620 0.180
v -22.97124 -4.65000 -1.29002 0.150 0.620 0.180
v -22.51340 -4.65000 -0.71591 0.150 0.620 0.180
v -22.47560 -5.28143 0.00000 0.150 0.620 0.180
v -22.62656 -5.28143 0.66141 0.150 0.620 0.180
v -23.04955 -5.28143 1.19182 0.150 0.620 0.180
v -23.66079 -5.28143 1.48618 0.150 0.620 0.180
v -24.33921 -5.28143 1.48618 0.150 0.620 0.180
v -24.95045 -5.28143 1.19182 0.150 0.620 0.180
v -25.37344 -5.28143 0.66141 0.150 0.620 0.180
v -25.52440 -5.28143 0.00000 0.150 0.620 0.180
v -25.37344 -5.28143 -0.66141 0.150 0.620 0.180
v -24.95045 -5.28143 -1.19182 0.150 0.620 0.180
v -24.33921 -5.28143 -1.48618 0.150 0.620 0.180
v -23.66079 -5.28143 -1.48618 0.150 0.620 0.180
v -23.04955 -5.28143 -1.19182 0.150 0.620 0.180
v -22.62656 -5.28143 -0.66141 0.150 0.620 0.180
v -22.83327 -5.81673 0.00000 0.150 0.620 0.180
v -22.94882 -5.81673 0.50622 0.150 0.620 0.180
v -23.27256 -5.81673 0.91218 0.150 0.620 0.180
v -23.74038 -5.81673 1.13747 0.150 0.620 0.180
v -24.25962 -5.81673 1.13747 0.150 0.620 0.180
v -24.72744 -5.81673 0.91218 0.150 0.620 0.180
v -25.05118 -5.81673 0.50622 0.150 0.620 0.180
v -25.16673 -5.81673 0.00000 0.150 0.620 0.180
v -25.05118 -5.81673 -0.50622 0.150 0.620 0.180
v -24.72744 -5.81673 -0.91218 0.150 0.620 0.180
v -24.25962 -5.81673 -1.13747 0.150 0.620 0.180
v -23.74038 -5.81673 -1.13747 0.150 0.620 0.180
v -23.27256 -5.81673 -0.91218 0.150 0.620 0.180
v -22.94882 -5.81673 -0.50622 0.150 0.620 0.180
v -23.36857 -6.17440 0.00000 0.150 0.620 0.180
v -23.43110 -6.17440 0.27397 0.150 0.620 0.180
v -23.60631 -6.17440 0.49367 0.150 0.620 0.180
v -23.85949 -6.17440 0.61560 0.150 0.620 0.180
v -24.14051 -6.17440 0.61560 0.150 0.620 0.180
v -24.39369 -6.17440 0.49367 0.150 0.620 0.180
v -24.56890 -6.17440 0.27397 0.150 0.620 0.180
v -24.63143 -6.17440 0.00000 0.150 0.620 0.180
v -24.56890 -6.17440 -0.27397 0.150 0.620 0.180
v -24.39369 -6.17440 -0.49367 0.150 0.620 0.180
v -24.14051 -6.17440 -0.61560 0.150 0.620 0.180
v -23.85949 -6.17440 -0.61560 0.150 0.620 0.180
v -23.60631 -6.17440 -0.49367 0.150 0.620 0.180
v -23.43110 -6.17440 -0.27397 0.150 0.620 0.180
v -24.00000 -6.30000 0.00000 0.150 0.620 0.180
v -24.00000 -6.30000 0.00000 0.150 0.620 0.180
v -24.00000 -6.30000 0.00000 0.150 0.620 0.180
v -24.00000 -6.30000 0.00000 0.150 0.620 0.180
v -24.00000 -6.30000 0.00000 0.150 0.620 0.180
v -24.00000 -6.30000 0.00000 0.150 0.620 0.180
v -24.00000 -6.30000 0.00000 0.150 0.620 0.180
v -24.00000 -6.30000 0.00000 0.150 0.620 0.180
v -24.00000 -6.30000 -0.00000 0.150 0.620 0.180
v -24.00000 -6.30000 -0.00000 0.150 0.620 0.180
v -24.00000 -6.30000 -0.00000 0.150 0.620 0.180
v -24.00000 -6.30000 -0.00000 0.150 0.620 0.180
v -24.00000 -6.30000 -0.00000 0.150 0.620 0.180
v -24.00000 -6.30000 -0.00000 0.150 0.620 0.180
v -25.56000 -6.00000 1.56000 0.880 0.820 0.350
v -22.44000 -6.00000 1.56000 0.880 0.820 0.350
v -22.44000 -5.55000 1.56000 0.880 0.820 0.350
v -25.56000 -5.55000 1.56000 0.880 0.820 0.350
v -22.44000 -6.00000 -1.56000 0.880 0.820 0.350
v -25.56000 -6.00000 -1.56000 0.880 0.820 0.350
v -25.56000 -5.55000 -1.56000 0.880 0.820 0.350
v -22.44000 -5.55000 -1.56000 0.880 0.820 0.350
v -25.56000 -5.55000 1.56000 0.880 0.820 0.350
v -22.44000 -5.55000 1.56000 0.880 0.820 0.350
v -22.44000 -5.55000 -1.56000 0.880 0.820 0.350
v -25.56000 -5.55000 -1.56000 0.880 0.820 0.350
v -25.56000 -6.00000 -1.56000 0.880 0.820 0.350
v -22.44000 -6.00000 -1.56000 0.880 0.820 0.350
v -22.44000 -6.00000 1.56000 0.880 0.820 0.350
v -25.56000 -6.00000 1.56000 0.880 0.820 0.350
v -22.44000 -6.00000 1.56000 0.880 0.820 0.350
v -22.44000 -6.00000 -1.56000 0.880 0.820 0.350
v -22.44000 -5.55000 -1.56000 0.880 0.820 0.350
v -22.44000 -5.55000 1.56000 0.880 0.820 0.350
v -25.56000 -6.00000 -1.56000 0.880 0.820 0.350
v -25.56000 -6.00000 1.56000 0.880 0.820 0.350
v -25.56000 -5.55000 1.56000 0.880 0.820 0.350
v -25.56000 -5.55000 -1.56000 0.880 0.820 0.350
v -25.62000 -4.86000 0.30000 0.080 0.380 0.100
v -22.38000 -4.86000 0.30000 0.080 0.380 0.100
v -22.38000 -4.56000 0.30000 0.080 0.380 0.100
v -25.62000 -4.56000 0.30000 0.080 0.380 0.100
v -22.38000 -4.86000 -0.30000 0.080 0.380 0.100
v -25.62000 -4.86000 -0.30000 0.080 0.380 0.100
v -25.62000 -4.56000 -0.30000 0.080 0.380 0.100
v -22.38000 -4.56000 -0.30000 0.080 0.380 0.100
v -25.62000 -4.56000 0.30000 0.080 0.380 0.100
v -22.38000 -4.56000 0.30000 0.080 0.380 0.100
v -22.38000 -4.56000 -0.30000 0.080 0.380 0.100
v -25.62000 -4.56000 -0.30000 0.080 0.380 0.100
v -25.62000 -4.86000 -0.30000 0.080 0.380 0.100
v -22.38000 -4.86000 -0.30000 0.080 0.380 0.100
v -22.38000 -4.86000 0.30000 0.080 0.380 0.100
v -25.62000 -4.86000 0.30000 0.080 0.380 0.100
v -22.38000 -4.86000 0.30000 0.080 0.380 0.100
v -22.38000 -4.86000 -0.30000 0.080 0.380 0.100
v -22.38000 -4.56000 -0.30000 0.080 0.380 0.100
v -22.38000 -4.56000 0.30000 0.080 0.380 0.100
v -25.62000 -4.86000 -0.30000 0.080 0.380 0.100
v -25.62000 -4.86000 0.30000 0.080 0.380 0.100
v -25.62000 -4.56000 0.30000 0.080 0.380 0.100
v -25.62000 -4.56000 -0.30000 0.080 0.380 0.100
v -24.30000 -4.86000 1.62000 0.080 0.380 0.100
v -23.70000 -4.86000 1.62000 0.080 0.380 0.100
v -23.70000 -4.56000 1.62000 0.080 0.380 0.100
v -24.30000 -4.56000 1.62000 0.080 0.380 0.100
v -23.70000 -4.86000 -1.62000 0.080 0.380 0.100
v -24.30000 -4.86000 -1.62000 0.080 0.380 0.100
v -24.30000 -4.56000 -1.62000 0.080 0.380 0.100
v -23.70000 -4.56000 -1.62000 0.080 0.380 0.100
v -24.30000 -4.56000 1.62000 0.080 0.380 0.100
v -23.70000 -4.56000 1.62000 0.080 0.380 0.100
v -23.70000 -4.56000 -1.62000 0.080 0.380 0.100
v -24.30000 -4.56000 -1.62000 0.080 0.380 0.100
v -24.30000 -4.86000 -1.62000 0.080 0.380 0.100
v -23.70000 -4.86000 -1.62000 0.080 0.380 0.100
v -23.70000 -4.86000 1.62000 0.080 0.380 0.100
v -24.30000 -4.86000 1.62000 0.080 0.380 0.100
v -23.70000 -4.86000 1.62000 0.080 0.380 0.100
v -23.70000 -4.86000 -1.62000 0.080 0.380 0.100
v -23.70000 -4.56000 -1.62000 0.080 0.380 0.100
v -23.70000 -4.56000 1.62000 0.080 0.380 0.100
v -24.30000 -4.86000 -1.62000 0.080 0.380 0.100
v -24.30000 -4.86000 1.62000 0.080 0.380 0.100
v -24.30000 -4.56000 1.62000 0.080 0.380 0.100
v -24.30000 -4.56000 -1.62000 0.080 0.380 0.100
v 60.00000 -3.00000 0.00000 0.150 0.620 0.180
v 60.00000 -3.00000 0.00000 0.150 0.620 0.180
v 60.00000 -3.00000 0.00000 0.150 0.620 0.180
v 60.00000 -3.00000 0.00000 0.150 0.620 0.180
v 60.00000 -3.00000 0.00000 0.150 0.620 0.180
v 60.00000 -3.00000 0.00000 0.150 0.620 0.180
v 60.00000 -3.00000 0.00000 0.150 0.620 0.180
v 60.00000 -3.00000 0.00000 0.150 0.620 0.180
v 60.00000 -3.00000 0.00000 0.150 0.620 0.180
v 60.00000 -3.00000 0.00000 0.150 0.620 0.180
v 60.00000 -3.00000 0.00000 0.150 0.620 0.180
v 60.00000 -3.00000 0.00000 0.150 0.620 0.180
v 60.00000 -3.00000 0.00000 0.150 0.620 0.180
v 60.00000 -3.00000 0.00000 0.150 0.620 0.180
v 60.63143 -3.12560 0.00000 0.150 0.620 0.180
v 60.56890 -3.12560 0.27397 0.150 0.620 0.180
v 60.39369 -3.12560 0.49367 0.150 0.620 0.180
v 60.14051 -3.12560 0.61560 0.150 0.620 0.180
v 59.85949 -3.12560 0.61560 0.150 0.620 0.180
v 59.60631 -3.12560 0.49367 0.150 0.620 0.180
v 59.43110 -3.12560 0.27397 0.150 0.620 0.180
v 59.36857 -3.12560 0.00000 0.150 0.620 0.180
v 59.43110 -3.12560 -0.27397 0.150 0.620 0.180
v 59.60631 -3.12560 -0.49367 0.150 0.620 0.180
v 59.85949 -3.12560 -0.61560 0.150 0.620 0.180
v 60.14051 -3.12560 -0.61560 0.150 0.620 0.180
v 60.39369 -3.12560 -0.49367 0.150 0.620 0.180
v 60.56890 -3.12560 -0.27397 0.150 0.620 0.180
v 61.16673 -3.48327 0.00000 0.150 0.620 0.180
v 61.05118 -3.48327 0.50622 0.150 0.620 0.180
v 60.72744 -3.48327 0.91218 0.150 0.620 0.180
v 60.25962 -3.48327 1.13747 0.150 0.620 0.180
v 59.74038 -3.48327 1.13747 0.150 0.620 0.180
v 59.27256 -3.48327 0.91218 0.150 0.620 0.180
v 58.94882 -3.48327 0.50622 0.150 0.620 0.180
v 58.83327 -3.48327 0.00000 0.150 0.620 0.180
v 58.94882 -3.48327 -0.50622 0.150 0.620 0.180
v 59.27256 -3.48327 -0.91218 0.150 0.620 0.180
v 59.74038 -3.48327 -1.13747 0.150 0.620 0.180
v 60.25962 -3.48327 -1.13747 0.150 0.620 0.180
v 60.72744 -3.48327 -0.91218 0.150 0.620 0.180
v 61.05118 -3.48327 -0.50622 0.150 0.620 0.180
v 61.52440 -4.01857 0.00000 0.150 0.620 0.180
v 61.37344 -4.01857 0.66141 0.150 0.620 0.180
v 60.95045 -4.01857 1.19182 0.150 0.620 0.180
v 60.33921 -4.01857 1.48618 0.150 0.620 0.180
v 59.66079 -4.01857 1.48618 0.150 0.620 0.180
v 59.04955 -4.01857 1.19182 0.150 0.620 0.180
v 58.62656 -4.01857 0.66141 0.150 0.620 0.180
v 58.47560 -4.01857 0.00000 0.150 0.620 0.180
v 58.62656 -4.01857 -0.66141 0.150 0.620 0.180
v 59.04955 -4.01857 -1.19182 0.150 0.620 0.180
v 59.66079 -4.01857 -1.48618 0.150 0.620 0.180
v 60.33921 -4.01857 -1.48618 0.150 0.620 0.180
v 60.95045 -4.01857 -1.19182 0.150 0.620 0.180
v 61.37344 -4.01857 -0.66141 0.150 0.620 0.180
v 61.65000 -4.65000 0.00000 0.150 0.620 0.180
v 61.48660 -4.65000 0.71591 0.150 0.620 0.180
v 61.02876 -4.65000 1.29002 0.150 0.620 0.180
v 60.36716 -4.65000 1.60863 0.150 0.620 0.180
v 59.63284 -4.65000 1.60863 0.150 0.620 0.180
v 58.97124 -4.65000 1.29002 0.150 0.620 0.180
v 58.51340 -4.65000 0.71591 0.150 0.620 0.180
v 58.35000 -4.65000 0.00000 0.150 0.620 0.180
v 58.51340 -4.65000 -0.71591 0.150 0.620 0.180
v 58.97124 -4.65000 -1.29002 0.150 0.620 0.180
v 59.63284 -4.65000 -1.60863 0.150 0.620 0.180
v 60.36716 -4.65000 -1.60863 0.150 0.620 0.180
v 61.02876 -4.65000 -1.29002 0.150 0.620 0.180
v 61.48660 -4.65000 -0.71591 0.150 0.620 0.180
v 61.52440 -5.28143 0.00000 0.150 0.620 0.180
v 61.37344 -5.28143 0.66141 0.150 0.620 0.180
v 60.95045 -5.28143 1.19182 0.150 0.620 0.180
v 60.33921 -5.28143 1.48618 0.150 0.620 0.180
v 59.66079 -5.28143 1.48618 0.150 0.620 0.180
v 59.04955 -5.28143 1.19182 0.150 0.620 0.180
v 58.62656 -5.28143 0.66141 0.150 0.620 0.180
v 58.47560 -5.28143 0.00000 0.150 0.620 0.180
v 58.62656 -5.28143 -0.66141 0.150 0.620 0.180
v 59.04955 -5.28143 -1.19182 0.150 0.620 0.180
v 59.66079 -5.28143 -1.48618 0.150 0.620 0.180
v 60.33921 -5.28143 -1.48618 0.150 0.620 0.180
v 60.95045 -5.28143 -1.19182 0.150 0.620 0.180
v 61.37344 -5.28143 -0.66141 0.150 0.620 0.180
v 61.16673 -5.81673 0.00000 0.150 0.620 0.180
v 61.05118 -5.81673 0.50622 0.150 0.620 0.180
v 60.72744 -5.81673 0.91218 0.150 0.620 0.180
v 60.25962 -5.81673 1.13747 0.150 0.620 0.180
v 59.74038 -5.81673 1.13747 0.150 0.620 0.180
v 59.27256 -5.81673 0.91218 0.150 0.620 0.180
v 58.94882 -5.81673 0.50622 0.150 0.620 0.180
v 58.83327 -5.81673 0.00000 0.150 0.620 0.180
v 58.94882 -5.81673 -0.50622 0.150 0.620 0.180
v 59.27256 -5.81673 -0.91218 0.150 0.620 0.180
v 59.74038 -5.81673 -1.13747 0.150 0.620 0.180
v 60.25962 -5.81673 -1.13747 0.150 0.620 0.180
v 60.72744 -5.81673 -0.91218 0.150 0.620 0.180
v 61.05118 -5.81673 -0.50622 0.150 0.620 0.180
v 60.63143 -6.17440 0.00000 0.150 0.620 0.180
v 60.56890 -6.17440 0.27397 0.150 0.620 0.180
v 60.39369 -6.17440 0.49367 0.150 0.620 0.180
v 60.14051 -6.17440 0.61560 0.150 0.620 0.180
v 59.85949 -6.17440 0.61560 0.150 0.620 0.180
v 59.60631 -6.17440 0.49367 0.150 0.620 0.180
v 59.43110 -6.17440 0.27397 0.150 0.620 0.180
v 59.36857 -6.17440 0.00000 0.150 0.620 0.180
v 59.43110 -6.17440 -0.27397 0.150 0.620 0.180
v 59.60631 -6.17440 -0.49367 0.150 0.620 0.180
v 59.85949 -6.17440 -0.61560 0.150 0.620 0.180
v 60.14051 -6.17440 -0.61560 0.150 0.620 0.180
v 60.39369 -6.17440 -0.49367 0.150 0.620 0.180
v 60.56890 -6.17440 -0.27397 0.150 0.620 0.180
v 60.00000 -6.30000 0.00000 0.150 0.620 0.180
v 60.00000 -6.30000 0.00000 0.150 0.620 0.180
v 60.00000 -6.30000 0.00000 0.150 0.620 0.180
v 60.00000 -6.30000 0.00000 0.150 0.620 0.180
v 60.00000 -6.30000 0.00000 0.150 0.620 0.180
v 60.00000 -6.30000 0.00000 0.150 0.620 0.180
v 60.00000 -6.30000 0.00000 0.150 0.620 0.180
v 60.00000 -6.30000 0.00000 0.150 0.620 0.180
v 60.00000 -6.30000 -0.00000 0.150 0.620 0.180
v 60.00000 -6.30000 -0.00000 0.150 0.620 0.180
v 60.00000 -6.30000 -0.00000 0.150 0.620 0.180
v 60.00000 -6.30000 -0.00000 0.150 0.620 0.180
v 60.00000 -6.30000 -0.00000 0.150 0.620 0.180
v 60.00000 -6.30000 -0.00000 0.150 0.620 0.180
v 58.44000 -6.00000 1.56000 0.880 0.820 0.350
v 61.56000 -6.00000 1.56000 0.880 0.820 0.350
v 61.56000 -5.55000 1.56000 0.880 0.820 0.350
v 58.44000 -5.55000 1.56000 0.880 0.820 0.350
v 61.56000 -6.00000 -1.56000 0.880 0.820 0.350
v 58.44000 -6.00000 -1.56000 0.880 0.820 0.350
v 58.44000 -5.55000 -1.56000 0.880 0.820 0.350
v 61.56000 -5.55000 -1.56000 0.880 0.820 0.350
v 58.44000 -5.55000 1.56000 0.880 0.820 0.350
v 61.56000 -5.55000 1.56000 0.880 0.820 0.350
v 61.56000 -5.55000 -1.56000 0.880 0.820 0.350
v 58.44000 -5.55000 -1.56000 0.880 0.820 0.350
v 58.44000 -6.00000 -1.56000 0.880 0.820 0.350
v 61.56000 -6.00000 -1.56000 0.880 0.820 0.350
v 61.56000 -6.00000 1.56000 0.880 0.820 0.350
v 58.44000 -6.00000 1.56000 0.880 0.820 0.350
v 61.56000 -6.00000 1.56000 0.880 0.820 0.350
v 61.56000 -6.00000 -1.56000 0.880 0.820 0.350
v 61.56000 -5.55000 -1.56000 0.880 0.820 0.350
v 61.56000 -5.55000 1.56000 0.880 0.820 0.350
v 58.44000 -6.00000 -1.56000 0.880 0.820 0.350
v 58.44000 -6.00000 1.56000 0.880 0.820 0.350
v 58.44000 -5.55000 1.56000 0.880 0.820 0.350
v 58.44000 -5.55000 -1.56000 0.880 0.820 0.350
v 58.38000 -4.86000 0.30000 0.080 0.380 0.100
v 61.62000 -4.86000 0.30000 0.080 0.380 0.100
v 61.62000 -4.56000 0.30000 0.080 0.380 0.100
v 58.38000 -4.56000 0.30000 0.080 0.380 0.100
v 61.62000 -4.86000 -0.30000 0.080 0.380 0.100
v 58.38000 -4.86000 -0.30000 0.080 0.380 0.100
v 58.38000 -4.56000 -0.30000 0.080 0.380 0.100
v 61.62000 -4.56000 -0.30000 0.080 0.380 0.100
v 58.38000 -4.56000 0.30000 0.080 0.380 0.100
v 61.62000 -4.56000 0.30000 0.080 0.380 0.100
v 61.62000 -4.56000 -0.30000 0.080 0.380 0.100
v 58.38000 -4.56000 -0.30000 0.080 0.380 0.100
v 58.38000 -4.86000 -0.30000 0.080 0.380 0.100
v 61.62000 -4.86000 -0.30000 0.080 0.380 0.100
v 61.62000 -4.86000 0.30000 0.080 0.380 0.100
v 58.38000 -4.86000 0.30000 0.080 0.380 0.100
v 61.62000 -4.86000 0.30000 0.080 0.380 0.100
v 61.62000 -4.86000 -0.30000 0.080 0.380 0.100
v 61.62000 -4.56000 -0.30000 0.080 0.380 0.100
v 61.62000 -4.56000 0.30000 0.080 0.380 0.100
v 58.38000 -4.86000 -0.30000 0.080 0.380 0.100
v 58.38000 -4.86000 0.30000 0.080 0.380 0.100
v 58.38000 -4.56000 0.30000 0.080 0.380 0.100
v 58.38000 -4.56000 -0.30000 0.080 0.380 0.100
v 59.70000 -4.86000 1.62000 0.080 0.380 0.100
v 60.30000 -4.86000 1.62000 0.080 0.380 0.100
v 60.30000 -4.56000 1.62000 0.080 0.380 0.100
v 59.70000 -4.56000 1.62000 0.080 0.380 0.100
v 60.30000 -4.86000 -1.62000 0.080 0.380 0.100
v 59.70000 -4.86000 -1.62000 0.080 0.380 0.100
v 59.70000 -4.56000 -1.62000 0.080 0.380 0.100
v 60.30000 -4.56000 -1.62000 0.080 0.380 0.100
v 59.70000 -4.56000 1.62000 0.080 0.380 0.100
v 60.30000 -4.56000 1.62000 0.080 0.380 0.100
v 60.30000 -4.56000 -1.62000 0.080 0.380 0.100
v 59.70000 -4.56000 -1.62000 0.080 0.380 0.100
v 59.70000 -4.86000 -1.62000 0.080 0.380 0.100
v 60.30000 -4.86000 -1.62000 0.080 0.380 0.100
v 60.30000 -4.86000 1.62000 0.080 0.380 0.100
v 59.70000 -4.86000 1.62000 0.080 0.380 0.100
v 60.30000 -4.86000 1.62000 0.080 0.380 0.100
v 60.30000 -4.86000 -1.62000 0.080 0.380 0.100
v 60.30000 -4.56000 -1.62000 0.080 0.380 0.100
v 60.30000 -4.56000 1.62000 0.080 0.380 0.100
v 59.70000 -4.86000 -1.62000 0.080 0.380 0.100
v 59.70000 -4.86000 1.62000 0.080 0.380 0.100
v 59.70000 -4.56000 1.62000 0.080 0.380 0.100
v 59.70000 -4.56000 -1.62000 0.080 0.380 0.100
v -15.36000 1.50000 0.36000 0.150 0.620 0.120
v -14.64000 1.50000 0.36000 0.150 0.620 0.120
v -14.64000 3.90000 0.36000 0.150 0.620 0.120
v -15.36000 3.90000 0.36000 0.150 0.620 0.120
v -14.64000 1.50000 -0.36000 0.150 0.620 0.120
v -15.36000 1.50000 -0.36000 0.150 0.620 0.120
v -15.36000 3.90000 -0.36000 0.150 0.620 0.120
v -14.64000 3.90000 -0.36000 0.150 0.620 0.120
v -15.36000 3.90000 0.36000 0.150 0.620 0.120
v -14.64000 3.90000 0.36000 0.150 0.620 0.120
v -14.64000 3.90000 -0.36000 0.150 0.620 0.120
v -15.36000 3.90000 -0.36000 0.150 0.620 0.120
v -15.36000 1.50000 -0.36000 0.150 0.620 0.120
v -14.64000 1.50000 -0.36000 0.150 0.620 0.120
v -14.64000 1.50000 0.36000 0.150 0.620 0.120
v -15.36000 1.50000 0.36000 0.150 0.620 0.120
v -14.64000 1.50000 0.36000 0.150 0.620 0.120
v -14.64000 1.50000 -0.36000 0.150 0.620 0.120
v -14.64000 3.90000 -0.36000 0.150 0.620 0.120
v -14.64000 3.90000 0.36000 0.150 0.620 0.120
v -15.36000 1.50000 -0.36000 0.150 0.620 0.120
v -15.36000 1.50000 0.36000 0.150 0.620 0.120
v -15.36000 3.90000 0.36000 0.150 0.620 0.120
v -15.36000 3.90000 -0.36000 0.150 0.620 0.120
v -15.36000 3.90000 0.36000 0.150 0.620 0.120
v -14.16000 3.90000 0.36000 0.150 0.620 0.120
v -14.16000 4.80000 0.36000 0.150 0.620 0.120
v -15.36000 4.80000 0.36000 0.150 0.620 0.120
v -14.16000 3.90000 -0.36000 0.150 0.620 0.120
v -15.36000 3.90000 -0.36000 0.150 0.620 0.120
v -15.36000 4.80000 -0.36000 0.150 0.620 0.120
v -14.16000 4.80000 -0.36000 0.150 0.620 0.120
v -15.36000 4.80000 0.36000 0.150 0.620 0.120
v -14.16000 4.80000 0.36000 0.150 0.620 0.120
v -14.16000 4.80000 -0.36000 0.150 0.620 0.120
v -15.36000 4.80000 -0.36000 0.150 0.620 0.120
v -15.36000 3.90000 -0.36000 0.150 0.620 0.120
v -14.16000 3.90000 -0.36000 0.150 0.620 0.120
v -14.16000 3.90000 0.36000 0.150 0.620 0.120
v -15.36000 3.90000 0.36000 0.150 0.620 0.120
v -14.16000 3.90000 0.36000 0.150 0.620 0.120
v -14.16000 3.90000 -0.36000 0.150 0.620 0.120
v -14.16000 4.80000 -0.36000 0.150 0.620 0.120
v -14.16000 4.80000 0.36000 0.150 0.620 0.120
v -15.36000 3.90000 -0.36000 0.150 0.620 0.120
v -15.36000 3.90000 0.36000 0.150 0.620 0.120
v -15.36000 4.80000 0.36000 0.150 0.620 0.120
v -15.36000 4.80000 -0.36000 0.150 0.620 0.120
v -14.76000 4.80000 0.36000 0.150 0.620 0.120
v -14.16000 4.80000 0.36000 0.150 0.620 0.120
v -14.16000 6.30000 0.36000 0.150 0.620 0.120
v -14.76000 6.30000 0.36000 0.150 0.620 0.120
v -14.16000 4.80000 -0.36000 0.150 0.620 0.120
v -14.76000 4.80000 -0.36000 0.150 0.620 0.120
v -14.76000 6.30000 -0.36000 0.150 0.620 0.120
v -14.16000 6.30000 -0.36000 0.150 0.620 0.120
v -14.76000 6.30000 0.36000 0.150 0.620 0.120
v -14.16000 6.30000 0.36000 0.150 0.620 0.120
v -14.16000 6.30000 -0.36000 0.150 0.620 0.120
v -14.76000 6.30000 -0.36000 0.150 0.620 0.120
v -14.76000 4.80000 -0.36000 0.150 0.620 0.120
v -14.16000 4.80000 -0.36000 0.150 0.620 0.120
v -14.16000 4.80000 0.36000 0.150 0.620 0.120
v -14.76000 4.80000 0.36000 0.150 0.620 0.120
v -14.16000 4.80000 0.36000 0.150 0.620 0.120
v -14.16000 4.80000 -0.36000 0.150 0.620 0.120
v -14.16000 6.30000 -0.36000 0.150 0.620 0.120
v -14.16000 6.30000 0.36000 0.150 0.620 0.120
v -14.76000 4.80000 -0.36000 0.150 0.620 0.120
v -14.76000 4.80000 0.36000 0.150 0.620 0.120
v -14.76000 6.30000 0.36000 0.150 0.620 0.120
v -14.76000 6.30000 -0.36000 0.150 0.620 0.120
v -14.16000 9.15000 0.00000 0.880 0.080 0.080
v -14.16000 9.15000 0.00000 0.880 0.080 0.080
v -14.16000 9.15000 0.00000 0.880 0.080 0.080
v -14.16000 9.15000 0.00000 0.880 0.080 0.080
v -14.16000 9.15000 0.00000 0.880 0.080 0.080
v -14.16000 9.15000 0.00000 0.880 0.080 0.080
v -14.16000 9.15000 0.00000 0.880 0.080 0.080
v -14.16000 9.15000 0.00000 0.880 0.080 0.080
v -14.16000 9.15000 0.00000 0.880 0.080 0.080
v -14.16000 9.15000 0.00000 0.880 0.080 0.080
v -14.16000 9.15000 0.00000 0.880 0.080 0.080
v -14.16000 9.15000 0.00000 0.880 0.080 0.080
v -14.16000 9.15000 0.00000 0.880 0.080 0.080
v -14.16000 9.15000 0.00000 0.880 0.080 0.080
v -13.65012 9.06924 0.00000 0.880 0.080 0.080
v -13.70062 9.06924 0.22123 0.880 0.080 0.080
v -13.84210 9.06924 0.39864 0.880 0.080 0.080
v -14.04654 9.06924 0.49709 0.880 0.080 0.080
v -14.27346 9.06924 0.49709 0.880 0.080 0.080
v -14.47790 9.06924 0.39864 0.880 0.080 0.080
v -14.61938 9.06924 0.22123 0.880 0.080 0.080
v -14.66988 9.06924 0.00000 0.880 0.080 0.080
v -14.61938 9.06924 -0.22123 0.880 0.080 0.080
v -14.47790 9.06924 -0.39864 0.880 0.080 0.080
v -14.27346 9.06924 -0.49709 0.880 0.080 0.080
v -14.04654 9.06924 -0.49709 0.880 0.080 0.080
v -13.84210 9.06924 -0.39864 0.880 0.080 0.080
v -13.70062 9.06924 -0.22123 0.880 0.080 0.080
v -13.19015 8.83488 0.00000 0.880 0.080 0.080
v -13.28620 8.83488 0.42080 0.880 0.080 0.080
v -13.55531 8.83488 0.75826 0.880 0.080 0.080
v -13.94419 8.83488 0.94553 0.880 0.080 0.080
v -14.37581 8.83488 0.94553 0.880 0.080 0.080
v -14.76469 8.83488 0.75826 0.880 0.080 0.080
v -15.03380 8.83488 0.42080 0.880 0.080 0.080
v -15.12985 8.83488 0.00000 0.880 0.080 0.080
v -15.03380 8.83488 -0.42080 0.880 0.080 0.080
v -14.76469 8.83488 -0.75826 0.880 0.080 0.080
v -14.37581 8.83488 -0.94553 0.880 0.080 0.080
v -13.94419 8.83488 -0.94553 0.880 0.080 0.080
v -13.55531 8.83488 -0.75826 0.880 0.080 0.080
v -13.28620 8.83488 -0.42080 0.880 0.080 0.080
v -12.82512 8.46985 0.00000 0.880 0.080 0.080
v -12.95732 8.46985 0.57918 0.880 0.080 0.080
v -13.32772 8.46985 1.04365 0.880 0.080 0.080
v -13.86296 8.46985 1.30141 0.880 0.080 0.080
v -14.45704 8.46985 1.30141 0.880 0.080 0.080
v -14.99228 8.46985 1.04365 0.880 0.080 0.080
v -15.36268 8.46985 0.57918 0.880 0.080 0.080
v -15.49488 8.46985 0.00000 0.880 0.080 0.080
v -15.36268 8.46985 -0.57918 0.880 0.080 0.080
v -14.99228 8.46985 -1.04365 0.880 0.080 0.080
v -14.45704 8.46985 -1.30141 0.880 0.080 0.080
v -13.86296 8.46985 -1.30141 0.880 0.080 0.080
v -13.32772 8.46985 -1.04365 0.880 0.080 0.080
v -12.95732 8.46985 -0.57918 0.880 0.080 0.080
v -12.59076 8.00988 0.00000 0.880 0.080 0.080
v -12.74616 8.00988 0.68087 0.880 0.080 0.080
v -13.18159 8.00988 1.22688 0.880 0.080 0.080
v -13.81081 8.00988 1.52990 0.880 0.080 0.080
v -14.50919 8.00988 1.52990 0.880 0.080 0.080
v -15.13841 8.00988 1.22688 0.880 0.080 0.080
v -15.57384 8.00988 0.68087 0.880 0.080 0.080
v -15.72924 8.00988 0.00000 0.880 0.080 0.080
v -15.57384 8.00988 -0.68087 0.880 0.080 0.080
v -15.13841 8.00988 -1.22688 0.880 0.080 0.080
v -14.50919 8.00988 -1.52990 0.880 0.080 0.080
v -13.81081 8.00988 -1.52990 0.880 0.080 0.080
v -13.18159 8.00988 -1.22688 0.880 0.080 0.080
v -12.74616 8.00988 -0.68087 0.880 0.080 0.080
v -12.51000 7.50000 0.00000 0.880 0.080 0.080
v -12.67340 7.50000 0.71591 0.880 0.080 0.080
v -13.13124 7.50000 1.29002 0.880 0.080 0.080
v -13.79284 7.50000 1.60863 0.880 0.080 0.080
v -14.52716 7.50000 1.60863 0.880 0.080 0.080
v -15.18876 7.50000 1.29002 0.880 0.080 0.080
v -15.64660 7.50000 0.71591 0.880 0.080 0.080
v -15.81000 7.50000 0.00000 0.880 0.080 0.080
v -15.64660 7.50000 -0.71591 0.880 0.080 0.080
v -15.18876 7.50000 -1.29002 0.880 0.080 0.080
v -14.52716 7.50000 -1.60863 0.880 0.080 0.080
v -13.79284 7.50000 -1.60863 0.880 0.080 0.080
v -13.13124 7.50000 -1.29002 0.880 0.080 0.080
v -12.67340 7.50000 -0.71591 0.880 0.080 0.080
v -12.59076 6.99012 0.00000 0.880 0.080 0.080
v -12.74616 6.99012 0.68087 0.880 0.080 0.080
v -13.18159 6.99012 1.22688 0.880 0.080 0.080
v -13.81081 6.99012 1.52990 0.880 0.080 0.080
v -14.50919 6.99012 1.52990 0.880 0.080 0.080
v -15.13841 6.99012 1.22688 0.880 0.080 0.080
v -15.57384 6.99012 0.68087 0.880 0.080 0.080
v -15.72924 6.99012 0.00000 0.880 0.080 0.080
v -15.57384 6.99012 -0.68087 0.880 0.080 0.080
v -15.13841 6.99012 -1.22688 0.880 0.080 0.080
v -14.50919 6.99012 -1.52990 0.880 0.080 0.080
v -13.81081 6.99012 -1.52990 0.880 0.080 0.080
v -13.18159 6.99012 -1.22688 0.880 0.080 0.080
v -12.74616 6.99012 -0.68087 0.880 0.080 0.080
v -12.82512 6.53015 0.00000 0.880 0.080 0.080
v -12.95732 6.53015 0.57918 0.880 0.080 0.080
v -13.32772 6.53015 1.04365 0.880 0.080 0.080
v -13.86296 6.53015 1.30141 0.880 0.080 0.080
v -14.45704 6.53015 1.30141 0.880 0.080 0.080
v -14.99228 6.53015 1.04365 0.880 0.080 0.080
v -15.36268 6.53015 0.57918 0.880 0.080 0.080
v -15.49488 6.53015 0.00000 0.880 0.080 0.080
v -15.36268 6.53015 -0.57918 0.880 0.080 0.080
v -14.99228 6.53015 -1.04365 0.880 0.080 0.080
v -14.45704 6.53015 -1.30141 0.880 0.080 0.080
v -13.86296 6.53015 -1.30141 0.880 0.080 0.080
v -13.32772 6.53015 -1.04365 0.880 0.080 0.080
v -12.95732 6.53015 -0.57918 0.880 0.080 0.080
v -13.19015 6.16512 0.00000 0.880 0.080 0.080
v -13.28620 6.16512 0.42080 0.880 0.080 0.080
v -13.55531 6.16512 0.75826 0.880 0.080 0.080
v -13.94419 6.16512 0.94553 0.880 0.080 0.080
v -14.37581 6.16512 0.94553 0.880 0.080 0.080
v -14.76469 6.16512 0.75826 0.880 0.080 0.080
v -15.03380 6.16512 0.42080 0.880 0.080 0.080
v -15.12985 6.16512 0.00000 0.880 0.080 0.080
v -15.03380 6.16512 -0.42080 0.880 0.080 0.080
v -14.76469 6.16512 -0.75826 0.880 0.080 0.080
v -14.37581 6.16512 -0.94553 0.880 0.080 0.080
v -13.94419 6.16512 -0.94553 0.880 0.080 0.080
v -13.55531 6.16512 -0.75826 0.880 0.080 0.080
v -13.28620 6.16512 -0.42080 0.880 0.080 0.080
v -13.65012 5.93076 0.00000 0.880 0.080 0.080
v -13.70062 5.93076 0.22123 0.880 0.080 0.080
v -13.84210 5.93076 0.39864 0.880 0.080 0.080
v -14.04654 5.93076 0.49709 0.880 0.080 0.080
v -14.27346 5.93076 0.49709 0.880 0.080 0.080
v -14.47790 5.93076 0.39864 0.880 0.080 0.080
v -14.61938 5.93076 0.22123 0.880 0.080 0.080
v -14.66988 5.93076 0.00000 0.880 0.080 0.080
v -14.61938 5.93076 -0.22123 0.880 0.080 0.080
v -14.47790 5.93076 -0.39864 0.880 0.080 0.080
v -14.27346 5.93076 -0.49709 0.880 0.080 0.080
v -14.04654 5.93076 -0.49709 0.880 0.080 0.080
v -13.84210 5.93076 -0.39864 0.880 0.080 0.080
v -13.70062 5.93076 -0.22123 0.880 0.080 0.080
v -14.16000 5.85000 0.00000 0.880 0.080 0.080
v -14.16000 5.85000 0.00000 0.880 0.080 0.080
v -14.16000 5.85000 0.00000 0.880 0.080 0.080
v -14.16000 5.85000 0.00000 0.880 0.080 0.080
v -14.16000 5.85000 0.00000 0.880 0.080 0.080
v -14.16000 5.85000 0.00000 0.880 0.080 0.080
v -14.16000 5.85000 0.00000 0.880 0.080 0.080
v -14.16000 5.85000 0.00000 0.880 0.080 0.080
v -14.16000 5.85000 -0.00000 0.880 0.080 0.080
v -14.16000 5.85000 -0.00000 0.880 0.080 0.080
v -14.16000 5.85000 -0.00000 0.880 0.080 0.080
v -14.16000 5.85000 -0.00000 0.880 0.080 0.080
v -14.16000 5.85000 -0.00000 0.880 0.080 0.080
v -14.16000 5.85000 -0.00000 0.880 0.080 0.080
v -14.85000 6.66000 0.54000 0.950 0.920 0.850
v -13.35000 6.66000 0.54000 0.950 0.920 0.850
v -13.35000 7.56000 0.54000 0.950 0.920 0.850
v -14.85000 7.56000 0.54000 0.950 0.920 0.850
v -13.35000 6.66000 -0.54000 0.950 0.920 0.850
v -14.85000 6.66000 -0.54000 0.950 0.920 0.850
v -14.85000 7.56000 -0.54000 0.950 0.920 0.850
v -13.35000 7.56000 -0.54000 0.950 0.920 0.850
v -14.85000 7.56000 0.54000 0.950 0.920 0.850
v -13.35000 7.56000 0.54000 0.950 0.920 0.850
v -13.35000 7.56000 -0.54000 0.950 0.920 0.850
v -14.85000 7.56000 -0.54000 0.950 0.920 0.850
v -14.85000 6.66000 -0.54000 0.950 0.920 0.850
v -13.35000 6.66000 -0.54000 0.950 0.920 0.850
v -13.35000 6.66000 0.54000 0.950 0.920 0.850
v -14.85000 6.66000 0.54000 0.950 0.920 0.850
v -13.35000 6.66000 0.54000 0.950 0.920 0.850
v -13.35000 6.66000 -0.54000 0.950 0.920 0.850
v -13.35000 7.56000 -0.54000 0.950 0.920 0.850
v -13.35000 7.56000 0.54000 0.950 0.920 0.850
v -14.85000 6.66000 -0.54000 0.950 0.920 0.850
v -14.85000 6.66000 0.54000 0.950 0.920 0.850
v -14.85000 7.56000 0.54000 0.950 0.920 0.850
v -14.85000 7.56000 -0.54000 0.950 0.920 0.850
v -14.16000 8.85000 0.96000 0.980 0.980 0.980
v -14.16000 8.85000 0.96000 0.980 0.980 0.980
v -14.16000 8.85000 0.96000 0.980 0.980 0.980
v -14.16000 8.85000 0.96000 0.980 0.980 0.980
v -14.16000 8.85000 0.96000 0.980 0.980 0.980
v -14.16000 8.85000 0.96000 0.980 0.980 0.980
v -14.16000 8.85000 0.96000 0.980 0.980 0.980
v -14.16000 8.85000 0.96000 0.980 0.980 0.980
v -13.94787 8.76213 0.96000 0.980 0.980 0.980
v -14.01000 8.76213 1.11000 0.980 0.980 0.980
v -14.16000 8.76213 1.17213 0.980 0.980 0.980
v -14.31000 8.76213 1.11000 0.980 0.980 0.980
v -14.37213 8.76213 0.96000 0.980 0.980 0.980
v -14.31000 8.76213 0.81000 0.980 0.980 0.980
v -14.16000 8.76213 0.74787 0.980 0.980 0.980
v -14.01000 8.76213 0.81000 0.980 0.980 0.980
v -13.86000 8.55000 0.96000 0.980 0.980 0.980
v -13.94787 8.55000 1.17213 0.980 0.980 0.980
v -14.16000 8.55000 1.26000 0.980 0.980 0.980
v -14.37213 8.55000 1.17213 0.980 0.980 0.980
v -14.46000 8.55000 0.96000 0.980 0.980 0.980
v -14.37213 8.55000 0.74787 0.980 0.980 0.980
v -14.16000 8.55000 0.66000 0.980 0.980 0.980
v -13.94787 8.55000 0.74787 0.980 0.980 0.980
v -13.94787 8.33787 0.96000 0.980 0.980 0.980
v -14.01000 8.33787 1.11000 0.980 0.980 0.980
v -14.16000 8.33787 1.17213 0.980 0.980 0.980
v -14.31000 8.33787 1.11000 0.980 0.980 0.980
v -14.37213 8.33787 0.96000 0.980 0.980 0.980
v -14.31000 8.33787 0.81000 0.980 0.980 0.980
v -14.16000 8.33787 0.74787 0.980 0.980 0.980
v -14.01000 8.33787 0.81000 0.980 0.980 0.980
v -14.16000 8.25000 0.96000 0.980 0.980 0.980
v -14.16000 8.25000 0.96000 0.980 0.980 0.980
v -14.16000 8.25000 0.96000 0.980 0.980 0.980
v -14.16000 8.25000 0.96000 0.980 0.980 0.980
v -14.16000 8.25000 0.96000 0.980 0.980 0.980
v -14.16000 8.25000 0.96000 0.980 0.980 0.980
v -14.16000 8.25000 0.96000 0.980 0.980 0.980
v -14.16000 8.25000 0.96000 0.980 0.980 0.980
v -13.35000 8.37000 0.60000 0.980 0.980 0.980
v -13.35000 8.37000 0.60000 0.980 0.980 0.980
v -13.35000 8.37000 0.60000 0.980 0.980 0.980
v -13.35000 8.37000 0.60000 0.980 0.980 0.980
v -13.35000 8.37000 0.60000 0.980 0.980 0.980
v -13.35000 8.37000 0.60000 0.980 0.980 0.980
v -13.35000 8.37000 0.60000 0.980 0.980 0.980
v -13.35000 8.37000 0.60000 0.980 0.980 0.980
v -13.15908 8.29092 0.60000 0.980 0.980 0.980
v -13.21500 8.29092 0.73500 0.980 0.980 0.980
v -13.35000 8.29092 0.79092 0.980 0.980 0.980
v -13.48500 8.29092 0.73500 0.980 0.980 0.980
v -13.54092 8.29092 0.60000 0.980 0.980 0.980
v -13.48500 8.29092 0.46500 0.980 0.980 0.980
v -13.35000 8.29092 0.40908 0.980 0.980 0.980
v -13.21500 8.29092 0.46500 0.980 0.980 0.980
v -13.08000 8.10000 0.60000 0.980 0.980 0.980
v -13.15908 8.10000 0.79092 0.980 0.980 0.980
v -13.35000 8.10000 0.87000 0.980 0.980 0.980
v -13.54092 8.10000 0.79092 0.980 0.980 0.980
v -13.62000 8.10000 0.60000 0.980 0.980 0.980
v -13.54092 8.10000 0.40908 0.980 0.980 0.980
v -13.35000 8.10000 0.33000 0.980 0.980 0.980
v -13.15908 8.10000 0.40908 0.980 0.980 0.980
v -13.15908 7.90908 0.60000 0.980 0.980 0.980
v -13.21500 7.90908 0.73500 0.980 0.980 0.980
v -13.35000 7.90908 0.79092 0.980 0.980 0.980
v -13.48500 7.90908 0.73500 0.980 0.980 0.980
v -13.54092 7.90908 0.60000 0.980 0.980 0.980
v -13.48500 7.90908 0.46500 0.980 0.980 0.980
v -13.35000 7.90908 0.40908 0.980 0.980 0.980
v -13.21500 7.90908 0.46500 0.980 0.980 0.980
v -13.35000 7.83000 0.60000 0.980 0.980 0.980
v -13.35000 7.83000 0.60000 0.980 0.980 0.980
v -13.35000 7.83000 0.60000 0.980 0.980 0.980
v -13.35000 7.83000 0.60000 0.980 0.980 0.980
v -13.35000 7.83000 0.60000 0.980 0.980 0.980
v -13.35000 7.83000 0.60000 0.980 0.980 0.980
v -13.35000 7.83000 0.60000 0.980 0.980 0.980
v -13.35000 7.83000 0.60000 0.980 0.980 0.980
v -14.94000 8.37000 0.90000 0.980 0.980 0.980
v -14.94000 8.37000 0.90000 0.980 0.980 0.980
v -14.94000 8.37000 0.90000 0.980 0.980 0.980
v -14.94000 8.37000 0.90000 0.980 0.980 0.980
v -14.94000 8.37000 0.90000 0.980 0.980 0.980
v -14.94000 8.37000 0.90000 0.980 0.980 0.980
v -14.94000 8.37000 0.90000 0.980 0.980 0.980
v -14.94000 8.37000 0.90000 0.980 0.980 0.980
v -14.74908 8.29092 0.90000 0.980 0.980 0.980
v -14.80500 8.29092 1.03500 0.980 0.980 0.980
v -14.94000 8.29092 1.09092 0.980 0.980 0.980
v -15.07500 8.29092 1.03500 0.980 0.980 0.980
v -15.13092 8.29092 0.90000 0.980 0.980 0.980
v -15.07500 8.29092 0.76500 0.980 0.980 0.980
v -14.94000 8.29092 0.70908 0.980 0.980 0.980
v -14.80500 8.29092 0.76500 0.980 0.980 0.980
v -14.67000 8.10000 0.90000 0.980 0.980 0.980
v -14.74908 8.10000 1.09092 0.980 0.980 0.980
v -14.94000 8.10000 1.17000 0.980 0.980 0.980
v -15.13092 8.10000 1.09092 0.980 0.980 0.980
v -15.21000 8.10000 0.90000 0.980 0.980 0.980
v -15.13092 8.10000 0.70908 0.980 0.980 0.980
v -14.94000 8.10000 0.63000 0.980 0.980 0.980
v -14.74908 8.10000 0.70908 0.980 0.980 0.980
v -14.74908 7.90908 0.90000 0.980 0.980 0.980
v -14.80500 7.90908 1.03500 0.980 0.980 0.980
v -14.94000 7.90908 1.09092 0.980 0.980 0.980
v -15.07500 7.90908 1.03500 0.980 0.980 0.980
v -15.13092 7.90908 0.90000 0.980 0.980 0.980
v -15.07500 7.90908 0.76500 0.980 0.980 0.980
v -14.94000 7.90908 0.70908 0.980 0.980 0.980
v -14.80500 7.90908 0.76500 0.980 0.980 0.980
v -14.94000 7.83000 0.90000 0.980 0.980 0.980
v -14.94000 7.83000 0.90000 0.980 0.980 0.980
v -14.94000 7.83000 0.90000 0.980 0.980 0.980
v -14.94000 7.83000 0.90000 0.980 0.980 0.980
v -14.94000 7.83000 0.90000 0.980 0.980 0.980
v -14.94000 7.83000 0.90000 0.980 0.980 0.980
v -14.94000 7.83000 0.90000 0.980 0.980 0.980
v -14.94000 7.83000 0.90000 0.980 0.980 0.980
v -14.76000 6.66000 0.48000 0.980 0.980 0.980
v -14.40000 6.66000 0.48000 0.980 0.980 0.980
v -14.40000 7.14000 0.48000 0.980 0.980 0.980
v -14.76000 7.14000 0.48000 0.980 0.980 0.980
v -14.40000 6.66000 -0.48000 0.980 0.980 0.980
v -14.76000 6.66000 -0.48000 0.980 0.980 0.980
v -14.76000 7.14000 -0.48000 0.980 0.980 0.980
v -14.40000 7.14000 -0.48000 0.980 0.980 0.980
v -14.76000 7.14000 0.48000 0.980 0.980 0.980
v -14.40000 7.14000 0.48000 0.980 0.980 0.980
v -14.40000 7.14000 -0.48000 0.980 0.980 0.980
v -14.76000 7.14000 -0.48000 0.980 0.980 0.980
v -14.76000 6.66000 -0.48000 0.980 0.980 0.980
v -14.40000 6.66000 -0.48000 0.980 0.980 0.980
v -14.40000 6.66000 0.48000 0.980 0.980 0.980
v -14.76000 6.66000 0.48000 0.980 0.980 0.980
v -14.40000 6.66000 0.48000 0.980 0.980 0.980
v -14.40000 6.66000 -0.48000 0.980 0.980 0.980
v -14.40000 7.14000 -0.48000 0.980 0.980 0.980
v -14.40000 7.14000 0.48000 0.980 0.980 0.980
v -14.76000 6.66000 -0.48000 0.980 0.980 0.980
v -14.76000 6.66000 0.48000 0.980 0.980 0.980
v -14.76000 7.14000 0.48000 0.980 0.980 0.980
v -14.76000 7.14000 -0.48000 0.980 0.980 0.980
v -13.92000 6.66000 0.48000 0.980 0.980 0.980
v -13.50000 6.66000 0.48000 0.980 0.980 0.980
v -13.50000 7.14000 0.48000 0.980 0.980 0.980
v -13.92000 7.14000 0.48000 0.980 0.980 0.980
v -13.50000 6.66000 -0.48000 0.980 0.980 0.980
v -13.92000 6.66000 -0.48000 0.980 0.980 0.980
v -13.92000 7.14000 -0.48000 0.980 0.980 0.980
v -13.50000 7.14000 -0.48000 0.980 0.980 0.980
v -13.92000 7.14000 0.48000 0.980 0.980 0.980
v -13.50000 7.14000 0.48000 0.980 0.980 0.980
v -13.50000 7.14000 -0.48000 0.980 0.980 0.980
v -13.92000 7.14000 -0.48000 0.980 0.980 0.980
v -13.92000 6.66000 -0.48000 0.980 0.980 0.980
v -13.50000 6.66000 -0.48000 0.980 0.980 0.980
v -13.50000 6.66000 0.48000 0.980 0.980 0.980
v -13.92000 6.66000 0.48000 0.980 0.980 0.980
v -13.50000 6.66000 0.48000 0.980 0.980 0.980
v -13.50000 6.66000 -0.48000 0.980 0.980 0.980
v -13.50000 7.14000 -0.48000 0.980 0.980 0.980
v -13.50000 7.14000 0.48000 0.980 0.980 0.980
v -13.92000 6.66000 -0.48000 0.980 0.980 0.980
v -13.92000 6.66000 0.48000 0.980 0.980 0.980
v -13.92000 7.14000 0.48000 0.980 0.980 0.980
v -13.92000 7.14000 -0.48000 0.980 0.980 0.980
v 41.64000 1.50000 -2.64000 0.150 0.620 0.120
v 42.36000 1.50000 -2.64000 0.150 0.620 0.120
v 42.36000 3.90000 -2.64000 0.150 0.620 0.120
v 41.64000 3.90000 -2.64000 0.150 0.620 0.120
v 42.36000 1.50000 -3.36000 0.150 0.620 0.120
v 41.64000 1.50000 -3.36000 0.150 0.620 0.120
v 41.64000 3.90000 -3.36000 0.150 0.620 0.120
v 42.36000 3.90000 -3.36000 0.150 0.620 0.120
v 41.64000 3.90000 -2.64000 0.150 0.620 0.120
v 42.36000 3.90000 -2.64000 0.150 0.620 0.120
v 42.36000 3.90000 -3.36000 0.150 0.620 0.120
v 41.64000 3.90000 -3.36000 0.150 0.620 0.120
v 41.64000 1.50000 -3.36000 0.150 0.620 0.120
v 42.36000 1.50000 -3.36000 0.150 0.620 0.120
v 42.36000 1.50000 -2.64000 0.150 0.620 0.120
v 41.64000 1.50000 -2.64000 0.150 0.620 0.120
v 42.36000 1.50000 -2.64000 0.150 0.620 0.120
v 42.36000 1.50000 -3.36000 0.150 0.620 0.120
v 42.36000 3.90000 -3.36000 0.150 0.620 0.120
v 42.36000 3.90000 -2.64000 0.150 0.620 0.120
v 41.64000 1.50000 -3.36000 0.150 0.620 0.120
v 41.64000 1.50000 -2.64000 0.150 0.620 0.120
v 41.64000 3.90000 -2.64000 0.150 0.620 0.120
v 41.64000 3.90000 -3.36000 0.150 0.620 0.120
v 41.64000 3.90000 -2.64000 0.150 0.620 0.120
v 42.84000 3.90000 -2.64000 0.150 0.620 0.120
v 42.84000 4.80000 -2.64000 0.150 0.620 0.120
v 41.64000 4.80000 -2.64000 0.150 0.620 0.120
v 42.84000 3.90000 -3.36000 0.150 0.620 0.120
v 41.64000 3.90000 -3.36000 0.150 0.620 0.120
v 41.64000 4.80000 -3.36000 0.150 0.620 0.120
v 42.84000 4.80000 -3.36000 0.150 0.620 0.120
v 41.64000 4.80000 -2.64000 0.150 0.620 0.120
v 42.84000 4.80000 -2.64000 0.150 0.620 0.120
v 42.84000 4.80000 -3.36000 0.150 0.620 0.120
v 41.64000 4.80000 -3.36000 0.150 0.620 0.120
v 41.64000 3.90000 -3.36000 0.150 0.620 0.120
v 42.84000 3.90000 -3.36000 0.150 0.620 0.120
v 42.84000 3.90000 -2.64000 0.150 0.620 0.120
v 41.64000 3.90000 -2.64000 0.150 0.620 0.120
v 42.84000 3.90000 -2.64000 0.150 0.620 0.120
v 42.84000 3.90000 -3.36000 0.150 0.620 0.120
v 42.84000 4.80000 -3.36000 0.150 0.620 0.120
v 42.84000 4.80000 -2.64000 0.150 0.620 0.120
v 41.64000 3.90000 -3.36000 0.150 0.620 0.120
v 41.64000 3.90000 -2.64000 0.150 0.620 0.120
v 41.64000 4.80000 -2.64000 0.150 0.620 0.120
v 41.64000 4.80000 -3.36000 0.150 0.620 0.120
v 42.24000 4.80000 -2.64000 0.150 0.620 0.120
v 42.84000 4.80000 -2.64000 0.150 0.620 0.120
v 42.84000 6.30000 -2.64000 0.150 0.620 0.120
v 42.24000 6.30000 -2.64000 0.150 0.620 0.120
v 42.84000 4.80000 -3.36000 0.150 0.620 0.120
v 42.24000 4.80000 -3.36000 0.150 0.620 0.120
v 42.24000 6.30000 -3.36000 0.150 0.620 0.120
v 42.84000 6.30000 -3.36000 0.150 0.620 0.120
v 42.24000 6.30000 -2.64000 0.150 0.620 0.120
v 42.84000 6.30000 -2.64000 0.150 0.620 0.120
v 42.84000 6.30000 -3.36000 0.150 0.620 0.120
v 42.24000 6.30000 -3.36000 0.150 0.620 0.120
v 42.24000 4.80000 -3.36000 0.150 0.620 0.120
v 42.84000 4.80000 -3.36000 0.150 0.620 0.120
v 42.84000 4.80000 -2.64000 0.150 0.620 0.120
v 42.24000 4.80000 -2.64000 0.150 0.620 0.120
v 42.84000 4.80000 -2.64000 0.150 0.620 0.120
v 42.84000 4.80000 -3.36000 0.150 0.620 0.120
v 42.84000 6.30000 -3.36000 0.150 0.620 0.120
v 42.84000 6.30000 -2.64000 0.150 0.620 0.120
v 42.24000 4.80000 -3.36000 0.150 0.620 0.120
v 42.24000 4.80000 -2.64000 0.150 0.620 0.120
v 42.24000 6.30000 -2.64000 0.150 0.620 0.120
v 42.24000 6.30000 -3.36000 0.150 0.620 0.120
v 42.84000 9.15000 -3.00000 0.880 0.080 0.080
v 42.84000 9.15000 -3.00000 0.880 0.080 0.080
v 42.84000 9.15000 -3.00000 0.880 0.080 0.080
v 42.84000 9.15000 -3.00000 0.880 0.080 0.080
v 42.84000 9.15000 -3.00000 0.880 0.080 0.080
v 42.84000 9.15000 -3.00000 0.880 0.080 0.080
v 42.84000 9.15000 -3.00000 0.880 0.080 0.080
v 42.84000 9.15000 -3.00000 0.880 0.080 0.080
v 42.84000 9.15000 -3.00000 0.880 0.080 0.080
v 42.84000 9.15000 -3.00000 0.880 0.080 0.080
v 42.84000 9.15000 -3.00000 0.880 0.080 0.080
v 42.84000 9.15000 -3.00000 0.880 0.080 0.080
v 42.84000 9.15000 -3.00000 0.880 0.080 0.080
v 42.84000 9.15000 -3.00000 0.880 0.080 0.080
v 43.34988 9.06924 -3.00000 0.880 0.080 0.080
v 43.29938 9.06924 -2.77877 0.880 0.080 0.080
v 43.15790 9.06924 -2.60136 0.880 0.080 0.080
v 42.95346 9.06924 -2.50291 0.880 0.080 0.080
v 42.72654 9.06924 -2.50291 0.880 0.080 0.080
v 42.52210 9.06924 -2.60136 0.880 0.080 0.080
v 42.38062 9.06924 -2.77877 0.880 0.080 0.080
v 42.33012 9.06924 -3.00000 0.880 0.080 0.080
v 42.38062 9.06924 -3.22123 0.880 0.080 0.080
v 42.52210 9.06924 -3.39864 0.880 0.080 0.080
v 42.72654 9.06924 -3.49709 0.880 0.080 0.080
v 42.95346 9.06924 -3.49709 0.880 0.080 0.080
v 43.15790 9.06924 -3.39864 0.880 0.080 0.080
v 43.29938 9.06924 -3.22123 0.880 0.080 0.080
v 43.80985 8.83488 -3.00000 0.880 0.080 0.080
v 43.71380 8.83488 -2.57920 0.880 0.080 0.080
v 43.44469 8.83488 -2.24174 0.880 0.080 0.080
v 43.05581 8.83488 -2.05447 0.880 0.080 0.080
v 42.62419 8.83488 -2.05447 0.880 0.080 0.080
v 42.23531 8.83488 -2.24174 0.880 0.080 0.080
v 41.96620 8.83488 -2.57920 0.880 0.080 0.080
v 41.87015 8.83488 -3.00000 0.880 0.080 0.080
v 41.96620 8.83488 -3.42080 0.880 0.080 0.080
v 42.23531 8.83488 -3.75826 0.880 0.080 0.080
v 42.62419 8.83488 -3.94553 0.880 0.080 0.080
v 43.05581 8.83488 -3.94553 0.880 0.080 0.080
v 43.44469 8.83488 -3.75826 0.880 0.080 0.080
v 43.71380 8.83488 -3.42080 0.880 0.080 0.080
v 44.17488 8.46985 -3.00000 0.880 0.080 0.080
v 44.04268 8.46985 -2.42082 0.880 0.080 0.080
v 43.67228 8.46985 -1.95635 0.880 0.080 0.080
v 43.13704 8.46985 -1.69859 0.880 0.080 0.080
v 42.54296 8.46985 -1.69859 0.880 0.080 0.080
v 42.00772 8.46985 -1.95635 0.880 0.080 0.080
v 41.63732 8.46985 -2.42082 0.880 0.080 0.080
v 41.50512 8.46985 -3.00000 0.880 0.080 0.080
v 41.63732 8.46985 -3.57918 0.880 0.080 0.080
v 42.00772 8.46985 -4.04365 0.880 0.080 0.080
v 42.54296 8.46985 -4.30141 0.880 0.080 0.080
v 43.13704 8.46985 -4.30141 0.880 0.080 0.080
v 43.67228 8.46985 -4.04365 0.880 0.080 0.080
v 44.04268 8.46985 -3.57918 0.880 0.080 0.080
v 44.40924 8.00988 -3.00000 0.880 0.080 0.080
v 44.25384 8.00988 -2.31913 0.880 0.080 0.080
v 43.81841 8.00988 -1.77312 0.880 0.080 0.080
v 43.18919 8.00988 -1.47010 0.880 0.080 0.080
v 42.49081 8.00988 -1.47010 0.880 0.080 0.080
v 41.86159 8.00988 -1.77312 0.880 0.080 0.080
v 41.42616 8.00988 -2.31913 0.880 0.080 0.080
v 41.27076 8.00988 -3.00000 0.880 0.080 0.080
v 41.42616 8.00988 -3.68087 0.880 0.080 0.080
v 41.86159 8.00988 -4.22688 0.880 0.080 0.080
v 42.49081 8.00988 -4.52990 0.880 0.080 0.080
v 43.18919 8.00988 -4.52990 0.880 0.080 0.080
v 43.81841 8.00988 -4.22688 0.880 0.080 0.080
v 44.25384 8.00988 -3.68087 0.880 0.080 0.080
v 44.49000 7.50000 -3.00000 0.880 0.080 0.080
v 44.32660 7.50000 -2.28409 0.880 0.080 0.080
v 43.86876 7.50000 -1.70998 0.880 0.080 0.080
v 43.20716 7.50000 -1.39137 0.880 0.080 0.080
v 42.47284 7.50000 -1.39137 0.880 0.080 0.080
v 41.81124 7.50000 -1.70998 0.880 0.080 0.080
v 41.35340 7.50000 -2.28409 0.880 0.080 0.080
v 41.19000 7.50000 -3.00000 0.880 0.080 0.080
v 41.35340 7.50000 -3.71591 0.880 0.080 0.080
v 41.81124 7.50000 -4.29002 0.880 0.080 0.080
v 42.47284 7.50000 -4.60863 0.880 0.080 0.080
v 43.20716 7.50000 -4.60863 0.880 0.080 0.080
v 43.86876 7.50000 -4.29002 0.880 0.080 0.080
v 44.32660 7.50000 -3.71591 0.880 0.080 0.080
v 44.40924 6.99012 -3.00000 0.880 0.080 0.080
v 44.25384 6.99012 -2.31913 0.880 0.080 0.080
v 43.81841 6.99012 -1.77312 0.880 0.080 0.080
v 43.18919 6.99012 -1.47010 0.880 0.080 0.080
v 42.49081 6.99012 -1.47010 0.880 0.080 0.080
v 41.86159 6.99012 -1.77312 0.880 0.080 0.080
v 41.42616 6.99012 -2.31913 0.880 0.080 0.080
v 41.27076 6.99012 -3.00000 0.880 0.080 0.080
v 41.42616 6.99012 -3.68087 0.880 0.080 0.080
v 41.86159 6.99012 -4.22688 0.880 0.080 0.080
v 42.49081 6.99012 -4.52990 0.880 0.080 0.080
v 43.18919 6.99012 -4.52990 0.880 0.080 0.080
v 43.81841 6.99012 -4.22688 0.880 0.080 0.080
v 44.25384 6.99012 -3.68087 0.880 0.080 0.080
v 44.17488 6.53015 -3.00000 0.880 0.080 0.080
v 44.04268 6.53015 -2.42082 0.880 0.080 0.080
v 43.67228 6.53015 -1.95635 0.880 0.080 0.080
v 43.13704 6.53015 -1.69859 0.880 0.080 0.080
v 42.54296 6.53015 -1.69859 0.880 0.080 0.080
v 42.00772 6.53015 -1.95635 0.880 0.080 0.080
v 41.63732 6.53015 -2.42082 0.880 0.080 0.080
v 41.50512 6.53015 -3.00000 0.880 0.080 0.080
v 41.63732 6.53015 -3.57918 0.880 0.080 0.080
v 42.00772 6.53015 -4.04365 0.880 0.080 0.080
v 42.54296 6.53015 -4.30141 0.880 0.080 0.080
v 43.13704 6.53015 -4.30141 0.880 0.080 0.080
v 43.67228 6.53015 -4.04365 0.880 0.080 0.080
v 44.04268 6.53015 -3.57918 0.880 0.080 0.080
v 43.80985 6.16512 -3.00000 0.880 0.080 0.080
v 43.71380 6.16512 -2.57920 0.880 0.080 0.080
v 43.44469 6.16512 -2.24174 0.880 0.080 0.080
v 43.05581 6.16512 -2.05447 0.880 0.080 0.080
v 42.62419 6.16512 -2.05447 0.880 0.080 0.080
v 42.23531 6.16512 -2.24174 0.880 0.080 0.080
v 41.96620 6.16512 -2.57920 0.880 0.080 0.080
v 41.87015 6.16512 -3.00000 0.880 0.080 0.080
v 41.96620 6.16512 -3.42080 0.880 0.080 0.080
v 42.23531 6.16512 -3.75826 0.880 0.080 0.080
v 42.62419 6.16512 -3.94553 0.880 0.080 0.080
v 43.05581 6.16512 -3.94553 0.880 0.080 0.080
v 43.44469 6.16512 -3.75826 0.880 0.080 0.080
v 43.71380 6.16512 -3.42080 0.880 0.080 0.080
v 43.34988 5.93076 -3.00000 0.880 0.080 0.080
v 43.29938 5.93076 -2.77877 0.880 0.080 0.080
v 43.15790 5.93076 -2.60136 0.880 0.080 0.080
v 42.95346 5.93076 -2.50291 0.880 0.080 0.080
v 42.72654 5.93076 -2.50291 0.880 0.080 0.080
v 42.52210 5.93076 -2.60136 0.880 0.080 0.080
v 42.38062 5.93076 -2.77877 0.880 0.080 0.080
v 42.33012 5.93076 -3.00000 0.880 0.080 0.080
v 42.38062 5.93076 -3.22123 0.880 0.080 0.080
v 42.52210 5.93076 -3.39864 0.880 0.080 0.080
v 42.72654 5.93076 -3.49709 0.880 0.080 0.080
v 42.95346 5.93076 -3.49709 0.880 0.080 0.080
v 43.15790 5.93076 -3.39864 0.880 0.080 0.080
v 43.29938 5.93076 -3.22123 0.880 0.080 0.080
v 42.84000 5.85000 -3.00000 0.880 0.080 0.080
v 42.84000 5.85000 -3.00000 0.880 0.080 0.080
v 42.84000 5.85000 -3.00000 0.880 0.080 0.080
v 42.84000 5.85000 -3.00000 0.880 0.080 0.080
v 42.84000 5.85000 -3.00000 0.880 0.080 0.080
v 42.84000 5.85000 -3.00000 0.880 0.080 0.080
v 42.84000 5.85000 -3.00000 0.880 0.080 0.080
v 42.84000 5.85000 -3.00000 0.880 0.080 0.080
v 42.84000 5.85000 -3.00000 0.880 0.080 0.080
v 42.84000 5.85000 -3.00000 0.880 0.080 0.080
v 42.84000 5.85000 -3.00000 0.880 0.080 0.080
v 42.84000 5.85000 -3.00000 0.880 0.080 0.080
v 42.84000 5.85000 -3.00000 0.880 0.080 0.080
v 42.84000 5.85000 -3.00000 0.880 0.080 0.080
v 42.15000 6.66000 -2.46000 0.950 0.920 0.850
v 43.65000 6.66000 -2.46000 0.950 0.920 0.850
v 43.65000 7.56000 -2.46000 0.950 0.920 0.850
v 42.15000 7.56000 -2.46000 0.950 0.920 0.850
v 43.65000 6.66000 -3.54000 0.950 0.920 0.850
v 42.15000 6.66000 -3.54000 0.950 0.920 0.850
v 42.15000 7.56000 -3.54000 0.950 0.920 0.850
v 43.65000 7.56000 -3.54000 0.950 0.920 0.850
v 42.15000 7.56000 -2.46000 0.950 0.920 0.850
v 43.65000 7.56000 -2.46000 0.950 0.920 0.850
v 43.65000 7.56000 -3.54000 0.950 0.920 0.850
v 42.15000 7.56000 -3.54000 0.950 0.920 0.850
v 42.15000 6.66000 -3.54000 0.950 0.920 0.850
v 43.65000 6.66000 -3.54000 0.950 0.920 0.850
v 43.65000 6.66000 -2.46000 0.950 0.920 0.850
v 42.15000 6.66000 -2.46000 0.950 0.920 0.850
v 43.65000 6.66000 -2.46000 0.950 0.920 0.850
v 43.65000 6.66000 -3.54000 0.950 0.920 0.850
v 43.65000 7.56000 -3.54000 0.950 0.920 0.850
v 43.65000 7.56000 -2.46000 0.950 0.920 0.850
v 42.15000 6.66000 -3.54000 0.950 0.920 0.850
v 42.15000 6.66000 -2.46000 0.950 0.920 0.850
v 42.15000 7.56000 -2.46000 0.950 0.920 0.850
v 42.15000 7.56000 -3.54000 0.950 0.920 0.850
v 42.84000 8.85000 -2.04000 0.980 0.980 0.980
v 42.84000 8.85000 -2.04000 0.980 0.980 0.980
v 42.84000 8.85000 -2.04000 0.980 0.980 0.980
v 42.84000 8.85000 -2.04000 0.980 0.980 0.980
v 42.84000 8.85000 -2.04000 0.980 0.980 0.980
v 42.84000 8.85000 -2.04000 0.980 0.980 0.980
v 42.84000 8.85000 -2.04000 0.980 0.980 0.980
v 42.84000 8.85000 -2.04000 0.980 0.980 0.980
v 43.05213 8.76213 -2.04000 0.980 0.980 0.980
v 42.99000 8.76213 -1.89000 0.980 0.980 0.980
v 42.84000 8.76213 -1.82787 0.980 0.980 0.980
v 42.69000 8.76213 -1.89000 0.980 0.980 0.980
v 42.62787 8.76213 -2.04000 0.980 0.980 0.980
v 42.69000 8.76213 -2.19000 0.980 0.980 0.980
v 42.84000 8.76213 -2.25213 0.980 0.980 0.980
v 42.99000 8.76213 -2.19000 0.980 0.980 0.980
v 43.14000 8.55000 -2.04000 0.980 0.980 0.980
v 43.05213 8.55000 -1.82787 0.980 0.980 0.980
v 42.84000 8.55000 -1.74000 0.980 0.980 0.980
v 42.62787 8.55000 -1.82787 0.980 0.980 0.980
v 42.54000 8.55000 -2.04000 0.980 0.980 0.980
v 42.62787 8.55000 -2.25213 0.980 0.980 0.980
v 42.84000 8.55000 -2.34000 0.980 0.980 0.980
v 43.05213 8.55000 -2.25213 0.980 0.980 0.980
v 43.05213 8.33787 -2.04000 0.980 0.980 0.980
v 42.99000 8.33787 -1.89000 0.980 0.980 0.980
v 42.84000 8.33787 -1.82787 0.980 0.980 0.980
v 42.69000 8.33787 -1.89000 0.980 0.980 0.980
v 42.62787 8.33787 -2.04000 0.980 0.980 0.980
v 42.69000 8.33787 -2.19000 0.980 0.980 0.980
v 42.84000 8.33787 -2.25213 0.980 0.980 0.980
v 42.99000 8.33787 -2.19000 0.980 0.980 0.980
v 42.84000 8.25000 -2.04000 0.980 0.980 0.980
v 42.84000 8.25000 -2.04000 0.980 0.980 0.980
v 42.84000 8.25000 -2.04000 0.980 0.980 0.980
v 42.84000 8.25000 -2.04000 0.980 0.980 0.980
v 42.84000 8.25000 -2.04000 0.980 0.980 0.980
v 42.84000 8.25000 -2.04000 0.980 0.980 0.980
v 42.84000 8.25000 -2.04000 0.980 0.980 0.980
v 42.84000 8.25000 -2.04000 0.980 0.980 0.980
v 43.65000 8.37000 -2.40000 0.980 0.980 0.980
v 43.65000 8.37000 -2.40000 0.980 0.980 0.980
v 43.65000 8.37000 -2.40000 0.980 0.980 0.980
v 43.65000 8.37000 -2.40000 0.980 0.980 0.980
v 43.65000 8.37000 -2.40000 0.980 0.980 0.980
v 43.65000 8.37000 -2.40000 0.980 0.980 0.980
v 43.65000 8.37000 -2.40000 0.980 0.980 0.980
v 43.65000 8.37000 -2.40000 0.980 0.980 0.980
v 43.84092 8.29092 -2.40000 0.980 0.980 0.980
v 43.78500 8.29092 -2.26500 0.980 0.980 0.980
v 43.65000 8.29092 -2.20908 0.980 0.980 0.980
v 43.51500 8.29092 -2.26500 0.980 0.980 0.980
v 43.45908 8.29092 -2.40000 0.980 0.980 0.980
v 43.51500 8.29092 -2.53500 0.980 0.980 0.980
v 43.65000 8.29092 -2.59092 0.980 0.980 0.980
v 43.78500 8.29092 -2.53500 0.980 0.980 0.980
v 43.92000 8.10000 -2.40000 0.980 0.980 0.980
v 43.84092 8.10000 -2.20908 0.980 0.980 0.980
v 43.65000 8.10000 -2.13000 0.980 0.980 0.980
v 43.45908 8.10000 -2.20908 0.980 0.980 0.980
v 43.38000 8.10000 -2.40000 0.980 0.980 0.980
v 43.45908 8.10000 -2.59092 0.980 0.980 0.980
v 43.65000 8.10000 -2.67000 0.980 0.980 0.980
v 43.84092 8.10000 -2.59092 0.980 0.980 0.980
v 43.84092 7.90908 -2.40000 0.980 0.980 0.980
v 43.78500 7.90908 -2.26500 0.980 0.980 0.980
v 43.65000 7.90908 -2.20908 0.980 0.980 0.980
v 43.51500 7.90908 -2.26500 0.980 0.980 0.980
v 43.45908 7.90908 -2.40000 0.980 0.980 0.980
v 43.51500 7.90908 -2.53500 0.980 0.980 0.980
v 43.65000 7.90908 -2.59092 0.980 0.980 0.980
v 43.78500 7.90908 -2.53500 0.980 0.980 0.980
v 43.65000 7.83000 -2.40000 0.980 0.980 0.980
v 43.65000 7.83000 -2.40000 0.980 0.980 0.980
v 43.65000 7.83000 -2.40000 0.980 0.980 0.980
v 43.65000 7.83000 -2.40000 0.980 0.980 0.980
v 43.65000 7.83000 -2.40000 0.980 0.980 0.980
v 43.65000 7.83000 -2.40000 0.980 0.980 0.980
v 43.65000 7.83000 -2.40000 0.980 0.980 0.980
v 43.65000 7.83000 -2.40000 0.980 0.980 0.980
v 42.06000 8.37000 -2.10000 0.980 0.980 0.980
v 42.06000 8.37000 -2.10000 0.980 0.980 0.980
v 42.06000 8.37000 -2.10000 0.980 0.980 0.980
v 42.06000 8.37000 -2.10000 0.980 0.980 0.980
v 42.06000 8.37000 -2.10000 0.980 0.980 0.980
v 42.06000 8.37000 -2.10000 0.980 0.980 0.980
v 42.06000 8.37000 -2.10000 0.980 0.980 0.980
v 42.06000 8.37000 -2.10000 0.980 0.980 0.980
v 42.25092 8.29092 -2.10000 0.980 0.980 0.980
v 42.19500 8.29092 -1.96500 0.980 0.980 0.980
v 42.06000 8.29092 -1.90908 0.980 0.980 0.980
v 41.92500 8.29092 -1.96500 0.980 0.980 0.980
v 41.86908 8.29092 -2.10000 0.980 0.980 0.980
v 41.92500 8.29092 -2.23500 0.980 0.980 0.980
v 42.06000 8.29092 -2.29092 0.980 0.980 0.980
v 42.19500 8.29092 -2.23500 0.980 0.980 0.980
v 42.33000 8.10000 -2.10000 0.980 0.980 0.980
v 42.25092 8.10000 -1.90908 0.980 0.980 0.980
v 42.06000 8.10000 -1.83000 0.980 0.980 0.980
v 41.86908 8.10000 -1.90908 0.980 0.980 0.980
v 41.79000 8.10000 -2.10000 0.980 0.980 0.980
v 41.86908 8.10000 -2.29092 0.980 0.980 0.980
v 42.06000 8.10000 -2.37000 0.980 0.980 0.980
v 42.25092 8.10000 -2.29092 0.980 0.980 0.980
v 42.25092 7.90908 -2.10000 0.980 0.980 0.980
v 42.19500 7.90908 -1.96500 0.980 0.980 0.980
v 42.06000 7.90908 -1.90908 0.980 0.980 0.980
v 41.92500 7.90908 -1.96500 0.980 0.980 0.980
v 41.86908 7.90908 -2.10000 0.980 0.980 0.980
v 41.92500 7.90908 -2.23500 0.980 0.980 0.980
v 42.06000 7.90908 -2.29092 0.980 0.980 0.980
v 42.19500 7.90908 -2.23500 0.980 0.980 0.980
v 42.06000 7.83000 -2.10000 0.980 0.980 0.980
v 42.06000 7.83000 -2.10000 0.980 0.980 0.980
v 42.06000 7.83000 -2.10000 0.980 0.980 0.980
v 42.06000 7.83000 -2.10000 0.980 0.980 0.980
v 42.06000 7.83000 -2.10000 0.980 0.980 0.980
v 42.06000 7.83000 -2.10000 0.980 0.980 0.980
v 42.06000 7.83000 -2.10000 0.980 0.980 0.980
v 42.06000 7.83000 -2.10000 0.980 0.980 0.980
v 42.24000 6.66000 -2.52000 0.980 0.980 0.980
v 42.60000 6.66000 -2.52000 0.980 0.980 0.980
v 42.60000 7.14000 -2.52000 0.980 0.980 0.980
v 42.24000 7.14000 -2.52000 0.980 0.980 0.980
v 42.60000 6.66000 -3.48000 0.980 0.980 0.980
v 42.24000 6.66000 -3.48000 0.980 0.980 0.980
v 42.24000 7.14000 -3.48000 0.980 0.980 0.980
v 42.60000 7.14000 -3.48000 0.980 0.980 0.980
v 42.24000 7.14000 -2.52000 0.980 0.980 0.980
v 42.60000 7.14000 -2.52000 0.980 0.980 0.980
v 42.60000 7.14000 -3.48000 0.980 0.980 0.980
v 42.24000 7.14000 -3.48000 0.980 0.980 0.980
v 42.24000 6.66000 -3.48000 0.980 0.980 0.980
v 42.60000 6.66000 -3.48000 0.980 0.980 0.980
v 42.60000 6.66000 -2.52000 0.980 0.980 0.980
v 42.24000 6.66000 -2.52000 0.980 0.980 0.980
v 42.60000 6.66000 -2.52000 0.980 0.980 0.980
v 42.60000 6.66000 -3.48000 0.980 0.980 0.980
v 42.60000 7.14000 -3.48000 0.980 0.980 0.980
v 42.60000 7.14000 -2.52000 0.980 0.980 0.980
v 42.24000 6.66000 -3.48000 0.980 0.980 0.980
v 42.24000 6.66000 -2.52000 0.980 0.980 0.980
v 42.24000 7.14000 -2.52000 0.980 0.980 0.980
v 42.24000 7.14000 -3.48000 0.980 0.980 0.980
v 43.08000 6.66000 -2.52000 0.980 0.980 0.980
v 43.50000 6.66000 -2.52000 0.980 0.980 0.980
v 43.50000 7.14000 -2.52000 0.980 0.980 0.980
v 43.08000 7.14000 -2.52000 0.980 0.980 0.980
v 43.50000 6.66000 -3.48000 0.980 0.980 0.980
v 43.08000 6.66000 -3.48000 0.980 0.980 0.980
v 43.08000 7.14000 -3.48000 0.980 0.980 0.980
v 43.50000 7.14000 -3.48000 0.980 0.980 0.980
v 43.08000 7.14000 -2.52000 0.980 0.980 0.980
v 43.50000 7.14000 -2.52000 0.980 0.980 0.980
v 43.50000 7.14000 -3.48000 0.980 0.980 0.980
v 43.08000 7.14000 -3.48000 0.980 0.980 0.980
v 43.08000 6.66000 -3.48000 0.980 0.980 0.980
v 43.50000 6.66000 -3.48000 0.980 0.980 0.980
v 43.50000 6.66000 -2.52000 0.980 0.980 0.980
v 43.08000 6.66000 -2.52000 0.980 0.980 0.980
v 43.50000 6.66000 -2.52000 0.980 0.980 0.980
v 43.50000 6.66000 -3.48000 0.980 0.980 0.980
v 43.50000 7.14000 -3.48000 0.980 0.980 0.980
v 43.50000 7.14000 -2.52000 0.980 0.980 0.980
v 43.08000 6.66000 -3.48000 0.980 0.980 0.980
v 43.08000 6.66000 -2.52000 0.980 0.980 0.980
v 43.08000 7.14000 -2.52000 0.980 0.980 0.980
v 43.08000 7.14000 -3.48000 0.980 0.980 0.980
v 3.60000 -6.00000 3.30000 0.950 0.920 0.850
v 5.40000 -6.00000 3.30000 0.950 0.920 0.850
v 5.40000 -4.20000 3.30000 0.950 0.920 0.850
v 3.60000 -4.20000 3.30000 0.950 0.920 0.850
v 5.40000 -6.00000 1.50000 0.950 0.920 0.850
v 3.60000 -6.00000 1.50000 0.950 0.920 0.850
v 3.60000 -4.20000 1.50000 0.950 0.920 0.850
v 5.40000 -4.20000 1.50000 0.950 0.920 0.850
v 3.60000 -4.20000 3.30000 0.950 0.920 0.850
v 5.40000 -4.20000 3.30000 0.950 0.920 0.850
v 5.40000 -4.20000 1.50000 0.950 0.920 0.850
v 3.60000 -4.20000 1.50000 0.950 0.920 0.850
v 3.60000 -6.00000 1.50000 0.950 0.920 0.850
v 5.40000 -6.00000 1.50000 0.950 0.920 0.850
v 5.40000 -6.00000 3.30000 0.950 0.920 0.850
v 3.60000 -6.00000 3.30000 0.950 0.920 0.850
v 5.40000 -6.00000 3.30000 0.950 0.920 0.850
v 5.40000 -6.00000 1.50000 0.950 0.920 0.850
v 5.40000 -4.20000 1.50000 0.950 0.920 0.850
v 5.40000 -4.20000 3.30000 0.950 0.920 0.850
v 3.60000 -6.00000 1.50000 0.950 0.920 0.850
v 3.60000 -6.00000 3.30000 0.950 0.920 0.850
v 3.60000 -4.20000 3.30000 0.950 0.920 0.850
v 3.60000 -4.20000 1.50000 0.950 0.920 0.850
v 4.50000 -1.35000 2.40000 0.900 0.080 0.080
v 4.50000 -1.35000 2.40000 0.900 0.080 0.080
v 4.50000 -1.35000 2.40000 0.900 0.080 0.080
v 4.50000 -1.35000 2.40000 0.900 0.080 0.080
v 4.50000 -1.35000 2.40000 0.900 0.080 0.080
v 4.50000 -1.35000 2.40000 0.900 0.080 0.080
v 4.50000 -1.35000 2.40000 0.900 0.080 0.080
v 4.50000 -1.35000 2.40000 0.900 0.080 0.080
v 4.50000 -1.35000 2.40000 0.900 0.080 0.080
v 4.50000 -1.35000 2.40000 0.900 0.080 0.080
v 4.50000 -1.35000 2.40000 0.900 0.080 0.080
v 4.50000 -1.35000 2.40000 0.900 0.080 0.080
v 4.50000 -1.35000 2.40000 0.900 0.080 0.080
v 4.50000 -1.35000 2.40000 0.900 0.080 0.080
v 5.10258 -1.44544 2.40000 0.900 0.080 0.080
v 5.04291 -1.44544 2.66145 0.900 0.080 0.080
v 4.87570 -1.44544 2.87112 0.900 0.080 0.080
v 4.63409 -1.44544 2.98748 0.900 0.080 0.080
v 4.36591 -1.44544 2.98748 0.900 0.080 0.080
v 4.12430 -1.44544 2.87112 0.900 0.080 0.080
v 3.95709 -1.44544 2.66145 0.900 0.080 0.080
v 3.89742 -1.44544 2.40000 0.900 0.080 0.080
v 3.95709 -1.44544 2.13855 0.900 0.080 0.080
v 4.12430 -1.44544 1.92888 0.900 0.080 0.080
v 4.36591 -1.44544 1.81252 0.900 0.080 0.080
v 4.63409 -1.44544 1.81252 0.900 0.080 0.080
v 4.87570 -1.44544 1.92888 0.900 0.080 0.080
v 5.04291 -1.44544 2.13855 0.900 0.080 0.080
v 5.64618 -1.72242 2.40000 0.900 0.080 0.080
v 5.53267 -1.72242 2.89731 0.900 0.080 0.080
v 5.21463 -1.72242 3.29612 0.900 0.080 0.080
v 4.75505 -1.72242 3.51744 0.900 0.080 0.080
v 4.24495 -1.72242 3.51744 0.900 0.080 0.080
v 3.78537 -1.72242 3.29612 0.900 0.080 0.080
v 3.46733 -1.72242 2.89731 0.900 0.080 0.080
v 3.35382 -1.72242 2.40000 0.900 0.080 0.080
v 3.46733 -1.72242 1.90269 0.900 0.080 0.080
v 3.78537 -1.72242 1.50388 0.900 0.080 0.080
v 4.24495 -1.72242 1.28256 0.900 0.080 0.080
v 4.75505 -1.72242 1.28256 0.900 0.080 0.080
v 5.21463 -1.72242 1.50388 0.900 0.080 0.080
v 5.53267 -1.72242 1.90269 0.900 0.080 0.080
v 6.07758 -2.15382 2.40000 0.900 0.080 0.080
v 5.92135 -2.15382 3.08449 0.900 0.080 0.080
v 5.48361 -2.15382 3.63340 0.900 0.080 0.080
v 4.85105 -2.15382 3.93803 0.900 0.080 0.080
v 4.14895 -2.15382 3.93803 0.900 0.080 0.080
v 3.51639 -2.15382 3.63340 0.900 0.080 0.080
v 3.07865 -2.15382 3.08449 0.900 0.080 0.080
v 2.92242 -2.15382 2.40000 0.900 0.080 0.080
v 3.07865 -2.15382 1.71551 0.900 0.080 0.080
v 3.51639 -2.15382 1.16660 0.900 0.080 0.080
v 4.14895 -2.15382 0.86197 0.900 0.080 0.080
v 4.85105 -2.15382 0.86197 0.900 0.080 0.080
v 5.48361 -2.15382 1.16660 0.900 0.080 0.080
v 5.92135 -2.15382 1.71551 0.900 0.080 0.080
v 6.35456 -2.69742 2.40000 0.900 0.080 0.080
v 6.17090 -2.69742 3.20466 0.900 0.080 0.080
v 5.65630 -2.69742 3.84995 0.900 0.080 0.080
v 4.91268 -2.69742 4.20806 0.900 0.080 0.080
v 4.08732 -2.69742 4.20806 0.900 0.080 0.080
v 3.34370 -2.69742 3.84995 0.900 0.080 0.080
v 2.82910 -2.69742 3.20466 0.900 0.080 0.080
v 2.64544 -2.69742 2.40000 0.900 0.080 0.080
v 2.82910 -2.69742 1.59534 0.900 0.080 0.080
v 3.34370 -2.69742 0.95005 0.900 0.080 0.080
v 4.08732 -2.69742 0.59194 0.900 0.080 0.080
v 4.91268 -2.69742 0.59194 0.900 0.080 0.080
v 5.65630 -2.69742 0.95005 0.900 0.080 0.080
v 6.17090 -2.69742 1.59534 0.900 0.080 0.080
v 6.45000 -3.30000 2.40000 0.900 0.080 0.080
v 6.25689 -3.30000 3.24607 0.900 0.080 0.080
v 5.71581 -3.30000 3.92457 0.900 0.080 0.080
v 4.93392 -3.30000 4.30111 0.900 0.080 0.080
v 4.06608 -3.30000 4.30111 0.900 0.080 0.080
v 3.28419 -3.30000 3.92457 0.900 0.080 0.080
v 2.74311 -3.30000 3.24607 0.900 0.080 0.080
v 2.55000 -3.30000 2.40000 0.900 0.080 0.080
v 2.74311 -3.30000 1.55393 0.900 0.080 0.080
v 3.28419 -3.30000 0.87543 0.900 0.080 0.080
v 4.06608 -3.30000 0.49889 0.900 0.080 0.080
v 4.93392 -3.30000 0.49889 0.900 0.080 0.080
v 5.71581 -3.30000 0.87543 0.900 0.080 0.080
v 6.25689 -3.30000 1.55393 0.900 0.080 0.080
v 6.35456 -3.90258 2.40000 0.900 0.080 0.080
v 6.17090 -3.90258 3.20466 0.900 0.080 0.080
v 5.65630 -3.90258 3.84995 0.900 0.080 0.080
v 4.91268 -3.90258 4.20806 0.900 0.080 0.080
v 4.08732 -3.90258 4.20806 0.900 0.080 0.080
v 3.34370 -3.90258 3.84995 0.900 0.080 0.080
v 2.82910 -3.90258 3.20466 0.900 0.080 0.080
v 2.64544 -3.90258 2.40000 0.900 0.080 0.080
v 2.82910 -3.90258 1.59534 0.900 0.080 0.080
v 3.34370 -3.90258 0.95005 0.900 0.080 0.080
v 4.08732 -3.90258 0.59194 0.900 0.080 0.080
v 4.91268 -3.90258 0.59194 0.900 0.080 0.080
v 5.65630 -3.90258 0.95005 0.900 0.080 0.080
v 6.17090 -3.90258 1.59534 0.900 0.080 0.080
v 6.07758 -4.44618 2.40000 0.900 0.080 0.080
v 5.92135 -4.44618 3.08449 0.900 0.080 0.080
v 5.48361 -4.44618 3.63340 0.900 0.080 0.080
v 4.85105 -4.44618 3.93803 0.900 0.080 0.080
v 4.14895 -4.44618 3.93803 0.900 0.080 0.080
v 3.51639 -4.44618 3.63340 0.900 0.080 0.080
v 3.07865 -4.44618 3.08449 0.900 0.080 0.080
v 2.92242 -4.44618 2.40000 0.900 0.080 0.080
v 3.07865 -4.44618 1.71551 0.900 0.080 0.080
v 3.51639 -4.44618 1.16660 0.900 0.080 0.080
v 4.14895 -4.44618 0.86197 0.900 0.080 0.080
v 4.85105 -4.44618 0.86197 0.900 0.080 0.080
v 5.48361 -4.44618 1.16660 0.900 0.080 0.080
v 5.92135 -4.44618 1.71551 0.900 0.080 0.080
v 5.64618 -4.87758 2.40000 0.900 0.080 0.080
v 5.53267 -4.87758 2.89731 0.900 0.080 0.080
v 5.21463 -4.87758 3.29612 0.900 0.080 0.080
v 4.75505 -4.87758 3.51744 0.900 0.080 0.080
v 4.24495 -4.87758 3.51744 0.900 0.080 0.080
v 3.78537 -4.87758 3.29612 0.900 0.080 0.080
v 3.46733 -4.87758 2.89731 0.900 0.080 0.080
v 3.35382 -4.87758 2.40000 0.900 0.080 0.080
v 3.46733 -4.87758 1.90269 0.900 0.080 0.080
v 3.78537 -4.87758 1.50388 0.900 0.080 0.080
v 4.24495 -4.87758 1.28256 0.900 0.080 0.080
v 4.75505 -4.87758 1.28256 0.900 0.080 0.080
v 5.21463 -4.87758 1.50388 0.900 0.080 0.080
v 5.53267 -4.87758 1.90269 0.900 0.080 0.080
v 5.10258 -5.15456 2.40000 0.900 0.080 0.080
v 5.04291 -5.15456 2.66145 0.900 0.080 0.080
v 4.87570 -5.15456 2.87112 0.900 0.080 0.080
v 4.63409 -5.15456 2.98748 0.900 0.080 0.080
v 4.36591 -5.15456 2.98748 0.900 0.080 0.080
v 4.12430 -5.15456 2.87112 0.900 0.080 0.080
v 3.95709 -5.15456 2.66145 0.900 0.080 0.080
v 3.89742 -5.15456 2.40000 0.900 0.080 0.080
v 3.95709 -5.15456 2.13855 0.900 0.080 0.080
v 4.12430 -5.15456 1.92888 0.900 0.080 0.080
v 4.36591 -5.15456 1.81252 0.900 0.080 0.080
v 4.63409 -5.15456 1.81252 0.900 0.080 0.080
v 4.87570 -5.15456 1.92888 0.900 0.080 0.080
v 5.04291 -5.15456 2.13855 0.900 0.080 0.080
v 4.50000 -5.25000 2.40000 0.900 0.080 0.080
v 4.50000 -5.25000 2.40000 0.900 0.080 0.080
v 4.50000 -5.25000 2.40000 0.900 0.080 0.080
v 4.50000 -5.25000 2.40000 0.900 0.080 0.080
v 4.50000 -5.25000 2.40000 0.900 0.080 0.080
v 4.50000 -5.25000 2.40000 0.900 0.080 0.080
v 4.50000 -5.25000 2.40000 0.900 0.080 0.080
v 4.50000 -5.25000 2.40000 0.900 0.080 0.080
v 4.50000 -5.25000 2.40000 0.900 0.080 0.080
v 4.50000 -5.25000 2.40000 0.900 0.080 0.080
v 4.50000 -5.25000 2.40000 0.900 0.080 0.080
v 4.50000 -5.25000 2.40000 0.900 0.080 0.080
v 4.50000 -5.25000 2.40000 0.900 0.080 0.080
v 4.50000 -5.25000 2.40000 0.900 0.080 0.080
v 4.50000 -1.53000 3.75000 0.980 0.980 0.980
v 4.50000 -1.53000 3.75000 0.980 0.980 0.980
v 4.50000 -1.53000 3.75000 0.980 0.980 0.980
v 4.50000 -1.53000 3.75000 0.980 0.980 0.980
v 4.50000 -1.53000 3.75000 0.980 0.980 0.980
v 4.50000 -1.53000 3.75000 0.980 0.980 0.980
v 4.50000 -1.53000 3.75000 0.980 0.980 0.980
v 4.50000 -1.53000 3.75000 0.980 0.980 0.980
v 4.74687 -1.61021 3.75000 0.980 0.980 0.980
v 4.67456 -1.61021 3.92456 0.980 0.980 0.980
v 4.50000 -1.61021 3.99687 0.980 0.980 0.980
v 4.32544 -1.61021 3.92456 0.980 0.980 0.980
v 4.25313 -1.61021 3.75000 0.980 0.980 0.980
v 4.32544 -1.61021 3.57544 0.980 0.980 0.980
v 4.50000 -1.61021 3.50313 0.980 0.980 0.980
v 4.67456 -1.61021 3.57544 0.980 0.980 0.980
v 4.89944 -1.82021 3.75000 0.980 0.980 0.980
v 4.78245 -1.82021 4.03245 0.980 0.980 0.980
v 4.50000 -1.82021 4.14944 0.980 0.980 0.980
v 4.21755 -1.82021 4.03245 0.980 0.980 0.980
v 4.10056 -1.82021 3.75000 0.980 0.980 0.980
v 4.21755 -1.82021 3.46755 0.980 0.980 0.980
v 4.50000 -1.82021 3.35056 0.980 0.980 0.980
v 4.78245 -1.82021 3.46755 0.980 0.980 0.980
v 4.89944 -2.07979 3.75000 0.980 0.980 0.980
v 4.78245 -2.07979 4.03245 0.980 0.980 0.980
v 4.50000 -2.07979 4.14944 0.980 0.980 0.980
v 4.21755 -2.07979 4.03245 0.980 0.980 0.980
v 4.10056 -2.07979 3.75000 0.980 0.980 0.980
v 4.21755 -2.07979 3.46755 0.980 0.980 0.980
v 4.50000 -2.07979 3.35056 0.980 0.980 0.980
v 4.78245 -2.07979 3.46755 0.980 0.980 0.980
v 4.74687 -2.28979 3.75000 0.980 0.980 0.980
v 4.67456 -2.28979 3.92456 0.980 0.980 0.980
v 4.50000 -2.28979 3.99687 0.980 0.980 0.980
v 4.32544 -2.28979 3.92456 0.980 0.980 0.980
v 4.25313 -2.28979 3.75000 0.980 0.980 0.980
v 4.32544 -2.28979 3.57544 0.980 0.980 0.980
v 4.50000 -2.28979 3.50313 0.980 0.980 0.980
v 4.67456 -2.28979 3.57544 0.980 0.980 0.980
v 4.50000 -2.37000 3.75000 0.980 0.980 0.980
v 4.50000 -2.37000 3.75000 0.980 0.980 0.980
v 4.50000 -2.37000 3.75000 0.980 0.980 0.980
v 4.50000 -2.37000 3.75000 0.980 0.980 0.980
v 4.50000 -2.37000 3.75000 0.980 0.980 0.980
v 4.50000 -2.37000 3.75000 0.980 0.980 0.980
v 4.50000 -2.37000 3.75000 0.980 0.980 0.980
v 4.50000 -2.37000 3.75000 0.980 0.980 0.980
v 3.24000 -2.34000 3.45000 0.980 0.980 0.980
v 3.24000 -2.34000 3.45000 0.980 0.980 0.980
v 3.24000 -2.34000 3.45000 0.980 0.980 0.980
v 3.24000 -2.34000 3.45000 0.980 0.980 0.980
v 3.24000 -2.34000 3.45000 0.980 0.980 0.980
v 3.24000 -2.34000 3.45000 0.980 0.980 0.980
v 3.24000 -2.34000 3.45000 0.980 0.980 0.980
v 3.24000 -2.34000 3.45000 0.980 0.980 0.980
v 3.45160 -2.40875 3.45000 0.980 0.980 0.980
v 3.38963 -2.40875 3.59963 0.980 0.980 0.980
v 3.24000 -2.40875 3.66160 0.980 0.980 0.980
v 3.09037 -2.40875 3.59963 0.980 0.980 0.980
v 3.02840 -2.40875 3.45000 0.980 0.980 0.980
v 3.09037 -2.40875 3.30037 0.980 0.980 0.980
v 3.24000 -2.40875 3.23840 0.980 0.980 0.980
v 3.38963 -2.40875 3.30037 0.980 0.980 0.980
v 3.58238 -2.58875 3.45000 0.980 0.980 0.980
v 3.48210 -2.58875 3.69210 0.980 0.980 0.980
v 3.24000 -2.58875 3.79238 0.980 0.980 0.980
v 2.99790 -2.58875 3.69210 0.980 0.980 0.980
v 2.89762 -2.58875 3.45000 0.980 0.980 0.980
v 2.99790 -2.58875 3.20790 0.980 0.980 0.980
v 3.24000 -2.58875 3.10762 0.980 0.980 0.980
v 3.48210 -2.58875 3.20790 0.980 0.980 0.980
v 3.58238 -2.81125 3.45000 0.980 0.980 0.980
v 3.48210 -2.81125 3.69210 0.980 0.980 0.980
v 3.24000 -2.81125 3.79238 0.980 0.980 0.980
v 2.99790 -2.81125 3.69210 0.980 0.980 0.980
v 2.89762 -2.81125 3.45000 0.980 0.980 0.980
v 2.99790 -2.81125 3.20790 0.980 0.980 0.980
v 3.24000 -2.81125 3.10762 0.980 0.980 0.980
v 3.48210 -2.81125 3.20790 0.980 0.980 0.980
v 3.45160 -2.99125 3.45000 0.980 0.980 0.980
v 3.38963 -2.99125 3.59963 0.980 0.980 0.980
v 3.24000 -2.99125 3.66160 0.980 0.980 0.980
v 3.09037 -2.99125 3.59963 0.980 0.980 0.980
v 3.02840 -2.99125 3.45000 0.980 0.980 0.980
v 3.09037 -2.99125 3.30037 0.980 0.980 0.980
v 3.24000 -2.99125 3.23840 0.980 0.980 0.980
v 3.38963 -2.99125 3.30037 0.980 0.980 0.980
v 3.24000 -3.06000 3.45000 0.980 0.980 0.980
v 3.24000 -3.06000 3.45000 0.980 0.980 0.980
v 3.24000 -3.06000 3.45000 0.980 0.980 0.980
v 3.24000 -3.06000 3.45000 0.980 0.980 0.980
v 3.24000 -3.06000 3.45000 0.980 0.980 0.980
v 3.24000 -3.06000 3.45000 0.980 0.980 0.980
v 3.24000 -3.06000 3.45000 0.980 0.980 0.980
v 3.24000 -3.06000 3.45000 0.980 0.980 0.980
v 5.76000 -2.34000 3.45000 0.980 0.980 0.980
v 5.76000 -2.34000 3.45000 0.980 0.980 0.980
v 5.76000 -2.34000 3.45000 0.980 0.980 0.980
v 5.76000 -2.34000 3.45000 0.980 0.980 0.980
v 5.76000 -2.34000 3.45000 0.980 0.980 0.980
v 5.76000 -2.34000 3.45000 0.980 0.980 0.980
v 5.76000 -2.34000 3.45000 0.980 0.980 0.980
v 5.76000 -2.34000 3.45000 0.980 0.980 0.980
v 5.97160 -2.40875 3.45000 0.980 0.980 0.980
v 5.90963 -2.40875 3.59963 0.980 0.980 0.980
v 5.76000 -2.40875 3.66160 0.980 0.980 0.980
v 5.61037 -2.40875 3.59963 0.980 0.980 0.980
v 5.54840 -2.40875 3.45000 0.980 0.980 0.980
v 5.61037 -2.40875 3.30037 0.980 0.980 0.980
v 5.76000 -2.40875 3.23840 0.980 0.980 0.980
v 5.90963 -2.40875 3.30037 0.980 0.980 0.980
v 6.10238 -2.58875 3.45000 0.980 0.980 0.980
v 6.00210 -2.58875 3.69210 0.980 0.980 0.980
v 5.76000 -2.58875 3.79238 0.980 0.980 0.980
v 5.51790 -2.58875 3.69210 0.980 0.980 0.980
v 5.41762 -2.58875 3.45000 0.980 0.980 0.980
v 5.51790 -2.58875 3.20790 0.980 0.980 0.980
v 5.76000 -2.58875 3.10762 0.980 0.980 0.980
v 6.00210 -2.58875 3.20790 0.980 0.980 0.980
v 6.10238 -2.81125 3.45000 0.980 0.980 0.980
v 6.00210 -2.81125 3.69210 0.980 0.980 0.980
v 5.76000 -2.81125 3.79238 0.980 0.980 0.980
v 5.51790 -2.81125 3.69210 0.980 0.980 0.980
v 5.41762 -2.81125 3.45000 0.980 0.980 0.980
v 5.51790 -2.81125 3.20790 0.980 0.980 0.980
v 5.76000 -2.81125 3.10762 0.980 0.980 0.980
v 6.00210 -2.81125 3.20790 0.980 0.980 0.980
v 5.97160 -2.99125 3.45000 0.980 0.980 0.980
v 5.90963 -2.99125 3.59963 0.980 0.980 0.980
v 5.76000 -2.99125 3.66160 0.980 0.980 0.980
v 5.61037 -2.99125 3.59963 0.980 0.980 0.980
v 5.54840 -2.99125 3.45000 0.980 0.980 0.980
v 5.61037 -2.99125 3.30037 0.980 0.980 0.980
v 5.76000 -2.99125 3.23840 0.980 0.980 0.980
v 5.90963 -2.99125 3.30037 0.980 0.980 0.980
v 5.76000 -3.06000 3.45000 0.980 0.980 0.980
v 5.76000 -3.06000 3.45000 0.980 0.980 0.980
v 5.76000 -3.06000 3.45000 0.980 0.980 0.980
v 5.76000 -3.06000 3.45000 0.980 0.980 0.980
v 5.76000 -3.06000 3.45000 0.980 0.980 0.980
v 5.76000 -3.06000 3.45000 0.980 0.980 0.980
v 5.76000 -3.06000 3.45000 0.980 0.980 0.980
v 5.76000 -3.06000 3.45000 0.980 0.980 0.980
v 3.84000 -4.44000 3.36000 1.000 1.000 1.000
v 4.32000 -4.44000 3.36000 1.000 1.000 1.000
v 4.32000 -3.90000 3.36000 1.000 1.000 1.000
v 3.84000 -3.90000 3.36000 1.000 1.000 1.000
v 4.32000 -4.44000 3.18000 1.000 1.000 1.000
v 3.84000 -4.44000 3.18000 1.000 1.000 1.000
v 3.84000 -3.90000 3.18000 1.000 1.000 1.000
v 4.32000 -3.90000 3.18000 1.000 1.000 1.000
v 3.84000 -3.90000 3.36000 1.000 1.000 1.000
v 4.32000 -3.90000 3.36000 1.000 1.000 1.000
v 4.32000 -3.90000 3.18000 1.000 1.000 1.000
v 3.84000 -3.90000 3.18000 1.000 1.000 1.000
v 3.84000 -4.44000 3.18000 1.000 1.000 1.000
v 4.32000 -4.44000 3.18000 1.000 1.000 1.000
v 4.32000 -4.44000 3.36000 1.000 1.000 1.000
v 3.84000 -4.44000 3.36000 1.000 1.000 1.000
v 4.32000 -4.44000 3.36000 1.000 1.000 1.000
v 4.32000 -4.44000 3.18000 1.000 1.000 1.000
v 4.32000 -3.90000 3.18000 1.000 1.000 1.000
v 4.32000 -3.90000 3.36000 1.000 1.000 1.000
v 3.84000 -4.44000 3.18000 1.000 1.000 1.000
v 3.84000 -4.44000 3.36000 1.000 1.000 1.000
v 3.84000 -3.90000 3.36000 1.000 1.000 1.000
v 3.84000 -3.90000 3.18000 1.000 1.000 1.000
v 4.68000 -4.44000 3.36000 1.000 1.000 1.000
v 5.16000 -4.44000 3.36000 1.000 1.000 1.000
v 5.16000 -3.90000 3.36000 1.000 1.000 1.000
v 4.68000 -3.90000 3.36000 1.000 1.000 1.000
v 5.16000 -4.44000 3.18000 1.000 1.000 1.000
v 4.68000 -4.44000 3.18000 1.000 1.000 1.000
v 4.68000 -3.90000 3.18000 1.000 1.000 1.000
v 5.16000 -3.90000 3.18000 1.000 1.000 1.000
v 4.68000 -3.90000 3.36000 1.000 1.000 1.000
v 5.16000 -3.90000 3.36000 1.000 1.000 1.000
v 5.16000 -3.90000 3.18000 1.000 1.000 1.000
v 4.68000 -3.90000 3.18000 1.000 1.000 1.000
v 4.68000 -4.44000 3.18000 1.000 1.000 1.000
v 5.16000 -4.44000 3.18000 1.000 1.000 1.000
v 5.16000 -4.44000 3.36000 1.000 1.000 1.000
v 4.68000 -4.44000 3.36000 1.000 1.000 1.000
v 5.16000 -4.44000 3.36000 1.000 1.000 1.000
v 5.16000 -4.44000 3.18000 1.000 1.000 1.000
v 5.16000 -3.90000 3.18000 1.000 1.000 1.000
v 5.16000 -3.90000 3.36000 1.000 1.000 1.000
v 4.68000 -4.44000 3.18000 1.000 1.000 1.000
v 4.68000 -4.44000 3.36000 1.000 1.000 1.000
v 4.68000 -3.90000 3.36000 1.000 1.000 1.000
v 4.68000 -3.90000 3.18000 1.000 1.000 1.000
v 3.90000 -4.38000 3.42000 0.050 0.020 0.000
v 4.26000 -4.38000 3.42000 0.050 0.020 0.000
v 4.26000 -3.96000 3.42000 0.050 0.020 0.000
v 3.90000 -3.96000 3.42000 0.050 0.020 0.000
v 4.26000 -4.38000 3.30000 0.050 0.020 0.000
v 3.90000 -4.38000 3.30000 0.050 0.020 0.000
v 3.90000 -3.96000 3.30000 0.050 0.020 0.000
v 4.26000 -3.96000 3.30000 0.050 0.020 0.000
v 3.90000 -3.96000 3.42000 0.050 0.020 0.000
v 4.26000 -3.96000 3.42000 0.050 0.020 0.000
v 4.26000 -3.96000 3.30000 0.050 0.020 0.000
v 3.90000 -3.96000 3.30000 0.050 0.020 0.000
v 3.90000 -4.38000 3.30000 0.050 0.020 0.000
v 4.26000 -4.38000 3.30000 0.050 0.020 0.000
v 4.26000 -4.38000 3.42000 0.050 0.020 0.000
v 3.90000 -4.38000 3.42000 0.050 0.020 0.000
v 4.26000 -4.38000 3.42000 0.050 0.020 0.000
v 4.26000 -4.38000 3.30000 0.050 0.020 0.000
v 4.26000 -3.96000 3.30000 0.050 0.020 0.000
v 4.26000 -3.96000 3.42000 0.050 0.020 0.000
v 3.90000 -4.38000 3.30000 0.050 0.020 0.000
v 3.90000 -4.38000 3.42000 0.050 0.020 0.000
v 3.90000 -3.96000 3.42000 0.050 0.020 0.000
v 3.90000 -3.96000 3.30000 0.050 0.020 0.000
v 4.74000 -4.38000 3.42000 0.050 0.020 0.000
v 5.10000 -4.38000 3.42000 0.050 0.020 0.000
v 5.10000 -3.96000 3.42000 0.050 0.020 0.000
v 4.74000 -3.96000 3.42000 0.050 0.020 0.000
v 5.10000 -4.38000 3.30000 0.050 0.020 0.000
v 4.74000 -4.38000 3.30000 0.050 0.020 0.000
v 4.74000 -3.96000 3.30000 0.050 0.020 0.000
v 5.10000 -3.96000 3.30000 0.050 0.020 0.000
v 4.74000 -3.96000 3.42000 0.050 0.020 0.000
v 5.10000 -3.96000 3.42000 0.050 0.020 0.000
v 5.10000 -3.96000 3.30000 0.050 0.020 0.000
v 4.74000 -3.96000 3.30000 0.050 0.020 0.000
v 4.74000 -4.38000 3.30000 0.050 0.020 0.000
v 5.10000 -4.38000 3.30000 0.050 0.020 0.000
v 5.10000 -4.38000 3.42000 0.050 0.020 0.000
v 4.74000 -4.38000 3.42000 0.050 0.020 0.000
v 5.10000 -4.38000 3.42000 0.050 0.020 0.000
v 5.10000 -4.38000 3.30000 0.050 0.020 0.000
v 5.10000 -3.96000 3.30000 0.050 0.020 0.000
v 5.10000 -3.96000 3.42000 0.050 0.020 0.000
v 4.74000 -4.38000 3.30000 0.050 0.020 0.000
v 4.74000 -4.38000 3.42000 0.050 0.020 0.000
v 4.74000 -3.96000 3.42000 0.050 0.020 0.000
v 4.74000 -3.96000 3.30000 0.050 0.020 0.000
v 38.10000 -6.00000 3.90000 0.950 0.920 0.850
v 39.90000 -6.00000 3.90000 0.950 0.920 0.850
v 39.90000 -4.20000 3.90000 0.950 0.920 0.850
v 38.10000 -4.20000 3.90000 0.950 0.920 0.850
v 39.90000 -6.00000 2.10000 0.950 0.920 0.850
v 38.10000 -6.00000 2.10000 0.950 0.920 0.850
v 38.10000 -4.20000 2.10000 0.950 0.920 0.850
v 39.90000 -4.20000 2.10000 0.950 0.920 0.850
v 38.10000 -4.20000 3.90000 0.950 0.920 0.850
v 39.90000 -4.20000 3.90000 0.950 0.920 0.850
v 39.90000 -4.20000 2.10000 0.950 0.920 0.850
v 38.10000 -4.20000 2.10000 0.950 0.920 0.850
v 38.10000 -6.00000 2.10000 0.950 0.920 0.850
v 39.90000 -6.00000 2.10000 0.950 0.920 0.850
v 39.90000 -6.00000 3.90000 0.950 0.920 0.850
v 38.10000 -6.00000 3.90000 0.950 0.920 0.850
v 39.90000 -6.00000 3.90000 0.950 0.920 0.850
v 39.90000 -6.00000 2.10000 0.950 0.920 0.850
v 39.90000 -4.20000 2.10000 0.950 0.920 0.850
v 39.90000 -4.20000 3.90000 0.950 0.920 0.850
v 38.10000 -6.00000 2.10000 0.950 0.920 0.850
v 38.10000 -6.00000 3.90000 0.950 0.920 0.850
v 38.10000 -4.20000 3.90000 0.950 0.920 0.850
v 38.10000 -4.20000 2.10000 0.950 0.920 0.850
v 39.00000 -1.35000 3.00000 0.900 0.080 0.080
v 39.00000 -1.35000 3.00000 0.900 0.080 0.080
v 39.00000 -1.35000 3.00000 0.900 0.080 0.080
v 39.00000 -1.35000 3.00000 0.900 0.080 0.080
v 39.00000 -1.35000 3.00000 0.900 0.080 0.080
v 39.00000 -1.35000 3.00000 0.900 0.080 0.080
v 39.00000 -1.35000 3.00000 0.900 0.080 0.080
v 39.00000 -1.35000 3.00000 0.900 0.080 0.080
v 39.00000 -1.35000 3.00000 0.900 0.080 0.080
v 39.00000 -1.35000 3.00000 0.900 0.080 0.080
v 39.00000 -1.35000 3.00000 0.900 0.080 0.080
v 39.00000 -1.35000 3.00000 0.900 0.080 0.080
v 39.00000 -1.35000 3.00000 0.900 0.080 0.080
v 39.00000 -1.35000 3.00000 0.900 0.080 0.080
v 39.60258 -1.44544 3.00000 0.900 0.080 0.080
v 39.54291 -1.44544 3.26145 0.900 0.080 0.080
v 39.37570 -1.44544 3.47112 0.900 0.080 0.080
v 39.13409 -1.44544 3.58748 0.900 0.080 0.080
v 38.86591 -1.44544 3.58748 0.900 0.080 0.080
v 38.62430 -1.44544 3.47112 0.900 0.080 0.080
v 38.45709 -1.44544 3.26145 0.900 0.080 0.080
v 38.39742 -1.44544 3.00000 0.900 0.080 0.080
v 38.45709 -1.44544 2.73855 0.900 0.080 0.080
v 38.62430 -1.44544 2.52888 0.900 0.080 0.080
v 38.86591 -1.44544 2.41252 0.900 0.080 0.080
v 39.13409 -1.44544 2.41252 0.900 0.080 0.080
v 39.37570 -1.44544 2.52888 0.900 0.080 0.080
v 39.54291 -1.44544 2.73855 0.900 0.080 0.080
v 40.14618 -1.72242 3.00000 0.900 0.080 0.080
v 40.03267 -1.72242 3.49731 0.900 0.080 0.080
v 39.71463 -1.72242 3.89612 0.900 0.080 0.080
v 39.25505 -1.72242 4.11744 0.900 0.080 0.080
v 38.74495 -1.72242 4.11744 0.900 0.080 0.080
v 38.28537 -1.72242 3.89612 0.900 0.080 0.080
v 37.96733 -1.72242 3.49731 0.900 0.080 0.080
v 37.85382 -1.72242 3.00000 0.900 0.080 0.080
v 37.96733 -1.72242 2.50269 0.900 0.080 0.080
v 38.28537 -1.72242 2.10388 0.900 0.080 0.080
v 38.74495 -1.72242 1.88256 0.900 0.080 0.080
v 39.25505 -1.72242 1.88256 0.900 0.080 0.080
v 39.71463 -1.72242 2.10388 0.900 0.080 0.080
v 40.03267 -1.72242 2.50269 0.900 0.080 0.080
v 40.57758 -2.15382 3.00000 0.900 0.080 0.080
v 40.42135 -2.15382 3.68449 0.900 0.080 0.080
v 39.98361 -2.15382 4.23340 0.900 0.080 0.080
v 39.35105 -2.15382 4.53803 0.900 0.080 0.080
v 38.64895 -2.15382 4.53803 0.900 0.080 0.080
v 38.01639 -2.15382 4.23340 0.900 0.080 0.080
v 37.57865 -2.15382 3.68449 0.900 0.080 0.080
v 37.42242 -2.15382 3.00000 0.900 0.080 0.080
v 37.57865 -2.15382 2.31551 0.900 0.080 0.080
v 38.01639 -2.15382 1.76660 0.900 0.080 0.080
v 38.64895 -2.15382 1.46197 0.900 0.080 0.080
v 39.35105 -2.15382 1.46197 0.900 0.080 0.080
v 39.98361 -2.15382 1.76660 0.900 0.080 0.080
v 40.42135 -2.15382 2.31551 0.900 0.080 0.080
v 40.85456 -2.69742 3.00000 0.900 0.080 0.080
v 40.67090 -2.69742 3.80466 0.900 0.080 0.080
v 40.15630 -2.69742 4.44995 0.900 0.080 0.080
v 39.41268 -2.69742 4.80806 0.900 0.080 0.080
v 38.58732 -2.69742 4.80806 0.900 0.080 0.080
v 37.84370 -2.69742 4.44995 0.900 0.080 0.080
v 37.32910 -2.69742 3.80466 0.900 0.080 0.080
v 37.14544 -2.69742 3.00000 0.900 0.080 0.080
v 37.32910 -2.69742 2.19534 0.900 0.080 0.080
v 37.84370 -2.69742 1.55005 0.900 0.080 0.080
v 38.58732 -2.69742 1.19194 0.900 0.080 0.080
v 39.41268 -2.69742 1.19194 0.900 0.080 0.080
v 40.15630 -2.69742 1.55005 0.900 0.080 0.080
v 40.67090 -2.69742 2.19534 0.900 0.080 0.080
v 40.95000 -3.30000 3.00000 0.900 0.080 0.080
v 40.75689 -3.30000 3.84607 0.900 0.080 0.080
v 40.21581 -3.30000 4.52457 0.900 0.080 0.080
v 39.43392 -3.30000 4.90111 0.900 0.080 0.080
v 38.56608 -3.30000 4.90111 0.900 0.080 0.080
v 37.78419 -3.30000 4.52457 0.900 0.080 0.080
v 37.24311 -3.30000 3.84607 0.900 0.080 0.080
v 37.05000 -3.30000 3.00000 0.900 0.080 0.080
v 37.24311 -3.30000 2.15393 0.900 0.080 0.080
v 37.78419 -3.30000 1.47543 0.900 0.080 0.080
v 38.56608 -3.30000 1.09889 0.900 0.080 0.080
v 39.43392 -3.30000 1.09889 0.900 0.080 0.080
v 40.21581 -3.30000 1.47543 0.900 0.080 0.080
v 40.75689 -3.30000 2.15393 0.900 0.080 0.080
v 40.85456 -3.90258 3.00000 0.900 0.080 0.080
v 40.67090 -3.90258 3.80466 0.900 0.080 0.080
v 40.15630 -3.90258 4.44995 0.900 0.080 0.080
v 39.41268 -3.90258 4.80806 0.900 0.080 0.080
v 38.58732 -3.90258 4.80806 0.900 0.080 0.080
v 37.84370 -3.90258 4.44995 0.900 0.080 0.080
v 37.32910 -3.90258 3.80466 0.900 0.080 0.080
v 37.14544 -3.90258 3.00000 0.900 0.080 0.080
v 37.32910 -3.90258 2.19534 0.900 0.080 0.080
v 37.84370 -3.90258 1.55005 0.900 0.080 0.080
v 38.58732 -3.90258 1.19194 0.900 0.080 0.080
v 39.41268 -3.90258 1.19194 0.900 0.080 0.080
v 40.15630 -3.90258 1.55005 0.900 0.080 0.080
v 40.67090 -3.90258 2.19534 0.900 0.080 0.080
v 40.57758 -4.44618 3.00000 0.900 0.080 0.080
v 40.42135 -4.44618 3.68449 0.900 0.080 0.080
v 39.98361 -4.44618 4.23340 0.900 0.080 0.080
v 39.35105 -4.44618 4.53803 0.900 0.080 0.080
v 38.64895 -4.44618 4.53803 0.900 0.080 0.080
v 38.01639 -4.44618 4.23340 0.900 0.080 0.080
v 37.57865 -4.44618 3.68449 0.900 0.080 0.080
v 37.42242 -4.44618 3.00000 0.900 0.080 0.080
v 37.57865 -4.44618 2.31551 0.900 0.080 0.080
v 38.01639 -4.44618 1.76660 0.900 0.080 0.080
v 38.64895 -4.44618 1.46197 0.900 0.080 0.080
v 39.35105 -4.44618 1.46197 0.900 0.080 0.080
v 39.98361 -4.44618 1.76660 0.900 0.080 0.080
v 40.42135 -4.44618 2.31551 0.900 0.080 0.080
v 40.14618 -4.87758 3.00000 0.900 0.080 0.080
v 40.03267 -4.87758 3.49731 0.900 0.080 0.080
v 39.71463 -4.87758 3.89612 0.900 0.080 0.080
v 39.25505 -4.87758 4.11744 0.900 0.080 0.080
v 38.74495 -4.87758 4.11744 0.900 0.080 0.080
v 38.28537 -4.87758 3.89612 0.900 0.080 0.080
v 37.96733 -4.87758 3.49731 0.900 0.080 0.080
v 37.85382 -4.87758 3.00000 0.900 0.080 0.080
v 37.96733 -4.87758 2.50269 0.900 0.080 0.080
v 38.28537 -4.87758 2.10388 0.900 0.080 0.080
v 38.74495 -4.87758 1.88256 0.900 0.080 0.080
v 39.25505 -4.87758 1.88256 0.900 0.080 0.080
v 39.71463 -4.87758 2.10388 0.900 0.080 0.080
v 40.03267 -4.87758 2.50269 0.900 0.080 0.080
v 39.60258 -5.15456 3.00000 0.900 0.080 0.080
v 39.54291 -5.15456 3.26145 0.900 0.080 0.080
v 39.37570 -5.15456 3.47112 0.900 0.080 0.080
v 39.13409 -5.15456 3.58748 0.900 0.080 0.080
v 38.86591 -5.15456 3.58748 0.900 0.080 0.080
v 38.62430 -5.15456 3.47112 0.900 0.080 0.080
v 38.45709 -5.15456 3.26145 0.900 0.080 0.080
v 38.39742 -5.15456 3.00000 0.900 0.080 0.080
v 38.45709 -5.15456 2.73855 0.900 0.080 0.080
v 38.62430 -5.15456 2.52888 0.900 0.080 0.080
v 38.86591 -5.15456 2.41252 0.900 0.080 0.080
v 39.13409 -5.15456 2.41252 0.900 0.080 0.080
v 39.37570 -5.15456 2.52888 0.900 0.080 0.080
v 39.54291 -5.15456 2.73855 0.900 0.080 0.080
v 39.00000 -5.25000 3.00000 0.900 0.080 0.080
v 39.00000 -5.25000 3.00000 0.900 0.080 0.080
v 39.00000 -5.25000 3.00000 0.900 0.080 0.080
v 39.00000 -5.25000 3.00000 0.900 0.080 0.080
v 39.00000 -5.25000 3.00000 0.900 0.080 0.080
v 39.00000 -5.25000 3.00000 0.900 0.080 0.080
v 39.00000 -5.25000 3.00000 0.900 0.080 0.080
v 39.00000 -5.25000 3.00000 0.900 0.080 0.080
v 39.00000 -5.25000 3.00000 0.900 0.080 0.080
v 39.00000 -5.25000 3.00000 0.900 0.080 0.080
v 39.00000 -5.25000 3.00000 0.900 0.080 0.080
v 39.00000 -5.25000 3.00000 0.900 0.080 0.080
v 39.00000 -5.25000 3.00000 0.900 0.080 0.080
v 39.00000 -5.25000 3.00000 0.900 0.080 0.080
v 39.00000 -1.53000 4.35000 0.980 0.980 0.980
v 39.00000 -1.53000 4.35000 0.980 0.980 0.980
v 39.00000 -1.53000 4.35000 0.980 0.980 0.980
v 39.00000 -1.53000 4.35000 0.980 0.980 0.980
v 39.00000 -1.53000 4.35000 0.980 0.980 0.980
v 39.00000 -1.53000 4.35000 0.980 0.980 0.980
v 39.00000 -1.53000 4.35000 0.980 0.980 0.980
v 39.00000 -1.53000 4.35000 0.980 0.980 0.980
v 39.24687 -1.61021 4.35000 0.980 0.980 0.980
v 39.17456 -1.61021 4.52456 0.980 0.980 0.980
v 39.00000 -1.61021 4.59687 0.980 0.980 0.980
v 38.82544 -1.61021 4.52456 0.980 0.980 0.980
v 38.75313 -1.61021 4.35000 0.980 0.980 0.980
v 38.82544 -1.61021 4.17544 0.980 0.980 0.980
v 39.00000 -1.61021 4.10313 0.980 0.980 0.980
v 39.17456 -1.61021 4.17544 0.980 0.980 0.980
v 39.39944 -1.82021 4.35000 0.980 0.980 0.980
v 39.28245 -1.82021 4.63245 0.980 0.980 0.980
v 39.00000 -1.82021 4.74944 0.980 0.980 0.980
v 38.71755 -1.82021 4.63245 0.980 0.980 0.980
v 38.60056 -1.82021 4.35000 0.980 0.980 0.980
v 38.71755 -1.82021 4.06755 0.980 0.980 0.980
v 39.00000 -1.82021 3.95056 0.980 0.980 0.980
v 39.28245 -1.82021 4.06755 0.980 0.980 0.980
v 39.39944 -2.07979 4.35000 0.980 0.980 0.980
v 39.28245 -2.07979 4.63245 0.980 0.980 0.980
v 39.00000 -2.07979 4.74944 0.980 0.980 0.980
v 38.71755 -2.07979 4.63245 0.980 0.980 0.980
v 38.60056 -2.07979 4.35000 0.980 0.980 0.980
v 38.71755 -2.07979 4.06755 0.980 0.980 0.980
v 39.00000 -2.07979 3.95056 0.980 0.980 0.980
v 39.28245 -2.07979 4.06755 0.980 0.980 0.980
v 39.24687 -2.28979 4.35000 0.980 0.980 0.980
v 39.17456 -2.28979 4.52456 0.980 0.980 0.980
v 39.00000 -2.28979 4.59687 0.980 0.980 0.980
v 38.82544 -2.28979 4.52456 0.980 0.980 0.980
v 38.75313 -2.28979 4.35000 0.980 0.980 0.980
v 38.82544 -2.28979 4.17544 0.980 0.980 0.980
v 39.00000 -2.28979 4.10313 0.980 0.980 0.980
v 39.17456 -2.28979 4.17544 0.980 0.980 0.980
v 39.00000 -2.37000 4.35000 0.980 0.980 0.980
v 39.00000 -2.37000 4.35000 0.980 0.980 0.980
v 39.00000 -2.37000 4.35000 0.980 0.980 0.980
v 39.00000 -2.37000 4.35000 0.980 0.980 0.980
v 39.00000 -2.37000 4.35000 0.980 0.980 0.980
v 39.00000 -2.37000 4.35000 0.980 0.980 0.980
v 39.00000 -2.37000 4.35000 0.980 0.980 0.980
v 39.00000 -2.37000 4.35000 0.980 0.980 0.980
v 37.74000 -2.34000 4.05000 0.980 0.980 0.980
v 37.74000 -2.34000 4.05000 0.980 0.980 0.980
v 37.74000 -2.34000 4.05000 0.980 0.980 0.980
v 37.74000 -2.34000 4.05000 0.980 0.980 0.980
v 37.74000 -2.34000 4.05000 0.980 0.980 0.980
v 37.74000 -2.34000 4.05000 0.980 0.980 0.980
v 37.74000 -2.34000 4.05000 0.980 0.980 0.980
v 37.74000 -2.34000 4.05000 0.980 0.980 0.980
v 37.95160 -2.40875 4.05000 0.980 0.980 0.980
v 37.88963 -2.40875 4.19963 0.980 0.980 0.980
v 37.74000 -2.40875 4.26160 0.980 0.980 0.980
v 37.59037 -2.40875 4.19963 0.980 0.980 0.980
v 37.52840 -2.40875 4.05000 0.980 0.980 0.980
v 37.59037 -2.40875 3.90037 0.980 0.980 0.980
v 37.74000 -2.40875 3.83840 0.980 0.980 0.980
v 37.88963 -2.40875 3.90037 0.980 0.980 0.980
v 38.08238 -2.58875 4.05000 0.980 0.980 0.980
v 37.98210 -2.58875 4.29210 0.980 0.980 0.980
v 37.74000 -2.58875 4.39238 0.980 0.980 0.980
v 37.49790 -2.58875 4.29210 0.980 0.980 0.980
v 37.39762 -2.58875 4.05000 0.980 0.980 0.980
v 37.49790 -2.58875 3.80790 0.980 0.980 0.980
v 37.74000 -2.58875 3.70762 0.980 0.980 0.980
v 37.98210 -2.58875 3.80790 0.980 0.980 0.980
v 38.08238 -2.81125 4.05000 0.980 0.980 0.980
v 37.98210 -2.81125 4.29210 0.980 0.980 0.980
v 37.74000 -2.81125 4.39238 0.980 0.980 0.980
v 37.49790 -2.81125 4.29210 0.980 0.980 0.980
v 37.39762 -2.81125 4.05000 0.980 0.980 0.980
v 37.49790 -2.81125 3.80790 0.980 0.980 0.980
v 37.74000 -2.81125 3.70762 0.980 0.980 0.980
v 37.98210 -2.81125 3.80790 0.980 0.980 0.980
v 37.95160 -2.99125 4.05000 0.980 0.980 0.980
v 37.88963 -2.99125 4.19963 0.980 0.980 0.980
v 37.74000 -2.99125 4.26160 0.980 0.980 0.980
v 37.59037 -2.99125 4.19963 0.980 0.980 0.980
v 37.52840 -2.99125 4.05000 0.980 0.980 0.980
v 37.59037 -2.99125 3.90037 0.980 0.980 0.980
v 37.74000 -2.99125 3.83840 0.980 0.980 0.980
v 37.88963 -2.99125 3.90037 0.980 0.980 0.980
v 37.74000 -3.06000 4.05000 0.980 0.980 0.980
v 37.74000 -3.06000 4.05000 0.980 0.980 0.980
v 37.74000 -3.06000 4.05000 0.980 0.980 0.980
v 37.74000 -3.06000 4.05000 0.980 0.980 0.980
v 37.74000 -3.06000 4.05000 0.980 0.980 0.980
v 37.74000 -3.06000 4.05000 0.980 0.980 0.980
v 37.74000 -3.06000 4.05000 0.980 0.980 0.980
v 37.74000 -3.06000 4.05000 0.980 0.980 0.980
v 40.26000 -2.34000 4.05000 0.980 0.980 0.980
v 40.26000 -2.34000 4.05000 0.980 0.980 0.980
v 40.26000 -2.34000 4.05000 0.980 0.980 0.980
v 40.26000 -2.34000 4.05000 0.980 0.980 0.980
v 40.26000 -2.34000 4.05000 0.980 0.980 0.980
v 40.26000 -2.34000 4.05000 0.980 0.980 0.980
v 40.26000 -2.34000 4.05000 0.980 0.980 0.980
v 40.26000 -2.34000 4.05000 0.980 0.980 0.980
v 40.47160 -2.40875 4.05000 0.980 0.980 0.980
v 40.40963 -2.40875 4.19963 0.980 0.980 0.980
v 40.26000 -2.40875 4.26160 0.980 0.980 0.980
v 40.11037 -2.40875 4.19963 0.980 0.980 0.980
v 40.04840 -2.40875 4.05000 0.980 0.980 0.980
v 40.11037 -2.40875 3.90037 0.980 0.980 0.980
v 40.26000 -2.40875 3.83840 0.980 0.980 0.980
v 40.40963 -2.40875 3.90037 0.980 0.980 0.980
v 40.60238 -2.58875 4.05000 0.980 0.980 0.980
v 40.50210 -2.58875 4.29210 0.980 0.980 0.980
v 40.26000 -2.58875 4.39238 0.980 0.980 0.980
v 40.01790 -2.58875 4.29210 0.980 0.980 0.980
v 39.91762 -2.58875 4.05000 0.980 0.980 0.980
v 40.01790 -2.58875 3.80790 0.980 0.980 0.980
v 40.26000 -2.58875 3.70762 0.980 0.980 0.980
v 40.50210 -2.58875 3.80790 0.980 0.980 0.980
v 40.60238 -2.81125 4.05000 0.980 0.980 0.980
v 40.50210 -2.81125 4.29210 0.980 0.980 0.980
v 40.26000 -2.81125 4.39238 0.980 0.980 0.980
v 40.01790 -2.81125 4.29210 0.980 0.980 0.980
v 39.91762 -2.81125 4.05000 0.980 0.980 0.980
v 40.01790 -2.81125 3.80790 0.980 0.980 0.980
v 40.26000 -2.81125 3.70762 0.980 0.980 0.980
v 40.50210 -2.81125 3.80790 0.980 0.980 0.980
v 40.47160 -2.99125 4.05000 0.980 0.980 0.980
v 40.40963 -2.99125 4.19963 0.980 0.980 0.980
v 40.26000 -2.99125 4.26160 0.980 0.980 0.980
v 40.11037 -2.99125 4.19963 0.980 0.980 0.980
v 40.04840 -2.99125 4.05000 0.980 0.980 0.980
v 40.11037 -2.99125 3.90037 0.980 0.980 0.980
v 40.26000 -2.99125 3.83840 0.980 0.980 0.980
v 40.40963 -2.99125 3.90037 0.980 0.980 0.980
v 40.26000 -3.06000 4.05000 0.980 0.980 0.980
v 40.26000 -3.06000 4.05000 0.980 0.980 0.980
v 40.26000 -3.06000 4.05000 0.980 0.980 0.980
v 40.26000 -3.06000 4.05000 0.980 0.980 0.980
v 40.26000 -3.06000 4.05000 0.980 0.980 0.980
v 40.26000 -3.06000 4.05000 0.980 0.980 0.980
v 40.26000 -3.06000 4.05000 0.980 0.980 0.980
v 40.26000 -3.06000 4.05000 0.980 0.980 0.980
v 38.34000 -4.44000 3.96000 1.000 1.000 1.000
v 38.82000 -4.44000 3.96000 1.000 1.000 1.000
v 38.82000 -3.90000 3.96000 1.000 1.000 1.000
v 38.34000 -3.90000 3.96000 1.000 1.000 1.000
v 38.82000 -4.44000 3.78000 1.000 1.000 1.000
v 38.34000 -4.44000 3.78000 1.000 1.000 1.000
v 38.34000 -3.90000 3.78000 1.000 1.000 1.000
v 38.82000 -3.90000 3.78000 1.000 1.000 1.000
v 38.34000 -3.90000 3.96000 1.000 1.000 1.000
v 38.82000 -3.90000 3.96000 1.000 1.000 1.000
v 38.82000 -3.90000 3.78000 1.000 1.000 1.000
v 38.34000 -3.90000 3.78000 1.000 1.000 1.000
v 38.34000 -4.44000 3.78000 1.000 1.000 1.000
v 38.82000 -4.44000 3.78000 1.000 1.000 1.000
v 38.82000 -4.44000 3.96000 1.000 1.000 1.000
v 38.34000 -4.44000 3.96000 1.000 1.000 1.000
v 38.82000 -4.44000 3.96000 1.000 1.000 1.000
v 38.82000 -4.44000 3.78000 1.000 1.000 1.000
v 38.82000 -3.90000 3.78000 1.000 1.000 1.000
v 38.82000 -3.90000 3.96000 1.000 1.000 1.000
v 38.34000 -4.44000 3.78000 1.000 1.000 1.000
v 38.34000 -4.44000 3.96000 1.000 1.000 1.000
v 38.34000 -3.90000 3.96000 1.000 1.000 1.000
v 38.34000 -3.90000 3.78000 1.000 1.000 1.000
v 39.18000 -4.44000 3.96000 1.000 1.000 1.000
v 39.66000 -4.44000 3.96000 1.000 1.000 1.000
v 39.66000 -3.90000 3.96000 1.000 1.000 1.000
v 39.18000 -3.90000 3.96000 1.000 1.000 1.000
v 39.66000 -4.44000 3.78000 1.000 1.000 1.000
v 39.18000 -4.44000 3.78000 1.000 1.000 1.000
v 39.18000 -3.90000 3.78000 1.000 1.000 1.000
v 39.66000 -3.90000 3.78000 1.000 1.000 1.000
v 39.18000 -3.90000 3.96000 1.000 1.000 1.000
v 39.66000 -3.90000 3.96000 1.000 1.000 1.000
v 39.66000 -3.90000 3.78000 1.000 1.000 1.000
v 39.18000 -3.90000 3.78000 1.000 1.000 1.000
v 39.18000 -4.44000 3.78000 1.000 1.000 1.000
v 39.66000 -4.44000 3.78000 1.000 1.000 1.000
v 39.66000 -4.44000 3.96000 1.000 1.000 1.000
v 39.18000 -4.44000 3.96000 1.000 1.000 1.000
v 39.66000 -4.44000 3.96000 1.000 1.000 1.000
v 39.66000 -4.44000 3.78000 1.000 1.000 1.000
v 39.66000 -3.90000 3.78000 1.000 1.000 1.000
v 39.66000 -3.90000 3.96000 1.000 1.000 1.000
v 39.18000 -4.44000 3.78000 1.000 1.000 1.000
v 39.18000 -4.44000 3.96000 1.000 1.000 1.000
v 39.18000 -3.90000 3.96000 1.000 1.000 1.000
v 39.18000 -3.90000 3.78000 1.000 1.000 1.000
v 38.40000 -4.38000 4.02000 0.050 0.020 0.000
v 38.76000 -4.38000 4.02000 0.050 0.020 0.000
v 38.76000 -3.96000 4.02000 0.050 0.020 0.000
v 38.40000 -3.96000 4.02000 0.050 0.020 0.000
v 38.76000 -4.38000 3.90000 0.050 0.020 0.000
v 38.40000 -4.38000 3.90000 0.050 0.020 0.000
v 38.40000 -3.96000 3.90000 0.050 0.020 0.000
v 38.76000 -3.96000 3.90000 0.050 0.020 0.000
v 38.40000 -3.96000 4.02000 0.050 0.020 0.000
v 38.76000 -3.96000 4.02000 0.050 0.020 0.000
v 38.76000 -3.96000 3.90000 0.050 0.020 0.000
v 38.40000 -3.96000 3.90000 0.050 0.020 0.000
v 38.40000 -4.38000 3.90000 0.050 0.020 0.000
v 38.76000 -4.38000 3.90000 0.050 0.020 0.000
v 38.76000 -4.38000 4.02000 0.050 0.020 0.000
v 38.40000 -4.38000 4.02000 0.050 0.020 0.000
v 38.76000 -4.38000 4.02000 0.050 0.020 0.000
v 38.76000 -4.38000 3.90000 0.050 0.020 0.000
v 38.76000 -3.96000 3.90000 0.050 0.020 0.000
v 38.76000 -3.96000 4.02000 0.050 0.020 0.000
v 38.40000 -4.38000 3.90000 0.050 0.020 0.000
v 38.40000 -4.38000 4.02000 0.050 0.020 0.000
v 38.40000 -3.96000 4.02000 0.050 0.020 0.000
v 38.40000 -3.96000 3.90000 0.050 0.020 0.000
v 39.24000 -4.38000 4.02000 0.050 0.020 0.000
v 39.60000 -4.38000 4.02000 0.050 0.020 0.000
v 39.60000 -3.96000 4.02000 0.050 0.020 0.000
v 39.24000 -3.96000 4.02000 0.050 0.020 0.000
v 39.60000 -4.38000 3.90000 0.050 0.020 0.000
v 39.24000 -4.38000 3.90000 0.050 0.020 0.000
v 39.24000 -3.96000 3.90000 0.050 0.020 0.000
v 39.60000 -3.96000 3.90000 0.050 0.020 0.000
v 39.24000 -3.96000 4.02000 0.050 0.020 0.000
v 39.60000 -3.96000 4.02000 0.050 0.020 0.000
v 39.60000 -3.96000 3.90000 0.050 0.020 0.000
v 39.24000 -3.96000 3.90000 0.050 0.020 0.000
v 39.24000 -4.38000 3.90000 0.050 0.020 0.000
v 39.60000 -4.38000 3.90000 0.050 0.020 0.000
v 39.60000 -4.38000 4.02000 0.050 0.020 0.000
v 39.24000 -4.38000 4.02000 0.050 0.020 0.000
v 39.60000 -4.38000 4.02000 0.050 0.020 0.000
v 39.60000 -4.38000 3.90000 0.050 0.020 0.000
v 39.60000 -3.96000 3.90000 0.050 0.020 0.000
v 39.60000 -3.96000 4.02000 0.050 0.020 0.000
v 39.24000 -4.38000 3.90000 0.050 0.020 0.000
v 39.24000 -4.38000 4.02000 0.050 0.020 0.000
v 39.24000 -3.96000 4.02000 0.050 0.020 0.000
v 39.24000 -3.96000 3.90000 0.050 0.020 0.000
v 15.00000 3.90000 3.00000 0.980 0.850 0.100
v 15.00000 3.90000 3.00000 0.980 0.850 0.100
v 15.00000 3.90000 3.00000 0.980 0.850 0.100
v 15.00000 3.90000 3.00000 0.980 0.850 0.100
v 15.00000 3.90000 3.00000 0.980 0.850 0.100
v 15.00000 3.90000 3.00000 0.980 0.850 0.100
v 15.00000 3.90000 3.00000 0.980 0.850 0.100
v 15.00000 3.90000 3.00000 0.980 0.850 0.100
v 15.00000 3.90000 3.00000 0.980 0.850 0.100
v 15.00000 3.90000 3.00000 0.980 0.850 0.100
v 15.45000 3.77942 3.00000 0.980 0.850 0.100
v 15.36406 3.77942 3.26450 0.980 0.850 0.100
v 15.13906 3.77942 3.42798 0.980 0.850 0.100
v 14.86094 3.77942 3.42798 0.980 0.850 0.100
v 14.63594 3.77942 3.26450 0.980 0.850 0.100
v 14.55000 3.77942 3.00000 0.980 0.850 0.100
v 14.63594 3.77942 2.73550 0.980 0.850 0.100
v 14.86094 3.77942 2.57202 0.980 0.850 0.100
v 15.13906 3.77942 2.57202 0.980 0.850 0.100
v 15.36406 3.77942 2.73550 0.980 0.850 0.100
v 15.77942 3.45000 3.00000 0.980 0.850 0.100
v 15.63057 3.45000 3.45813 0.980 0.850 0.100
v 15.24085 3.45000 3.74128 0.980 0.850 0.100
v 14.75915 3.45000 3.74128 0.980 0.850 0.100
v 14.36943 3.45000 3.45813 0.980 0.850 0.100
v 14.22058 3.45000 3.00000 0.980 0.850 0.100
v 14.36943 3.45000 2.54187 0.980 0.850 0.100
v 14.75915 3.45000 2.25872 0.980 0.850 0.100
v 15.24085 3.45000 2.25872 0.980 0.850 0.100
v 15.63057 3.45000 2.54187 0.980 0.850 0.100
v 15.90000 3.00000 3.00000 0.980 0.850 0.100
v 15.72812 3.00000 3.52901 0.980 0.850 0.100
v 15.27812 3.00000 3.85595 0.980 0.850 0.100
v 14.72188 3.00000 3.85595 0.980 0.850 0.100
v 14.27188 3.00000 3.52901 0.980 0.850 0.100
v 14.10000 3.00000 3.00000 0.980 0.850 0.100
v 14.27188 3.00000 2.47099 0.980 0.850 0.100
v 14.72188 3.00000 2.14405 0.980 0.850 0.100
v 15.27812 3.00000 2.14405 0.980 0.850 0.100
v 15.72812 3.00000 2.47099 0.980 0.850 0.100
v 15.77942 2.55000 3.00000 0.980 0.850 0.100
v 15.63057 2.55000 3.45813 0.980 0.850 0.100
v 15.24085 2.55000 3.74128 0.980 0.850 0.100
v 14.75915 2.55000 3.74128 0.980 0.850 0.100
v 14.36943 2.55000 3.45813 0.980 0.850 0.100
v 14.22058 2.55000 3.00000 0.980 0.850 0.100
v 14.36943 2.55000 2.54187 0.980 0.850 0.100
v 14.75915 2.55000 2.25872 0.980 0.850 0.100
v 15.24085 2.55000 2.25872 0.980 0.850 0.100
v 15.63057 2.55000 2.54187 0.980 0.850 0.100
v 15.45000 2.22058 3.00000 0.980 0.850 0.100
v 15.36406 2.22058 3.26450 0.980 0.850 0.100
v 15.13906 2.22058 3.42798 0.980 0.850 0.100
v 14.86094 2.22058 3.42798 0.980 0.850 0.100
v 14.63594 2.22058 3.26450 0.980 0.850 0.100
v 14.55000 2.22058 3.00000 0.980 0.850 0.100
v 14.63594 2.22058 2.73550 0.980 0.850 0.100
v 14.86094 2.22058 2.57202 0.980 0.850 0.100
v 15.13906 2.22058 2.57202 0.980 0.850 0.100
v 15.36406 2.22058 2.73550 0.980 0.850 0.100
v 15.00000 2.10000 3.00000 0.980 0.850 0.100
v 15.00000 2.10000 3.00000 0.980 0.850 0.100
v 15.00000 2.10000 3.00000 0.980 0.850 0.100
v 15.00000 2.10000 3.00000 0.980 0.850 0.100
v 15.00000 2.10000 3.00000 0.980 0.850 0.100
v 15.00000 2.10000 3.00000 0.980 0.850 0.100
v 15.00000 2.10000 3.00000 0.980 0.850 0.100
v 15.00000 2.10000 3.00000 0.980 0.850 0.100
v 15.00000 2.10000 3.00000 0.980 0.850 0.100
v 15.00000 2.10000 3.00000 0.980 0.850 0.100
v 17.10000 5.40000 3.00000 0.980 0.850 0.100
v 17.10000 5.40000 3.00000 0.980 0.850 0.100
v 17.10000 5.40000 3.00000 0.980 0.850 0.100
v 17.10000 5.40000 3.00000 0.980 0.850 0.100
v 17.10000 5.40000 3.00000 0.980 0.850 0.100
v 17.10000 5.40000 3.00000 0.980 0.850 0.100
v 17.10000 5.40000 3.00000 0.980 0.850 0.100
v 17.10000 5.40000 3.00000 0.980 0.850 0.100
v 17.10000 5.40000 3.00000 0.980 0.850 0.100
v 17.10000 5.40000 3.00000 0.980 0.850 0.100
v 17.55000 5.27942 3.00000 0.980 0.850 0.100
v 17.46406 5.27942 3.26450 0.980 0.850 0.100
v 17.23906 5.27942 3.42798 0.980 0.850 0.100
v 16.96094 5.27942 3.42798 0.980 0.850 0.100
v 16.73594 5.27942 3.26450 0.980 0.850 0.100
v 16.65000 5.27942 3.00000 0.980 0.850 0.100
v 16.73594 5.27942 2.73550 0.980 0.850 0.100
v 16.96094 5.27942 2.57202 0.980 0.850 0.100
v 17.23906 5.27942 2.57202 0.980 0.850 0.100
v 17.46406 5.27942 2.73550 0.980 0.850 0.100
v 17.87942 4.95000 3.00000 0.980 0.850 0.100
v 17.73057 4.95000 3.45813 0.980 0.850 0.100
v 17.34085 4.95000 3.74128 0.980 0.850 0.100
v 16.85915 4.95000 3.74128 0.980 0.850 0.100
v 16.46943 4.95000 3.45813 0.980 0.850 0.100
v 16.32058 4.95000 3.00000 0.980 0.850 0.100
v 16.46943 4.95000 2.54187 0.980 0.850 0.100
v 16.85915 4.95000 2.25872 0.980 0.850 0.100
v 17.34085 4.95000 2.25872 0.980 0.850 0.100
v 17.73057 4.95000 2.54187 0.980 0.850 0.100
v 18.00000 4.50000 3.00000 0.980 0.850 0.100
v 17.82812 4.50000 3.52901 0.980 0.850 0.100
v 17.37812 4.50000 3.85595 0.980 0.850 0.100
v 16.82188 4.50000 3.85595 0.980 0.850 0.100
v 16.37188 4.50000 3.52901 0.980 0.850 0.100
v 16.20000 4.50000 3.00000 0.980 0.850 0.100
v 16.37188 4.50000 2.47099 0.980 0.850 0.100
v 16.82188 4.50000 2.14405 0.980 0.850 0.100
v 17.37812 4.50000 2.14405 0.980 0.850 0.100
v 17.82812 4.50000 2.47099 0.980 0.850 0.100
v 17.87942 4.05000 3.00000 0.980 0.850 0.100
v 17.73057 4.05000 3.45813 0.980 0.850 0.100
v 17.34085 4.05000 3.74128 0.980 0.850 0.100
v 16.85915 4.05000 3.74128 0.980 0.850 0.100
v 16.46943 4.05000 3.45813 0.980 0.850 0.100
v 16.32058 4.05000 3.00000 0.980 0.850 0.100
v 16.46943 4.05000 2.54187 0.980 0.850 0.100
v 16.85915 4.05000 2.25872 0.980 0.850 0.100
v 17.34085 4.05000 2.25872 0.980 0.850 0.100
v 17.73057 4.05000 2.54187 0.980 0.850 0.100
v 17.55000 3.72058 3.00000 0.980 0.850 0.100
v 17.46406 3.72058 3.26450 0.980 0.850 0.100
v 17.23906 3.72058 3.42798 0.980 0.850 0.100
v 16.96094 3.72058 3.42798 0.980 0.850 0.100
v 16.73594 3.72058 3.26450 0.980 0.850 0.100
v 16.65000 3.72058 3.00000 0.980 0.850 0.100
v 16.73594 3.72058 2.73550 0.980 0.850 0.100
v 16.96094 3.72058 2.57202 0.980 0.850 0.100
v 17.23906 3.72058 2.57202 0.980 0.850 0.100
v 17.46406 3.72058 2.73550 0.980 0.850 0.100
v 17.10000 3.60000 3.00000 0.980 0.850 0.100
v 17.10000 3.60000 3.00000 0.980 0.850 0.100
v 17.10000 3.60000 3.00000 0.980 0.850 0.100
v 17.10000 3.60000 3.00000 0.980 0.850 0.100
v 17.10000 3.60000 3.00000 0.980 0.850 0.100
v 17.10000 3.60000 3.00000 0.980 0.850 0.100
v 17.10000 3.60000 3.00000 0.980 0.850 0.100
v 17.10000 3.60000 3.00000 0.980 0.850 0.100
v 17.10000 3.60000 3.00000 0.980 0.850 0.100
v 17.10000 3.60000 3.00000 0.980 0.850 0.100
v 19.20000 6.90000 3.00000 0.980 0.850 0.100
v 19.20000 6.90000 3.00000 0.980 0.850 0.100
v 19.20000 6.90000 3.00000 0.980 0.850 0.100
v 19.20000 6.90000 3.00000 0.980 0.850 0.100
v 19.20000 6.90000 3.00000 0.980 0.850 0.100
v 19.20000 6.90000 3.00000 0.980 0.850 0.100
v 19.20000 6.90000 3.00000 0.980 0.850 0.100
v 19.20000 6.90000 3.00000 0.980 0.850 0.100
v 19.20000 6.90000 3.00000 0.980 0.850 0.100
v 19.20000 6.90000 3.00000 0.980 0.850 0.100
v 19.65000 6.77942 3.00000 0.980 0.850 0.100
v 19.56406 6.77942 3.26450 0.980 0.850 0.100
v 19.33906 6.77942 3.42798 0.980 0.850 0.100
v 19.06094 6.77942 3.42798 0.980 0.850 0.100
v 18.83594 6.77942 3.26450 0.980 0.850 0.100
v 18.75000 6.77942 3.00000 0.980 0.850 0.100
v 18.83594 6.77942 2.73550 0.980 0.850 0.100
v 19.06094 6.77942 2.57202 0.980 0.850 0.100
v 19.33906 6.77942 2.57202 0.980 0.850 0.100
v 19.56406 6.77942 2.73550 0.980 0.850 0.100
v 19.97942 6.45000 3.00000 0.980 0.850 0.100
v 19.83057 6.45000 3.45813 0.980 0.850 0.100
v 19.44085 6.45000 3.74128 0.980 0.850 0.100
v 18.95915 6.45000 3.74128 0.980 0.850 0.100
v 18.56943 6.45000 3.45813 0.980 0.850 0.100
v 18.42058 6.45000 3.00000 0.980 0.850 0.100
v 18.56943 6.45000 2.54187 0.980 0.850 0.100
v 18.95915 6.45000 2.25872 0.980 0.850 0.100
v 19.44085 6.45000 2.25872 0.980 0.850 0.100
v 19.83057 6.45000 2.54187 0.980 0.850 0.100
v 20.10000 6.00000 3.00000 0.980 0.850 0.100
v 19.92812 6.00000 3.52901 0.980 0.850 0.100
v 19.47812 6.00000 3.85595 0.980 0.850 0.100
v 18.92188 6.00000 3.85595 0.980 0.850 0.100
v 18.47188 6.00000 3.52901 0.980 0.850 0.100
v 18.30000 6.00000 3.00000 0.980 0.850 0.100
v 18.47188 6.00000 2.47099 0.980 0.850 0.100
v 18.92188 6.00000 2.14405 0.980 0.850 0.100
v 19.47812 6.00000 2.14405 0.980 0.850 0.100
v 19.92812 6.00000 2.47099 0.980 0.850 0.100
v 19.97942 5.55000 3.00000 0.980 0.850 0.100
v 19.83057 5.55000 3.45813 0.980 0.850 0.100
v 19.44085 5.55000 3.74128 0.980 0.850 0.100
v 18.95915 5.55000 3.74128 0.980 0.850 0.100
v 18.56943 5.55000 3.45813 0.980 0.850 0.100
v 18.42058 5.55000 3.00000 0.980 0.850 0.100
v 18.56943 5.55000 2.54187 0.980 0.850 0.100
v 18.95915 5.55000 2.25872 0.980 0.850 0.100
v 19.44085 5.55000 2.25872 0.980 0.850 0.100
v 19.83057 5.55000 2.54187 0.980 0.850 0.100
v 19.65000 5.22058 3.00000 0.980 0.850 0.100
v 19.56406 5.22058 3.26450 0.980 0.850 0.100
v 19.33906 5.22058 3.42798 0.980 0.850 0.100
v 19.06094 5.22058 3.42798 0.980 0.850 0.100
v 18.83594 5.22058 3.26450 0.980 0.850 0.100
v 18.75000 5.22058 3.00000 0.980 0.850 0.100
v 18.83594 5.22058 2.73550 0.980 0.850 0.100
v 19.06094 5.22058 2.57202 0.980 0.850 0.100
v 19.33906 5.22058 2.57202 0.980 0.850 0.100
v 19.56406 5.22058 2.73550 0.980 0.850 0.100
v 19.20000 5.10000 3.00000 0.980 0.850 0.100
v 19.20000 5.10000 3.00000 0.980 0.850 0.100
v 19.20000 5.10000 3.00000 0.980 0.850 0.100
v 19.20000 5.10000 3.00000 0.980 0.850 0.100
v 19.20000 5.10000 3.00000 0.980 0.850 0.100
v 19.20000 5.10000 3.00000 0.980 0.850 0.100
v 19.20000 5.10000 3.00000 0.980 0.850 0.100
v 19.20000 5.10000 3.00000 0.980 0.850 0.100
v 19.20000 5.10000 3.00000 0.980 0.850 0.100
v 19.20000 5.10000 3.00000 0.980 0.850 0.100
v -60.00000 26.10000 -10.50000 0.980 0.980 0.980
v -60.00000 26.10000 -10.50000 0.980 0.980 0.980
v -60.00000 26.10000 -10.50000 0.980 0.980 0.980
v -60.00000 26.10000 -10.50000 0.980 0.980 0.980
v -60.00000 26.10000 -10.50000 0.980 0.980 0.980
v -60.00000 26.10000 -10.50000 0.980 0.980 0.980
v -60.00000 26.10000 -10.50000 0.980 0.980 0.980
v -60.00000 26.10000 -10.50000 0.980 0.980 0.980
v -60.00000 26.10000 -10.50000 0.980 0.980 0.980
v -60.00000 26.10000 -10.50000 0.980 0.980 0.980
v -58.95000 25.81865 -10.50000 0.980 0.980 0.980
v -59.15053 25.81865 -9.88283 0.980 0.980 0.980
v -59.67553 25.81865 -9.50139 0.980 0.980 0.980
v -60.32447 25.81865 -9.50139 0.980 0.980 0.980
v -60.84947 25.81865 -9.88283 0.980 0.980 0.980
v -61.05000 25.81865 -10.50000 0.980 0.980 0.980
v -60.84947 25.81865 -11.11717 0.980 0.980 0.980
v -60.32447 25.81865 -11.49861 0.980 0.980 0.980
v -59.67553 25.81865 -11.49861 0.980 0.980 0.980
v -59.15053 25.81865 -11.11717 0.980 0.980 0.980
v -58.18135 25.05000 -10.50000 0.980 0.980 0.980
v -58.52868 25.05000 -9.43102 0.980 0.980 0.980
v -59.43801 25.05000 -8.77036 0.980 0.980 0.980
v -60.56199 25.05000 -8.77036 0.980 0.980 0.980
v -61.47132 25.05000 -9.43102 0.980 0.980 0.980
v -61.81865 25.05000 -10.50000 0.980 0.980 0.980
v -61.47132 25.05000 -11.56898 0.980 0.980 0.980
v -60.56199 25.05000 -12.22964 0.980 0.980 0.980
v -59.43801 25.05000 -12.22964 0.980 0.980 0.980
v -58.52868 25.05000 -11.56898 0.980 0.980 0.980
v -57.90000 24.00000 -10.50000 0.980 0.980 0.980
v -58.30106 24.00000 -9.26565 0.980 0.980 0.980
v -59.35106 24.00000 -8.50278 0.980 0.980 0.980
v -60.64894 24.00000 -8.50278 0.980 0.980 0.980
v -61.69894 24.00000 -9.26565 0.980 0.980 0.980
v -62.10000 24.00000 -10.50000 0.980 0.980 0.980
v -61.69894 24.00000 -11.73435 0.980 0.980 0.980
v -60.64894 24.00000 -12.49722 0.980 0.980 0.980
v -59.35106 24.00000 -12.49722 0.980 0.980 0.980
v -58.30106 24.00000 -11.73435 0.980 0.980 0.980
v -58.18135 22.95000 -10.50000 0.980 0.980 0.980
v -58.52868 22.95000 -9.43102 0.980 0.980 0.980
v -59.43801 22.95000 -8.77036 0.980 0.980 0.980
v -60.56199 22.95000 -8.77036 0.980 0.980 0.980
v -61.47132 22.95000 -9.43102 0.980 0.980 0.980
v -61.81865 22.95000 -10.50000 0.980 0.980 0.980
v -61.47132 22.95000 -11.56898 0.980 0.980 0.980
v -60.56199 22.95000 -12.22964 0.980 0.980 0.980
v -59.43801 22.95000 -12.22964 0.980 0.980 0.980
v -58.52868 22.95000 -11.56898 0.980 0.980 0.980
v -58.95000 22.18135 -10.50000 0.980 0.980 0.980
v -59.15053 22.18135 -9.88283 0.980 0.980 0.980
v -59.67553 22.18135 -9.50139 0.980 0.980 0.980
v -60.32447 22.18135 -9.50139 0.980 0.980 0.980
v -60.84947 22.18135 -9.88283 0.980 0.980 0.980
v -61.05000 22.18135 -10.50000 0.980 0.980 0.980
v -60.84947 22.18135 -11.11717 0.980 0.980 0.980
v -60.32447 22.18135 -11.49861 0.980 0.980 0.980
v -59.67553 22.18135 -11.49861 0.980 0.980 0.980
v -59.15053 22.18135 -11.11717 0.980 0.980 0.980
v -60.00000 21.90000 -10.50000 0.980 0.980 0.980
v -60.00000 21.90000 -10.50000 0.980 0.980 0.980
v -60.00000 21.90000 -10.50000 0.980 0.980 0.980
v -60.00000 21.90000 -10.50000 0.980 0.980 0.980
v -60.00000 21.90000 -10.50000 0.980 0.980 0.980
v -60.00000 21.90000 -10.50000 0.980 0.980 0.980
v -60.00000 21.90000 -10.50000 0.980 0.980 0.980
v -60.00000 21.90000 -10.50000 0.980 0.980 0.980
v -60.00000 21.90000 -10.50000 0.980 0.980 0.980
v -60.00000 21.90000 -10.50000 0.980 0.980 0.980
v -57.60000 26.10000 -10.50000 0.980 0.980 0.980
v -57.60000 26.10000 -10.50000 0.980 0.980 0.980
v -57.60000 26.10000 -10.50000 0.980 0.980 0.980
v -57.60000 26.10000 -10.50000 0.980 0.980 0.980
v -57.60000 26.10000 -10.50000 0.980 0.980 0.980
v -57.60000 26.10000 -10.50000 0.980 0.980 0.980
v -57.60000 26.10000 -10.50000 0.980 0.980 0.980
v -57.60000 26.10000 -10.50000 0.980 0.980 0.980
v -57.60000 26.10000 -10.50000 0.980 0.980 0.980
v -57.60000 26.10000 -10.50000 0.980 0.980 0.980
v -56.70000 25.85885 -10.50000 0.980 0.980 0.980
v -56.87188 25.85885 -9.97099 0.980 0.980 0.980
v -57.32188 25.85885 -9.64405 0.980 0.980 0.980
v -57.87812 25.85885 -9.64405 0.980 0.980 0.980
v -58.32812 25.85885 -9.97099 0.980 0.980 0.980
v -58.50000 25.85885 -10.50000 0.980 0.980 0.980
v -58.32812 25.85885 -11.02901 0.980 0.980 0.980
v -57.87812 25.85885 -11.35595 0.980 0.980 0.980
v -57.32188 25.85885 -11.35595 0.980 0.980 0.980
v -56.87188 25.85885 -11.02901 0.980 0.980 0.980
v -56.04115 25.20000 -10.50000 0.980 0.980 0.980
v -56.33887 25.20000 -9.58373 0.980 0.980 0.980
v -57.11829 25.20000 -9.01745 0.980 0.980 0.980
v -58.08171 25.20000 -9.01745 0.980 0.980 0.980
v -58.86113 25.20000 -9.58373 0.980 0.980 0.980
v -59.15885 25.20000 -10.50000 0.980 0.980 0.980
v -58.86113 25.20000 -11.41627 0.980 0.980 0.980
v -58.08171 25.20000 -11.98255 0.980 0.980 0.980
v -57.11829 25.20000 -11.98255 0.980 0.980 0.980
v -56.33887 25.20000 -11.41627 0.980 0.980 0.980
v -55.80000 24.30000 -10.50000 0.980 0.980 0.980
v -56.14377 24.30000 -9.44199 0.980 0.980 0.980
v -57.04377 24.30000 -8.78810 0.980 0.980 0.980
v -58.15623 24.30000 -8.78810 0.980 0.980 0.980
v -59.05623 24.30000 -9.44199 0.980 0.980 0.980
v -59.40000 24.30000 -10.50000 0.980 0.980 0.980
v -59.05623 24.30000 -11.55801 0.980 0.980 0.980
v -58.15623 24.30000 -12.21190 0.980 0.980 0.980
v -57.04377 24.30000 -12.21190 0.980 0.980 0.980
v -56.14377 24.30000 -11.55801 0.980 0.980 0.980
v -56.04115 23.40000 -10.50000 0.980 0.980 0.980
v -56.33887 23.40000 -9.58373 0.980 0.980 0.980
v -57.11829 23.40000 -9.01745 0.980 0.980 0.980
v -58.08171 23.40000 -9.01745 0.980 0.980 0.980
v -58.86113 23.40000 -9.58373 0.980 0.980 0.980
v -59.15885 23.40000 -10.50000 0.980 0.980 0.980
v -58.86113 23.40000 -11.41627 0.980 0.980 0.980
v -58.08171 23.40000 -11.98255 0.980 0.980 0.980
v -57.11829 23.40000 -11.98255 0.980 0.980 0.980
v -56.33887 23.40000 -11.41627 0.980 0.980 0.980
v -56.70000 22.74115 -10.50000 0.980 0.980 0.980
v -56.87188 22.74115 -9.97099 0.980 0.980 0.980
v -57.32188 22.74115 -9.64405 0.980 0.980 0.980
v -57.87812 22.74115 -9.64405 0.980 0.980 0.980
v -58.32812 22.74115 -9.97099 0.980 0.980 0.980
v -58.50000 22.74115 -10.50000 0.980 0.980 0.980
v -58.32812 22.74115 -11.02901 0.980 0.980 0.980
v -57.87812 22.74115 -11.35595 0.980 0.980 0.980
v -57.32188 22.74115 -11.35595 0.980 0.980 0.980
v -56.87188 22.74115 -11.02901 0.980 0.980 0.980
v -57.60000 22.50000 -10.50000 0.980 0.980 0.980
v -57.60000 22.50000 -10.50000 0.980 0.980 0.980
v -57.60000 22.50000 -10.50000 0.980 0.980 0.980
v -57.60000 22.50000 -10.50000 0.980 0.980 0.980
v -57.60000 22.50000 -10.50000 0.980 0.980 0.980
v -57.60000 22.50000 -10.50000 0.980 0.980 0.980
v -57.60000 22.50000 -10.50000 0.980 0.980 0.980
v -57.60000 22.50000 -10.50000 0.980 0.980 0.980
v -57.60000 22.50000 -10.50000 0.980 0.980 0.980
v -57.60000 22.50000 -10.50000 0.980 0.980 0.980
v -62.40000 25.80000 -10.50000 0.980 0.980 0.980
v -62.40000 25.80000 -10.50000 0.980 0.980 0.980
v -62.40000 25.80000 -10.50000 0.980 0.980 0.980
v -62.40000 25.80000 -10.50000 0.980 0.980 0.980
v -62.40000 25.80000 -10.50000 0.980 0.980 0.980
v -62.40000 25.80000 -10.50000 0.980 0.980 0.980
v -62.40000 25.80000 -10.50000 0.980 0.980 0.980
v -62.40000 25.80000 -10.50000 0.980 0.980 0.980
v -62.40000 25.80000 -10.50000 0.980 0.980 0.980
v -62.40000 25.80000 -10.50000 0.980 0.980 0.980
v -61.65000 25.59904 -10.50000 0.980 0.980 0.980
v -61.79324 25.59904 -10.05916 0.980 0.980 0.980
v -62.16824 25.59904 -9.78671 0.980 0.980 0.980
v -62.63176 25.59904 -9.78671 0.980 0.980 0.980
v -63.00676 25.59904 -10.05916 0.980 0.980 0.980
v -63.15000 25.59904 -10.50000 0.980 0.980 0.980
v -63.00676 25.59904 -10.94084 0.980 0.980 0.980
v -62.63176 25.59904 -11.21329 0.980 0.980 0.980
v -62.16824 25.59904 -11.21329 0.980 0.980 0.980
v -61.79324 25.59904 -10.94084 0.980 0.980 0.980
v -61.10096 25.05000 -10.50000 0.980 0.980 0.980
v -61.34906 25.05000 -9.73644 0.980 0.980 0.980
v -61.99858 25.05000 -9.26454 0.980 0.980 0.980
v -62.80142 25.05000 -9.26454 0.980 0.980 0.980
v -63.45094 25.05000 -9.73644 0.980 0.980 0.980
v -63.69904 25.05000 -10.50000 0.980 0.980 0.980
v -63.45094 25.05000 -11.26356 0.980 0.980 0.980
v -62.80142 25.05000 -11.73546 0.980 0.980 0.980
v -61.99858 25.05000 -11.73546 0.980 0.980 0.980
v -61.34906 25.05000 -11.26356 0.980 0.980 0.980
v -60.90000 24.30000 -10.50000 0.980 0.980 0.980
v -61.18647 24.30000 -9.61832 0.980 0.980 0.980
v -61.93647 24.30000 -9.07342 0.980 0.980 0.980
v -62.86353 24.30000 -9.07342 0.980 0.980 0.980
v -63.61353 24.30000 -9.61832 0.980 0.980 0.980
v -63.90000 24.30000 -10.50000 0.980 0.980 0.980
v -63.61353 24.30000 -11.38168 0.980 0.980 0.980
v -62.86353 24.30000 -11.92658 0.980 0.980 0.980
v -61.93647 24.30000 -11.92658 0.980 0.980 0.980
v -61.18647 24.30000 -11.38168 0.980 0.980 0.980
v -61.10096 23.55000 -10.50000 0.980 0.980 0.980
v -61.34906 23.55000 -9.73644 0.980 0.980 0.980
v -61.99858 23.55000 -9.26454 0.980 0.980 0.980
v -62.80142 23.55000 -9.26454 0.980 0.980 0.980
v -63.45094 23.55000 -9.73644 0.980 0.980 0.980
v -63.69904 23.55000 -10.50000 0.980 0.980 0.980
v -63.45094 23.55000 -11.26356 0.980 0.980 0.980
v -62.80142 23.55000 -11.73546 0.980 0.980 0.980
v -61.99858 23.55000 -11.73546 0.980 0.980 0.980
v -61.34906 23.55000 -11.26356 0.980 0.980 0.980
v -61.65000 23.00096 -10.50000 0.980 0.980 0.980
v -61.79324 23.00096 -10.05916 0.980 0.980 0.980
v -62.16824 23.00096 -9.78671 0.980 0.980 0.980
v -62.63176 23.00096 -9.78671 0.980 0.980 0.980
v -63.00676 23.00096 -10.05916 0.980 0.980 0.980
v -63.15000 23.00096 -10.50000 0.980 0.980 0.980
v -63.00676 23.00096 -10.94084 0.980 0.980 0.980
v -62.63176 23.00096 -11.21329 0.980 0.980 0.980
v -62.16824 23.00096 -11.21329 0.980 0.980 0.980
v -61.79324 23.00096 -10.94084 0.980 0.980 0.980
v -62.40000 22.80000 -10.50000 0.980 0.980 0.980
v -62.40000 22.80000 -10.50000 0.980 0.980 0.980
v -62.40000 22.80000 -10.50000 0.980 0.980 0.980
v -62.40000 22.80000 -10.50000 0.980 0.980 0.980
v -62.40000 22.80000 -10.50000 0.980 0.980 0.980
v -62.40000 22.80000 -10.50000 0.980 0.980 0.980
v -62.40000 22.80000 -10.50000 0.980 0.980 0.980
v -62.40000 22.80000 -10.50000 0.980 0.980 0.980
v -62.40000 22.80000 -10.50000 0.980 0.980 0.980
v -62.40000 22.80000 -10.50000 0.980 0.980 0.980
v -59.10000 27.15000 -10.50000 0.980 0.980 0.980
v -59.10000 27.15000 -10.50000 0.980 0.980 0.980
v -59.10000 27.15000 -10.50000 0.980 0.980 0.980
v -59.10000 27.15000 -10.50000 0.980 0.980 0.980
v -59.10000 27.15000 -10.50000 0.980 0.980 0.980
v -59.10000 27.15000 -10.50000 0.980 0.980 0.980
v -59.10000 27.15000 -10.50000 0.980 0.980 0.980
v -59.10000 27.15000 -10.50000 0.980 0.980 0.980
v -58.21832 26.86353 -10.50000 0.980 0.980 0.980
v -58.47656 26.86353 -9.87656 0.980 0.980 0.980
v -59.10000 26.86353 -9.61832 0.980 0.980 0.980
v -59.72344 26.86353 -9.87656 0.980 0.980 0.980
v -59.98168 26.86353 -10.50000 0.980 0.980 0.980
v -59.72344 26.86353 -11.12344 0.980 0.980 0.980
v -59.10000 26.86353 -11.38168 0.980 0.980 0.980
v -58.47656 26.86353 -11.12344 0.980 0.980 0.980
v -57.67342 26.11353 -10.50000 0.980 0.980 0.980
v -58.09125 26.11353 -9.49125 0.980 0.980 0.980
v -59.10000 26.11353 -9.07342 0.980 0.980 0.980
v -60.10875 26.11353 -9.49125 0.980 0.980 0.980
v -60.52658 26.11353 -10.50000 0.980 0.980 0.980
v -60.10875 26.11353 -11.50875 0.980 0.980 0.980
v -59.10000 26.11353 -11.92658 0.980 0.980 0.980
v -58.09125 26.11353 -11.50875 0.980 0.980 0.980
v -57.67342 25.18647 -10.50000 0.980 0.980 0.980
v -58.09125 25.18647 -9.49125 0.980 0.980 0.980
v -59.10000 25.18647 -9.07342 0.980 0.980 0.980
v -60.10875 25.18647 -9.49125 0.980 0.980 0.980
v -60.52658 25.18647 -10.50000 0.980 0.980 0.980
v -60.10875 25.18647 -11.50875 0.980 0.980 0.980
v -59.10000 25.18647 -11.92658 0.980 0.980 0.980
v -58.09125 25.18647 -11.50875 0.980 0.980 0.980
v -58.21832 24.43647 -10.50000 0.980 0.980 0.980
v -58.47656 24.43647 -9.87656 0.980 0.980 0.980
v -59.10000 24.43647 -9.61832 0.980 0.980 0.980
v -59.72344 24.43647 -9.87656 0.980 0.980 0.980
v -59.98168 24.43647 -10.50000 0.980 0.980 0.980
v -59.72344 24.43647 -11.12344 0.980 0.980 0.980
v -59.10000 24.43647 -11.38168 0.980 0.980 0.980
v -58.47656 24.43647 -11.12344 0.980 0.980 0.980
v -59.10000 24.15000 -10.50000 0.980 0.980 0.980
v -59.10000 24.15000 -10.50000 0.980 0.980 0.980
v -59.10000 24.15000 -10.50000 0.980 0.980 0.980
v -59.10000 24.15000 -10.50000 0.980 0.980 0.980
v -59.10000 24.15000 -10.50000 0.980 0.980 0.980
v -59.10000 24.15000 -10.50000 0.980 0.980 0.980
v -59.10000 24.15000 -10.50000 0.980 0.980 0.980
v -59.10000 24.15000 -10.50000 0.980 0.980 0.980
v -60.90000 26.70000 -10.50000 0.980 0.980 0.980
v -60.90000 26.70000 -10.50000 0.980 0.980 0.980
v -60.90000 26.70000 -10.50000 0.980 0.980 0.980
v -60.90000 26.70000 -10.50000 0.980 0.980 0.980
v -60.90000 26.70000 -10.50000 0.980 0.980 0.980
v -60.90000 26.70000 -10.50000 0.980 0.980 0.980
v -60.90000 26.70000 -10.50000 0.980 0.980 0.980
v -60.90000 26.70000 -10.50000 0.980 0.980 0.980
v -60.19466 26.47082 -10.50000 0.980 0.980 0.980
v -60.40125 26.47082 -10.00125 0.980 0.980 0.980
v -60.90000 26.47082 -9.79466 0.980 0.980 0.980
v -61.39875 26.47082 -10.00125 0.980 0.980 0.980
v -61.60534 26.47082 -10.50000 0.980 0.980 0.980
v -61.39875 26.47082 -10.99875 0.980 0.980 0.980
v -60.90000 26.47082 -11.20534 0.980 0.980 0.980
v -60.40125 26.47082 -10.99875 0.980 0.980 0.980
v -59.75873 25.87082 -10.50000 0.980 0.980 0.980
v -60.09300 25.87082 -9.69300 0.980 0.980 0.980
v -60.90000 25.87082 -9.35873 0.980 0.980 0.980
v -61.70700 25.87082 -9.69300 0.980 0.980 0.980
v -62.04127 25.87082 -10.50000 0.980 0.980 0.980
v -61.70700 25.87082 -11.30700 0.980 0.980 0.980
v -60.90000 25.87082 -11.64127 0.980 0.980 0.980
v -60.09300 25.87082 -11.30700 0.980 0.980 0.980
v -59.75873 25.12918 -10.50000 0.980 0.980 0.980
v -60.09300 25.12918 -9.69300 0.980 0.980 0.980
v -60.90000 25.12918 -9.35873 0.980 0.980 0.980
v -61.70700 25.12918 -9.69300 0.980 0.980 0.980
v -62.04127 25.12918 -10.50000 0.980 0.980 0.980
v -61.70700 25.12918 -11.30700 0.980 0.980 0.980
v -60.90000 25.12918 -11.64127 0.980 0.980 0.980
v -60.09300 25.12918 -11.30700 0.980 0.980 0.980
v -60.19466 24.52918 -10.50000 0.980 0.980 0.980
v -60.40125 24.52918 -10.00125 0.980 0.980 0.980
v -60.90000 24.52918 -9.79466 0.980 0.980 0.980
v -61.39875 24.52918 -10.00125 0.980 0.980 0.980
v -61.60534 24.52918 -10.50000 0.980 0.980 0.980
v -61.39875 24.52918 -10.99875 0.980 0.980 0.980
v -60.90000 24.52918 -11.20534 0.980 0.980 0.980
v -60.40125 24.52918 -10.99875 0.980 0.980 0.980
v -60.90000 24.30000 -10.50000 0.980 0.980 0.980
v -60.90000 24.30000 -10.50000 0.980 0.980 0.980
v -60.90000 24.30000 -10.50000 0.980 0.980 0.980
v -60.90000 24.30000 -10.50000 0.980 0.980 0.980
v -60.90000 24.30000 -10.50000 0.980 0.980 0.980
v -60.90000 24.30000 -10.50000 0.980 0.980 0.980
v -60.90000 24.30000 -10.50000 0.980 0.980 0.980
v -60.90000 24.30000 -10.50000 0.980 0.980 0.980
v -15.00000 30.60000 -10.50000 0.980 0.980 0.980
v -15.00000 30.60000 -10.50000 0.980 0.980 0.980
v -15.00000 30.60000 -10.50000 0.980 0.980 0.980
v -15.00000 30.60000 -10.50000 0.980 0.980 0.980
v -15.00000 30.60000 -10.50000 0.980 0.980 0.980
v -15.00000 30.60000 -10.50000 0.980 0.980 0.980
v -15.00000 30.60000 -10.50000 0.980 0.980 0.980
v -15.00000 30.60000 -10.50000 0.980 0.980 0.980
v -15.00000 30.60000 -10.50000 0.980 0.980 0.980
v -15.00000 30.60000 -10.50000 0.980 0.980 0.980
v -13.95000 30.31865 -10.50000 0.980 0.980 0.980
v -14.15053 30.31865 -9.88283 0.980 0.980 0.980
v -14.67553 30.31865 -9.50139 0.980 0.980 0.980
v -15.32447 30.31865 -9.50139 0.980 0.980 0.980
v -15.84947 30.31865 -9.88283 0.980 0.980 0.980
v -16.05000 30.31865 -10.50000 0.980 0.980 0.980
v -15.84947 30.31865 -11.11717 0.980 0.980 0.980
v -15.32447 30.31865 -11.49861 0.980 0.980 0.980
v -14.67553 30.31865 -11.49861 0.980 0.980 0.980
v -14.15053 30.31865 -11.11717 0.980 0.980 0.980
v -13.18135 29.55000 -10.50000 0.980 0.980 0.980
v -13.52868 29.55000 -9.43102 0.980 0.980 0.980
v -14.43801 29.55000 -8.77036 0.980 0.980 0.980
v -15.56199 29.55000 -8.77036 0.980 0.980 0.980
v -16.47132 29.55000 -9.43102 0.980 0.980 0.980
v -16.81865 29.55000 -10.50000 0.980 0.980 0.980
v -16.47132 29.55000 -11.56898 0.980 0.980 0.980
v -15.56199 29.55000 -12.22964 0.980 0.980 0.980
v -14.43801 29.55000 -12.22964 0.980 0.980 0.980
v -13.52868 29.55000 -11.56898 0.980 0.980 0.980
v -12.90000 28.50000 -10.50000 0.980 0.980 0.980
v -13.30106 28.50000 -9.26565 0.980 0.980 0.980
v -14.35106 28.50000 -8.50278 0.980 0.980 0.980
v -15.64894 28.50000 -8.50278 0.980 0.980 0.980
v -16.69894 28.50000 -9.26565 0.980 0.980 0.980
v -17.10000 28.50000 -10.50000 0.980 0.980 0.980
v -16.69894 28.50000 -11.73435 0.980 0.980 0.980
v -15.64894 28.50000 -12.49722 0.980 0.980 0.980
v -14.35106 28.50000 -12.49722 0.980 0.980 0.980
v -13.30106 28.50000 -11.73435 0.980 0.980 0.980
v -13.18135 27.45000 -10.50000 0.980 0.980 0.980
v -13.52868 27.45000 -9.43102 0.980 0.980 0.980
v -14.43801 27.45000 -8.77036 0.980 0.980 0.980
v -15.56199 27.45000 -8.77036 0.980 0.980 0.980
v -16.47132 27.45000 -9.43102 0.980 0.980 0.980
v -16.81865 27.45000 -10.50000 0.980 0.980 0.980
v -16.47132 27.45000 -11.56898 0.980 0.980 0.980
v -15.56199 27.45000 -12.22964 0.980 0.980 0.980
v -14.43801 27.45000 -12.22964 0.980 0.980 0.980
v -13.52868 27.45000 -11.56898 0.980 0.980 0.980
v -13.95000 26.68135 -10.50000 0.980 0.980 0.980
v -14.15053 26.68135 -9.88283 0.980 0.980 0.980
v -14.67553 26.68135 -9.50139 0.980 0.980 0.980
v -15.32447 26.68135 -9.50139 0.980 0.980 0.980
v -15.84947 26.68135 -9.88283 0.980 0.980 0.980
v -16.05000 26.68135 -10.50000 0.980 0.980 0.980
v -15.84947 26.68135 -11.11717 0.980 0.980 0.980
v -15.32447 26.68135 -11.49861 0.980 0.980 0.980
v -14.67553 26.68135 -11.49861 0.980 0.980 0.980
v -14.15053 26.68135 -11.11717 0.980 0.980 0.980
v -15.00000 26.40000 -10.50000 0.980 0.980 0.980
v -15.00000 26.40000 -10.50000 0.980 0.980 0.980
v -15.00000 26.40000 -10.50000 0.980 0.980 0.980
v -15.00000 26.40000 -10.50000 0.980 0.980 0.980
v -15.00000 26.40000 -10.50000 0.980 0.980 0.980
v -15.00000 26.40000 -10.50000 0.980 0.980 0.980
v -15.00000 26.40000 -10.50000 0.980 0.980 0.980
v -15.00000 26.40000 -10.50000 0.980 0.980 0.980
v -15.00000 26.40000 -10.50000 0.980 0.980 0.980
v -15.00000 26.40000 -10.50000 0.980 0.980 0.980
v -12.60000 30.60000 -10.50000 0.980 0.980 0.980
v -12.60000 30.60000 -10.50000 0.980 0.980 0.980
v -12.60000 30.60000 -10.50000 0.980 0.980 0.980
v -12.60000 30.60000 -10.50000 0.980 0.980 0.980
v -12.60000 30.60000 -10.50000 0.980 0.980 0.980
v -12.60000 30.60000 -10.50000 0.980 0.980 0.980
v -12.60000 30.60000 -10.50000 0.980 0.980 0.980
v -12.60000 30.60000 -10.50000 0.980 0.980 0.980
v -12.60000 30.60000 -10.50000 0.980 0.980 0.980
v -12.60000 30.60000 -10.50000 0.980 0.980 0.980
v -11.70000 30.35885 -10.50000 0.980 0.980 0.980
v -11.87188 30.35885 -9.97099 0.980 0.980 0.980
v -12.32188 30.35885 -9.64405 0.980 0.980 0.980
v -12.87812 30.35885 -9.64405 0.980 0.980 0.980
v -13.32812 30.35885 -9.97099 0.980 0.980 0.980
v -13.50000 30.35885 -10.50000 0.980 0.980 0.980
v -13.32812 30.35885 -11.02901 0.980 0.980 0.980
v -12.87812 30.35885 -11.35595 0.980 0.980 0.980
v -12.32188 30.35885 -11.35595 0.980 0.980 0.980
v -11.87188 30.35885 -11.02901 0.980 0.980 0.980
v -11.04115 29.70000 -10.50000 0.980 0.980 0.980
v -11.33887 29.70000 -9.58373 0.980 0.980 0.980
v -12.11829 29.70000 -9.01745 0.980 0.980 0.980
v -13.08171 29.70000 -9.01745 0.980 0.980 0.980
v -13.86113 29.70000 -9.58373 0.980 0.980 0.980
v -14.15885 29.70000 -10.50000 0.980 0.980 0.980
v -13.86113 29.70000 -11.41627 0.980 0.980 0.980
v -13.08171 29.70000 -11.98255 0.980 0.980 0.980
v -12.11829 29.70000 -11.98255 0.980 0.980 0.980
v -11.33887 29.70000 -11.41627 0.980 0.980 0.980
v -10.80000 28.80000 -10.50000 0.980 0.980 0.980
v -11.14377 28.80000 -9.44199 0.980 0.980 0.980
v -12.04377 28.80000 -8.78810 0.980 0.980 0.980
v -13.15623 28.80000 -8.78810 0.980 0.980 0.980
v -14.05623 28.80000 -9.44199 0.980 0.980 0.980
v -14.40000 28.80000 -10.50000 0.980 0.980 0.980
v -14.05623 28.80000 -11.55801 0.980 0.980 0.980
v -13.15623 28.80000 -12.21190 0.980 0.980 0.980
v -12.04377 28.80000 -12.21190 0.980 0.980 0.980
v -11.14377 28.80000 -11.55801 0.980 0.980 0.980
v -11.04115 27.90000 -10.50000 0.980 0.980 0.980
v -11.33887 27.90000 -9.58373 0.980 0.980 0.980
v -12.11829 27.90000 -9.01745 0.980 0.980 0.980
v -13.08171 27.90000 -9.01745 0.980 0.980 0.980
v -13.86113 27.90000 -9.58373 0.980 0.980 0.980
v -14.15885 27.90000 -10.50000 0.980 0.980 0.980
v -13.86113 27.90000 -11.41627 0.980 0.980 0.980
v -13.08171 27.90000 -11.98255 0.980 0.980 0.980
v -12.11829 27.90000 -11.98255 0.980 0.980 0.980
v -11.33887 27.90000 -11.41627 0.980 0.980 0.980
v -11.70000 27.24115 -10.50000 0.980 0.980 0.980
v -11.87188 27.24115 -9.97099 0.980 0.980 0.980
v -12.32188 27.24115 -9.64405 0.980 0.980 0.980
v -12.87812 27.24115 -9.64405 0.980 0.980 0.980
v -13.32812 27.24115 -9.97099 0.980 0.980 0.980
v -13.50000 27.24115 -10.50000 0.980 0.980 0.980
v -13.32812 27.24115 -11.02901 0.980 0.980 0.980
v -12.87812 27.24115 -11.35595 0.980 0.980 0.980
v -12.32188 27.24115 -11.35595 0.980 0.980 0.980
v -11.87188 27.24115 -11.02901 0.980 0.980 0.980
v -12.60000 27.00000 -10.50000 0.980 0.980 0.980
v -12.60000 27.00000 -10.50000 0.980 0.980 0.980
v -12.60000 27.00000 -10.50000 0.980 0.980 0.980
v -12.60000 27.00000 -10.50000 0.980 0.980 0.980
v -12.60000 27.00000 -10.50000 0.980 0.980 0.980
v -12.60000 27.00000 -10.50000 0.980 0.980 0.980
v -12.60000 27.00000 -10.50000 0.980 0.980 0.980
v -12.60000 27.00000 -10.50000 0.980 0.980 0.980
v -12.60000 27.00000 -10.50000 0.980 0.980 0.980
v -12.60000 27.00000 -10.50000 0.980 0.980 0.980
v -17.40000 30.30000 -10.50000 0.980 0.980 0.980
v -17.40000 30.30000 -10.50000 0.980 0.980 0.980
v -17.40000 30.30000 -10.50000 0.980 0.980 0.980
v -17.40000 30.30000 -10.50000 0.980 0.980 0.980
v -17.40000 30.30000 -10.50000 0.980 0.980 0.980
v -17.40000 30.30000 -10.50000 0.980 0.980 0.980
v -17.40000 30.30000 -10.50000 0.980 0.980 0.980
v -17.40000 30.30000 -10.50000 0.980 0.980 0.980
v -17.40000 30.30000 -10.50000 0.980 0.980 0.980
v -17.40000 30.30000 -10.50000 0.980 0.980 0.980
v -16.65000 30.09904 -10.50000 0.980 0.980 0.980
v -16.79324 30.09904 -10.05916 0.980 0.980 0.980
v -17.16824 30.09904 -9.78671 0.980 0.980 0.980
v -17.63176 30.09904 -9.78671 0.980 0.980 0.980
v -18.00676 30.09904 -10.05916 0.980 0.980 0.980
v -18.15000 30.09904 -10.50000 0.980 0.980 0.980
v -18.00676 30.09904 -10.94084 0.980 0.980 0.980
v -17.63176 30.09904 -11.21329 0.980 0.980 0.980
v -17.16824 30.09904 -11.21329 0.980 0.980 0.980
v -16.79324 30.09904 -10.94084 0.980 0.980 0.980
v -16.10096 29.55000 -10.50000 0.980 0.980 0.980
v -16.34906 29.55000 -9.73644 0.980 0.980 0.980
v -16.99858 29.55000 -9.26454 0.980 0.980 0.980
v -17.80142 29.55000 -9.26454 0.980 0.980 0.980
v -18.45094 29.55000 -9.73644 0.980 0.980 0.980
v -18.69904 29.55000 -10.50000 0.980 0.980 0.980
v -18.45094 29.55000 -11.26356 0.980 0.980 0.980
v -17.80142 29.55000 -11.73546 0.980 0.980 0.980
v -16.99858 29.55000 -11.73546 0.980 0.980 0.980
v -16.34906 29.55000 -11.26356 0.980 0.980 0.980
v -15.90000 28.80000 -10.50000 0.980 0.980 0.980
v -16.18647 28.80000 -9.61832 0.980 0.980 0.980
v -16.93647 28.80000 -9.07342 0.980 0.980 0.980
v -17.86353 28.80000 -9.07342 0.980 0.980 0.980
v -18.61353 28.80000 -9.61832 0.980 0.980 0.980
v -18.90000 28.80000 -10.50000 0.980 0.980 0.980
v -18.61353 28.80000 -11.38168 0.980 0.980 0.980
v -17.86353 28.80000 -11.92658 0.980 0.980 0.980
v -16.93647 28.80000 -11.92658 0.980 0.980 0.980
v -16.18647 28.80000 -11.38168 0.980 0.980 0.980
v -16.10096 28.05000 -10.50000 0.980 0.980 0.980
v -16.34906 28.05000 -9.73644 0.980 0.980 0.980
v -16.99858 28.05000 -9.26454 0.980 0.980 0.980
v -17.80142 28.05000 -9.26454 0.980 0.980 0.980
v -18.45094 28.05000 -9.73644 0.980 0.980 0.980
v -18.69904 28.05000 -10.50000 0.980 0.980 0.980
v -18.45094 28.05000 -11.26356 0.980 0.980 0.980
v -17.80142 28.05000 -11.73546 0.980 0.980 0.980
v -16.99858 28.05000 -11.73546 0.980 0.980 0.980
v -16.34906 28.05000 -11.26356 0.980 0.980 0.980
v -16.65000 27.50096 -10.50000 0.980 0.980 0.980
v -16.79324 27.50096 -10.05916 0.980 0.980 0.980
v -17.16824 27.50096 -9.78671 0.980 0.980 0.980
v -17.63176 27.50096 -9.78671 0.980 0.980 0.980
v -18.00676 27.50096 -10.05916 0.980 0.980 0.980
v -18.15000 27.50096 -10.50000 0.980 0.980 0.980
v -18.00676 27.50096 -10.94084 0.980 0.980 0.980
v -17.63176 27.50096 -11.21329 0.980 0.980 0.980
v -17.16824 27.50096 -11.21329 0.980 0.980 0.980
v -16.79324 27.50096 -10.94084 0.980 0.980 0.980
v -17.40000 27.30000 -10.50000 0.980 0.980 0.980
v -17.40000 27.30000 -10.50000 0.980 0.980 0.980
v -17.40000 27.30000 -10.50000 0.980 0.980 0.980
v -17.40000 27.30000 -10.50000 0.980 0.980 0.980
v -17.40000 27.30000 -10.50000 0.980 0.980 0.980
v -17.40000 27.30000 -10.50000 0.980 0.980 0.980
v -17.40000 27.30000 -10.50000 0.980 0.980 0.980
v -17.40000 27.30000 -10.50000 0.980 0.980 0.980
v -17.40000 27.30000 -10.50000 0.980 0.980 0.980
v -17.40000 27.30000 -10.50000 0.980 0.980 0.980
v -14.10000 31.65000 -10.50000 0.980 0.980 0.980
v -14.10000 31.65000 -10.50000 0.980 0.980 0.980
v -14.10000 31.65000 -10.50000 0.980 0.980 0.980
v -14.10000 31.65000 -10.50000 0.980 0.980 0.980
v -14.10000 31.65000 -10.50000 0.980 0.980 0.980
v -14.10000 31.65000 -10.50000 0.980 0.980 0.980
v -14.10000 31.65000 -10.50000 0.980 0.980 0.980
v -14.10000 31.65000 -10.50000 0.980 0.980 0.980
v -13.21832 31.36353 -10.50000 0.980 0.980 0.980
v -13.47656 31.36353 -9.87656 0.980 0.980 0.980
v -14.10000 31.36353 -9.61832 0.980 0.980 0.980
v -14.72344 31.36353 -9.87656 0.980 0.980 0.980
v -14.98168 31.36353 -10.50000 0.980 0.980 0.980
v -14.72344 31.36353 -11.12344 0.980 0.980 0.980
v -14.10000 31.36353 -11.38168 0.980 0.980 0.980
v -13.47656 31.36353 -11.12344 0.980 0.980 0.980
v -12.67342 30.61353 -10.50000 0.980 0.980 0.980
v -13.09125 30.61353 -9.49125 0.980 0.980 0.980
v -14.10000 30.61353 -9.07342 0.980 0.980 0.980
v -15.10875 30.61353 -9.49125 0.980 0.980 0.980
v -15.52658 30.61353 -10.50000 0.980 0.980 0.980
v -15.10875 30.61353 -11.50875 0.980 0.980 0.980
v -14.10000 30.61353 -11.92658 0.980 0.980 0.980
v -13.09125 30.61353 -11.50875 0.980 0.980 0.980
v -12.67342 29.68647 -10.50000 0.980 0.980 0.980
v -13.09125 29.68647 -9.49125 0.980 0.980 0.980
v -14.10000 29.68647 -9.07342 0.980 0.980 0.980
v -15.10875 29.68647 -9.49125 0.980 0.980 0.980
v -15.52658 29.68647 -10.50000 0.980 0.980 0.980
v -15.10875 29.68647 -11.50875 0.980 0.980 0.980
v -14.10000 29.68647 -11.92658 0.980 0.980 0.980
v -13.09125 29.68647 -11.50875 0.980 0.980 0.980
v -13.21832 28.93647 -10.50000 0.980 0.980 0.980
v -13.47656 28.93647 -9.87656 0.980 0.980 0.980
v -14.10000 28.93647 -9.61832 0.980 0.980 0.980
v -14.72344 28.93647 -9.87656 0.980 0.980 0.980
v -14.98168 28.93647 -10.50000 0.980 0.980 0.980
v -14.72344 28.93647 -11.12344 0.980 0.980 0.980
v -14.10000 28.93647 -11.38168 0.980 0.980 0.980
v -13.47656 28.93647 -11.12344 0.980 0.980 0.980
v -14.10000 28.65000 -10.50000 0.980 0.980 0.980
v -14.10000 28.65000 -10.50000 0.980 0.980 0.980
v -14.10000 28.65000 -10.50000 0.980 0.980 0.980
v -14.10000 28.65000 -10.50000 0.980 0.980 0.980
v -14.10000 28.65000 -10.50000 0.980 0.980 0.980
v -14.10000 28.65000 -10.50000 0.980 0.980 0.980
v -14.10000 28.65000 -10.50000 0.980 0.980 0.980
v -14.10000 28.65000 -10.50000 0.980 0.980 0.980
v -15.90000 31.20000 -10.50000 0.980 0.980 0.980
v -15.90000 31.20000 -10.50000 0.980 0.980 0.980
v -15.90000 31.20000 -10.50000 0.980 0.980 0.980
v -15.90000 31.20000 -10.50000 0.980 0.980 0.980
v -15.90000 31.20000 -10.50000 0.980 0.980 0.980
v -15.90000 31.20000 -10.50000 0.980 0.980 0.980
v -15.90000 31.20000 -10.50000 0.980 0.980 0.980
v -15.90000 31.20000 -10.50000 0.980 0.980 0.980
v -15.19466 30.97082 -10.50000 0.980 0.980 0.980
v -15.40125 30.97082 -10.00125 0.980 0.980 0.980
v -15.90000 30.97082 -9.79466 0.980 0.980 0.980
v -16.39875 30.97082 -10.00125 0.980 0.980 0.980
v -16.60534 30.97082 -10.50000 0.980 0.980 0.980
v -16.39875 30.97082 -10.99875 0.980 0.980 0.980
v -15.90000 30.97082 -11.20534 0.980 0.980 0.980
v -15.40125 30.97082 -10.99875 0.980 0.980 0.980
v -14.75873 30.37082 -10.50000 0.980 0.980 0.980
v -15.09300 30.37082 -9.69300 0.980 0.980 0.980
v -15.90000 30.37082 -9.35873 0.980 0.980 0.980
v -16.70700 30.37082 -9.69300 0.980 0.980 0.980
v -17.04127 30.37082 -10.50000 0.980 0.980 0.980
v -16.70700 30.37082 -11.30700 0.980 0.980 0.980
v -15.90000 30.37082 -11.64127 0.980 0.980 0.980
v -15.09300 30.37082 -11.30700 0.980 0.980 0.980
v -14.75873 29.62918 -10.50000 0.980 0.980 0.980
v -15.09300 29.62918 -9.69300 0.980 0.980 0.980
v -15.90000 29.62918 -9.35873 0.980 0.980 0.980
v -16.70700 29.62918 -9.69300 0.980 0.980 0.980
v -17.04127 29.62918 -10.50000 0.980 0.980 0.980
v -16.70700 29.62918 -11.30700 0.980 0.980 0.980
v -15.90000 29.62918 -11.64127 0.980 0.980 0.980
v -15.09300 29.62918 -11.30700 0.980 0.980 0.980
v -15.19466 29.02918 -10.50000 0.980 0.980 0.980
v -15.40125 29.02918 -10.00125 0.980 0.980 0.980
v -15.90000 29.02918 -9.79466 0.980 0.980 0.980
v -16.39875 29.02918 -10.00125 0.980 0.980 0.980
v -16.60534 29.02918 -10.50000 0.980 0.980 0.980
v -16.39875 29.02918 -10.99875 0.980 0.980 0.980
v -15.90000 29.02918 -11.20534 0.980 0.980 0.980
v -15.40125 29.02918 -10.99875 0.980 0.980 0.980
v -15.90000 28.80000 -10.50000 0.980 0.980 0.980
v -15.90000 28.80000 -10.50000 0.980 0.980 0.980
v -15.90000 28.80000 -10.50000 0.980 0.980 0.980
v -15.90000 28.80000 -10.50000 0.980 0.980 0.980
v -15.90000 28.80000 -10.50000 0.980 0.980 0.980
v -15.90000 28.80000 -10.50000 0.980 0.980 0.980
v -15.90000 28.80000 -10.50000 0.980 0.980 0.980
v -15.90000 28.80000 -10.50000 0.980 0.980 0.980
v 30.00000 24.60000 -10.50000 0.980 0.980 0.980
v 30.00000 24.60000 -10.50000 0.980 0.980 0.980
v 30.00000 24.60000 -10.50000 0.980 0.980 0.980
v 30.00000 24.60000 -10.50000 0.980 0.980 0.980
v 30.00000 24.60000 -10.50000 0.980 0.980 0.980
v 30.00000 24.60000 -10.50000 0.980 0.980 0.980
v 30.00000 24.60000 -10.50000 0.980 0.980 0.980
v 30.00000 24.60000 -10.50000 0.980 0.980 0.980
v 30.00000 24.60000 -10.50000 0.980 0.980 0.980
v 30.00000 24.60000 -10.50000 0.980 0.980 0.980
v 31.05000 24.31865 -10.50000 0.980 0.980 0.980
v 30.84947 24.31865 -9.88283 0.980 0.980 0.980
v 30.32447 24.31865 -9.50139 0.980 0.980 0.980
v 29.67553 24.31865 -9.50139 0.980 0.980 0.980
v 29.15053 24.31865 -9.88283 0.980 0.980 0.980
v 28.95000 24.31865 -10.50000 0.980 0.980 0.980
v 29.15053 24.31865 -11.11717 0.980 0.980 0.980
v 29.67553 24.31865 -11.49861 0.980 0.980 0.980
v 30.32447 24.31865 -11.49861 0.980 0.980 0.980
v 30.84947 24.31865 -11.11717 0.980 0.980 0.980
v 31.81865 23.55000 -10.50000 0.980 0.980 0.980
v 31.47132 23.55000 -9.43102 0.980 0.980 0.980
v 30.56199 23.55000 -8.77036 0.980 0.980 0.980
v 29.43801 23.55000 -8.77036 0.980 0.980 0.980
v 28.52868 23.55000 -9.43102 0.980 0.980 0.980
v 28.18135 23.55000 -10.50000 0.980 0.980 0.980
v 28.52868 23.55000 -11.56898 0.980 0.980 0.980
v 29.43801 23.55000 -12.22964 0.980 0.980 0.980
v 30.56199 23.55000 -12.22964 0.980 0.980 0.980
v 31.47132 23.55000 -11.56898 0.980 0.980 0.980
v 32.10000 22.50000 -10.50000 0.980 0.980 0.980
v 31.69894 22.50000 -9.26565 0.980 0.980 0.980
v 30.64894 22.50000 -8.50278 0.980 0.980 0.980
v 29.35106 22.50000 -8.50278 0.980 0.980 0.980
v 28.30106 22.50000 -9.26565 0.980 0.980 0.980
v 27.90000 22.50000 -10.50000 0.980 0.980 0.980
v 28.30106 22.50000 -11.73435 0.980 0.980 0.980
v 29.35106 22.50000 -12.49722 0.980 0.980 0.980
v 30.64894 22.50000 -12.49722 0.980 0.980 0.980
v 31.69894 22.50000 -11.73435 0.980 0.980 0.980
v 31.81865 21.45000 -10.50000 0.980 0.980 0.980
v 31.47132 21.45000 -9.43102 0.980 0.980 0.980
v 30.56199 21.45000 -8.77036 0.980 0.980 0.980
v 29.43801 21.45000 -8.77036 0.980 0.980 0.980
v 28.52868 21.45000 -9.43102 0.980 0.980 0.980
v 28.18135 21.45000 -10.50000 0.980 0.980 0.980
v 28.52868 21.45000 -11.56898 0.980 0.980 0.980
v 29.43801 21.45000 -12.22964 0.980 0.980 0.980
v 30.56199 21.45000 -12.22964 0.980 0.980 0.980
v 31.47132 21.45000 -11.56898 0.980 0.980 0.980
v 31.05000 20.68135 -10.50000 0.980 0.980 0.980
v 30.84947 20.68135 -9.88283 0.980 0.980 0.980
v 30.32447 20.68135 -9.50139 0.980 0.980 0.980
v 29.67553 20.68135 -9.50139 0.980 0.980 0.980
v 29.15053 20.68135 -9.88283 0.980 0.980 0.980
v 28.95000 20.68135 -10.50000 0.980 0.980 0.980
v 29.15053 20.68135 -11.11717 0.980 0.980 0.980
v 29.67553 20.68135 -11.49861 0.980 0.980 0.980
v 30.32447 20.68135 -11.49861 0.980 0.980 0.980
v 30.84947 20.68135 -11.11717 0.980 0.980 0.980
v 30.00000 20.40000 -10.50000 0.980 0.980 0.980
v 30.00000 20.40000 -10.50000 0.980 0.980 0.980
v 30.00000 20.40000 -10.50000 0.980 0.980 0.980
v 30.00000 20.40000 -10.50000 0.980 0.980 0.980
v 30.00000 20.40000 -10.50000 0.980 0.980 0.980
v 30.00000 20.40000 -10.50000 0.980 0.980 0.980
v 30.00000 20.40000 -10.50000 0.980 0.980 0.980
v 30.00000 20.40000 -10.50000 0.980 0.980 0.980
v 30.00000 20.40000 -10.50000 0.980 0.980 0.980
v 30.00000 20.40000 -10.50000 0.980 0.980 0.980
v 32.40000 24.60000 -10.50000 0.980 0.980 0.980
v 32.40000 24.60000 -10.50000 0.980 0.980 0.980
v 32.40000 24.60000 -10.50000 0.980 0.980 0.980
v 32.40000 24.60000 -10.50000 0.980 0.980 0.980
v 32.40000 24.60000 -10.50000 0.980 0.980 0.980
v 32.40000 24.60000 -10.50000 0.980 0.980 0.980
v 32.40000 24.60000 -10.50000 0.980 0.980 0.980
v 32.40000 24.60000 -10.50000 0.980 0.980 0.980
v 32.40000 24.60000 -10.50000 0.980 0.980 0.980
v 32.40000 24.60000 -10.50000 0.980 0.980 0.980
v 33.30000 24.35885 -10.50000 0.980 0.980 0.980
v 33.12812 24.35885 -9.97099 0.980 0.980 0.980
v 32.67812 24.35885 -9.64405 0.980 0.980 0.980
v 32.12188 24.35885 -9.64405 0.980 0.980 0.980
v 31.67188 24.35885 -9.97099 0.980 0.980 0.980
v 31.50000 24.35885 -10.50000 0.980 0.980 0.980
v 31.67188 24.35885 -11.02901 0.980 0.980 0.980
v 32.12188 24.35885 -11.35595 0.980 0.980 0.980
v 32.67812 24.35885 -11.35595 0.980 0.980 0.980
v 33.12812 24.35885 -11.02901 0.980 0.980 0.980
v 33.95885 23.70000 -10.50000 0.980 0.980 0.980
v 33.66113 23.70000 -9.58373 0.980 0.980 0.980
v 32.88171 23.70000 -9.01745 0.980 0.980 0.980
v 31.91829 23.70000 -9.01745 0.980 0.980 0.980
v 31.13887 23.70000 -9.58373 0.980 0.980 0.980
v 30.84115 23.70000 -10.50000 0.980 0.980 0.980
v 31.13887 23.70000 -11.41627 0.980 0.980 0.980
v 31.91829 23.70000 -11.98255 0.980 0.980 0.980
v 32.88171 23.70000 -11.98255 0.980 0.980 0.980
v 33.66113 23.70000 -11.41627 0.980 0.980 0.980
v 34.20000 22.80000 -10.50000 0.980 0.980 0.980
v 33.85623 22.80000 -9.44199 0.980 0.980 0.980
v 32.95623 22.80000 -8.78810 0.980 0.980 0.980
v 31.84377 22.80000 -8.78810 0.980 0.980 0.980
v 30.94377 22.80000 -9.44199 0.980 0.980 0.980
v 30.60000 22.80000 -10.50000 0.980 0.980 0.980
v 30.94377 22.80000 -11.55801 0.980 0.980 0.980
v 31.84377 22.80000 -12.21190 0.980 0.980 0.980
v 32.95623 22.80000 -12.21190 0.980 0.980 0.980
v 33.85623 22.80000 -11.55801 0.980 0.980 0.980
v 33.95885 21.90000 -10.50000 0.980 0.980 0.980
v 33.66113 21.90000 -9.58373 0.980 0.980 0.980
v 32.88171 21.90000 -9.01745 0.980 0.980 0.980
v 31.91829 21.90000 -9.01745 0.980 0.980 0.980
v 31.13887 21.90000 -9.58373 0.980 0.980 0.980
v 30.84115 21.90000 -10.50000 0.980 0.980 0.980
v 31.13887 21.90000 -11.41627 0.980 0.980 0.980
v 31.91829 21.90000 -11.98255 0.980 0.980 0.980
v 32.88171 21.90000 -11.98255 0.980 0.980 0.980
v 33.66113 21.90000 -11.41627 0.980 0.980 0.980
v 33.30000 21.24115 -10.50000 0.980 0.980 0.980
v 33.12812 21.24115 -9.97099 0.980 0.980 0.980
v 32.67812 21.24115 -9.64405 0.980 0.980 0.980
v 32.12188 21.24115 -9.64405 0.980 0.980 0.980
v 31.67188 21.24115 -9.97099 0.980 0.980 0.980
v 31.50000 21.24115 -10.50000 0.980 0.980 0.980
v 31.67188 21.24115 -11.02901 0.980 0.980 0.980
v 32.12188 21.24115 -11.35595 0.980 0.980 0.980
v 32.67812 21.24115 -11.35595 0.980 0.980 0.980
v 33.12812 21.24115 -11.02901 0.980 0.980 0.980
v 32.40000 21.00000 -10.50000 0.980 0.980 0.980
v 32.40000 21.00000 -10.50000 0.980 0.980 0.980
v 32.40000 21.00000 -10.50000 0.980 0.980 0.980
v 32.40000 21.00000 -10.50000 0.980 0.980 0.980
v 32.40000 21.00000 -10.50000 0.980 0.980 0.980
v 32.40000 21.00000 -10.50000 0.980 0.980 0.980
v 32.40000 21.00000 -10.50000 0.980 0.980 0.980
v 32.40000 21.00000 -10.50000 0.980 0.980 0.980
v 32.40000 21.00000 -10.50000 0.980 0.980 0.980
v 32.40000 21.00000 -10.50000 0.980 0.980 0.980
v 27.60000 24.30000 -10.50000 0.980 0.980 0.980
v 27.60000 24.30000 -10.50000 0.980 0.980 0.980
v 27.60000 24.30000 -10.50000 0.980 0.980 0.980
v 27.60000 24.30000 -10.50000 0.980 0.980 0.980
v 27.60000 24.30000 -10.50000 0.980 0.980 0.980
v 27.60000 24.30000 -10.50000 0.980 0.980 0.980
v 27.60000 24.30000 -10.50000 0.980 0.980 0.980
v 27.60000 24.30000 -10.50000 0.980 0.980 0.980
v 27.60000 24.30000 -10.50000 0.980 0.980 0.980
v 27.60000 24.30000 -10.50000 0.980 0.980 0.980
v 28.35000 24.09904 -10.50000 0.980 0.980 0.980
v 28.20676 24.09904 -10.05916 0.980 0.980 0.980
v 27.83176 24.09904 -9.78671 0.980 0.980 0.980
v 27.36824 24.09904 -9.78671 0.980 0.980 0.980
v 26.99324 24.09904 -10.05916 0.980 0.980 0.980
v 26.85000 24.09904 -10.50000 0.980 0.980 0.980
v 26.99324 24.09904 -10.94084 0.980 0.980 0.980
v 27.36824 24.09904 -11.21329 0.980 0.980 0.980
v 27.83176 24.09904 -11.21329 0.980 0.980 0.980
v 28.20676 24.09904 -10.94084 0.980 0.980 0.980
v 28.89904 23.55000 -10.50000 0.980 0.980 0.980
v 28.65094 23.55000 -9.73644 0.980 0.980 0.980
v 28.00142 23.55000 -9.26454 0.980 0.980 0.980
v 27.19858 23.55000 -9.26454 0.980 0.980 0.980
v 26.54906 23.55000 -9.73644 0.980 0.980 0.980
v 26.30096 23.55000 -10.50000 0.980 0.980 0.980
v 26.54906 23.55000 -11.26356 0.980 0.980 0.980
v 27.19858 23.55000 -11.73546 0.980 0.980 0.980
v 28.00142 23.55000 -11.73546 0.980 0.980 0.980
v 28.65094 23.55000 -11.26356 0.980 0.980 0.980
v 29.10000 22.80000 -10.50000 0.980 0.980 0.980
v 28.81353 22.80000 -9.61832 0.980 0.980 0.980
v 28.06353 22.80000 -9.07342 0.980 0.980 0.980
v 27.13647 22.80000 -9.07342 0.980 0.980 0.980
v 26.38647 22.80000 -9.61832 0.980 0.980 0.980
v 26.10000 22.80000 -10.50000 0.980 0.980 0.980
v 26.38647 22.80000 -11.38168 0.980 0.980 0.980
v 27.13647 22.80000 -11.92658 0.980 0.980 0.980
v 28.06353 22.80000 -11.92658 0.980 0.980 0.980
v 28.81353 22.80000 -11.38168 0.980 0.980 0.980
v 28.89904 22.05000 -10.50000 0.980 0.980 0.980
v 28.65094 22.05000 -9.73644 0.980 0.980 0.980
v 28.00142 22.05000 -9.26454 0.980 0.980 0.980
v 27.19858 22.05000 -9.26454 0.980 0.980 0.980
v 26.54906 22.05000 -9.73644 0.980 0.980 0.980
v 26.30096 22.05000 -10.50000 0.980 0.980 0.980
v 26.54906 22.05000 -11.26356 0.980 0.980 0.980
v 27.19858 22.05000 -11.73546 0.980 0.980 0.980
v 28.00142 22.05000 -11.73546 0.980 0.980 0.980
v 28.65094 22.05000 -11.26356 0.980 0.980 0.980
v 28.35000 21.50096 -10.50000 0.980 0.980 0.980
v 28.20676 21.50096 -10.05916 0.980 0.980 0.980
v 27.83176 21.50096 -9.78671 0.980 0.980 0.980
v 27.36824 21.50096 -9.78671 0.980 0.980 0.980
v 26.99324 21.50096 -10.05916 0.980 0.980 0.980
v 26.85000 21.50096 -10.50000 0.980 0.980 0.980
v 26.99324 21.50096 -10.94084 0.980 0.980 0.980
v 27.36824 21.50096 -11.21329 0.980 0.980 0.980
v 27.83176 21.50096 -11.21329 0.980 0.980 0.980
v 28.20676 21.50096 -10.94084 0.980 0.980 0.980
v 27.60000 21.30000 -10.50000 0.980 0.980 0.980
v 27.60000 21.30000 -10.50000 0.980 0.980 0.980
v 27.60000 21.30000 -10.50000 0.980 0.980 0.980
v 27.60000 21.30000 -10.50000 0.980 0.980 0.980
v 27.60000 21.30000 -10.50000 0.980 0.980 0.980
v 27.60000 21.30000 -10.50000 0.980 0.980 0.980
v 27.60000 21.30000 -10.50000 0.980 0.980 0.980
v 27.60000 21.30000 -10.50000 0.980 0.980 0.980
v 27.60000 21.30000 -10.50000 0.980 0.980 0.980
v 27.60000 21.30000 -10.50000 0.980 0.980 0.980
v 30.90000 25.65000 -10.50000 0.980 0.980 0.980
v 30.90000 25.65000 -10.50000 0.980 0.980 0.980
v 30.90000 25.65000 -10.50000 0.980 0.980 0.980
v 30.90000 25.65000 -10.50000 0.980 0.980 0.980
v 30.90000 25.65000 -10.50000 0.980 0.980 0.980
v 30.90000 25.65000 -10.50000 0.980 0.980 0.980
v 30.90000 25.65000 -10.50000 0.980 0.980 0.980
v 30.90000 25.65000 -10.50000 0.980 0.980 0.980
v 31.78168 25.36353 -10.50000 0.980 0.980 0.980
v 31.52344 25.36353 -9.87656 0.980 0.980 0.980
v 30.90000 25.36353 -9.61832 0.980 0.980 0.980
v 30.27656 25.36353 -9.87656 0.980 0.980 0.980
v 30.01832 25.36353 -10.50000 0.980 0.980 0.980
v 30.27656 25.36353 -11.12344 0.980 0.980 0.980
v 30.90000 25.36353 -11.38168 0.980 0.980 0.980
v 31.52344 25.36353 -11.12344 0.980 0.980 0.980
v 32.32658 24.61353 -10.50000 0.980 0.980 0.980
v 31.90875 24.61353 -9.49125 0.980 0.980 0.980
v 30.90000 24.61353 -9.07342 0.980 0.980 0.980
v 29.89125 24.61353 -9.49125 0.980 0.980 0.980
v 29.47342 24.61353 -10.50000 0.980 0.980 0.980
v 29.89125 24.61353 -11.50875 0.980 0.980 0.980
v 30.90000 24.61353 -11.92658 0.980 0.980 0.980
v 31.90875 24.61353 -11.50875 0.980 0.980 0.980
v 32.32658 23.68647 -10.50000 0.980 0.980 0.980
v 31.90875 23.68647 -9.49125 0.980 0.980 0.980
v 30.90000 23.68647 -9.07342 0.980 0.980 0.980
v 29.89125 23.68647 -9.49125 0.980 0.980 0.980
v 29.47342 23.68647 -10.50000 0.980 0.980 0.980
v 29.89125 23.68647 -11.50875 0.980 0.980 0.980
v 30.90000 23.68647 -11.92658 0.980 0.980 0.980
v 31.90875 23.68647 -11.50875 0.980 0.980 0.980
v 31.78168 22.93647 -10.50000 0.980 0.980 0.980
v 31.52344 22.93647 -9.87656 0.980 0.980 0.980
v 30.90000 22.93647 -9.61832 0.980 0.980 0.980
v 30.27656 22.93647 -9.87656 0.980 0.980 0.980
v 30.01832 22.93647 -10.50000 0.980 0.980 0.980
v 30.27656 22.93647 -11.12344 0.980 0.980 0.980
v 30.90000 22.93647 -11.38168 0.980 0.980 0.980
v 31.52344 22.93647 -11.12344 0.980 0.980 0.980
v 30.90000 22.65000 -10.50000 0.980 0.980 0.980
v 30.90000 22.65000 -10.50000 0.980 0.980 0.980
v 30.90000 22.65000 -10.50000 0.980 0.980 0.980
v 30.90000 22.65000 -10.50000 0.980 0.980 0.980
v 30.90000 22.65000 -10.50000 0.980 0.980 0.980
v 30.90000 22.65000 -10.50000 0.980 0.980 0.980
v 30.90000 22.65000 -10.50000 0.980 0.980 0.980
v 30.90000 22.65000 -10.50000 0.980 0.980 0.980
v 29.10000 25.20000 -10.50000 0.980 0.980 0.980
v 29.10000 25.20000 -10.50000 0.980 0.980 0.980
v 29.10000 25.20000 -10.50000 0.980 0.980 0.980
v 29.10000 25.20000 -10.50000 0.980 0.980 0.980
v 29.10000 25.20000 -10.50000 0.980 0.980 0.980
v 29.10000 25.20000 -10.50000 0.980 0.980 0.980
v 29.10000 25.20000 -10.50000 0.980 0.980 0.980
v 29.10000 25.20000 -10.50000 0.980 0.980 0.980
v 29.80534 24.97082 -10.50000 0.980 0.980 0.980
v 29.59875 24.97082 -10.00125 0.980 0.980 0.980
v 29.10000 24.97082 -9.79466 0.980 0.980 0.980
v 28.60125 24.97082 -10.00125 0.980 0.980 0.980
v 28.39466 24.97082 -10.50000 0.980 0.980 0.980
v 28.60125 24.97082 -10.99875 0.980 0.980 0.980
v 29.10000 24.97082 -11.20534 0.980 0.980 0.980
v 29.59875 24.97082 -10.99875 0.980 0.980 0.980
v 30.24127 24.37082 -10.50000 0.980 0.980 0.980
v 29.90700 24.37082 -9.69300 0.980 0.980 0.980
v 29.10000 24.37082 -9.35873 0.980 0.980 0.980
v 28.29300 24.37082 -9.69300 0.980 0.980 0.980
v 27.95873 24.37082 -10.50000 0.980 0.980 0.980
v 28.29300 24.37082 -11.30700 0.980 0.980 0.980
v 29.10000 24.37082 -11.64127 0.980 0.980 0.980
v 29.90700 24.37082 -11.30700 0.980 0.980 0.980
v 30.24127 23.62918 -10.50000 0.980 0.980 0.980
v 29.90700 23.62918 -9.69300 0.980 0.980 0.980
v 29.10000 23.62918 -9.35873 0.980 0.980 0.980
v 28.29300 23.62918 -9.69300 0.980 0.980 0.980
v 27.95873 23.62918 -10.50000 0.980 0.980 0.980
v 28.29300 23.62918 -11.30700 0.980 0.980 0.980
v 29.10000 23.62918 -11.64127 0.980 0.980 0.980
v 29.90700 23.62918 -11.30700 0.980 0.980 0.980
v 29.80534 23.02918 -10.50000 0.980 0.980 0.980
v 29.59875 23.02918 -10.00125 0.980 0.980 0.980
v 29.10000 23.02918 -9.79466 0.980 0.980 0.980
v 28.60125 23.02918 -10.00125 0.980 0.980 0.980
v 28.39466 23.02918 -10.50000 0.980 0.980 0.980
v 28.60125 23.02918 -10.99875 0.980 0.980 0.980
v 29.10000 23.02918 -11.20534 0.980 0.980 0.980
v 29.59875 23.02918 -10.99875 0.980 0.980 0.980
v 29.10000 22.80000 -10.50000 0.980 0.980 0.980
v 29.10000 22.80000 -10.50000 0.980 0.980 0.980
v 29.10000 22.80000 -10.50000 0.980 0.980 0.980
v 29.10000 22.80000 -10.50000 0.980 0.980 0.980
v 29.10000 22.80000 -10.50000 0.980 0.980 0.980
v 29.10000 22.80000 -10.50000 0.980 0.980 0.980
v 29.10000 22.80000 -10.50000 0.980 0.980 0.980
v 29.10000 22.80000 -10.50000 0.980 0.980 0.980
v 75.00000 27.60000 -10.50000 0.980 0.980 0.980
v 75.00000 27.60000 -10.50000 0.980 0.980 0.980
v 75.00000 27.60000 -10.50000 0.980 0.980 0.980
v 75.00000 27.60000 -10.50000 0.980 0.980 0.980
v 75.00000 27.60000 -10.50000 0.980 0.980 0.980
v 75.00000 27.60000 -10.50000 0.980 0.980 0.980
v 75.00000 27.60000 -10.50000 0.980 0.980 0.980
v 75.00000 27.60000 -10.50000 0.980 0.980 0.980
v 75.00000 27.60000 -10.50000 0.980 0.980 0.980
v 75.00000 27.60000 -10.50000 0.980 0.980 0.980
v 76.05000 27.31865 -10.50000 0.980 0.980 0.980
v 75.84947 27.31865 -9.88283 0.980 0.980 0.980
v 75.32447 27.31865 -9.50139 0.980 0.980 0.980
v 74.67553 27.31865 -9.50139 0.980 0.980 0.980
v 74.15053 27.31865 -9.88283 0.980 0.980 0.980
v 73.95000 27.31865 -10.50000 0.980 0.980 0.980
v 74.15053 27.31865 -11.11717 0.980 0.980 0.980
v 74.67553 27.31865 -11.49861 0.980 0.980 0.980
v 75.32447 27.31865 -11.49861 0.980 0.980 0.980
v 75.84947 27.31865 -11.11717 0.980 0.980 0.980
v 76.81865 26.55000 -10.50000 0.980 0.980 0.980
v 76.47132 26.55000 -9.43102 0.980 0.980 0.980
v 75.56199 26.55000 -8.77036 0.980 0.980 0.980
v 74.43801 26.55000 -8.77036 0.980 0.980 0.980
v 73.52868 26.55000 -9.43102 0.980 0.980 0.980
v 73.18135 26.55000 -10.50000 0.980 0.980 0.980
v 73.52868 26.55000 -11.56898 0.980 0.980 0.980
v 74.43801 26.55000 -12.22964 0.980 0.980 0.980
v 75.56199 26.55000 -12.22964 0.980 0.980 0.980
v 76.47132 26.55000 -11.56898 0.980 0.980 0.980
v 77.10000 25.50000 -10.50000 0.980 0.980 0.980
v 76.69894 25.50000 -9.26565 0.980 0.980 0.980
v 75.64894 25.50000 -8.50278 0.980 0.980 0.980
v 74.35106 25.50000 -8.50278 0.980 0.980 0.980
v 73.30106 25.50000 -9.26565 0.980 0.980 0.980
v 72.90000 25.50000 -10.50000 0.980 0.980 0.980
v 73.30106 25.50000 -11.73435 0.980 0.980 0.980
v 74.35106 25.50000 -12.49722 0.980 0.980 0.980
v 75.64894 25.50000 -12.49722 0.980 0.980 0.980
v 76.69894 25.50000 -11.73435 0.980 0.980 0.980
v 76.81865 24.45000 -10.50000 0.980 0.980 0.980
v 76.47132 24.45000 -9.43102 0.980 0.980 0.980
v 75.56199 24.45000 -8.77036 0.980 0.980 0.980
v 74.43801 24.45000 -8.77036 0.980 0.980 0.980
v 73.52868 24.45000 -9.43102 0.980 0.980 0.980
v 73.18135 24.45000 -10.50000 0.980 0.980 0.980
v 73.52868 24.45000 -11.56898 0.980 0.980 0.980
v 74.43801 24.45000 -12.22964 0.980 0.980 0.980
v 75.56199 24.45000 -12.22964 0.980 0.980 0.980
v 76.47132 24.45000 -11.56898 0.980 0.980 0.980
v 76.05000 23.68135 -10.50000 0.980 0.980 0.980
v 75.84947 23.68135 -9.88283 0.980 0.980 0.980
v 75.32447 23.68135 -9.50139 0.980 0.980 0.980
v 74.67553 23.68135 -9.50139 0.980 0.980 0.980
v 74.15053 23.68135 -9.88283 0.980 0.980 0.980
v 73.95000 23.68135 -10.50000 0.980 0.980 0.980
v 74.15053 23.68135 -11.11717 0.980 0.980 0.980
v 74.67553 23.68135 -11.49861 0.980 0.980 0.980
v 75.32447 23.68135 -11.49861 0.980 0.980 0.980
v 75.84947 23.68135 -11.11717 0.980 0.980 0.980
v 75.00000 23.40000 -10.50000 0.980 0.980 0.980
v 75.00000 23.40000 -10.50000 0.980 0.980 0.980
v 75.00000 23.40000 -10.50000 0.980 0.980 0.980
v 75.00000 23.40000 -10.50000 0.980 0.980 0.980
v 75.00000 23.40000 -10.50000 0.980 0.980 0.980
v 75.00000 23.40000 -10.50000 0.980 0.980 0.980
v 75.00000 23.40000 -10.50000 0.980 0.980 0.980
v 75.00000 23.40000 -10.50000 0.980 0.980 0.980
v 75.00000 23.40000 -10.50000 0.980 0.980 0.980
v 75.00000 23.40000 -10.50000 0.980 0.980 0.980
v 77.40000 27.60000 -10.50000 0.980 0.980 0.980
v 77.40000 27.60000 -10.50000 0.980 0.980 0.980
v 77.40000 27.60000 -10.50000 0.980 0.980 0.980
v 77.40000 27.60000 -10.50000 0.980 0.980 0.980
v 77.40000 27.60000 -10.50000 0.980 0.980 0.980
v 77.40000 27.60000 -10.50000 0.980 0.980 0.980
v 77.40000 27.60000 -10.50000 0.980 0.980 0.980
v 77.40000 27.60000 -10.50000 0.980 0.980 0.980
v 77.40000 27.60000 -10.50000 0.980 0.980 0.980
v 77.40000 27.60000 -10.50000 0.980 0.980 0.980
v 78.30000 27.35885 -10.50000 0.980 0.980 0.980
v 78.12812 27.35885 -9.97099 0.980 0.980 0.980
v 77.67812 27.35885 -9.64405 0.980 0.980 0.980
v 77.12188 27.35885 -9.64405 0.980 0.980 0.980
v 76.67188 27.35885 -9.97099 0.980 0.980 0.980
v 76.50000 27.35885 -10.50000 0.980 0.980 0.980
v 76.67188 27.35885 -11.02901 0.980 0.980 0.980
v 77.12188 27.35885 -11.35595 0.980 0.980 0.980
v 77.67812 27.35885 -11.35595 0.980 0.980 0.980
v 78.12812 27.35885 -11.02901 0.980 0.980 0.980
v 78.95885 26.70000 -10.50000 0.980 0.980 0.980
v 78.66113 26.70000 -9.58373 0.980 0.980 0.980
v 77.88171 26.70000 -9.01745 0.980 0.980 0.980
v 76.91829 26.70000 -9.01745 0.980 0.980 0.980
v 76.13887 26.70000 -9.58373 0.980 0.980 0.980
v 75.84115 26.70000 -10.50000 0.980 0.980 0.980
v 76.13887 26.70000 -11.41627 0.980 0.980 0.980
v 76.91829 26.70000 -11.98255 0.980 0.980 0.980
v 77.88171 26.70000 -11.98255 0.980 0.980 0.980
v 78.66113 26.70000 -11.41627 0.980 0.980 0.980
v 79.20000 25.80000 -10.50000 0.980 0.980 0.980
v 78.85623 25.80000 -9.44199 0.980 0.980 0.980
v 77.95623 25.80000 -8.78810 0.980 0.980 0.980
v 76.84377 25.80000 -8.78810 0.980 0.980 0.980
v 75.94377 25.80000 -9.44199 0.980 0.980 0.980
v 75.60000 25.80000 -10.50000 0.980 0.980 0.980
v 75.94377 25.80000 -11.55801 0.980 0.980 0.980
v 76.84377 25.80000 -12.21190 0.980 0.980 0.980
v 77.95623 25.80000 -12.21190 0.980 0.980 0.980
v 78.85623 25.80000 -11.55801 0.980 0.980 0.980
v 78.95885 24.90000 -10.50000 0.980 0.980 0.980
v 78.66113 24.90000 -9.58373 0.980 0.980 0.980
v 77.88171 24.90000 -9.01745 0.980 0.980 0.980
v 76.91829 24.90000 -9.01745 0.980 0.980 0.980
v 76.13887 24.90000 -9.58373 0.980 0.980 0.980
v 75.84115 24.90000 -10.50000 0.980 0.980 0.980
v 76.13887 24.90000 -11.41627 0.980 0.980 0.980
v 76.91829 24.90000 -11.98255 0.980 0.980 0.980
v 77.88171 24.90000 -11.98255 0.980 0.980 0.980
v 78.66113 24.90000 -11.41627 0.980 0.980 0.980
v 78.30000 24.24115 -10.50000 0.980 0.980 0.980
v 78.12812 24.24115 -9.97099 0.980 0.980 0.980
v 77.67812 24.24115 -9.64405 0.980 0.980 0.980
v 77.12188 24.24115 -9.64405 0.980 0.980 0.980
v 76.67188 24.24115 -9.97099 0.980 0.980 0.980
v 76.50000 24.24115 -10.50000 0.980 0.980 0.980
v 76.67188 24.24115 -11.02901 0.980 0.980 0.980
v 77.12188 24.24115 -11.35595 0.980 0.980 0.980
v 77.67812 24.24115 -11.35595 0.980 0.980 0.980
v 78.12812 24.24115 -11.02901 0.980 0.980 0.980
v 77.40000 24.00000 -10.50000 0.980 0.980 0.980
v 77.40000 24.00000 -10.50000 0.980 0.980 0.980
v 77.40000 24.00000 -10.50000 0.980 0.980 0.980
v 77.40000 24.00000 -10.50000 0.980 0.980 0.980
v 77.40000 24.00000 -10.50000 0.980 0.980 0.980
v 77.40000 24.00000 -10.50000 0.980 0.980 0.980
v 77.40000 24.00000 -10.50000 0.980 0.980 0.980
v 77.40000 24.00000 -10.50000 0.980 0.980 0.980
v 77.40000 24.00000 -10.50000 0.980 0.980 0.980
v 77.40000 24.00000 -10.50000 0.980 0.980 0.980
v 72.60000 27.30000 -10.50000 0.980 0.980 0.980
v 72.60000 27.30000 -10.50000 0.980 0.980 0.980
v 72.60000 27.30000 -10.50000 0.980 0.980 0.980
v 72.60000 27.30000 -10.50000 0.980 0.980 0.980
v 72.60000 27.30000 -10.50000 0.980 0.980 0.980
v 72.60000 27.30000 -10.50000 0.980 0.980 0.980
v 72.60000 27.30000 -10.50000 0.980 0.980 0.980
v 72.60000 27.30000 -10.50000 0.980 0.980 0.980
v 72.60000 27.30000 -10.50000 0.980 0.980 0.980
v 72.60000 27.30000 -10.50000 0.980 0.980 0.980
v 73.35000 27.09904 -10.50000 0.980 0.980 0.980
v 73.20676 27.09904 -10.05916 0.980 0.980 0.980
v 72.83176 27.09904 -9.78671 0.980 0.980 0.980
v 72.36824 27.09904 -9.78671 0.980 0.980 0.980
v 71.99324 27.09904 -10.05916 0.980 0.980 0.980
v 71.85000 27.09904 -10.50000 0.980 0.980 0.980
v 71.99324 27.09904 -10.94084 0.980 0.980 0.980
v 72.36824 27.09904 -11.21329 0.980 0.980 0.980
v 72.83176 27.09904 -11.21329 0.980 0.980 0.980
v 73.20676 27.09904 -10.94084 0.980 0.980 0.980
v 73.89904 26.55000 -10.50000 0.980 0.980 0.980
v 73.65094 26.55000 -9.73644 0.980 0.980 0.980
v 73.00142 26.55000 -9.26454 0.980 0.980 0.980
v 72.19858 26.55000 -9.26454 0.980 0.980 0.980
v 71.54906 26.55000 -9.73644 0.980 0.980 0.980
v 71.30096 26.55000 -10.50000 0.980 0.980 0.980
v 71.54906 26.55000 -11.26356 0.980 0.980 0.980
v 72.19858 26.55000 -11.73546 0.980 0.980 0.980
v 73.00142 26.55000 -11.73546 0.980 0.980 0.980
v 73.65094 26.55000 -11.26356 0.980 0.980 0.980
v 74.10000 25.80000 -10.50000 0.980 0.980 0.980
v 73.81353 25.80000 -9.61832 0.980 0.980 0.980
v 73.06353 25.80000 -9.07342 0.980 0.980 0.980
v 72.13647 25.80000 -9.07342 0.980 0.980 0.980
v 71.38647 25.80000 -9.61832 0.980 0.980 0.980
v 71.10000 25.80000 -10.50000 0.980 0.980 0.980
v 71.38647 25.80000 -11.38168 0.980 0.980 0.980
v 72.13647 25.80000 -11.92658 0.980 0.980 0.980
v 73.06353 25.80000 -11.92658 0.980 0.980 0.980
v 73.81353 25.80000 -11.38168 0.980 0.980 0.980
v 73.89904 25.05000 -10.50000 0.980 0.980 0.980
v 73.65094 25.05000 -9.73644 0.980 0.980 0.980
v 73.00142 25.05000 -9.26454 0.980 0.980 0.980
v 72.19858 25.05000 -9.26454 0.980 0.980 0.980
v 71.54906 25.05000 -9.73644 0.980 0.980 0.980
v 71.30096 25.05000 -10.50000 0.980 0.980 0.980
v 71.54906 25.05000 -11.26356 0.980 0.980 0.980
v 72.19858 25.05000 -11.73546 0.980 0.980 0.980
v 73.00142 25.05000 -11.73546 0.980 0.980 0.980
v 73.65094 25.05000 -11.26356 0.980 0.980 0.980
v 73.35000 24.50096 -10.50000 0.980 0.980 0.980
v 73.20676 24.50096 -10.05916 0.980 0.980 0.980
v 72.83176 24.50096 -9.78671 0.980 0.980 0.980
v 72.36824 24.50096 -9.78671 0.980 0.980 0.980
v 71.99324 24.50096 -10.05916 0.980 0.980 0.980
v 71.85000 24.50096 -10.50000 0.980 0.980 0.980
v 71.99324 24.50096 -10.94084 0.980 0.980 0.980
v 72.36824 24.50096 -11.21329 0.980 0.980 0.980
v 72.83176 24.50096 -11.21329 0.980 0.980 0.980
v 73.20676 24.50096 -10.94084 0.980 0.980 0.980
v 72.60000 24.30000 -10.50000 0.980 0.980 0.980
v 72.60000 24.30000 -10.50000 0.980 0.980 0.980
v 72.60000 24.30000 -10.50000 0.980 0.980 0.980
v 72.60000 24.30000 -10.50000 0.980 0.980 0.980
v 72.60000 24.30000 -10.50000 0.980 0.980 0.980
v 72.60000 24.30000 -10.50000 0.980 0.980 0.980
v 72.60000 24.30000 -10.50000 0.980 0.980 0.980
v 72.60000 24.30000 -10.50000 0.980 0.980 0.980
v 72.60000 24.30000 -10.50000 0.980 0.980 0.980
v 72.60000 24.30000 -10.50000 0.980 0.980 0.980
v 75.90000 28.65000 -10.50000 0.980 0.980 0.980
v 75.90000 28.65000 -10.50000 0.980 0.980 0.980
v 75.90000 28.65000 -10.50000 0.980 0.980 0.980
v 75.90000 28.65000 -10.50000 0.980 0.980 0.980
v 75.90000 28.65000 -10.50000 0.980 0.980 0.980
v 75.90000 28.65000 -10.50000 0.980 0.980 0.980
v 75.90000 28.65000 -10.50000 0.980 0.980 0.980
v 75.90000 28.65000 -10.50000 0.980 0.980 0.980
v 76.78168 28.36353 -10.50000 0.980 0.980 0.980
v 76.52344 28.36353 -9.87656 0.980 0.980 0.980
v 75.90000 28.36353 -9.61832 0.980 0.980 0.980
v 75.27656 28.36353 -9.87656 0.980 0.980 0.980
v 75.01832 28.36353 -10.50000 0.980 0.980 0.980
v 75.27656 28.36353 -11.12344 0.980 0.980 0.980
v 75.90000 28.36353 -11.38168 0.980 0.980 0.980
v 76.52344 28.36353 -11.12344 0.980 0.980 0.980
v 77.32658 27.61353 -10.50000 0.980 0.980 0.980
v 76.90875 27.61353 -9.49125 0.980 0.980 0.980
v 75.90000 27.61353 -9.07342 0.980 0.980 0.980
v 74.89125 27.61353 -9.49125 0.980 0.980 0.980
v 74.47342 27.61353 -10.50000 0.980 0.980 0.980
v 74.89125 27.61353 -11.50875 0.980 0.980 0.980
v 75.90000 27.61353 -11.92658 0.980 0.980 0.980
v 76.90875 27.61353 -11.50875 0.980 0.980 0.980
v 77.32658 26.68647 -10.50000 0.980 0.980 0.980
v 76.90875 26.68647 -9.49125 0.980 0.980 0.980
v 75.90000 26.68647 -9.07342 0.980 0.980 0.980
v 74.89125 26.68647 -9.49125 0.980 0.980 0.980
v 74.47342 26.68647 -10.50000 0.980 0.980 0.980
v 74.89125 26.68647 -11.50875 0.980 0.980 0.980
v 75.90000 26.68647 -11.92658 0.980 0.980 0.980
v 76.90875 26.68647 -11.50875 0.980 0.980 0.980
v 76.78168 25.93647 -10.50000 0.980 0.980 0.980
v 76.52344 25.93647 -9.87656 0.980 0.980 0.980
v 75.90000 25.93647 -9.61832 0.980 0.980 0.980
v 75.27656 25.93647 -9.87656 0.980 0.980 0.980
v 75.01832 25.93647 -10.50000 0.980 0.980 0.980
v 75.27656 25.93647 -11.12344 0.980 0.980 0.980
v 75.90000 25.93647 -11.38168 0.980 0.980 0.980
v 76.52344 25.93647 -11.12344 0.980 0.980 0.980
v 75.90000 25.65000 -10.50000 0.980 0.980 0.980
v 75.90000 25.65000 -10.50000 0.980 0.980 0.980
v 75.90000 25.65000 -10.50000 0.980 0.980 0.980
v 75.90000 25.65000 -10.50000 0.980 0.980 0.980
v 75.90000 25.65000 -10.50000 0.980 0.980 0.980
v 75.90000 25.65000 -10.50000 0.980 0.980 0.980
v 75.90000 25.65000 -10.50000 0.980 0.980 0.980
v 75.90000 25.65000 -10.50000 0.980 0.980 0.980
v 74.10000 28.20000 -10.50000 0.980 0.980 0.980
v 74.10000 28.20000 -10.50000 0.980 0.980 0.980
v 74.10000 28.20000 -10.50000 0.980 0.980 0.980
v 74.10000 28.20000 -10.50000 0.980 0.980 0.980
v 74.10000 28.20000 -10.50000 0.980 0.980 0.980
v 74.10000 28.20000 -10.50000 0.980 0.980 0.980
v 74.10000 28.20000 -10.50000 0.980 0.980 0.980
v 74.10000 28.20000 -10.50000 0.980 0.980 0.980
v 74.80534 27.97082 -10.50000 0.980 0.980 0.980
v 74.59875 27.97082 -10.00125 0.980 0.980 0.980
v 74.10000 27.97082 -9.79466 0.980 0.980 0.980
v 73.60125 27.97082 -10.00125 0.980 0.980 0.980
v 73.39466 27.97082 -10.50000 0.980 0.980 0.980
v 73.60125 27.97082 -10.99875 0.980 0.980 0.980
v 74.10000 27.97082 -11.20534 0.980 0.980 0.980
v 74.59875 27.97082 -10.99875 0.980 0.980 0.980
v 75.24127 27.37082 -10.50000 0.980 0.980 0.980
v 74.90700 27.37082 -9.69300 0.980 0.980 0.980
v 74.10000 27.37082 -9.35873 0.980 0.980 0.980
v 73.29300 27.37082 -9.69300 0.980 0.980 0.980
v 72.95873 27.37082 -10.50000 0.980 0.980 0.980
v 73.29300 27.37082 -11.30700 0.980 0.980 0.980
v 74.10000 27.37082 -11.64127 0.980 0.980 0.980
v 74.90700 27.37082 -11.30700 0.980 0.980 0.980
v 75.24127 26.62918 -10.50000 0.980 0.980 0.980
v 74.90700 26.62918 -9.69300 0.980 0.980 0.980
v 74.10000 26.62918 -9.35873 0.980 0.980 0.980
v 73.29300 26.62918 -9.69300 0.980 0.980 0.980
v 72.95873 26.62918 -10.50000 0.980 0.980 0.980
v 73.29300 26.62918 -11.30700 0.980 0.980 0.980
v 74.10000 26.62918 -11.64127 0.980 0.980 0.980
v 74.90700 26.62918 -11.30700 0.980 0.980 0.980
v 74.80534 26.02918 -10.50000 0.980 0.980 0.980
v 74.59875 26.02918 -10.00125 0.980 0.980 0.980
v 74.10000 26.02918 -9.79466 0.980 0.980 0.980
v 73.60125 26.02918 -10.00125 0.980 0.980 0.980
v 73.39466 26.02918 -10.50000 0.980 0.980 0.980
v 73.60125 26.02918 -10.99875 0.980 0.980 0.980
v 74.10000 26.02918 -11.20534 0.980 0.980 0.980
v 74.59875 26.02918 -10.99875 0.980 0.980 0.980
v 74.10000 25.80000 -10.50000 0.980 0.980 0.980
v 74.10000 25.80000 -10.50000 0.980 0.980 0.980
v 74.10000 25.80000 -10.50000 0.980 0.980 0.980
v 74.10000 25.80000 -10.50000 0.980 0.980 0.980
v 74.10000 25.80000 -10.50000 0.980 0.980 0.980
v 74.10000 25.80000 -10.50000 0.980 0.980 0.980
v 74.10000 25.80000 -10.50000 0.980 0.980 0.980
v 74.10000 25.80000 -10.50000 0.980 0.980 0.980

vn 0.0000 0.0000 1.0000
vn 0.0000 0.0000 -1.0000
vn 0.0000 1.0000 0.0000
vn 0.0000 -1.0000 0.0000
vn 1.0000 0.0000 0.0000
vn -1.0000 0.0000 0.0000
vn 0.0000 0.0000 1.0000
vn 0.0000 0.0000 -1.0000
vn 0.0000 1.0000 0.0000
vn 0.0000 -1.0000 0.0000
vn 1.0000 0.0000 0.0000
vn -1.0000 0.0000 0.0000
vn 0.0000 1.0000 0.0000
vn 0.0000 1.0000 0.0000
vn 0.0000 1.0000 0.0000
vn 0.0000 1.0000 0.0000
vn 0.0000 1.0000 0.0000
vn -0.0000 1.0000 0.0000
vn -0.0000 1.0000 0.0000
vn -0.0000 1.0000 0.0000
vn -0.0000 1.0000 0.0000
vn -0.0000 1.0000 0.0000
vn -0.0000 1.0000 -0.0000
vn -0.0000 1.0000 -0.0000
vn -0.0000 1.0000 -0.0000
vn -0.0000 1.0000 -0.0000
vn 0.0000 1.0000 -0.0000
vn 0.0000 1.0000 -0.0000
vn 0.0000 1.0000 -0.0000
vn 0.0000 1.0000 -0.0000
vn 0.3090 0.9511 0.0000
vn 0.2904 0.9511 0.1057
vn 0.2367 0.9511 0.1986
vn 0.1545 0.9511 0.2676
vn 0.0537 0.9511 0.3043
vn -0.0537 0.9511 0.3043
vn -0.1545 0.9511 0.2676
vn -0.2367 0.9511 0.1986
vn -0.2904 0.9511 0.1057
vn -0.3090 0.9511 0.0000
vn -0.2904 0.9511 -0.1057
vn -0.2367 0.9511 -0.1986
vn -0.1545 0.9511 -0.2676
vn -0.0537 0.9511 -0.3043
vn 0.0537 0.9511 -0.3043
vn 0.1545 0.9511 -0.2676
vn 0.2367 0.9511 -0.1986
vn 0.2904 0.9511 -0.1057
vn 0.5878 0.8090 0.0000
vn 0.5523 0.8090 0.2010
vn 0.4503 0.8090 0.3778
vn 0.2939 0.8090 0.5090
vn 0.1021 0.8090 0.5789
vn -0.1021 0.8090 0.5789
vn -0.2939 0.8090 0.5090
vn -0.4503 0.8090 0.3778
vn -0.5523 0.8090 0.2010
vn -0.5878 0.8090 0.0000
vn -0.5523 0.8090 -0.2010
vn -0.4503 0.8090 -0.3778
vn -0.2939 0.8090 -0.5090
vn -0.1021 0.8090 -0.5789
vn 0.1021 0.8090 -0.5789
vn 0.2939 0.8090 -0.5090
vn 0.4503 0.8090 -0.3778
vn 0.5523 0.8090 -0.2010
vn 0.8090 0.5878 0.0000
vn 0.7602 0.5878 0.2767
vn 0.6197 0.5878 0.5200
vn 0.4045 0.5878 0.7006
vn 0.1405 0.5878 0.7967
vn -0.1405 0.5878 0.7967
vn -0.4045 0.5878 0.7006
vn -0.6197 0.5878 0.5200
vn -0.7602 0.5878 0.2767
vn -0.8090 0.5878 0.0000
vn -0.7602 0.5878 -0.2767
vn -0.6197 0.5878 -0.5200
vn -0.4045 0.5878 -0.7006
vn -0.1405 0.5878 -0.7967
vn 0.1405 0.5878 -0.7967
vn 0.4045 0.5878 -0.7006
vn 0.6197 0.5878 -0.5200
vn 0.7602 0.5878 -0.2767
vn 0.9511 0.3090 0.0000
vn 0.8937 0.3090 0.3253
vn 0.7286 0.3090 0.6113
vn 0.4755 0.3090 0.8236
vn 0.1651 0.3090 0.9366
vn -0.1651 0.3090 0.9366
vn -0.4755 0.3090 0.8236
vn -0.7286 0.3090 0.6113
vn -0.8937 0.3090 0.3253
vn -0.9511 0.3090 0.0000
vn -0.8937 0.3090 -0.3253
vn -0.7286 0.3090 -0.6113
vn -0.4755 0.3090 -0.8236
vn -0.1651 0.3090 -0.9366
vn 0.1651 0.3090 -0.9366
vn 0.4755 0.3090 -0.8236
vn 0.7286 0.3090 -0.6113
vn 0.8937 0.3090 -0.3253
vn 1.0000 0.0000 0.0000
vn 0.9397 0.0000 0.3420
vn 0.7660 0.0000 0.6428
vn 0.5000 0.0000 0.8660
vn 0.1736 0.0000 0.9848
vn -0.1736 0.0000 0.9848
vn -0.5000 0.0000 0.8660
vn -0.7660 0.0000 0.6428
vn -0.9397 0.0000 0.3420
vn -1.0000 0.0000 0.0000
vn -0.9397 0.0000 -0.3420
vn -0.7660 0.0000 -0.6428
vn -0.5000 0.0000 -0.8660
vn -0.1736 0.0000 -0.9848
vn 0.1736 0.0000 -0.9848
vn 0.5000 0.0000 -0.8660
vn 0.7660 0.0000 -0.6428
vn 0.9397 0.0000 -0.3420
vn 0.9511 -0.3090 0.0000
vn 0.8937 -0.3090 0.3253
vn 0.7286 -0.3090 0.6113
vn 0.4755 -0.3090 0.8236
vn 0.1651 -0.3090 0.9366
vn -0.1651 -0.3090 0.9366
vn -0.4755 -0.3090 0.8236
vn -0.7286 -0.3090 0.6113
vn -0.8937 -0.3090 0.3253
vn -0.9511 -0.3090 0.0000
vn -0.8937 -0.3090 -0.3253
vn -0.7286 -0.3090 -0.6113
vn -0.4755 -0.3090 -0.8236
vn -0.1651 -0.3090 -0.9366
vn 0.1651 -0.3090 -0.9366
vn 0.4755 -0.3090 -0.8236
vn 0.7286 -0.3090 -0.6113
vn 0.8937 -0.3090 -0.3253
vn 0.8090 -0.5878 0.0000
vn 0.7602 -0.5878 0.2767
vn 0.6197 -0.5878 0.5200
vn 0.4045 -0.5878 0.7006
vn 0.1405 -0.5878 0.7967
vn -0.1405 -0.5878 0.7967
vn -0.4045 -0.5878 0.7006
vn -0.6197 -0.5878 0.5200
vn -0.7602 -0.5878 0.2767
vn -0.8090 -0.5878 0.0000
vn -0.7602 -0.5878 -0.2767
vn -0.6197 -0.5878 -0.5200
vn -0.4045 -0.5878 -0.7006
vn -0.1405 -0.5878 -0.7967
vn 0.1405 -0.5878 -0.7967
vn 0.4045 -0.5878 -0.7006
vn 0.6197 -0.5878 -0.5200
vn 0.7602 -0.5878 -0.2767
vn 0.5878 -0.8090 0.0000
vn 0.5523 -0.8090 0.2010
vn 0.4503 -0.8090 0.3778
vn 0.2939 -0.8090 0.5090
vn 0.1021 -0.8090 0.5789
vn -0.1021 -0.8090 0.5789
vn -0.2939 -0.8090 0.5090
vn -0.4503 -0.8090 0.3778
vn -0.5523 -0.8090 0.2010
vn -0.5878 -0.8090 0.0000
vn -0.5523 -0.8090 -0.2010
vn -0.4503 -0.8090 -0.3778
vn -0.2939 -0.8090 -0.5090
vn -0.1021 -0.8090 -0.5789
vn 0.1021 -0.8090 -0.5789
vn 0.2939 -0.8090 -0.5090
vn 0.4503 -0.8090 -0.3778
vn 0.5523 -0.8090 -0.2010
vn 0.3090 -0.9511 0.0000
vn 0.2904 -0.9511 0.1057
vn 0.2367 -0.9511 0.1986
vn 0.1545 -0.9511 0.2676
vn 0.0537 -0.9511 0.3043
vn -0.0537 -0.9511 0.3043
vn -0.1545 -0.9511 0.2676
vn -0.2367 -0.9511 0.1986
vn -0.2904 -0.9511 0.1057
vn -0.3090 -0.9511 0.0000
vn -0.2904 -0.9511 -0.1057
vn -0.2367 -0.9511 -0.1986
vn -0.1545 -0.9511 -0.2676
vn -0.0537 -0.9511 -0.3043
vn 0.0537 -0.9511 -0.3043
vn 0.1545 -0.9511 -0.2676
vn 0.2367 -0.9511 -0.1986
vn 0.2904 -0.9511 -0.1057
vn 0.0000 -1.0000 0.0000
vn 0.0000 -1.0000 0.0000
vn 0.0000 -1.0000 0.0000
vn 0.0000 -1.0000 0.0000
vn 0.0000 -1.0000 0.0000
vn -0.0000 -1.0000 0.0000
vn -0.0000 -1.0000 0.0000
vn -0.0000 -1.0000 0.0000
vn -0.0000 -1.0000 0.0000
vn -0.0000 -1.0000 0.0000
vn -0.0000 -1.0000 -0.0000
vn -0.0000 -1.0000 -0.0000
vn -0.0000 -1.0000 -0.0000
vn -0.0000 -1.0000 -0.0000
vn 0.0000 -1.0000 -0.0000
vn 0.0000 -1.0000 -0.0000
vn 0.0000 -1.0000 -0.0000
vn 0.0000 -1.0000 -0.0000
vn 0.0000 1.0000 0.0000
vn 0.0000 1.0000 0.0000
vn 0.0000 1.0000 0.0000
vn 0.0000 1.0000 0.0000
vn 0.0000 1.0000 0.0000
vn -0.0000 1.0000 0.0000
vn -0.0000 1.0000 0.0000
vn -0.0000 1.0000 0.0000
vn -0.0000 1.0000 0.0000
vn -0.0000 1.0000 0.0000
vn -0.0000 1.0000 -0.0000
vn -0.0000 1.0000 -0.0000
vn -0.0000 1.0000 -0.0000
vn -0.0000 1.0000 -0.0000
vn 0.0000 1.0000 -0.0000
vn 0.0000 1.0000 -0.0000
vn 0.0000 1.0000 -0.0000
vn 0.0000 1.0000 -0.0000
vn 0.3090 0.9511 0.0000
vn 0.2904 0.9511 0.1057
vn 0.2367 0.9511 0.1986
vn 0.1545 0.9511 0.2676
vn 0.0537 0.9511 0.3043
vn -0.0537 0.9511 0.3043
vn -0.1545 0.9511 0.2676
vn -0.2367 0.9511 0.1986
vn -0.2904 0.9511 0.1057
vn -0.3090 0.9511 0.0000
vn -0.2904 0.9511 -0.1057
vn -0.2367 0.9511 -0.1986
vn -0.1545 0.9511 -0.2676
vn -0.0537 0.9511 -0.3043
vn 0.0537 0.9511 -0.3043
vn 0.1545 0.9511 -0.2676
vn 0.2367 0.9511 -0.1986
vn 0.2904 0.9511 -0.1057
vn 0.5878 0.8090 0.0000
vn 0.5523 0.8090 0.2010
vn 0.4503 0.8090 0.3778
vn 0.2939 0.8090 0.5090
vn 0.1021 0.8090 0.5789
vn -0.1021 0.8090 0.5789
vn -0.2939 0.8090 0.5090
vn -0.4503 0.8090 0.3778
vn -0.5523 0.8090 0.2010
vn -0.5878 0.8090 0.0000
vn -0.5523 0.8090 -0.2010
vn -0.4503 0.8090 -0.3778
vn -0.2939 0.8090 -0.5090
vn -0.1021 0.8090 -0.5789
vn 0.1021 0.8090 -0.5789
vn 0.2939 0.8090 -0.5090
vn 0.4503 0.8090 -0.3778
vn 0.5523 0.8090 -0.2010
vn 0.8090 0.5878 0.0000
vn 0.7602 0.5878 0.2767
vn 0.6197 0.5878 0.5200
vn 0.4045 0.5878 0.7006
vn 0.1405 0.5878 0.7967
vn -0.1405 0.5878 0.7967
vn -0.4045 0.5878 0.7006
vn -0.6197 0.5878 0.5200
vn -0.7602 0.5878 0.2767
vn -0.8090 0.5878 0.0000
vn -0.7602 0.5878 -0.2767
vn -0.6197 0.5878 -0.5200
vn -0.4045 0.5878 -0.7006
vn -0.1405 0.5878 -0.7967
vn 0.1405 0.5878 -0.7967
vn 0.4045 0.5878 -0.7006
vn 0.6197 0.5878 -0.5200
vn 0.7602 0.5878 -0.2767
vn 0.9511 0.3090 0.0000
vn 0.8937 0.3090 0.3253
vn 0.7286 0.3090 0.6113
vn 0.4755 0.3090 0.8236
vn 0.1651 0.3090 0.9366
vn -0.1651 0.3090 0.9366
vn -0.4755 0.3090 0.8236
vn -0.7286 0.3090 0.6113
vn -0.8937 0.3090 0.3253
vn -0.9511 0.3090 0.0000
vn -0.8937 0.3090 -0.3253
vn -0.7286 0.3090 -0.6113
vn -0.4755 0.3090 -0.8236
vn -0.1651 0.3090 -0.9366
vn 0.1651 0.3090 -0.9366
vn 0.4755 0.3090 -0.8236
vn 0.7286 0.3090 -0.6113
vn 0.8937 0.3090 -0.3253
vn 1.0000 0.0000 0.0000
vn 0.9397 0.0000 0.3420
vn 0.7660 0.0000 0.6428
vn 0.5000 0.0000 0.8660
vn 0.1736 0.0000 0.9848
vn -0.1736 0.0000 0.9848
vn -0.5000 0.0000 0.8660
vn -0.7660 0.0000 0.6428
vn -0.9397 0.0000 0.3420
vn -1.0000 0.0000 0.0000
vn -0.9397 0.0000 -0.3420
vn -0.7660 0.0000 -0.6428
vn -0.5000 0.0000 -0.8660
vn -0.1736 0.0000 -0.9848
vn 0.1736 0.0000 -0.9848
vn 0.5000 0.0000 -0.8660
vn 0.7660 0.0000 -0.6428
vn 0.9397 0.0000 -0.3420
vn 0.9511 -0.3090 0.0000
vn 0.8937 -0.3090 0.3253
vn 0.7286 -0.3090 0.6113
vn 0.4755 -0.3090 0.8236
vn 0.1651 -0.3090 0.9366
vn -0.1651 -0.3090 0.9366
vn -0.4755 -0.3090 0.8236
vn -0.7286 -0.3090 0.6113
vn -0.8937 -0.3090 0.3253
vn -0.9511 -0.3090 0.0000
vn -0.8937 -0.3090 -0.3253
vn -0.7286 -0.3090 -0.6113
vn -0.4755 -0.3090 -0.8236
vn -0.1651 -0.3090 -0.9366
vn 0.1651 -0.3090 -0.9366
vn 0.4755 -0.3090 -0.8236
vn 0.7286 -0.3090 -0.6113
vn 0.8937 -0.3090 -0.3253
vn 0.8090 -0.5878 0.0000
vn 0.7602 -0.5878 0.2767
vn 0.6197 -0.5878 0.5200
vn 0.4045 -0.5878 0.7006
vn 0.1405 -0.5878 0.7967
vn -0.1405 -0.5878 0.7967
vn -0.4045 -0.5878 0.7006
vn -0.6197 -0.5878 0.5200
vn -0.7602 -0.5878 0.2767
vn -0.8090 -0.5878 0.0000
vn -0.7602 -0.5878 -0.2767
vn -0.6197 -0.5878 -0.5200
vn -0.4045 -0.5878 -0.7006
vn -0.1405 -0.5878 -0.7967
vn 0.1405 -0.5878 -0.7967
vn 0.4045 -0.5878 -0.7006
vn 0.6197 -0.5878 -0.5200
vn 0.7602 -0.5878 -0.2767
vn 0.5878 -0.8090 0.0000
vn 0.5523 -0.8090 0.2010
vn 0.4503 -0.8090 0.3778
vn 0.2939 -0.8090 0.5090
vn 0.1021 -0.8090 0.5789
vn -0.1021 -0.8090 0.5789
vn -0.2939 -0.8090 0.5090
vn -0.4503 -0.8090 0.3778
vn -0.5523 -0.8090 0.2010
vn -0.5878 -0.8090 0.0000
vn -0.5523 -0.8090 -0.2010
vn -0.4503 -0.8090 -0.3778
vn -0.2939 -0.8090 -0.5090
vn -0.1021 -0.8090 -0.5789
vn 0.1021 -0.8090 -0.5789
vn 0.2939 -0.8090 -0.5090
vn 0.4503 -0.8090 -0.3778
vn 0.5523 -0.8090 -0.2010
vn 0.3090 -0.9511 0.0000
vn 0.2904 -0.9511 0.1057
vn 0.2367 -0.9511 0.1986
vn 0.1545 -0.9511 0.2676
vn 0.0537 -0.9511 0.3043
vn -0.0537 -0.9511 0.3043
vn -0.1545 -0.9511 0.2676
vn -0.2367 -0.9511 0.1986
vn -0.2904 -0.9511 0.1057
vn -0.3090 -0.9511 0.0000
vn -0.2904 -0.9511 -0.1057
vn -0.2367 -0.9511 -0.1986
vn -0.1545 -0.9511 -0.2676
vn -0.0537 -0.9511 -0.3043
vn 0.0537 -0.9511 -0.3043
vn 0.1545 -0.9511 -0.2676
vn 0.2367 -0.9511 -0.1986
vn 0.2904 -0.9511 -0.1057
vn 0.0000 -1.0000 0.0000
vn 0.0000 -1.0000 0.0000
vn 0.0000 -1.0000 0.0000
vn 0.0000 -1.0000 0.0000
vn 0.0000 -1.0000 0.0000
vn -0.0000 -1.0000 0.0000
vn -0.0000 -1.0000 0.0000
vn -0.0000 -1.0000 0.0000
vn -0.0000 -1.0000 0.0000
vn -0.0000 -1.0000 0.0000
vn -0.0000 -1.0000 -0.0000
vn -0.0000 -1.0000 -0.0000
vn -0.0000 -1.0000 -0.0000
vn -0.0000 -1.0000 -0.0000
vn 0.0000 -1.0000 -0.0000
vn 0.0000 -1.0000 -0.0000
vn 0.0000 -1.0000 -0.0000
vn 0.0000 -1.0000 -0.0000
vn 0.0000 1.0000 0.0000
vn 0.0000 1.0000 0.0000
vn 0.0000 1.0000 0.0000
vn 0.0000 1.0000 0.0000
vn 0.0000 1.0000 0.0000
vn -0.0000 1.0000 0.0000
vn -0.0000 1.0000 0.0000
vn -0.0000 1.0000 0.0000
vn -0.0000 1.0000 0.0000
vn -0.0000 1.0000 0.0000
vn -0.0000 1.0000 -0.0000
vn -0.0000 1.0000 -0.0000
vn -0.0000 1.0000 -0.0000
vn -0.0000 1.0000 -0.0000
vn 0.0000 1.0000 -0.0000
vn 0.0000 1.0000 -0.0000
vn 0.0000 1.0000 -0.0000
vn 0.0000 1.0000 -0.0000
vn 0.3090 0.9511 0.0000
vn 0.2904 0.9511 0.1057
vn 0.2367 0.9511 0.1986
vn 0.1545 0.9511 0.2676
vn 0.0537 0.9511 0.3043
vn -0.0537 0.9511 0.3043
vn -0.1545 0.9511 0.2676
vn -0.2367 0.9511 0.1986
vn -0.2904 0.9511 0.1057
vn -0.3090 0.9511 0.0000
vn -0.2904 0.9511 -0.1057
vn -0.2367 0.9511 -0.1986
vn -0.1545 0.9511 -0.2676
vn -0.0537 0.9511 -0.3043
vn 0.0537 0.9511 -0.3043
vn 0.1545 0.9511 -0.2676
vn 0.2367 0.9511 -0.1986
vn 0.2904 0.9511 -0.1057
vn 0.5878 0.8090 0.0000
vn 0.5523 0.8090 0.2010
vn 0.4503 0.8090 0.3778
vn 0.2939 0.8090 0.5090
vn 0.1021 0.8090 0.5789
vn -0.1021 0.8090 0.5789
vn -0.2939 0.8090 0.5090
vn -0.4503 0.8090 0.3778
vn -0.5523 0.8090 0.2010
vn -0.5878 0.8090 0.0000
vn -0.5523 0.8090 -0.2010
vn -0.4503 0.8090 -0.3778
vn -0.2939 0.8090 -0.5090
vn -0.1021 0.8090 -0.5789
vn 0.1021 0.8090 -0.5789
vn 0.2939 0.8090 -0.5090
vn 0.4503 0.8090 -0.3778
vn 0.5523 0.8090 -0.2010
vn 0.8090 0.5878 0.0000
vn 0.7602 0.5878 0.2767
vn 0.6197 0.5878 0.5200
vn 0.4045 0.5878 0.7006
vn 0.1405 0.5878 0.7967
vn -0.1405 0.5878 0.7967
vn -0.4045 0.5878 0.7006
vn -0.6197 0.5878 0.5200
vn -0.7602 0.5878 0.2767
vn -0.8090 0.5878 0.0000
vn -0.7602 0.5878 -0.2767
vn -0.6197 0.5878 -0.5200
vn -0.4045 0.5878 -0.7006
vn -0.1405 0.5878 -0.7967
vn 0.1405 0.5878 -0.7967
vn 0.4045 0.5878 -0.7006
vn 0.6197 0.5878 -0.5200
vn 0.7602 0.5878 -0.2767
vn 0.9511 0.3090 0.0000
vn 0.8937 0.3090 0.3253
vn 0.7286 0.3090 0.6113
vn 0.4755 0.3090 0.8236
vn 0.1651 0.3090 0.9366
vn -0.1651 0.3090 0.9366
vn -0.4755 0.3090 0.8236
vn -0.7286 0.3090 0.6113
vn -0.8937 0.3090 0.3253
vn -0.9511 0.3090 0.0000
vn -0.8937 0.3090 -0.3253
vn -0.7286 0.3090 -0.6113
vn -0.4755 0.3090 -0.8236
vn -0.1651 0.3090 -0.9366
vn 0.1651 0.3090 -0.9366
vn 0.4755 0.3090 -0.8236
vn 0.7286 0.3090 -0.6113
vn 0.8937 0.3090 -0.3253
vn 1.0000 0.0000 0.0000
vn 0.9397 0.0000 0.3420
vn 0.7660 0.0000 0.6428
vn 0.5000 0.0000 0.8660
vn 0.1736 0.0000 0.9848
vn -0.1736 0.0000 0.9848
vn -0.5000 0.0000 0.8660
vn -0.7660 0.0000 0.6428
vn -0.9397 0.0000 0.3420
vn -1.0000 0.0000 0.0000
vn -0.9397 0.0000 -0.3420
vn -0.7660 0.0000 -0.6428
vn -0.5000 0.0000 -0.8660
vn -0.1736 0.0000 -0.9848
vn 0.1736 0.0000 -0.9848
vn 0.5000 0.0000 -0.8660
vn 0.7660 0.0000 -0.6428
vn 0.9397 0.0000 -0.3420
vn 0.9511 -0.3090 0.0000
vn 0.8937 -0.3090 0.3253
vn 0.7286 -0.3090 0.6113
vn 0.4755 -0.3090 0.8236
vn 0.1651 -0.3090 0.9366
vn -0.1651 -0.3090 0.9366
vn -0.4755 -0.3090 0.8236
vn -0.7286 -0.3090 0.6113
vn -0.8937 -0.3090 0.3253
vn -0.9511 -0.3090 0.0000
vn -0.8937 -0.3090 -0.3253
vn -0.7286 -0.3090 -0.6113
vn -0.4755 -0.3090 -0.8236
vn -0.1651 -0.3090 -0.9366
vn 0.1651 -0.3090 -0.9366
vn 0.4755 -0.3090 -0.8236
vn 0.7286 -0.3090 -0.6113
vn 0.8937 -0.3090 -0.3253
vn 0.8090 -0.5878 0.0000
vn 0.7602 -0.5878 0.2767
vn 0.6197 -0.5878 0.5200
vn 0.4045 -0.5878 0.7006
vn 0.1405 -0.5878 0.7967
vn -0.1405 -0.5878 0.7967
vn -0.4045 -0.5878 0.7006
vn -0.6197 -0.5878 0.5200
vn -0.7602 -0.5878 0.2767
vn -0.8090 -0.5878 0.0000
vn -0.7602 -0.5878 -0.2767
vn -0.6197 -0.5878 -0.5200
vn -0.4045 -0.5878 -0.7006
vn -0.1405 -0.5878 -0.7967
vn 0.1405 -0.5878 -0.7967
vn 0.4045 -0.5878 -0.7006
vn 0.6197 -0.5878 -0.5200
vn 0.7602 -0.5878 -0.2767
vn 0.5878 -0.8090 0.0000
vn 0.5523 -0.8090 0.2010
vn 0.4503 -0.8090 0.3778
vn 0.2939 -0.8090 0.5090
vn 0.1021 -0.8090 0.5789
vn -0.1021 -0.8090 0.5789
vn -0.2939 -0.8090 0.5090
vn -0.4503 -0.8090 0.3778
vn -0.5523 -0.8090 0.2010
vn -0.5878 -0.8090 0.0000
vn -0.5523 -0.8090 -0.2010
vn -0.4503 -0.8090 -0.3778
vn -0.2939 -0.8090 -0.5090
vn -0.1021 -0.8090 -0.5789
vn 0.1021 -0.8090 -0.5789
vn 0.2939 -0.8090 -0.5090
vn 0.4503 -0.8090 -0.3778
vn 0.5523 -0.8090 -0.2010
vn 0.3090 -0.9511 0.0000
vn 0.2904 -0.9511 0.1057
vn 0.2367 -0.9511 0.1986
vn 0.1545 -0.9511 0.2676
vn 0.0537 -0.9511 0.3043
vn -0.0537 -0.9511 0.3043
vn -0.1545 -0.9511 0.2676
vn -0.2367 -0.9511 0.1986
vn -0.2904 -0.9511 0.1057
vn -0.3090 -0.9511 0.0000
vn -0.2904 -0.9511 -0.1057
vn -0.2367 -0.9511 -0.1986
vn -0.1545 -0.9511 -0.2676
vn -0.0537 -0.9511 -0.3043
vn 0.0537 -0.9511 -0.3043
vn 0.1545 -0.9511 -0.2676
vn 0.2367 -0.9511 -0.1986
vn 0.2904 -0.9511 -0.1057
vn 0.0000 -1.0000 0.0000
vn 0.0000 -1.0000 0.0000
vn 0.0000 -1.0000 0.0000
vn 0.0000 -1.0000 0.0000
vn 0.0000 -1.0000 0.0000
vn -0.0000 -1.0000 0.0000
vn -0.0000 -1.0000 0.0000
vn -0.0000 -1.0000 0.0000
vn -0.0000 -1.0000 0.0000
vn -0.0000 -1.0000 0.0000
vn -0.0000 -1.0000 -0.0000
vn -0.0000 -1.0000 -0.0000
vn -0.0000 -1.0000 -0.0000
vn -0.0000 -1.0000 -0.0000
vn 0.0000 -1.0000 -0.0000
vn 0.0000 -1.0000 -0.0000
vn 0.0000 -1.0000 -0.0000
vn 0.0000 -1.0000 -0.0000
vn 0.0000 1.0000 0.0000
vn 0.0000 1.0000 0.0000
vn 0.0000 1.0000 0.0000
vn 0.0000 1.0000 0.0000
vn 0.0000 1.0000 0.0000
vn -0.0000 1.0000 0.0000
vn -0.0000 1.0000 0.0000
vn -0.0000 1.0000 0.0000
vn -0.0000 1.0000 0.0000
vn -0.0000 1.0000 0.0000
vn -0.0000 1.0000 -0.0000
vn -0.0000 1.0000 -0.0000
vn -0.0000 1.0000 -0.0000
vn -0.0000 1.0000 -0.0000
vn 0.0000 1.0000 -0.0000
vn 0.0000 1.0000 -0.0000
vn 0.0000 1.0000 -0.0000
vn 0.0000 1.0000 -0.0000
vn 0.3090 0.9511 0.0000
vn 0.2904 0.9511 0.1057
vn 0.2367 0.9511 0.1986
vn 0.1545 0.9511 0.2676
vn 0.0537 0.9511 0.3043
vn -0.0537 0.9511 0.3043
vn -0.1545 0.9511 0.2676
vn -0.2367 0.9511 0.1986
vn -0.2904 0.9511 0.1057
vn -0.3090 0.9511 0.0000
vn -0.2904 0.9511 -0.1057
vn -0.2367 0.9511 -0.1986
vn -0.1545 0.9511 -0.2676
vn -0.0537 0.9511 -0.3043
vn 0.0537 0.9511 -0.3043
vn 0.1545 0.9511 -0.2676
vn 0.2367 0.9511 -0.1986
vn 0.2904 0.9511 -0.1057
vn 0.5878 0.8090 0.0000
vn 0.5523 0.8090 0.2010
vn 0.4503 0.8090 0.3778
vn 0.2939 0.8090 0.5090
vn 0.1021 0.8090 0.5789
vn -0.1021 0.8090 0.5789
vn -0.2939 0.8090 0.5090
vn -0.4503 0.8090 0.3778
vn -0.5523 0.8090 0.2010
vn -0.5878 0.8090 0.0000
vn -0.5523 0.8090 -0.2010
vn -0.4503 0.8090 -0.3778
vn -0.2939 0.8090 -0.5090
vn -0.1021 0.8090 -0.5789
vn 0.1021 0.8090 -0.5789
vn 0.2939 0.8090 -0.5090
vn 0.4503 0.8090 -0.3778
vn 0.5523 0.8090 -0.2010
vn 0.8090 0.5878 0.0000
vn 0.7602 0.5878 0.2767
vn 0.6197 0.5878 0.5200
vn 0.4045 0.5878 0.7006
vn 0.1405 0.5878 0.7967
vn -0.1405 0.5878 0.7967
vn -0.4045 0.5878 0.7006
vn -0.6197 0.5878 0.5200
vn -0.7602 0.5878 0.2767
vn -0.8090 0.5878 0.0000
vn -0.7602 0.5878 -0.2767
vn -0.6197 0.5878 -0.5200
vn -0.4045 0.5878 -0.7006
vn -0.1405 0.5878 -0.7967
vn 0.1405 0.5878 -0.7967
vn 0.4045 0.5878 -0.7006
vn 0.6197 0.5878 -0.5200
vn 0.7602 0.5878 -0.2767
vn 0.9511 0.3090 0.0000
vn 0.8937 0.3090 0.3253
vn 0.7286 0.3090 0.6113
vn 0.4755 0.3090 0.8236
vn 0.1651 0.3090 0.9366
vn -0.1651 0.3090 0.9366
vn -0.4755 0.3090 0.8236
vn -0.7286 0.3090 0.6113
vn -0.8937 0.3090 0.3253
vn -0.9511 0.3090 0.0000
vn -0.8937 0.3090 -0.3253
vn -0.7286 0.3090 -0.6113
vn -0.4755 0.3090 -0.8236
vn -0.1651 0.3090 -0.9366
vn 0.1651 0.3090 -0.9366
vn 0.4755 0.3090 -0.8236
vn 0.7286 0.3090 -0.6113
vn 0.8937 0.3090 -0.3253
vn 1.0000 0.0000 0.0000
vn 0.9397 0.0000 0.3420
vn 0.7660 0.0000 0.6428
vn 0.5000 0.0000 0.8660
vn 0.1736 0.0000 0.9848
vn -0.1736 0.0000 0.9848
vn -0.5000 0.0000 0.8660
vn -0.7660 0.0000 0.6428
vn -0.9397 0.0000 0.3420
vn -1.0000 0.0000 0.0000
vn -0.9397 0.0000 -0.3420
vn -0.7660 0.0000 -0.6428
vn -0.5000 0.0000 -0.8660
vn -0.1736 0.0000 -0.9848
vn 0.1736 0.0000 -0.9848
vn 0.5000 0.0000 -0.8660
vn 0.7660 0.0000 -0.6428
vn 0.9397 0.0000 -0.3420
vn 0.9511 -0.3090 0.0000
vn 0.8937 -0.3090 0.3253
vn 0.7286 -0.3090 0.6113
vn 0.4755 -0.3090 0.8236
vn 0.1651 -0.3090 0.9366
vn -0.1651 -0.3090 0.9366
vn -0.4755 -0.3090 0.8236
vn -0.7286 -0.3090 0.6113
vn -0.8937 -0.3090 0.3253
vn -0.9511 -0.3090 0.0000
vn -0.8937 -0.3090 -0.3253
vn -0.7286 -0.3090 -0.6113
vn -0.4755 -0.3090 -0.8236
vn -0.1651 -0.3090 -0.9366
vn 0.1651 -0.3090 -0.9366
vn 0.4755 -0.3090 -0.8236
vn 0.7286 -0.3090 -0.6113
vn 0.8937 -0.3090 -0.3253
vn 0.8090 -0.5878 0.0000
vn 0.7602 -0.5878 0.2767
vn 0.6197 -0.5878 0.5200
vn 0.4045 -0.5878 0.7006
vn 0.1405 -0.5878 0.7967
vn -0.1405 -0.5878 0.7967
vn -0.4045 -0.5878 0.7006
vn -0.6197 -0.5878 0.5200
vn -0.7602 -0.5878 0.2767
vn -0.8090 -0.5878 0.0000
vn -0.7602 -0.5878 -0.2767
vn -0.6197 -0.5878 -0.5200
vn -0.4045 -0.5878 -0.7006
vn -0.1405 -0.5878 -0.7967
vn 0.1405 -0.5878 -0.7967
vn 0.4045 -0.5878 -0.7006
vn 0.6197 -0.5878 -0.5200
vn 0.7602 -0.5878 -0.2767
vn 0.5878 -0.8090 0.0000
vn 0.5523 -0.8090 0.2010
vn 0.4503 -0.8090 0.3778
vn 0.2939 -0.8090 0.5090
vn 0.1021 -0.8090 0.5789
vn -0.1021 -0.8090 0.5789
vn -0.2939 -0.8090 0.5090
vn -0.4503 -0.8090 0.3778
vn -0.5523 -0.8090 0.2010
vn -0.5878 -0.8090 0.0000
vn -0.5523 -0.8090 -0.2010
vn -0.4503 -0.8090 -0.3778
vn -0.2939 -0.8090 -0.5090
vn -0.1021 -0.8090 -0.5789
vn 0.1021 -0.8090 -0.5789
vn 0.2939 -0.8090 -0.5090
vn 0.4503 -0.8090 -0.3778
vn 0.5523 -0.8090 -0.2010
vn 0.3090 -0.9511 0.0000
vn 0.2904 -0.9511 0.1057
vn 0.2367 -0.9511 0.1986
vn 0.1545 -0.9511 0.2676
vn 0.0537 -0.9511 0.3043
vn -0.0537 -0.9511 0.3043
vn -0.1545 -0.9511 0.2676
vn -0.2367 -0.9511 0.1986
vn -0.2904 -0.9511 0.1057
vn -0.3090 -0.9511 0.0000
vn -0.2904 -0.9511 -0.1057
vn -0.2367 -0.9511 -0.1986
vn -0.1545 -0.9511 -0.2676
vn -0.0537 -0.9511 -0.3043
vn 0.0537 -0.9511 -0.3043
vn 0.1545 -0.9511 -0.2676
vn 0.2367 -0.9511 -0.1986
vn 0.2904 -0.9511 -0.1057
vn 0.0000 -1.0000 0.0000
vn 0.0000 -1.0000 0.0000
vn 0.0000 -1.0000 0.0000
vn 0.0000 -1.0000 0.0000
vn 0.0000 -1.0000 0.0000
vn -0.0000 -1.0000 0.0000
vn -0.0000 -1.0000 0.0000
vn -0.0000 -1.0000 0.0000
vn -0.0000 -1.0000 0.0000
vn -0.0000 -1.0000 0.0000
vn -0.0000 -1.0000 -0.0000
vn -0.0000 -1.0000 -0.0000
vn -0.0000 -1.0000 -0.0000
vn -0.0000 -1.0000 -0.0000
vn 0.0000 -1.0000 -0.0000
vn 0.0000 -1.0000 -0.0000
vn 0.0000 -1.0000 -0.0000
vn 0.0000 -1.0000 -0.0000
vn 0.0000 0.0000 1.0000
vn 0.0000 0.0000 -1.0000
vn 0.0000 1.0000 0.0000
vn 0.0000 -1.0000 0.0000
vn 1.0000 0.0000 0.0000
vn -1.0000 0.0000 0.0000
vn 0.0000 1.0000 0.0000
vn 0.0000 1.0000 0.0000
vn 0.0000 1.0000 0.0000
vn 0.0000 1.0000 0.0000
vn -0.0000 1.0000 0.0000
vn -0.0000 1.0000 0.0000
vn -0.0000 1.0000 0.0000
vn -0.0000 1.0000 -0.0000
vn -0.0000 1.0000 -0.0000
vn -0.0000 1.0000 -0.0000
vn 0.0000 1.0000 -0.0000
vn 0.0000 1.0000 -0.0000
vn 0.3827 0.9239 0.0000
vn 0.3314 0.9239 0.1913
vn 0.1913 0.9239 0.3314
vn 0.0000 0.9239 0.3827
vn -0.1913 0.9239 0.3314
vn -0.3314 0.9239 0.1913
vn -0.3827 0.9239 0.0000
vn -0.3314 0.9239 -0.1913
vn -0.1913 0.9239 -0.3314
vn -0.0000 0.9239 -0.3827
vn 0.1913 0.9239 -0.3314
vn 0.3314 0.9239 -0.1913
vn 0.7071 0.7071 0.0000
vn 0.6124 0.7071 0.3536
vn 0.3536 0.7071 0.6124
vn 0.0000 0.7071 0.7071
vn -0.3536 0.7071 0.6124
vn -0.6124 0.7071 0.3536
vn -0.7071 0.7071 0.0000
vn -0.6124 0.7071 -0.3536
vn -0.3536 0.7071 -0.6124
vn -0.0000 0.7071 -0.7071
vn 0.3536 0.7071 -0.6124
vn 0.6124 0.7071 -0.3536
vn 0.9239 0.3827 0.0000
vn 0.8001 0.3827 0.4619
vn 0.4619 0.3827 0.8001
vn 0.0000 0.3827 0.9239
vn -0.4619 0.3827 0.8001
vn -0.8001 0.3827 0.4619
vn -0.9239 0.3827 0.0000
vn -0.8001 0.3827 -0.4619
vn -0.4619 0.3827 -0.8001
vn -0.0000 0.3827 -0.9239
vn 0.4619 0.3827 -0.8001
vn 0.8001 0.3827 -0.4619
vn 1.0000 0.0000 0.0000
vn 0.8660 0.0000 0.5000
vn 0.5000 0.0000 0.8660
vn 0.0000 0.0000 1.0000
vn -0.5000 0.0000 0.8660
vn -0.8660 0.0000 0.5000
vn -1.0000 0.0000 0.0000
vn -0.8660 0.0000 -0.5000
vn -0.5000 0.0000 -0.8660
vn -0.0000 0.0000 -1.0000
vn 0.5000 0.0000 -0.8660
vn 0.8660 0.0000 -0.5000
vn 0.9239 -0.3827 0.0000
vn 0.8001 -0.3827 0.4619
vn 0.4619 -0.3827 0.8001
vn 0.0000 -0.3827 0.9239
vn -0.4619 -0.3827 0.8001
vn -0.8001 -0.3827 0.4619
vn -0.9239 -0.3827 0.0000
vn -0.8001 -0.3827 -0.4619
vn -0.4619 -0.3827 -0.8001
vn -0.0000 -0.3827 -0.9239
vn 0.4619 -0.3827 -0.8001
vn 0.8001 -0.3827 -0.4619
vn 0.7071 -0.7071 0.0000
vn 0.6124 -0.7071 0.3536
vn 0.3536 -0.7071 0.6124
vn 0.0000 -0.7071 0.7071
vn -0.3536 -0.7071 0.6124
vn -0.6124 -0.7071 0.3536
vn -0.7071 -0.7071 0.0000
vn -0.6124 -0.7071 -0.3536
vn -0.3536 -0.7071 -0.6124
vn -0.0000 -0.7071 -0.7071
vn 0.3536 -0.7071 -0.6124
vn 0.6124 -0.7071 -0.3536
vn 0.3827 -0.9239 0.0000
vn 0.3314 -0.9239 0.1913
vn 0.1913 -0.9239 0.3314
vn 0.0000 -0.9239 0.3827
vn -0.1913 -0.9239 0.3314
vn -0.3314 -0.9239 0.1913
vn -0.3827 -0.9239 0.0000
vn -0.3314 -0.9239 -0.1913
vn -0.1913 -0.9239 -0.3314
vn -0.0000 -0.9239 -0.3827
vn 0.1913 -0.9239 -0.3314
vn 0.3314 -0.9239 -0.1913
vn 0.0000 -1.0000 0.0000
vn 0.0000 -1.0000 0.0000
vn 0.0000 -1.0000 0.0000
vn 0.0000 -1.0000 0.0000
vn -0.0000 -1.0000 0.0000
vn -0.0000 -1.0000 0.0000
vn -0.0000 -1.0000 0.0000
vn -0.0000 -1.0000 -0.0000
vn -0.0000 -1.0000 -0.0000
vn -0.0000 -1.0000 -0.0000
vn 0.0000 -1.0000 -0.0000
vn 0.0000 -1.0000 -0.0000
vn 0.0000 1.0000 0.0000
vn 0.0000 1.0000 0.0000
vn 0.0000 1.0000 0.0000
vn 0.0000 1.0000 0.0000
vn -0.0000 1.0000 0.0000
vn -0.0000 1.0000 0.0000
vn -0.0000 1.0000 0.0000
vn -0.0000 1.0000 -0.0000
vn -0.0000 1.0000 -0.0000
vn -0.0000 1.0000 -0.0000
vn 0.0000 1.0000 -0.0000
vn 0.0000 1.0000 -0.0000
vn 0.3827 0.9239 0.0000
vn 0.3314 0.9239 0.1913
vn 0.1913 0.9239 0.3314
vn 0.0000 0.9239 0.3827
vn -0.1913 0.9239 0.3314
vn -0.3314 0.9239 0.1913
vn -0.3827 0.9239 0.0000
vn -0.3314 0.9239 -0.1913
vn -0.1913 0.9239 -0.3314
vn -0.0000 0.9239 -0.3827
vn 0.1913 0.9239 -0.3314
vn 0.3314 0.9239 -0.1913
vn 0.7071 0.7071 0.0000
vn 0.6124 0.7071 0.3536
vn 0.3536 0.7071 0.6124
vn 0.0000 0.7071 0.7071
vn -0.3536 0.7071 0.6124
vn -0.6124 0.7071 0.3536
vn -0.7071 0.7071 0.0000
vn -0.6124 0.7071 -0.3536
vn -0.3536 0.7071 -0.6124
vn -0.0000 0.7071 -0.7071
vn 0.3536 0.7071 -0.6124
vn 0.6124 0.7071 -0.3536
vn 0.9239 0.3827 0.0000
vn 0.8001 0.3827 0.4619
vn 0.4619 0.3827 0.8001
vn 0.0000 0.3827 0.9239
vn -0.4619 0.3827 0.8001
vn -0.8001 0.3827 0.4619
vn -0.9239 0.3827 0.0000
vn -0.8001 0.3827 -0.4619
vn -0.4619 0.3827 -0.8001
vn -0.0000 0.3827 -0.9239
vn 0.4619 0.3827 -0.8001
vn 0.8001 0.3827 -0.4619
vn 1.0000 0.0000 0.0000
vn 0.8660 0.0000 0.5000
vn 0.5000 0.0000 0.8660
vn 0.0000 0.0000 1.0000
vn -0.5000 0.0000 0.8660
vn -0.8660 0.0000 0.5000
vn -1.0000 0.0000 0.0000
vn -0.8660 0.0000 -0.5000
vn -0.5000 0.0000 -0.8660
vn -0.0000 0.0000 -1.0000
vn 0.5000 0.0000 -0.8660
vn 0.8660 0.0000 -0.5000
vn 0.9239 -0.3827 0.0000
vn 0.8001 -0.3827 0.4619
vn 0.4619 -0.3827 0.8001
vn 0.0000 -0.3827 0.9239
vn -0.4619 -0.3827 0.8001
vn -0.8001 -0.3827 0.4619
vn -0.9239 -0.3827 0.0000
vn -0.8001 -0.3827 -0.4619
vn -0.4619 -0.3827 -0.8001
vn -0.0000 -0.3827 -0.9239
vn 0.4619 -0.3827 -0.8001
vn 0.8001 -0.3827 -0.4619
vn 0.7071 -0.7071 0.0000
vn 0.6124 -0.7071 0.3536
vn 0.3536 -0.7071 0.6124
vn 0.0000 -0.7071 0.7071
vn -0.3536 -0.7071 0.6124
vn -0.6124 -0.7071 0.3536
vn -0.7071 -0.7071 0.0000
vn -0.6124 -0.7071 -0.3536
vn -0.3536 -0.7071 -0.6124
vn -0.0000 -0.7071 -0.7071
vn 0.3536 -0.7071 -0.6124
vn 0.6124 -0.7071 -0.3536
vn 0.3827 -0.9239 0.0000
vn 0.3314 -0.9239 0.1913
vn 0.1913 -0.9239 0.3314
vn 0.0000 -0.9239 0.3827
vn -0.1913 -0.9239 0.3314
vn -0.3314 -0.9239 0.1913
vn -0.3827 -0.9239 0.0000
vn -0.3314 -0.9239 -0.1913
vn -0.1913 -0.9239 -0.3314
vn -0.0000 -0.9239 -0.3827
vn 0.1913 -0.9239 -0.3314
vn 0.3314 -0.9239 -0.1913
vn 0.0000 -1.0000 0.0000
vn 0.0000 -1.0000 0.0000
vn 0.0000 -1.0000 0.0000
vn 0.0000 -1.0000 0.0000
vn -0.0000 -1.0000 0.0000
vn -0.0000 -1.0000 0.0000
vn -0.0000 -1.0000 0.0000
vn -0.0000 -1.0000 -0.0000
vn -0.0000 -1.0000 -0.0000
vn -0.0000 -1.0000 -0.0000
vn 0.0000 -1.0000 -0.0000
vn 0.0000 -1.0000 -0.0000
vn 0.0000 1.0000 0.0000
vn 0.0000 1.0000 0.0000
vn 0.0000 1.0000 0.0000
vn -0.0000 1.0000 0.0000
vn -0.0000 1.0000 0.0000
vn -0.0000 1.0000 0.0000
vn -0.0000 1.0000 -0.0000
vn -0.0000 1.0000 -0.0000
vn 0.0000 1.0000 -0.0000
vn 0.0000 1.0000 -0.0000
vn 0.5000 0.8660 0.0000
vn 0.4045 0.8660 0.2939
vn 0.1545 0.8660 0.4755
vn -0.1545 0.8660 0.4755
vn -0.4045 0.8660 0.2939
vn -0.5000 0.8660 0.0000
vn -0.4045 0.8660 -0.2939
vn -0.1545 0.8660 -0.4755
vn 0.1545 0.8660 -0.4755
vn 0.4045 0.8660 -0.2939
vn 0.8660 0.5000 0.0000
vn 0.7006 0.5000 0.5090
vn 0.2676 0.5000 0.8236
vn -0.2676 0.5000 0.8236
vn -0.7006 0.5000 0.5090
vn -0.8660 0.5000 0.0000
vn -0.7006 0.5000 -0.5090
vn -0.2676 0.5000 -0.8236
vn 0.2676 0.5000 -0.8236
vn 0.7006 0.5000 -0.5090
vn 1.0000 0.0000 0.0000
vn 0.8090 0.0000 0.5878
vn 0.3090 0.0000 0.9511
vn -0.3090 0.0000 0.9511
vn -0.8090 0.0000 0.5878
vn -1.0000 0.0000 0.0000
vn -0.8090 0.0000 -0.5878
vn -0.3090 0.0000 -0.9511
vn 0.3090 0.0000 -0.9511
vn 0.8090 0.0000 -0.5878
vn 0.8660 -0.5000 0.0000
vn 0.7006 -0.5000 0.5090
vn 0.2676 -0.5000 0.8236
vn -0.2676 -0.5000 0.8236
vn -0.7006 -0.5000 0.5090
vn -0.8660 -0.5000 0.0000
vn -0.7006 -0.5000 -0.5090
vn -0.2676 -0.5000 -0.8236
vn 0.2676 -0.5000 -0.8236
vn 0.7006 -0.5000 -0.5090
vn 0.5000 -0.8660 0.0000
vn 0.4045 -0.8660 0.2939
vn 0.1545 -0.8660 0.4755
vn -0.1545 -0.8660 0.4755
vn -0.4045 -0.8660 0.2939
vn -0.5000 -0.8660 0.0000
vn -0.4045 -0.8660 -0.2939
vn -0.1545 -0.8660 -0.4755
vn 0.1545 -0.8660 -0.4755
vn 0.4045 -0.8660 -0.2939
vn 0.0000 -1.0000 0.0000
vn 0.0000 -1.0000 0.0000
vn 0.0000 -1.0000 0.0000
vn -0.0000 -1.0000 0.0000
vn -0.0000 -1.0000 0.0000
vn -0.0000 -1.0000 0.0000
vn -0.0000 -1.0000 -0.0000
vn -0.0000 -1.0000 -0.0000
vn 0.0000 -1.0000 -0.0000
vn 0.0000 -1.0000 -0.0000
vn 0.0000 0.0000 1.0000
vn 0.0000 0.0000 -1.0000
vn 0.0000 1.0000 0.0000
vn 0.0000 -1.0000 0.0000
vn 1.0000 0.0000 0.0000
vn -1.0000 0.0000 0.0000
vn 0.0000 1.0000 0.0000
vn 0.0000 1.0000 0.0000
vn 0.0000 1.0000 0.0000
vn 0.0000 1.0000 0.0000
vn -0.0000 1.0000 0.0000
vn -0.0000 1.0000 0.0000
vn -0.0000 1.0000 0.0000
vn -0.0000 1.0000 -0.0000
vn -0.0000 1.0000 -0.0000
vn -0.0000 1.0000 -0.0000
vn 0.0000 1.0000 -0.0000
vn 0.0000 1.0000 -0.0000
vn 0.3827 0.9239 0.0000
vn 0.3314 0.9239 0.1913
vn 0.1913 0.9239 0.3314
vn 0.0000 0.9239 0.3827
vn -0.1913 0.9239 0.3314
vn -0.3314 0.9239 0.1913
vn -0.3827 0.9239 0.0000
vn -0.3314 0.9239 -0.1913
vn -0.1913 0.9239 -0.3314
vn -0.0000 0.9239 -0.3827
vn 0.1913 0.9239 -0.3314
vn 0.3314 0.9239 -0.1913
vn 0.7071 0.7071 0.0000
vn 0.6124 0.7071 0.3536
vn 0.3536 0.7071 0.6124
vn 0.0000 0.7071 0.7071
vn -0.3536 0.7071 0.6124
vn -0.6124 0.7071 0.3536
vn -0.7071 0.7071 0.0000
vn -0.6124 0.7071 -0.3536
vn -0.3536 0.7071 -0.6124
vn -0.0000 0.7071 -0.7071
vn 0.3536 0.7071 -0.6124
vn 0.6124 0.7071 -0.3536
vn 0.9239 0.3827 0.0000
vn 0.8001 0.3827 0.4619
vn 0.4619 0.3827 0.8001
vn 0.0000 0.3827 0.9239
vn -0.4619 0.3827 0.8001
vn -0.8001 0.3827 0.4619
vn -0.9239 0.3827 0.0000
vn -0.8001 0.3827 -0.4619
vn -0.4619 0.3827 -0.8001
vn -0.0000 0.3827 -0.9239
vn 0.4619 0.3827 -0.8001
vn 0.8001 0.3827 -0.4619
vn 1.0000 0.0000 0.0000
vn 0.8660 0.0000 0.5000
vn 0.5000 0.0000 0.8660
vn 0.0000 0.0000 1.0000
vn -0.5000 0.0000 0.8660
vn -0.8660 0.0000 0.5000
vn -1.0000 0.0000 0.0000
vn -0.8660 0.0000 -0.5000
vn -0.5000 0.0000 -0.8660
vn -0.0000 0.0000 -1.0000
vn 0.5000 0.0000 -0.8660
vn 0.8660 0.0000 -0.5000
vn 0.9239 -0.3827 0.0000
vn 0.8001 -0.3827 0.4619
vn 0.4619 -0.3827 0.8001
vn 0.0000 -0.3827 0.9239
vn -0.4619 -0.3827 0.8001
vn -0.8001 -0.3827 0.4619
vn -0.9239 -0.3827 0.0000
vn -0.8001 -0.3827 -0.4619
vn -0.4619 -0.3827 -0.8001
vn -0.0000 -0.3827 -0.9239
vn 0.4619 -0.3827 -0.8001
vn 0.8001 -0.3827 -0.4619
vn 0.7071 -0.7071 0.0000
vn 0.6124 -0.7071 0.3536
vn 0.3536 -0.7071 0.6124
vn 0.0000 -0.7071 0.7071
vn -0.3536 -0.7071 0.6124
vn -0.6124 -0.7071 0.3536
vn -0.7071 -0.7071 0.0000
vn -0.6124 -0.7071 -0.3536
vn -0.3536 -0.7071 -0.6124
vn -0.0000 -0.7071 -0.7071
vn 0.3536 -0.7071 -0.6124
vn 0.6124 -0.7071 -0.3536
vn 0.3827 -0.9239 0.0000
vn 0.3314 -0.9239 0.1913
vn 0.1913 -0.9239 0.3314
vn 0.0000 -0.9239 0.3827
vn -0.1913 -0.9239 0.3314
vn -0.3314 -0.9239 0.1913
vn -0.3827 -0.9239 0.0000
vn -0.3314 -0.9239 -0.1913
vn -0.1913 -0.9239 -0.3314
vn -0.0000 -0.9239 -0.3827
vn 0.1913 -0.9239 -0.3314
vn 0.3314 -0.9239 -0.1913
vn 0.0000 -1.0000 0.0000
vn 0.0000 -1.0000 0.0000
vn 0.0000 -1.0000 0.0000
vn 0.0000 -1.0000 0.0000
vn -0.0000 -1.0000 0.0000
vn -0.0000 -1.0000 0.0000
vn -0.0000 -1.0000 0.0000
vn -0.0000 -1.0000 -0.0000
vn -0.0000 -1.0000 -0.0000
vn -0.0000 -1.0000 -0.0000
vn 0.0000 -1.0000 -0.0000
vn 0.0000 -1.0000 -0.0000
vn 0.0000 1.0000 0.0000
vn 0.0000 1.0000 0.0000
vn 0.0000 1.0000 0.0000
vn 0.0000 1.0000 0.0000
vn -0.0000 1.0000 0.0000
vn -0.0000 1.0000 0.0000
vn -0.0000 1.0000 0.0000
vn -0.0000 1.0000 -0.0000
vn -0.0000 1.0000 -0.0000
vn -0.0000 1.0000 -0.0000
vn 0.0000 1.0000 -0.0000
vn 0.0000 1.0000 -0.0000
vn 0.3827 0.9239 0.0000
vn 0.3314 0.9239 0.1913
vn 0.1913 0.9239 0.3314
vn 0.0000 0.9239 0.3827
vn -0.1913 0.9239 0.3314
vn -0.3314 0.9239 0.1913
vn -0.3827 0.9239 0.0000
vn -0.3314 0.9239 -0.1913
vn -0.1913 0.9239 -0.3314
vn -0.0000 0.9239 -0.3827
vn 0.1913 0.9239 -0.3314
vn 0.3314 0.9239 -0.1913
vn 0.7071 0.7071 0.0000
vn 0.6124 0.7071 0.3536
vn 0.3536 0.7071 0.6124
vn 0.0000 0.7071 0.7071
vn -0.3536 0.7071 0.6124
vn -0.6124 0.7071 0.3536
vn -0.7071 0.7071 0.0000
vn -0.6124 0.7071 -0.3536
vn -0.3536 0.7071 -0.6124
vn -0.0000 0.7071 -0.7071
vn 0.3536 0.7071 -0.6124
vn 0.6124 0.7071 -0.3536
vn 0.9239 0.3827 0.0000
vn 0.8001 0.3827 0.4619
vn 0.4619 0.3827 0.8001
vn 0.0000 0.3827 0.9239
vn -0.4619 0.3827 0.8001
vn -0.8001 0.3827 0.4619
vn -0.9239 0.3827 0.0000
vn -0.8001 0.3827 -0.4619
vn -0.4619 0.3827 -0.8001
vn -0.0000 0.3827 -0.9239
vn 0.4619 0.3827 -0.8001
vn 0.8001 0.3827 -0.4619
vn 1.0000 0.0000 0.0000
vn 0.8660 0.0000 0.5000
vn 0.5000 0.0000 0.8660
vn 0.0000 0.0000 1.0000
vn -0.5000 0.0000 0.8660
vn -0.8660 0.0000 0.5000
vn -1.0000 0.0000 0.0000
vn -0.8660 0.0000 -0.5000
vn -0.5000 0.0000 -0.8660
vn -0.0000 0.0000 -1.0000
vn 0.5000 0.0000 -0.8660
vn 0.8660 0.0000 -0.5000
vn 0.9239 -0.3827 0.0000
vn 0.8001 -0.3827 0.4619
vn 0.4619 -0.3827 0.8001
vn 0.0000 -0.3827 0.9239
vn -0.4619 -0.3827 0.8001
vn -0.8001 -0.3827 0.4619
vn -0.9239 -0.3827 0.0000
vn -0.8001 -0.3827 -0.4619
vn -0.4619 -0.3827 -0.8001
vn -0.0000 -0.3827 -0.9239
vn 0.4619 -0.3827 -0.8001
vn 0.8001 -0.3827 -0.4619
vn 0.7071 -0.7071 0.0000
vn 0.6124 -0.7071 0.3536
vn 0.3536 -0.7071 0.6124
vn 0.0000 -0.7071 0.7071
vn -0.3536 -0.7071 0.6124
vn -0.6124 -0.7071 0.3536
vn -0.7071 -0.7071 0.0000
vn -0.6124 -0.7071 -0.3536
vn -0.3536 -0.7071 -0.6124
vn -0.0000 -0.7071 -0.7071
vn 0.3536 -0.7071 -0.6124
vn 0.6124 -0.7071 -0.3536
vn 0.3827 -0.9239 0.0000
vn 0.3314 -0.9239 0.1913
vn 0.1913 -0.9239 0.3314
vn 0.0000 -0.9239 0.3827
vn -0.1913 -0.9239 0.3314
vn -0.3314 -0.9239 0.1913
vn -0.3827 -0.9239 0.0000
vn -0.3314 -0.9239 -0.1913
vn -0.1913 -0.9239 -0.3314
vn -0.0000 -0.9239 -0.3827
vn 0.1913 -0.9239 -0.3314
vn 0.3314 -0.9239 -0.1913
vn 0.0000 -1.0000 0.0000
vn 0.0000 -1.0000 0.0000
vn 0.0000 -1.0000 0.0000
vn 0.0000 -1.0000 0.0000
vn -0.0000 -1.0000 0.0000
vn -0.0000 -1.0000 0.0000
vn -0.0000 -1.0000 0.0000
vn -0.0000 -1.0000 -0.0000
vn -0.0000 -1.0000 -0.0000
vn -0.0000 -1.0000 -0.0000
vn 0.0000 -1.0000 -0.0000
vn 0.0000 -1.0000 -0.0000
vn 0.0000 1.0000 0.0000
vn 0.0000 1.0000 0.0000
vn 0.0000 1.0000 0.0000
vn -0.0000 1.0000 0.0000
vn -0.0000 1.0000 0.0000
vn -0.0000 1.0000 0.0000
vn -0.0000 1.0000 -0.0000
vn -0.0000 1.0000 -0.0000
vn 0.0000 1.0000 -0.0000
vn 0.0000 1.0000 -0.0000
vn 0.5000 0.8660 0.0000
vn 0.4045 0.8660 0.2939
vn 0.1545 0.8660 0.4755
vn -0.1545 0.8660 0.4755
vn -0.4045 0.8660 0.2939
vn -0.5000 0.8660 0.0000
vn -0.4045 0.8660 -0.2939
vn -0.1545 0.8660 -0.4755
vn 0.1545 0.8660 -0.4755
vn 0.4045 0.8660 -0.2939
vn 0.8660 0.5000 0.0000
vn 0.7006 0.5000 0.5090
vn 0.2676 0.5000 0.8236
vn -0.2676 0.5000 0.8236
vn -0.7006 0.5000 0.5090
vn -0.8660 0.5000 0.0000
vn -0.7006 0.5000 -0.5090
vn -0.2676 0.5000 -0.8236
vn 0.2676 0.5000 -0.8236
vn 0.7006 0.5000 -0.5090
vn 1.0000 0.0000 0.0000
vn 0.8090 0.0000 0.5878
vn 0.3090 0.0000 0.9511
vn -0.3090 0.0000 0.9511
vn -0.8090 0.0000 0.5878
vn -1.0000 0.0000 0.0000
vn -0.8090 0.0000 -0.5878
vn -0.3090 0.0000 -0.9511
vn 0.3090 0.0000 -0.9511
vn 0.8090 0.0000 -0.5878
vn 0.8660 -0.5000 0.0000
vn 0.7006 -0.5000 0.5090
vn 0.2676 -0.5000 0.8236
vn -0.2676 -0.5000 0.8236
vn -0.7006 -0.5000 0.5090
vn -0.8660 -0.5000 0.0000
vn -0.7006 -0.5000 -0.5090
vn -0.2676 -0.5000 -0.8236
vn 0.2676 -0.5000 -0.8236
vn 0.7006 -0.5000 -0.5090
vn 0.5000 -0.8660 0.0000
vn 0.4045 -0.8660 0.2939
vn 0.1545 -0.8660 0.4755
vn -0.1545 -0.8660 0.4755
vn -0.4045 -0.8660 0.2939
vn -0.5000 -0.8660 0.0000
vn -0.4045 -0.8660 -0.2939
vn -0.1545 -0.8660 -0.4755
vn 0.1545 -0.8660 -0.4755
vn 0.4045 -0.8660 -0.2939
vn 0.0000 -1.0000 0.0000
vn 0.0000 -1.0000 0.0000
vn 0.0000 -1.0000 0.0000
vn -0.0000 -1.0000 0.0000
vn -0.0000 -1.0000 0.0000
vn -0.0000 -1.0000 0.0000
vn -0.0000 -1.0000 -0.0000
vn -0.0000 -1.0000 -0.0000
vn 0.0000 -1.0000 -0.0000
vn 0.0000 -1.0000 -0.0000
vn 0.0000 0.0000 1.0000
vn 0.0000 0.0000 -1.0000
vn 0.0000 1.0000 0.0000
vn 0.0000 -1.0000 0.0000
vn 1.0000 0.0000 0.0000
vn -1.0000 0.0000 0.0000
vn 0.0000 1.0000 0.0000
vn 0.0000 1.0000 0.0000
vn 0.0000 1.0000 0.0000
vn 0.0000 1.0000 0.0000
vn -0.0000 1.0000 0.0000
vn -0.0000 1.0000 0.0000
vn -0.0000 1.0000 0.0000
vn -0.0000 1.0000 -0.0000
vn -0.0000 1.0000 -0.0000
vn -0.0000 1.0000 -0.0000
vn 0.0000 1.0000 -0.0000
vn 0.0000 1.0000 -0.0000
vn 0.3827 0.9239 0.0000
vn 0.3314 0.9239 0.1913
vn 0.1913 0.9239 0.3314
vn 0.0000 0.9239 0.3827
vn -0.1913 0.9239 0.3314
vn -0.3314 0.9239 0.1913
vn -0.3827 0.9239 0.0000
vn -0.3314 0.9239 -0.1913
vn -0.1913 0.9239 -0.3314
vn -0.0000 0.9239 -0.3827
vn 0.1913 0.9239 -0.3314
vn 0.3314 0.9239 -0.1913
vn 0.7071 0.7071 0.0000
vn 0.6124 0.7071 0.3536
vn 0.3536 0.7071 0.6124
vn 0.0000 0.7071 0.7071
vn -0.3536 0.7071 0.6124
vn -0.6124 0.7071 0.3536
vn -0.7071 0.7071 0.0000
vn -0.6124 0.7071 -0.3536
vn -0.3536 0.7071 -0.6124
vn -0.0000 0.7071 -0.7071
vn 0.3536 0.7071 -0.6124
vn 0.6124 0.7071 -0.3536
vn 0.9239 0.3827 0.0000
vn 0.8001 0.3827 0.4619
vn 0.4619 0.3827 0.8001
vn 0.0000 0.3827 0.9239
vn -0.4619 0.3827 0.8001
vn -0.8001 0.3827 0.4619
vn -0.9239 0.3827 0.0000
vn -0.8001 0.3827 -0.4619
vn -0.4619 0.3827 -0.8001
vn -0.0000 0.3827 -0.9239
vn 0.4619 0.3827 -0.8001
vn 0.8001 0.3827 -0.4619
vn 1.0000 0.0000 0.0000
vn 0.8660 0.0000 0.5000
vn 0.5000 0.0000 0.8660
vn 0.0000 0.0000 1.0000
vn -0.5000 0.0000 0.8660
vn -0.8660 0.0000 0.5000
vn -1.0000 0.0000 0.0000
vn -0.8660 0.0000 -0.5000
vn -0.5000 0.0000 -0.8660
vn -0.0000 0.0000 -1.0000
vn 0.5000 0.0000 -0.8660
vn 0.8660 0.0000 -0.5000
vn 0.9239 -0.3827 0.0000
vn 0.8001 -0.3827 0.4619
vn 0.4619 -0.3827 0.8001
vn 0.0000 -0.3827 0.9239
vn -0.4619 -0.3827 0.8001
vn -0.8001 -0.3827 0.4619
vn -0.9239 -0.3827 0.0000
vn -0.8001 -0.3827 -0.4619
vn -0.4619 -0.3827 -0.8001
vn -0.0000 -0.3827 -0.9239
vn 0.4619 -0.3827 -0.8001
vn 0.8001 -0.3827 -0.4619
vn 0.7071 -0.7071 0.0000
vn 0.6124 -0.7071 0.3536
vn 0.3536 -0.7071 0.6124
vn 0.0000 -0.7071 0.7071
vn -0.3536 -0.7071 0.6124
vn -0.6124 -0.7071 0.3536
vn -0.7071 -0.7071 0.0000
vn -0.6124 -0.7071 -0.3536
vn -0.3536 -0.7071 -0.6124
vn -0.0000 -0.7071 -0.7071
vn 0.3536 -0.7071 -0.6124
vn 0.6124 -0.7071 -0.3536
vn 0.3827 -0.9239 0.0000
vn 0.3314 -0.9239 0.1913
vn 0.1913 -0.9239 0.3314
vn 0.0000 -0.9239 0.3827
vn -0.1913 -0.9239 0.3314
vn -0.3314 -0.9239 0.1913
vn -0.3827 -0.9239 0.0000
vn -0.3314 -0.9239 -0.1913
vn -0.1913 -0.9239 -0.3314
vn -0.0000 -0.9239 -0.3827
vn 0.1913 -0.9239 -0.3314
vn 0.3314 -0.9239 -0.1913
vn 0.0000 -1.0000 0.0000
vn 0.0000 -1.0000 0.0000
vn 0.0000 -1.0000 0.0000
vn 0.0000 -1.0000 0.0000
vn -0.0000 -1.0000 0.0000
vn -0.0000 -1.0000 0.0000
vn -0.0000 -1.0000 0.0000
vn -0.0000 -1.0000 -0.0000
vn -0.0000 -1.0000 -0.0000
vn -0.0000 -1.0000 -0.0000
vn 0.0000 -1.0000 -0.0000
vn 0.0000 -1.0000 -0.0000
vn 0.0000 1.0000 0.0000
vn 0.0000 1.0000 0.0000
vn 0.0000 1.0000 0.0000
vn 0.0000 1.0000 0.0000
vn -0.0000 1.0000 0.0000
vn -0.0000 1.0000 0.0000
vn -0.0000 1.0000 0.0000
vn -0.0000 1.0000 -0.0000
vn -0.0000 1.0000 -0.0000
vn -0.0000 1.0000 -0.0000
vn 0.0000 1.0000 -0.0000
vn 0.0000 1.0000 -0.0000
vn 0.3827 0.9239 0.0000
vn 0.3314 0.9239 0.1913
vn 0.1913 0.9239 0.3314
vn 0.0000 0.9239 0.3827
vn -0.1913 0.9239 0.3314
vn -0.3314 0.9239 0.1913
vn -0.3827 0.9239 0.0000
vn -0.3314 0.9239 -0.1913
vn -0.1913 0.9239 -0.3314
vn -0.0000 0.9239 -0.3827
vn 0.1913 0.9239 -0.3314
vn 0.3314 0.9239 -0.1913
vn 0.7071 0.7071 0.0000
vn 0.6124 0.7071 0.3536
vn 0.3536 0.7071 0.6124
vn 0.0000 0.7071 0.7071
vn -0.3536 0.7071 0.6124
vn -0.6124 0.7071 0.3536
vn -0.7071 0.7071 0.0000
vn -0.6124 0.7071 -0.3536
vn -0.3536 0.7071 -0.6124
vn -0.0000 0.7071 -0.7071
vn 0.3536 0.7071 -0.6124
vn 0.6124 0.7071 -0.3536
vn 0.9239 0.3827 0.0000
vn 0.8001 0.3827 0.4619
vn 0.4619 0.3827 0.8001
vn 0.0000 0.3827 0.9239
vn -0.4619 0.3827 0.8001
vn -0.8001 0.3827 0.4619
vn -0.9239 0.3827 0.0000
vn -0.8001 0.3827 -0.4619
vn -0.4619 0.3827 -0.8001
vn -0.0000 0.3827 -0.9239
vn 0.4619 0.3827 -0.8001
vn 0.8001 0.3827 -0.4619
vn 1.0000 0.0000 0.0000
vn 0.8660 0.0000 0.5000
vn 0.5000 0.0000 0.8660
vn 0.0000 0.0000 1.0000
vn -0.5000 0.0000 0.8660
vn -0.8660 0.0000 0.5000
vn -1.0000 0.0000 0.0000
vn -0.8660 0.0000 -0.5000
vn -0.5000 0.0000 -0.8660
vn -0.0000 0.0000 -1.0000
vn 0.5000 0.0000 -0.8660
vn 0.8660 0.0000 -0.5000
vn 0.9239 -0.3827 0.0000
vn 0.8001 -0.3827 0.4619
vn 0.4619 -0.3827 0.8001
vn 0.0000 -0.3827 0.9239
vn -0.4619 -0.3827 0.8001
vn -0.8001 -0.3827 0.4619
vn -0.9239 -0.3827 0.0000
vn -0.8001 -0.3827 -0.4619
vn -0.4619 -0.3827 -0.8001
vn -0.0000 -0.3827 -0.9239
vn 0.4619 -0.3827 -0.8001
vn 0.8001 -0.3827 -0.4619
vn 0.7071 -0.7071 0.0000
vn 0.6124 -0.7071 0.3536
vn 0.3536 -0.7071 0.6124
vn 0.0000 -0.7071 0.7071
vn -0.3536 -0.7071 0.6124
vn -0.6124 -0.7071 0.3536
vn -0.7071 -0.7071 0.0000
vn -0.6124 -0.7071 -0.3536
vn -0.3536 -0.7071 -0.6124
vn -0.0000 -0.7071 -0.7071
vn 0.3536 -0.7071 -0.6124
vn 0.6124 -0.7071 -0.3536
vn 0.3827 -0.9239 0.0000
vn 0.3314 -0.9239 0.1913
vn 0.1913 -0.9239 0.3314
vn 0.0000 -0.9239 0.3827
vn -0.1913 -0.9239 0.3314
vn -0.3314 -0.9239 0.1913
vn -0.3827 -0.9239 0.0000
vn -0.3314 -0.9239 -0.1913
vn -0.1913 -0.9239 -0.3314
vn -0.0000 -0.9239 -0.3827
vn 0.1913 -0.9239 -0.3314
vn 0.3314 -0.9239 -0.1913
vn 0.0000 -1.0000 0.0000
vn 0.0000 -1.0000 0.0000
vn 0.0000 -1.0000 0.0000
vn 0.0000 -1.0000 0.0000
vn -0.0000 -1.0000 0.0000
vn -0.0000 -1.0000 0.0000
vn -0.0000 -1.0000 0.0000
vn -0.0000 -1.0000 -0.0000
vn -0.0000 -1.0000 -0.0000
vn -0.0000 -1.0000 -0.0000
vn 0.0000 -1.0000 -0.0000
vn 0.0000 -1.0000 -0.0000
vn 0.0000 1.0000 0.0000
vn 0.0000 1.0000 0.0000
vn 0.0000 1.0000 0.0000
vn -0.0000 1.0000 0.0000
vn -0.0000 1.0000 0.0000
vn -0.0000 1.0000 0.0000
vn -0.0000 1.0000 -0.0000
vn -0.0000 1.0000 -0.0000
vn 0.0000 1.0000 -0.0000
vn 0.0000 1.0000 -0.0000
vn 0.5000 0.8660 0.0000
vn 0.4045 0.8660 0.2939
vn 0.1545 0.8660 0.4755
vn -0.1545 0.8660 0.4755
vn -0.4045 0.8660 0.2939
vn -0.5000 0.8660 0.0000
vn -0.4045 0.8660 -0.2939
vn -0.1545 0.8660 -0.4755
vn 0.1545 0.8660 -0.4755
vn 0.4045 0.8660 -0.2939
vn 0.8660 0.5000 0.0000
vn 0.7006 0.5000 0.5090
vn 0.2676 0.5000 0.8236
vn -0.2676 0.5000 0.8236
vn -0.7006 0.5000 0.5090
vn -0.8660 0.5000 0.0000
vn -0.7006 0.5000 -0.5090
vn -0.2676 0.5000 -0.8236
vn 0.2676 0.5000 -0.8236
vn 0.7006 0.5000 -0.5090
vn 1.0000 0.0000 0.0000
vn 0.8090 0.0000 0.5878
vn 0.3090 0.0000 0.9511
vn -0.3090 0.0000 0.9511
vn -0.8090 0.0000 0.5878
vn -1.0000 0.0000 0.0000
vn -0.8090 0.0000 -0.5878
vn -0.3090 0.0000 -0.9511
vn 0.3090 0.0000 -0.9511
vn 0.8090 0.0000 -0.5878
vn 0.8660 -0.5000 0.0000
vn 0.7006 -0.5000 0.5090
vn 0.2676 -0.5000 0.8236
vn -0.2676 -0.5000 0.8236
vn -0.7006 -0.5000 0.5090
vn -0.8660 -0.5000 0.0000
vn -0.7006 -0.5000 -0.5090
vn -0.2676 -0.5000 -0.8236
vn 0.2676 -0.5000 -0.8236
vn 0.7006 -0.5000 -0.5090
vn 0.5000 -0.8660 0.0000
vn 0.4045 -0.8660 0.2939
vn 0.1545 -0.8660 0.4755
vn -0.1545 -0.8660 0.4755
vn -0.4045 -0.8660 0.2939
vn -0.5000 -0.8660 0.0000
vn -0.4045 -0.8660 -0.2939
vn -0.1545 -0.8660 -0.4755
vn 0.1545 -0.8660 -0.4755
vn 0.4045 -0.8660 -0.2939
vn 0.0000 -1.0000 0.0000
vn 0.0000 -1.0000 0.0000
vn 0.0000 -1.0000 0.0000
vn -0.0000 -1.0000 0.0000
vn -0.0000 -1.0000 0.0000
vn -0.0000 -1.0000 0.0000
vn -0.0000 -1.0000 -0.0000
vn -0.0000 -1.0000 -0.0000
vn 0.0000 -1.0000 -0.0000
vn 0.0000 -1.0000 -0.0000
vn 0.0000 0.0000 1.0000
vn 0.0000 0.0000 -1.0000
vn 0.0000 1.0000 0.0000
vn 0.0000 -1.0000 0.0000
vn 1.0000 0.0000 0.0000
vn -1.0000 0.0000 0.0000
vn 0.0000 1.0000 0.0000
vn 0.0000 1.0000 0.0000
vn 0.0000 1.0000 0.0000
vn 0.0000 1.0000 0.0000
vn -0.0000 1.0000 0.0000
vn -0.0000 1.0000 0.0000
vn -0.0000 1.0000 0.0000
vn -0.0000 1.0000 -0.0000
vn -0.0000 1.0000 -0.0000
vn -0.0000 1.0000 -0.0000
vn 0.0000 1.0000 -0.0000
vn 0.0000 1.0000 -0.0000
vn 0.3827 0.9239 0.0000
vn 0.3314 0.9239 0.1913
vn 0.1913 0.9239 0.3314
vn 0.0000 0.9239 0.3827
vn -0.1913 0.9239 0.3314
vn -0.3314 0.9239 0.1913
vn -0.3827 0.9239 0.0000
vn -0.3314 0.9239 -0.1913
vn -0.1913 0.9239 -0.3314
vn -0.0000 0.9239 -0.3827
vn 0.1913 0.9239 -0.3314
vn 0.3314 0.9239 -0.1913
vn 0.7071 0.7071 0.0000
vn 0.6124 0.7071 0.3536
vn 0.3536 0.7071 0.6124
vn 0.0000 0.7071 0.7071
vn -0.3536 0.7071 0.6124
vn -0.6124 0.7071 0.3536
vn -0.7071 0.7071 0.0000
vn -0.6124 0.7071 -0.3536
vn -0.3536 0.7071 -0.6124
vn -0.0000 0.7071 -0.7071
vn 0.3536 0.7071 -0.6124
vn 0.6124 0.7071 -0.3536
vn 0.9239 0.3827 0.0000
vn 0.8001 0.3827 0.4619
vn 0.4619 0.3827 0.8001
vn 0.0000 0.3827 0.9239
vn -0.4619 0.3827 0.8001
vn -0.8001 0.3827 0.4619
vn -0.9239 0.3827 0.0000
vn -0.8001 0.3827 -0.4619
vn -0.4619 0.3827 -0.8001
vn -0.0000 0.3827 -0.9239
vn 0.4619 0.3827 -0.8001
vn 0.8001 0.3827 -0.4619
vn 1.0000 0.0000 0.0000
vn 0.8660 0.0000 0.5000
vn 0.5000 0.0000 0.8660
vn 0.0000 0.0000 1.0000
vn -0.5000 0.0000 0.8660
vn -0.8660 0.0000 0.5000
vn -1.0000 0.0000 0.0000
vn -0.8660 0.0000 -0.5000
vn -0.5000 0.0000 -0.8660
vn -0.0000 0.0000 -1.0000
vn 0.5000 0.0000 -0.8660
vn 0.8660 0.0000 -0.5000
vn 0.9239 -0.3827 0.0000
vn 0.8001 -0.3827 0.4619
vn 0.4619 -0.3827 0.8001
vn 0.0000 -0.3827 0.9239
vn -0.4619 -0.3827 0.8001
vn -0.8001 -0.3827 0.4619
vn -0.9239 -0.3827 0.0000
vn -0.8001 -0.3827 -0.4619
vn -0.4619 -0.3827 -0.8001
vn -0.0000 -0.3827 -0.9239
vn 0.4619 -0.3827 -0.8001
vn 0.8001 -0.3827 -0.4619
vn 0.7071 -0.7071 0.0000
vn 0.6124 -0.7071 0.3536
vn 0.3536 -0.7071 0.6124
vn 0.0000 -0.7071 0.7071
vn -0.3536 -0.7071 0.6124
vn -0.6124 -0.7071 0.3536
vn -0.7071 -0.7071 0.0000
vn -0.6124 -0.7071 -0.3536
vn -0.3536 -0.7071 -0.6124
vn -0.0000 -0.7071 -0.7071
vn 0.3536 -0.7071 -0.6124
vn 0.6124 -0.7071 -0.3536
vn 0.3827 -0.9239 0.0000
vn 0.3314 -0.9239 0.1913
vn 0.1913 -0.9239 0.3314
vn 0.0000 -0.9239 0.3827
vn -0.1913 -0.9239 0.3314
vn -0.3314 -0.9239 0.1913
vn -0.3827 -0.9239 0.0000
vn -0.3314 -0.9239 -0.1913
vn -0.1913 -0.9239 -0.3314
vn -0.0000 -0.9239 -0.3827
vn 0.1913 -0.9239 -0.3314
vn 0.3314 -0.9239 -0.1913
vn 0.0000 -1.0000 0.0000
vn 0.0000 -1.0000 0.0000
vn 0.0000 -1.0000 0.0000
vn 0.0000 -1.0000 0.0000
vn -0.0000 -1.0000 0.0000
vn -0.0000 -1.0000 0.0000
vn -0.0000 -1.0000 0.0000
vn -0.0000 -1.0000 -0.0000
vn -0.0000 -1.0000 -0.0000
vn -0.0000 -1.0000 -0.0000
vn 0.0000 -1.0000 -0.0000
vn 0.0000 -1.0000 -0.0000
vn 0.0000 1.0000 0.0000
vn 0.0000 1.0000 0.0000
vn 0.0000 1.0000 0.0000
vn 0.0000 1.0000 0.0000
vn -0.0000 1.0000 0.0000
vn -0.0000 1.0000 0.0000
vn -0.0000 1.0000 0.0000
vn -0.0000 1.0000 -0.0000
vn -0.0000 1.0000 -0.0000
vn -0.0000 1.0000 -0.0000
vn 0.0000 1.0000 -0.0000
vn 0.0000 1.0000 -0.0000
vn 0.3827 0.9239 0.0000
vn 0.3314 0.9239 0.1913
vn 0.1913 0.9239 0.3314
vn 0.0000 0.9239 0.3827
vn -0.1913 0.9239 0.3314
vn -0.3314 0.9239 0.1913
vn -0.3827 0.9239 0.0000
vn -0.3314 0.9239 -0.1913
vn -0.1913 0.9239 -0.3314
vn -0.0000 0.9239 -0.3827
vn 0.1913 0.9239 -0.3314
vn 0.3314 0.9239 -0.1913
vn 0.7071 0.7071 0.0000
vn 0.6124 0.7071 0.3536
vn 0.3536 0.7071 0.6124
vn 0.0000 0.7071 0.7071
vn -0.3536 0.7071 0.6124
vn -0.6124 0.7071 0.3536
vn -0.7071 0.7071 0.0000
vn -0.6124 0.7071 -0.3536
vn -0.3536 0.7071 -0.6124
vn -0.0000 0.7071 -0.7071
vn 0.3536 0.7071 -0.6124
vn 0.6124 0.7071 -0.3536
vn 0.9239 0.3827 0.0000
vn 0.8001 0.3827 0.4619
vn 0.4619 0.3827 0.8001
vn 0.0000 0.3827 0.9239
vn -0.4619 0.3827 0.8001
vn -0.8001 0.3827 0.4619
vn -0.9239 0.3827 0.0000
vn -0.8001 0.3827 -0.4619
vn -0.4619 0.3827 -0.8001
vn -0.0000 0.3827 -0.9239
vn 0.4619 0.3827 -0.8001
vn 0.8001 0.3827 -0.4619
vn 1.0000 0.0000 0.0000
vn 0.8660 0.0000 0.5000
vn 0.5000 0.0000 0.8660
vn 0.0000 0.0000 1.0000
vn -0.5000 0.0000 0.8660
vn -0.8660 0.0000 0.5000
vn -1.0000 0.0000 0.0000
vn -0.8660 0.0000 -0.5000
vn -0.5000 0.0000 -0.8660
vn -0.0000 0.0000 -1.0000
vn 0.5000 0.0000 -0.8660
vn 0.8660 0.0000 -0.5000
vn 0.9239 -0.3827 0.0000
vn 0.8001 -0.3827 0.4619
vn 0.4619 -0.3827 0.8001
vn 0.0000 -0.3827 0.9239
vn -0.4619 -0.3827 0.8001
vn -0.8001 -0.3827 0.4619
vn -0.9239 -0.3827 0.0000
vn -0.8001 -0.3827 -0.4619
vn -0.4619 -0.3827 -0.8001
vn -0.0000 -0.3827 -0.9239
vn 0.4619 -0.3827 -0.8001
vn 0.8001 -0.3827 -0.4619
vn 0.7071 -0.7071 0.0000
vn 0.6124 -0.7071 0.3536
vn 0.3536 -0.7071 0.6124
vn 0.0000 -0.7071 0.7071
vn -0.3536 -0.7071 0.6124
vn -0.6124 -0.7071 0.3536
vn -0.7071 -0.7071 0.0000
vn -0.6124 -0.7071 -0.3536
vn -0.3536 -0.7071 -0.6124
vn -0.0000 -0.7071 -0.7071
vn 0.3536 -0.7071 -0.6124
vn 0.6124 -0.7071 -0.3536
vn 0.3827 -0.9239 0.0000
vn 0.3314 -0.9239 0.1913
vn 0.1913 -0.9239 0.3314
vn 0.0000 -0.9239 0.3827
vn -0.1913 -0.9239 0.3314
vn -0.3314 -0.9239 0.1913
vn -0.3827 -0.9239 0.0000
vn -0.3314 -0.9239 -0.1913
vn -0.1913 -0.9239 -0.3314
vn -0.0000 -0.9239 -0.3827
vn 0.1913 -0.9239 -0.3314
vn 0.3314 -0.9239 -0.1913
vn 0.0000 -1.0000 0.0000
vn 0.0000 -1.0000 0.0000
vn 0.0000 -1.0000 0.0000
vn 0.0000 -1.0000 0.0000
vn -0.0000 -1.0000 0.0000
vn -0.0000 -1.0000 0.0000
vn -0.0000 -1.0000 0.0000
vn -0.0000 -1.0000 -0.0000
vn -0.0000 -1.0000 -0.0000
vn -0.0000 -1.0000 -0.0000
vn 0.0000 -1.0000 -0.0000
vn 0.0000 -1.0000 -0.0000
vn 0.0000 1.0000 0.0000
vn 0.0000 1.0000 0.0000
vn 0.0000 1.0000 0.0000
vn -0.0000 1.0000 0.0000
vn -0.0000 1.0000 0.0000
vn -0.0000 1.0000 0.0000
vn -0.0000 1.0000 -0.0000
vn -0.0000 1.0000 -0.0000
vn 0.0000 1.0000 -0.0000
vn 0.0000 1.0000 -0.0000
vn 0.5000 0.8660 0.0000
vn 0.4045 0.8660 0.2939
vn 0.1545 0.8660 0.4755
vn -0.1545 0.8660 0.4755
vn -0.4045 0.8660 0.2939
vn -0.5000 0.8660 0.0000
vn -0.4045 0.8660 -0.2939
vn -0.1545 0.8660 -0.4755
vn 0.1545 0.8660 -0.4755
vn 0.4045 0.8660 -0.2939
vn 0.8660 0.5000 0.0000
vn 0.7006 0.5000 0.5090
vn 0.2676 0.5000 0.8236
vn -0.2676 0.5000 0.8236
vn -0.7006 0.5000 0.5090
vn -0.8660 0.5000 0.0000
vn -0.7006 0.5000 -0.5090
vn -0.2676 0.5000 -0.8236
vn 0.2676 0.5000 -0.8236
vn 0.7006 0.5000 -0.5090
vn 1.0000 0.0000 0.0000
vn 0.8090 0.0000 0.5878
vn 0.3090 0.0000 0.9511
vn -0.3090 0.0000 0.9511
vn -0.8090 0.0000 0.5878
vn -1.0000 0.0000 0.0000
vn -0.8090 0.0000 -0.5878
vn -0.3090 0.0000 -0.9511
vn 0.3090 0.0000 -0.9511
vn 0.8090 0.0000 -0.5878
vn 0.8660 -0.5000 0.0000
vn 0.7006 -0.5000 0.5090
vn 0.2676 -0.5000 0.8236
vn -0.2676 -0.5000 0.8236
vn -0.7006 -0.5000 0.5090
vn -0.8660 -0.5000 0.0000
vn -0.7006 -0.5000 -0.5090
vn -0.2676 -0.5000 -0.8236
vn 0.2676 -0.5000 -0.8236
vn 0.7006 -0.5000 -0.5090
vn 0.5000 -0.8660 0.0000
vn 0.4045 -0.8660 0.2939
vn 0.1545 -0.8660 0.4755
vn -0.1545 -0.8660 0.4755
vn -0.4045 -0.8660 0.2939
vn -0.5000 -0.8660 0.0000
vn -0.4045 -0.8660 -0.2939
vn -0.1545 -0.8660 -0.4755
vn 0.1545 -0.8660 -0.4755
vn 0.4045 -0.8660 -0.2939
vn 0.0000 -1.0000 0.0000
vn 0.0000 -1.0000 0.0000
vn 0.0000 -1.0000 0.0000
vn -0.0000 -1.0000 0.0000
vn -0.0000 -1.0000 0.0000
vn -0.0000 -1.0000 0.0000
vn -0.0000 -1.0000 -0.0000
vn -0.0000 -1.0000 -0.0000
vn 0.0000 -1.0000 -0.0000
vn 0.0000 -1.0000 -0.0000
vn 0.0000 0.0000 1.0000
vn 0.0000 0.0000 -1.0000
vn 0.0000 1.0000 0.0000
vn 0.0000 -1.0000 0.0000
vn 1.0000 0.0000 0.0000
vn -1.0000 0.0000 0.0000
vn 0.0000 1.0000 0.0000
vn 0.0000 1.0000 0.0000
vn 0.0000 1.0000 0.0000
vn 0.0000 1.0000 0.0000
vn -0.0000 1.0000 0.0000
vn -0.0000 1.0000 0.0000
vn -0.0000 1.0000 0.0000
vn -0.0000 1.0000 -0.0000
vn -0.0000 1.0000 -0.0000
vn -0.0000 1.0000 -0.0000
vn 0.0000 1.0000 -0.0000
vn 0.0000 1.0000 -0.0000
vn 0.3827 0.9239 0.0000
vn 0.3314 0.9239 0.1913
vn 0.1913 0.9239 0.3314
vn 0.0000 0.9239 0.3827
vn -0.1913 0.9239 0.3314
vn -0.3314 0.9239 0.1913
vn -0.3827 0.9239 0.0000
vn -0.3314 0.9239 -0.1913
vn -0.1913 0.9239 -0.3314
vn -0.0000 0.9239 -0.3827
vn 0.1913 0.9239 -0.3314
vn 0.3314 0.9239 -0.1913
vn 0.7071 0.7071 0.0000
vn 0.6124 0.7071 0.3536
vn 0.3536 0.7071 0.6124
vn 0.0000 0.7071 0.7071
vn -0.3536 0.7071 0.6124
vn -0.6124 0.7071 0.3536
vn -0.7071 0.7071 0.0000
vn -0.6124 0.7071 -0.3536
vn -0.3536 0.7071 -0.6124
vn -0.0000 0.7071 -0.7071
vn 0.3536 0.7071 -0.6124
vn 0.6124 0.7071 -0.3536
vn 0.9239 0.3827 0.0000
vn 0.8001 0.3827 0.4619
vn 0.4619 0.3827 0.8001
vn 0.0000 0.3827 0.9239
vn -0.4619 0.3827 0.8001
vn -0.8001 0.3827 0.4619
vn -0.9239 0.3827 0.0000
vn -0.8001 0.3827 -0.4619
vn -0.4619 0.3827 -0.8001
vn -0.0000 0.3827 -0.9239
vn 0.4619 0.3827 -0.8001
vn 0.8001 0.3827 -0.4619
vn 1.0000 0.0000 0.0000
vn 0.8660 0.0000 0.5000
vn 0.5000 0.0000 0.8660
vn 0.0000 0.0000 1.0000
vn -0.5000 0.0000 0.8660
vn -0.8660 0.0000 0.5000
vn -1.0000 0.0000 0.0000
vn -0.8660 0.0000 -0.5000
vn -0.5000 0.0000 -0.8660
vn -0.0000 0.0000 -1.0000
vn 0.5000 0.0000 -0.8660
vn 0.8660 0.0000 -0.5000
vn 0.9239 -0.3827 0.0000
vn 0.8001 -0.3827 0.4619
vn 0.4619 -0.3827 0.8001
vn 0.0000 -0.3827 0.9239
vn -0.4619 -0.3827 0.8001
vn -0.8001 -0.3827 0.4619
vn -0.9239 -0.3827 0.0000
vn -0.8001 -0.3827 -0.4619
vn -0.4619 -0.3827 -0.8001
vn -0.0000 -0.3827 -0.9239
vn 0.4619 -0.3827 -0.8001
vn 0.8001 -0.3827 -0.4619
vn 0.7071 -0.7071 0.0000
vn 0.6124 -0.7071 0.3536
vn 0.3536 -0.7071 0.6124
vn 0.0000 -0.7071 0.7071
vn -0.3536 -0.7071 0.6124
vn -0.6124 -0.7071 0.3536
vn -0.7071 -0.7071 0.0000
vn -0.6124 -0.7071 -0.3536
vn -0.3536 -0.7071 -0.6124
vn -0.0000 -0.7071 -0.7071
vn 0.3536 -0.7071 -0.6124
vn 0.6124 -0.7071 -0.3536
vn 0.3827 -0.9239 0.0000
vn 0.3314 -0.9239 0.1913
vn 0.1913 -0.9239 0.3314
vn 0.0000 -0.9239 0.3827
vn -0.1913 -0.9239 0.3314
vn -0.3314 -0.9239 0.1913
vn -0.3827 -0.9239 0.0000
vn -0.3314 -0.9239 -0.1913
vn -0.1913 -0.9239 -0.3314
vn -0.0000 -0.9239 -0.3827
vn 0.1913 -0.9239 -0.3314
vn 0.3314 -0.9239 -0.1913
vn 0.0000 -1.0000 0.0000
vn 0.0000 -1.0000 0.0000
vn 0.0000 -1.0000 0.0000
vn 0.0000 -1.0000 0.0000
vn -0.0000 -1.0000 0.0000
vn -0.0000 -1.0000 0.0000
vn -0.0000 -1.0000 0.0000
vn -0.0000 -1.0000 -0.0000
vn -0.0000 -1.0000 -0.0000
vn -0.0000 -1.0000 -0.0000
vn 0.0000 -1.0000 -0.0000
vn 0.0000 -1.0000 -0.0000
vn 0.0000 1.0000 0.0000
vn 0.0000 1.0000 0.0000
vn 0.0000 1.0000 0.0000
vn 0.0000 1.0000 0.0000
vn -0.0000 1.0000 0.0000
vn -0.0000 1.0000 0.0000
vn -0.0000 1.0000 0.0000
vn -0.0000 1.0000 -0.0000
vn -0.0000 1.0000 -0.0000
vn -0.0000 1.0000 -0.0000
vn 0.0000 1.0000 -0.0000
vn 0.0000 1.0000 -0.0000
vn 0.3827 0.9239 0.0000
vn 0.3314 0.9239 0.1913
vn 0.1913 0.9239 0.3314
vn 0.0000 0.9239 0.3827
vn -0.1913 0.9239 0.3314
vn -0.3314 0.9239 0.1913
vn -0.3827 0.9239 0.0000
vn -0.3314 0.9239 -0.1913
vn -0.1913 0.9239 -0.3314
vn -0.0000 0.9239 -0.3827
vn 0.1913 0.9239 -0.3314
vn 0.3314 0.9239 -0.1913
vn 0.7071 0.7071 0.0000
vn 0.6124 0.7071 0.3536
vn 0.3536 0.7071 0.6124
vn 0.0000 0.7071 0.7071
vn -0.3536 0.7071 0.6124
vn -0.6124 0.7071 0.3536
vn -0.7071 0.7071 0.0000
vn -0.6124 0.7071 -0.3536
vn -0.3536 0.7071 -0.6124
vn -0.0000 0.7071 -0.7071
vn 0.3536 0.7071 -0.6124
vn 0.6124 0.7071 -0.3536
vn 0.9239 0.3827 0.0000
vn 0.8001 0.3827 0.4619
vn 0.4619 0.3827 0.8001
vn 0.0000 0.3827 0.9239
vn -0.4619 0.3827 0.8001
vn -0.8001 0.3827 0.4619
vn -0.9239 0.3827 0.0000
vn -0.8001 0.3827 -0.4619
vn -0.4619 0.3827 -0.8001
vn -0.0000 0.3827 -0.9239
vn 0.4619 0.3827 -0.8001
vn 0.8001 0.3827 -0.4619
vn 1.0000 0.0000 0.0000
vn 0.8660 0.0000 0.5000
vn 0.5000 0.0000 0.8660
vn 0.0000 0.0000 1.0000
vn -0.5000 0.0000 0.8660
vn -0.8660 0.0000 0.5000
vn -1.0000 0.0000 0.0000
vn -0.8660 0.0000 -0.5000
vn -0.5000 0.0000 -0.8660
vn -0.0000 0.0000 -1.0000
vn 0.5000 0.0000 -0.8660
vn 0.8660 0.0000 -0.5000
vn 0.9239 -0.3827 0.0000
vn 0.8001 -0.3827 0.4619
vn 0.4619 -0.3827 0.8001
vn 0.0000 -0.3827 0.9239
vn -0.4619 -0.3827 0.8001
vn -0.8001 -0.3827 0.4619
vn -0.9239 -0.3827 0.0000
vn -0.8001 -0.3827 -0.4619
vn -0.4619 -0.3827 -0.8001
vn -0.0000 -0.3827 -0.9239
vn 0.4619 -0.3827 -0.8001
vn 0.8001 -0.3827 -0.4619
vn 0.7071 -0.7071 0.0000
vn 0.6124 -0.7071 0.3536
vn 0.3536 -0.7071 0.6124
vn 0.0000 -0.7071 0.7071
vn -0.3536 -0.7071 0.6124
vn -0.6124 -0.7071 0.3536
vn -0.7071 -0.7071 0.0000
vn -0.6124 -0.7071 -0.3536
vn -0.3536 -0.7071 -0.6124
vn -0.0000 -0.7071 -0.7071
vn 0.3536 -0.7071 -0.6124
vn 0.6124 -0.7071 -0.3536
vn 0.3827 -0.9239 0.0000
vn 0.3314 -0.9239 0.1913
vn 0.1913 -0.9239 0.3314
vn 0.0000 -0.9239 0.3827
vn -0.1913 -0.9239 0.3314
vn -0.3314 -0.9239 0.1913
vn -0.3827 -0.9239 0.0000
vn -0.3314 -0.9239 -0.1913
vn -0.1913 -0.9239 -0.3314
vn -0.0000 -0.9239 -0.3827
vn 0.1913 -0.9239 -0.3314
vn 0.3314 -0.9239 -0.1913
vn 0.0000 -1.0000 0.0000
vn 0.0000 -1.0000 0.0000
vn 0.0000 -1.0000 0.0000
vn 0.0000 -1.0000 0.0000
vn -0.0000 -1.0000 0.0000
vn -0.0000 -1.0000 0.0000
vn -0.0000 -1.0000 0.0000
vn -0.0000 -1.0000 -0.0000
vn -0.0000 -1.0000 -0.0000
vn -0.0000 -1.0000 -0.0000
vn 0.0000 -1.0000 -0.0000
vn 0.0000 -1.0000 -0.0000
vn 0.0000 1.0000 0.0000
vn 0.0000 1.0000 0.0000
vn 0.0000 1.0000 0.0000
vn -0.0000 1.0000 0.0000
vn -0.0000 1.0000 0.0000
vn -0.0000 1.0000 0.0000
vn -0.0000 1.0000 -0.0000
vn -0.0000 1.0000 -0.0000
vn 0.0000 1.0000 -0.0000
vn 0.0000 1.0000 -0.0000
vn 0.5000 0.8660 0.0000
vn 0.4045 0.8660 0.2939
vn 0.1545 0.8660 0.4755
vn -0.1545 0.8660 0.4755
vn -0.4045 0.8660 0.2939
vn -0.5000 0.8660 0.0000
vn -0.4045 0.8660 -0.2939
vn -0.1545 0.8660 -0.4755
vn 0.1545 0.8660 -0.4755
vn 0.4045 0.8660 -0.2939
vn 0.8660 0.5000 0.0000
vn 0.7006 0.5000 0.5090
vn 0.2676 0.5000 0.8236
vn -0.2676 0.5000 0.8236
vn -0.7006 0.5000 0.5090
vn -0.8660 0.5000 0.0000
vn -0.7006 0.5000 -0.5090
vn -0.2676 0.5000 -0.8236
vn 0.2676 0.5000 -0.8236
vn 0.7006 0.5000 -0.5090
vn 1.0000 0.0000 0.0000
vn 0.8090 0.0000 0.5878
vn 0.3090 0.0000 0.9511
vn -0.3090 0.0000 0.9511
vn -0.8090 0.0000 0.5878
vn -1.0000 0.0000 0.0000
vn -0.8090 0.0000 -0.5878
vn -0.3090 0.0000 -0.9511
vn 0.3090 0.0000 -0.9511
vn 0.8090 0.0000 -0.5878
vn 0.8660 -0.5000 0.0000
vn 0.7006 -0.5000 0.5090
vn 0.2676 -0.5000 0.8236
vn -0.2676 -0.5000 0.8236
vn -0.7006 -0.5000 0.5090
vn -0.8660 -0.5000 0.0000
vn -0.7006 -0.5000 -0.5090
vn -0.2676 -0.5000 -0.8236
vn 0.2676 -0.5000 -0.8236
vn 0.7006 -0.5000 -0.5090
vn 0.5000 -0.8660 0.0000
vn 0.4045 -0.8660 0.2939
vn 0.1545 -0.8660 0.4755
vn -0.1545 -0.8660 0.4755
vn -0.4045 -0.8660 0.2939
vn -0.5000 -0.8660 0.0000
vn -0.4045 -0.8660 -0.2939
vn -0.1545 -0.8660 -0.4755
vn 0.1545 -0.8660 -0.4755
vn 0.4045 -0.8660 -0.2939
vn 0.0000 -1.0000 0.0000
vn 0.0000 -1.0000 0.0000
vn 0.0000 -1.0000 0.0000
vn -0.0000 -1.0000 0.0000
vn -0.0000 -1.0000 0.0000
vn -0.0000 -1.0000 0.0000
vn -0.0000 -1.0000 -0.0000
vn -0.0000 -1.0000 -0.0000
vn 0.0000 -1.0000 -0.0000
vn 0.0000 -1.0000 -0.0000
vn 0.0000 0.0000 1.0000
vn 0.0000 0.0000 -1.0000
vn 0.0000 1.0000 0.0000
vn 0.0000 -1.0000 0.0000
vn 1.0000 0.0000 0.0000
vn -1.0000 0.0000 0.0000
vn 0.0000 0.0000 1.0000
vn 0.0000 0.0000 -1.0000
vn 0.0000 1.0000 0.0000
vn 0.0000 -1.0000 0.0000
vn 1.0000 0.0000 0.0000
vn -1.0000 0.0000 0.0000
vn 0.0000 0.0000 1.0000
vn 0.0000 0.0000 -1.0000
vn 0.0000 1.0000 0.0000
vn 0.0000 -1.0000 0.0000
vn 1.0000 0.0000 0.0000
vn -1.0000 0.0000 0.0000
vn 0.0000 0.0000 1.0000
vn 0.0000 0.0000 -1.0000
vn 0.0000 1.0000 0.0000
vn 0.0000 -1.0000 0.0000
vn 1.0000 0.0000 0.0000
vn -1.0000 0.0000 0.0000
vn 0.0000 0.0000 1.0000
vn 0.0000 0.0000 -1.0000
vn 0.0000 1.0000 0.0000
vn 0.0000 -1.0000 0.0000
vn 1.0000 0.0000 0.0000
vn -1.0000 0.0000 0.0000
vn 0.0000 0.0000 1.0000
vn 0.0000 0.0000 -1.0000
vn 0.0000 1.0000 0.0000
vn 0.0000 -1.0000 0.0000
vn 1.0000 0.0000 0.0000
vn -1.0000 0.0000 0.0000
vn 0.0000 0.0000 1.0000
vn 0.0000 0.0000 -1.0000
vn 0.0000 1.0000 0.0000
vn 0.0000 -1.0000 0.0000
vn 1.0000 0.0000 0.0000
vn -1.0000 0.0000 0.0000
vn 0.0000 0.0000 1.0000
vn 0.0000 0.0000 -1.0000
vn 0.0000 1.0000 0.0000
vn 0.0000 -1.0000 0.0000
vn 1.0000 0.0000 0.0000
vn -1.0000 0.0000 0.0000
vn 0.0000 0.0000 1.0000
vn 0.0000 0.0000 -1.0000
vn 0.0000 1.0000 0.0000
vn 0.0000 -1.0000 0.0000
vn 1.0000 0.0000 0.0000
vn -1.0000 0.0000 0.0000
vn 0.0000 0.0000 1.0000
vn 0.0000 0.0000 -1.0000
vn 0.0000 1.0000 0.0000
vn 0.0000 -1.0000 0.0000
vn 1.0000 0.0000 0.0000
vn -1.0000 0.0000 0.0000
vn 0.0000 0.0000 1.0000
vn 0.0000 0.0000 -1.0000
vn 0.0000 1.0000 0.0000
vn 0.0000 -1.0000 0.0000
vn 1.0000 0.0000 0.0000
vn -1.0000 0.0000 0.0000
vn 0.0000 0.0000 1.0000
vn 0.0000 0.0000 -1.0000
vn 0.0000 1.0000 0.0000
vn 0.0000 -1.0000 0.0000
vn 1.0000 0.0000 0.0000
vn -1.0000 0.0000 0.0000
vn 0.0000 0.0000 1.0000
vn 0.0000 0.0000 -1.0000
vn 0.0000 1.0000 0.0000
vn 0.0000 -1.0000 0.0000
vn 1.0000 0.0000 0.0000
vn -1.0000 0.0000 0.0000
vn 0.0000 0.0000 1.0000
vn 0.0000 0.0000 -1.0000
vn 0.0000 1.0000 0.0000
vn 0.0000 -1.0000 0.0000
vn 1.0000 0.0000 0.0000
vn -1.0000 0.0000 0.0000
vn 0.0000 0.0000 1.0000
vn 0.0000 0.0000 -1.0000
vn 0.0000 1.0000 0.0000
vn 0.0000 -1.0000 0.0000
vn 1.0000 0.0000 0.0000
vn -1.0000 0.0000 0.0000
vn 0.0000 0.0000 1.0000
vn 0.0000 0.0000 -1.0000
vn 0.0000 1.0000 0.0000
vn 0.0000 -1.0000 0.0000
vn 1.0000 0.0000 0.0000
vn -1.0000 0.0000 0.0000
vn 0.0000 0.0000 1.0000
vn 0.0000 0.0000 -1.0000
vn 0.0000 1.0000 0.0000
vn 0.0000 -1.0000 0.0000
vn 1.0000 0.0000 0.0000
vn -1.0000 0.0000 0.0000
vn 0.0000 0.0000 1.0000
vn 0.0000 0.0000 -1.0000
vn 0.0000 1.0000 0.0000
vn 0.0000 -1.0000 0.0000
vn 1.0000 0.0000 0.0000
vn -1.0000 0.0000 0.0000
vn 0.0000 0.0000 1.0000
vn 0.0000 0.0000 -1.0000
vn 0.0000 1.0000 0.0000
vn 0.0000 -1.0000 0.0000
vn 1.0000 0.0000 0.0000
vn -1.0000 0.0000 0.0000
vn 0.0000 0.0000 1.0000
vn 0.0000 0.0000 -1.0000
vn 0.0000 1.0000 0.0000
vn 0.0000 -1.0000 0.0000
vn 1.0000 0.0000 0.0000
vn -1.0000 0.0000 0.0000
vn 0.0000 0.0000 1.0000
vn 0.0000 0.0000 -1.0000
vn 0.0000 1.0000 0.0000
vn 0.0000 -1.0000 0.0000
vn 1.0000 0.0000 0.0000
vn -1.0000 0.0000 0.0000
vn 0.0000 0.0000 1.0000
vn 0.0000 0.0000 -1.0000
vn 0.0000 1.0000 0.0000
vn 0.0000 -1.0000 0.0000
vn 1.0000 0.0000 0.0000
vn -1.0000 0.0000 0.0000
vn 0.0000 0.0000 1.0000
vn 0.0000 0.0000 -1.0000
vn 0.0000 1.0000 0.0000
vn 0.0000 -1.0000 0.0000
vn 1.0000 0.0000 0.0000
vn -1.0000 0.0000 0.0000
vn 0.0000 0.0000 1.0000
vn 0.0000 0.0000 -1.0000
vn 0.0000 1.0000 0.0000
vn 0.0000 -1.0000 0.0000
vn 1.0000 0.0000 0.0000
vn -1.0000 0.0000 0.0000
vn 0.0000 0.0000 1.0000
vn 0.0000 0.0000 -1.0000
vn 0.0000 1.0000 0.0000
vn 0.0000 -1.0000 0.0000
vn 1.0000 0.0000 0.0000
vn -1.0000 0.0000 0.0000
vn 0.0000 0.0000 1.0000
vn 0.0000 0.0000 -1.0000
vn 0.0000 1.0000 0.0000
vn 0.0000 -1.0000 0.0000
vn 1.0000 0.0000 0.0000
vn -1.0000 0.0000 0.0000
vn 0.0000 0.0000 1.0000
vn 0.0000 0.0000 -1.0000
vn 0.0000 1.0000 0.0000
vn 0.0000 -1.0000 0.0000
vn 1.0000 0.0000 0.0000
vn -1.0000 0.0000 0.0000
vn 0.0000 0.0000 1.0000
vn 0.0000 0.0000 -1.0000
vn 0.0000 1.0000 0.0000
vn 0.0000 -1.0000 0.0000
vn 1.0000 0.0000 0.0000
vn -1.0000 0.0000 0.0000
vn 0.0000 0.0000 1.0000
vn 0.0000 0.0000 -1.0000
vn 0.0000 1.0000 0.0000
vn 0.0000 -1.0000 0.0000
vn 1.0000 0.0000 0.0000
vn -1.0000 0.0000 0.0000
vn 0.0000 0.0000 1.0000
vn 0.0000 0.0000 -1.0000
vn 0.0000 1.0000 0.0000
vn 0.0000 -1.0000 0.0000
vn 1.0000 0.0000 0.0000
vn -1.0000 0.0000 0.0000
vn 0.0000 0.0000 1.0000
vn 0.0000 0.0000 -1.0000
vn 0.0000 1.0000 0.0000
vn 0.0000 -1.0000 0.0000
vn 1.0000 0.0000 0.0000
vn -1.0000 0.0000 0.0000
vn 0.0000 0.0000 1.0000
vn 0.0000 0.0000 -1.0000
vn 0.0000 1.0000 0.0000
vn 0.0000 -1.0000 0.0000
vn 1.0000 0.0000 0.0000
vn -1.0000 0.0000 0.0000
vn 0.0000 0.0000 1.0000
vn 0.0000 0.0000 -1.0000
vn 0.0000 1.0000 0.0000
vn 0.0000 -1.0000 0.0000
vn 1.0000 0.0000 0.0000
vn -1.0000 0.0000 0.0000
vn 0.0000 0.0000 1.0000
vn 0.0000 0.0000 -1.0000
vn 0.0000 1.0000 0.0000
vn 0.0000 -1.0000 0.0000
vn 1.0000 0.0000 0.0000
vn -1.0000 0.0000 0.0000
vn 0.0000 0.0000 1.0000
vn 0.0000 0.0000 -1.0000
vn 0.0000 1.0000 0.0000
vn 0.0000 -1.0000 0.0000
vn 1.0000 0.0000 0.0000
vn -1.0000 0.0000 0.0000
vn 0.0000 0.0000 1.0000
vn 0.0000 0.0000 -1.0000
vn 0.0000 1.0000 0.0000
vn 0.0000 -1.0000 0.0000
vn 1.0000 0.0000 0.0000
vn -1.0000 0.0000 0.0000
vn 0.0000 0.0000 1.0000
vn 0.0000 0.0000 -1.0000
vn 0.0000 1.0000 0.0000
vn 0.0000 -1.0000 0.0000
vn 1.0000 0.0000 0.0000
vn -1.0000 0.0000 0.0000
vn 0.0000 0.0000 1.0000
vn 0.0000 0.0000 -1.0000
vn 0.0000 1.0000 0.0000
vn 0.0000 -1.0000 0.0000
vn 1.0000 0.0000 0.0000
vn -1.0000 0.0000 0.0000
vn 0.0000 0.0000 1.0000
vn 0.0000 0.0000 -1.0000
vn 0.0000 1.0000 0.0000
vn 0.0000 -1.0000 0.0000
vn 1.0000 0.0000 0.0000
vn -1.0000 0.0000 0.0000
vn 0.0000 0.0000 1.0000
vn 0.0000 0.0000 -1.0000
vn 0.0000 1.0000 0.0000
vn 0.0000 -1.0000 0.0000
vn 1.0000 0.0000 0.0000
vn -1.0000 0.0000 0.0000
vn 0.0000 0.0000 1.0000
vn 0.0000 0.0000 -1.0000
vn 0.0000 1.0000 0.0000
vn 0.0000 -1.0000 0.0000
vn 1.0000 0.0000 0.0000
vn -1.0000 0.0000 0.0000
vn 0.0000 1.0000 0.0000
vn 0.0000 1.0000 0.0000
vn 0.0000 1.0000 0.0000
vn 0.0000 1.0000 0.0000
vn -0.0000 1.0000 0.0000
vn -0.0000 1.0000 0.0000
vn -0.0000 1.0000 0.0000
vn -0.0000 1.0000 0.0000
vn -0.0000 1.0000 -0.0000
vn -0.0000 1.0000 -0.0000
vn -0.0000 1.0000 -0.0000
vn 0.0000 1.0000 -0.0000
vn 0.0000 1.0000 -0.0000
vn 0.0000 1.0000 -0.0000
vn 0.3090 0.9511 0.0000
vn 0.2784 0.9511 0.1341
vn 0.1927 0.9511 0.2416
vn 0.0688 0.9511 0.3013
vn -0.0688 0.9511 0.3013
vn -0.1927 0.9511 0.2416
vn -0.2784 0.9511 0.1341
vn -0.3090 0.9511 0.0000
vn -0.2784 0.9511 -0.1341
vn -0.1927 0.9511 -0.2416
vn -0.0688 0.9511 -0.3013
vn 0.0688 0.9511 -0.3013
vn 0.1927 0.9511 -0.2416
vn 0.2784 0.9511 -0.1341
vn 0.5878 0.8090 0.0000
vn 0.5296 0.8090 0.2550
vn 0.3665 0.8090 0.4595
vn 0.1308 0.8090 0.5730
vn -0.1308 0.8090 0.5730
vn -0.3665 0.8090 0.4595
vn -0.5296 0.8090 0.2550
vn -0.5878 0.8090 0.0000
vn -0.5296 0.8090 -0.2550
vn -0.3665 0.8090 -0.4595
vn -0.1308 0.8090 -0.5730
vn 0.1308 0.8090 -0.5730
vn 0.3665 0.8090 -0.4595
vn 0.5296 0.8090 -0.2550
vn 0.8090 0.5878 0.0000
vn 0.7289 0.5878 0.3510
vn 0.5044 0.5878 0.6325
vn 0.1800 0.5878 0.7887
vn -0.1800 0.5878 0.7887
vn -0.5044 0.5878 0.6325
vn -0.7289 0.5878 0.3510
vn -0.8090 0.5878 0.0000
vn -0.7289 0.5878 -0.3510
vn -0.5044 0.5878 -0.6325
vn -0.1800 0.5878 -0.7887
vn 0.1800 0.5878 -0.7887
vn 0.5044 0.5878 -0.6325
vn 0.7289 0.5878 -0.3510
vn 0.9511 0.3090 0.0000
vn 0.8569 0.3090 0.4126
vn 0.5930 0.3090 0.7436
vn 0.2116 0.3090 0.9272
vn -0.2116 0.3090 0.9272
vn -0.5930 0.3090 0.7436
vn -0.8569 0.3090 0.4126
vn -0.9511 0.3090 0.0000
vn -0.8569 0.3090 -0.4126
vn -0.5930 0.3090 -0.7436
vn -0.2116 0.3090 -0.9272
vn 0.2116 0.3090 -0.9272
vn 0.5930 0.3090 -0.7436
vn 0.8569 0.3090 -0.4126
vn 1.0000 0.0000 0.0000
vn 0.9010 0.0000 0.4339
vn 0.6235 0.0000 0.7818
vn 0.2225 0.0000 0.9749
vn -0.2225 0.0000 0.9749
vn -0.6235 0.0000 0.7818
vn -0.9010 0.0000 0.4339
vn -1.0000 0.0000 0.0000
vn -0.9010 0.0000 -0.4339
vn -0.6235 0.0000 -0.7818
vn -0.2225 0.0000 -0.9749
vn 0.2225 0.0000 -0.9749
vn 0.6235 0.0000 -0.7818
vn 0.9010 0.0000 -0.4339
vn 0.9511 -0.3090 0.0000
vn 0.8569 -0.3090 0.4126
vn 0.5930 -0.3090 0.7436
vn 0.2116 -0.3090 0.9272
vn -0.2116 -0.3090 0.9272
vn -0.5930 -0.3090 0.7436
vn -0.8569 -0.3090 0.4126
vn -0.9511 -0.3090 0.0000
vn -0.8569 -0.3090 -0.4126
vn -0.5930 -0.3090 -0.7436
vn -0.2116 -0.3090 -0.9272
vn 0.2116 -0.3090 -0.9272
vn 0.5930 -0.3090 -0.7436
vn 0.8569 -0.3090 -0.4126
vn 0.8090 -0.5878 0.0000
vn 0.7289 -0.5878 0.3510
vn 0.5044 -0.5878 0.6325
vn 0.1800 -0.5878 0.7887
vn -0.1800 -0.5878 0.7887
vn -0.5044 -0.5878 0.6325
vn -0.7289 -0.5878 0.3510
vn -0.8090 -0.5878 0.0000
vn -0.7289 -0.5878 -0.3510
vn -0.5044 -0.5878 -0.6325
vn -0.1800 -0.5878 -0.7887
vn 0.1800 -0.5878 -0.7887
vn 0.5044 -0.5878 -0.6325
vn 0.7289 -0.5878 -0.3510
vn 0.5878 -0.8090 0.0000
vn 0.5296 -0.8090 0.2550
vn 0.3665 -0.8090 0.4595
vn 0.1308 -0.8090 0.5730
vn -0.1308 -0.8090 0.5730
vn -0.3665 -0.8090 0.4595
vn -0.5296 -0.8090 0.2550
vn -0.5878 -0.8090 0.0000
vn -0.5296 -0.8090 -0.2550
vn -0.3665 -0.8090 -0.4595
vn -0.1308 -0.8090 -0.5730
vn 0.1308 -0.8090 -0.5730
vn 0.3665 -0.8090 -0.4595
vn 0.5296 -0.8090 -0.2550
vn 0.3090 -0.9511 0.0000
vn 0.2784 -0.9511 0.1341
vn 0.1927 -0.9511 0.2416
vn 0.0688 -0.9511 0.3013
vn -0.0688 -0.9511 0.3013
vn -0.1927 -0.9511 0.2416
vn -0.2784 -0.9511 0.1341
vn -0.3090 -0.9511 0.0000
vn -0.2784 -0.9511 -0.1341
vn -0.1927 -0.9511 -0.2416
vn -0.0688 -0.9511 -0.3013
vn 0.0688 -0.9511 -0.3013
vn 0.1927 -0.9511 -0.2416
vn 0.2784 -0.9511 -0.1341
vn 0.0000 -1.0000 0.0000
vn 0.0000 -1.0000 0.0000
vn 0.0000 -1.0000 0.0000
vn 0.0000 -1.0000 0.0000
vn -0.0000 -1.0000 0.0000
vn -0.0000 -1.0000 0.0000
vn -0.0000 -1.0000 0.0000
vn -0.0000 -1.0000 0.0000
vn -0.0000 -1.0000 -0.0000
vn -0.0000 -1.0000 -0.0000
vn -0.0000 -1.0000 -0.0000
vn 0.0000 -1.0000 -0.0000
vn 0.0000 -1.0000 -0.0000
vn 0.0000 -1.0000 -0.0000
vn 0.0000 0.0000 1.0000
vn 0.0000 0.0000 -1.0000
vn 0.0000 1.0000 0.0000
vn 0.0000 -1.0000 0.0000
vn 1.0000 0.0000 0.0000
vn -1.0000 0.0000 0.0000
vn 0.0000 0.0000 1.0000
vn 0.0000 0.0000 -1.0000
vn 0.0000 1.0000 0.0000
vn 0.0000 -1.0000 0.0000
vn 1.0000 0.0000 0.0000
vn -1.0000 0.0000 0.0000
vn 0.0000 0.0000 1.0000
vn 0.0000 0.0000 -1.0000
vn 0.0000 1.0000 0.0000
vn 0.0000 -1.0000 0.0000
vn 1.0000 0.0000 0.0000
vn -1.0000 0.0000 0.0000
vn 0.0000 0.0000 1.0000
vn 0.0000 0.0000 -1.0000
vn 0.0000 1.0000 0.0000
vn 0.0000 -1.0000 0.0000
vn 1.0000 0.0000 0.0000
vn -1.0000 0.0000 0.0000
vn 0.0000 0.0000 1.0000
vn 0.0000 0.0000 -1.0000
vn 0.0000 1.0000 0.0000
vn 0.0000 -1.0000 0.0000
vn 1.0000 0.0000 0.0000
vn -1.0000 0.0000 0.0000
vn 0.0000 0.0000 1.0000
vn 0.0000 0.0000 -1.0000
vn 0.0000 1.0000 0.0000
vn 0.0000 -1.0000 0.0000
vn 1.0000 0.0000 0.0000
vn -1.0000 0.0000 0.0000
vn 0.0000 0.0000 1.0000
vn 0.0000 0.0000 -1.0000
vn 0.0000 1.0000 0.0000
vn 0.0000 -1.0000 0.0000
vn 1.0000 0.0000 0.0000
vn -1.0000 0.0000 0.0000
vn 0.0000 0.0000 1.0000
vn 0.0000 0.0000 -1.0000
vn 0.0000 1.0000 0.0000
vn 0.0000 -1.0000 0.0000
vn 1.0000 0.0000 0.0000
vn -1.0000 0.0000 0.0000
vn 0.0000 0.0000 1.0000
vn 0.0000 0.0000 -1.0000
vn 0.0000 1.0000 0.0000
vn 0.0000 -1.0000 0.0000
vn 1.0000 0.0000 0.0000
vn -1.0000 0.0000 0.0000
vn 0.0000 0.0000 1.0000
vn 0.0000 0.0000 -1.0000
vn 0.0000 1.0000 0.0000
vn 0.0000 -1.0000 0.0000
vn 1.0000 0.0000 0.0000
vn -1.0000 0.0000 0.0000
vn 0.0000 0.0000 1.0000
vn 0.0000 0.0000 -1.0000
vn 0.0000 1.0000 0.0000
vn 0.0000 -1.0000 0.0000
vn 1.0000 0.0000 0.0000
vn -1.0000 0.0000 0.0000
vn 0.0000 1.0000 0.0000
vn 0.0000 1.0000 0.0000
vn 0.0000 1.0000 0.0000
vn 0.0000 1.0000 0.0000
vn -0.0000 1.0000 0.0000
vn -0.0000 1.0000 0.0000
vn -0.0000 1.0000 0.0000
vn -0.0000 1.0000 0.0000
vn -0.0000 1.0000 -0.0000
vn -0.0000 1.0000 -0.0000
vn -0.0000 1.0000 -0.0000
vn 0.0000 1.0000 -0.0000
vn 0.0000 1.0000 -0.0000
vn 0.0000 1.0000 -0.0000
vn 0.3090 0.9511 0.0000
vn 0.2784 0.9511 0.1341
vn 0.1927 0.9511 0.2416
vn 0.0688 0.9511 0.3013
vn -0.0688 0.9511 0.3013
vn -0.1927 0.9511 0.2416
vn -0.2784 0.9511 0.1341
vn -0.3090 0.9511 0.0000
vn -0.2784 0.9511 -0.1341
vn -0.1927 0.9511 -0.2416
vn -0.0688 0.9511 -0.3013
vn 0.0688 0.9511 -0.3013
vn 0.1927 0.9511 -0.2416
vn 0.2784 0.9511 -0.1341
vn 0.5878 0.8090 0.0000
vn 0.5296 0.8090 0.2550
vn 0.3665 0.8090 0.4595
vn 0.1308 0.8090 0.5730
vn -0.1308 0.8090 0.5730
vn -0.3665 0.8090 0.4595
vn -0.5296 0.8090 0.2550
vn -0.5878 0.8090 0.0000
vn -0.5296 0.8090 -0.2550
vn -0.3665 0.8090 -0.4595
vn -0.1308 0.8090 -0.5730
vn 0.1308 0.8090 -0.5730
vn 0.3665 0.8090 -0.4595
vn 0.5296 0.8090 -0.2550
vn 0.8090 0.5878 0.0000
vn 0.7289 0.5878 0.3510
vn 0.5044 0.5878 0.6325
vn 0.1800 0.5878 0.7887
vn -0.1800 0.5878 0.7887
vn -0.5044 0.5878 0.6325
vn -0.7289 0.5878 0.3510
vn -0.8090 0.5878 0.0000
vn -0.7289 0.5878 -0.3510
vn -0.5044 0.5878 -0.6325
vn -0.1800 0.5878 -0.7887
vn 0.1800 0.5878 -0.7887
vn 0.5044 0.5878 -0.6325
vn 0.7289 0.5878 -0.3510
vn 0.9511 0.3090 0.0000
vn 0.8569 0.3090 0.4126
vn 0.5930 0.3090 0.7436
vn 0.2116 0.3090 0.9272
vn -0.2116 0.3090 0.9272
vn -0.5930 0.3090 0.7436
vn -0.8569 0.3090 0.4126
vn -0.9511 0.3090 0.0000
vn -0.8569 0.3090 -0.4126
vn -0.5930 0.3090 -0.7436
vn -0.2116 0.3090 -0.9272
vn 0.2116 0.3090 -0.9272
vn 0.5930 0.3090 -0.7436
vn 0.8569 0.3090 -0.4126
vn 1.0000 0.0000 0.0000
vn 0.9010 0.0000 0.4339
vn 0.6235 0.0000 0.7818
vn 0.2225 0.0000 0.9749
vn -0.2225 0.0000 0.9749
vn -0.6235 0.0000 0.7818
vn -0.9010 0.0000 0.4339
vn -1.0000 0.0000 0.0000
vn -0.9010 0.0000 -0.4339
vn -0.6235 0.0000 -0.7818
vn -0.2225 0.0000 -0.9749
vn 0.2225 0.0000 -0.9749
vn 0.6235 0.0000 -0.7818
vn 0.9010 0.0000 -0.4339
vn 0.9511 -0.3090 0.0000
vn 0.8569 -0.3090 0.4126
vn 0.5930 -0.3090 0.7436
vn 0.2116 -0.3090 0.9272
vn -0.2116 -0.3090 0.9272
vn -0.5930 -0.3090 0.7436
vn -0.8569 -0.3090 0.4126
vn -0.9511 -0.3090 0.0000
vn -0.8569 -0.3090 -0.4126
vn -0.5930 -0.3090 -0.7436
vn -0.2116 -0.3090 -0.9272
vn 0.2116 -0.3090 -0.9272
vn 0.5930 -0.3090 -0.7436
vn 0.8569 -0.3090 -0.4126
vn 0.8090 -0.5878 0.0000
vn 0.7289 -0.5878 0.3510
vn 0.5044 -0.5878 0.6325
vn 0.1800 -0.5878 0.7887
vn -0.1800 -0.5878 0.7887
vn -0.5044 -0.5878 0.6325
vn -0.7289 -0.5878 0.3510
vn -0.8090 -0.5878 0.0000
vn -0.7289 -0.5878 -0.3510
vn -0.5044 -0.5878 -0.6325
vn -0.1800 -0.5878 -0.7887
vn 0.1800 -0.5878 -0.7887
vn 0.5044 -0.5878 -0.6325
vn 0.7289 -0.5878 -0.3510
vn 0.5878 -0.8090 0.0000
vn 0.5296 -0.8090 0.2550
vn 0.3665 -0.8090 0.4595
vn 0.1308 -0.8090 0.5730
vn -0.1308 -0.8090 0.5730
vn -0.3665 -0.8090 0.4595
vn -0.5296 -0.8090 0.2550
vn -0.5878 -0.8090 0.0000
vn -0.5296 -0.8090 -0.2550
vn -0.3665 -0.8090 -0.4595
vn -0.1308 -0.8090 -0.5730
vn 0.1308 -0.8090 -0.5730
vn 0.3665 -0.8090 -0.4595
vn 0.5296 -0.8090 -0.2550
vn 0.3090 -0.9511 0.0000
vn 0.2784 -0.9511 0.1341
vn 0.1927 -0.9511 0.2416
vn 0.0688 -0.9511 0.3013
vn -0.0688 -0.9511 0.3013
vn -0.1927 -0.9511 0.2416
vn -0.2784 -0.9511 0.1341
vn -0.3090 -0.9511 0.0000
vn -0.2784 -0.9511 -0.1341
vn -0.1927 -0.9511 -0.2416
vn -0.0688 -0.9511 -0.3013
vn 0.0688 -0.9511 -0.3013
vn 0.1927 -0.9511 -0.2416
vn 0.2784 -0.9511 -0.1341
vn 0.0000 -1.0000 0.0000
vn 0.0000 -1.0000 0.0000
vn 0.0000 -1.0000 0.0000
vn 0.0000 -1.0000 0.0000
vn -0.0000 -1.0000 0.0000
vn -0.0000 -1.0000 0.0000
vn -0.0000 -1.0000 0.0000
vn -0.0000 -1.0000 0.0000
vn -0.0000 -1.0000 -0.0000
vn -0.0000 -1.0000 -0.0000
vn -0.0000 -1.0000 -0.0000
vn 0.0000 -1.0000 -0.0000
vn 0.0000 -1.0000 -0.0000
vn 0.0000 -1.0000 -0.0000
vn 0.0000 0.0000 1.0000
vn 0.0000 0.0000 -1.0000
vn 0.0000 1.0000 0.0000
vn 0.0000 -1.0000 0.0000
vn 1.0000 0.0000 0.0000
vn -1.0000 0.0000 0.0000
vn 0.0000 0.0000 1.0000
vn 0.0000 0.0000 -1.0000
vn 0.0000 1.0000 0.0000
vn 0.0000 -1.0000 0.0000
vn 1.0000 0.0000 0.0000
vn -1.0000 0.0000 0.0000
vn 0.0000 0.0000 1.0000
vn 0.0000 0.0000 -1.0000
vn 0.0000 1.0000 0.0000
vn 0.0000 -1.0000 0.0000
vn 1.0000 0.0000 0.0000
vn -1.0000 0.0000 0.0000
vn 0.0000 0.0000 1.0000
vn 0.0000 0.0000 -1.0000
vn 0.0000 1.0000 0.0000
vn 0.0000 -1.0000 0.0000
vn 1.0000 0.0000 0.0000
vn -1.0000 0.0000 0.0000
vn 0.0000 0.0000 1.0000
vn 0.0000 0.0000 -1.0000
vn 0.0000 1.0000 0.0000
vn 0.0000 -1.0000 0.0000
vn 1.0000 0.0000 0.0000
vn -1.0000 0.0000 0.0000
vn 0.0000 0.0000 1.0000
vn 0.0000 0.0000 -1.0000
vn 0.0000 1.0000 0.0000
vn 0.0000 -1.0000 0.0000
vn 1.0000 0.0000 0.0000
vn -1.0000 0.0000 0.0000
vn 0.0000 0.0000 1.0000
vn 0.0000 0.0000 -1.0000
vn 0.0000 1.0000 0.0000
vn 0.0000 -1.0000 0.0000
vn 1.0000 0.0000 0.0000
vn -1.0000 0.0000 0.0000
vn 0.0000 0.0000 1.0000
vn 0.0000 0.0000 -1.0000
vn 0.0000 1.0000 0.0000
vn 0.0000 -1.0000 0.0000
vn 1.0000 0.0000 0.0000
vn -1.0000 0.0000 0.0000
vn 0.0000 0.0000 1.0000
vn 0.0000 0.0000 -1.0000
vn 0.0000 1.0000 0.0000
vn 0.0000 -1.0000 0.0000
vn 1.0000 0.0000 0.0000
vn -1.0000 0.0000 0.0000
vn 0.0000 0.0000 1.0000
vn 0.0000 0.0000 -1.0000
vn 0.0000 1.0000 0.0000
vn 0.0000 -1.0000 0.0000
vn 1.0000 0.0000 0.0000
vn -1.0000 0.0000 0.0000
vn 0.0000 0.0000 1.0000
vn 0.0000 0.0000 -1.0000
vn 0.0000 1.0000 0.0000
vn 0.0000 -1.0000 0.0000
vn 1.0000 0.0000 0.0000
vn -1.0000 0.0000 0.0000
vn 0.0000 1.0000 0.0000
vn 0.0000 1.0000 0.0000
vn 0.0000 1.0000 0.0000
vn 0.0000 1.0000 0.0000
vn -0.0000 1.0000 0.0000
vn -0.0000 1.0000 0.0000
vn -0.0000 1.0000 0.0000
vn -0.0000 1.0000 0.0000
vn -0.0000 1.0000 -0.0000
vn -0.0000 1.0000 -0.0000
vn -0.0000 1.0000 -0.0000
vn 0.0000 1.0000 -0.0000
vn 0.0000 1.0000 -0.0000
vn 0.0000 1.0000 -0.0000
vn 0.3090 0.9511 0.0000
vn 0.2784 0.9511 0.1341
vn 0.1927 0.9511 0.2416
vn 0.0688 0.9511 0.3013
vn -0.0688 0.9511 0.3013
vn -0.1927 0.9511 0.2416
vn -0.2784 0.9511 0.1341
vn -0.3090 0.9511 0.0000
vn -0.2784 0.9511 -0.1341
vn -0.1927 0.9511 -0.2416
vn -0.0688 0.9511 -0.3013
vn 0.0688 0.9511 -0.3013
vn 0.1927 0.9511 -0.2416
vn 0.2784 0.9511 -0.1341
vn 0.5878 0.8090 0.0000
vn 0.5296 0.8090 0.2550
vn 0.3665 0.8090 0.4595
vn 0.1308 0.8090 0.5730
vn -0.1308 0.8090 0.5730
vn -0.3665 0.8090 0.4595
vn -0.5296 0.8090 0.2550
vn -0.5878 0.8090 0.0000
vn -0.5296 0.8090 -0.2550
vn -0.3665 0.8090 -0.4595
vn -0.1308 0.8090 -0.5730
vn 0.1308 0.8090 -0.5730
vn 0.3665 0.8090 -0.4595
vn 0.5296 0.8090 -0.2550
vn 0.8090 0.5878 0.0000
vn 0.7289 0.5878 0.3510
vn 0.5044 0.5878 0.6325
vn 0.1800 0.5878 0.7887
vn -0.1800 0.5878 0.7887
vn -0.5044 0.5878 0.6325
vn -0.7289 0.5878 0.3510
vn -0.8090 0.5878 0.0000
vn -0.7289 0.5878 -0.3510
vn -0.5044 0.5878 -0.6325
vn -0.1800 0.5878 -0.7887
vn 0.1800 0.5878 -0.7887
vn 0.5044 0.5878 -0.6325
vn 0.7289 0.5878 -0.3510
vn 0.9511 0.3090 0.0000
vn 0.8569 0.3090 0.4126
vn 0.5930 0.3090 0.7436
vn 0.2116 0.3090 0.9272
vn -0.2116 0.3090 0.9272
vn -0.5930 0.3090 0.7436
vn -0.8569 0.3090 0.4126
vn -0.9511 0.3090 0.0000
vn -0.8569 0.3090 -0.4126
vn -0.5930 0.3090 -0.7436
vn -0.2116 0.3090 -0.9272
vn 0.2116 0.3090 -0.9272
vn 0.5930 0.3090 -0.7436
vn 0.8569 0.3090 -0.4126
vn 1.0000 0.0000 0.0000
vn 0.9010 0.0000 0.4339
vn 0.6235 0.0000 0.7818
vn 0.2225 0.0000 0.9749
vn -0.2225 0.0000 0.9749
vn -0.6235 0.0000 0.7818
vn -0.9010 0.0000 0.4339
vn -1.0000 0.0000 0.0000
vn -0.9010 0.0000 -0.4339
vn -0.6235 0.0000 -0.7818
vn -0.2225 0.0000 -0.9749
vn 0.2225 0.0000 -0.9749
vn 0.6235 0.0000 -0.7818
vn 0.9010 0.0000 -0.4339
vn 0.9511 -0.3090 0.0000
vn 0.8569 -0.3090 0.4126
vn 0.5930 -0.3090 0.7436
vn 0.2116 -0.3090 0.9272
vn -0.2116 -0.3090 0.9272
vn -0.5930 -0.3090 0.7436
vn -0.8569 -0.3090 0.4126
vn -0.9511 -0.3090 0.0000
vn -0.8569 -0.3090 -0.4126
vn -0.5930 -0.3090 -0.7436
vn -0.2116 -0.3090 -0.9272
vn 0.2116 -0.3090 -0.9272
vn 0.5930 -0.3090 -0.7436
vn 0.8569 -0.3090 -0.4126
vn 0.8090 -0.5878 0.0000
vn 0.7289 -0.5878 0.3510
vn 0.5044 -0.5878 0.6325
vn 0.1800 -0.5878 0.7887
vn -0.1800 -0.5878 0.7887
vn -0.5044 -0.5878 0.6325
vn -0.7289 -0.5878 0.3510
vn -0.8090 -0.5878 0.0000
vn -0.7289 -0.5878 -0.3510
vn -0.5044 -0.5878 -0.6325
vn -0.1800 -0.5878 -0.7887
vn 0.1800 -0.5878 -0.7887
vn 0.5044 -0.5878 -0.6325
vn 0.7289 -0.5878 -0.3510
vn 0.5878 -0.8090 0.0000
vn 0.5296 -0.8090 0.2550
vn 0.3665 -0.8090 0.4595
vn 0.1308 -0.8090 0.5730
vn -0.1308 -0.8090 0.5730
vn -0.3665 -0.8090 0.4595
vn -0.5296 -0.8090 0.2550
vn -0.5878 -0.8090 0.0000
vn -0.5296 -0.8090 -0.2550
vn -0.3665 -0.8090 -0.4595
vn -0.1308 -0.8090 -0.5730
vn 0.1308 -0.8090 -0.5730
vn 0.3665 -0.8090 -0.4595
vn 0.5296 -0.8090 -0.2550
vn 0.3090 -0.9511 0.0000
vn 0.2784 -0.9511 0.1341
vn 0.1927 -0.9511 0.2416
vn 0.0688 -0.9511 0.3013
vn -0.0688 -0.9511 0.3013
vn -0.1927 -0.9511 0.2416
vn -0.2784 -0.9511 0.1341
vn -0.3090 -0.9511 0.0000
vn -0.2784 -0.9511 -0.1341
vn -0.1927 -0.9511 -0.2416
vn -0.0688 -0.9511 -0.3013
vn 0.0688 -0.9511 -0.3013
vn 0.1927 -0.9511 -0.2416
vn 0.2784 -0.9511 -0.1341
vn 0.0000 -1.0000 0.0000
vn 0.0000 -1.0000 0.0000
vn 0.0000 -1.0000 0.0000
vn 0.0000 -1.0000 0.0000
vn -0.0000 -1.0000 0.0000
vn -0.0000 -1.0000 0.0000
vn -0.0000 -1.0000 0.0000
vn -0.0000 -1.0000 0.0000
vn -0.0000 -1.0000 -0.0000
vn -0.0000 -1.0000 -0.0000
vn -0.0000 -1.0000 -0.0000
vn 0.0000 -1.0000 -0.0000
vn 0.0000 -1.0000 -0.0000
vn 0.0000 -1.0000 -0.0000
vn 0.0000 0.0000 1.0000
vn 0.0000 0.0000 -1.0000
vn 0.0000 1.0000 0.0000
vn 0.0000 -1.0000 0.0000
vn 1.0000 0.0000 0.0000
vn -1.0000 0.0000 0.0000
vn 0.0000 0.0000 1.0000
vn 0.0000 0.0000 -1.0000
vn 0.0000 1.0000 0.0000
vn 0.0000 -1.0000 0.0000
vn 1.0000 0.0000 0.0000
vn -1.0000 0.0000 0.0000
vn 0.0000 0.0000 1.0000
vn 0.0000 0.0000 -1.0000
vn 0.0000 1.0000 0.0000
vn 0.0000 -1.0000 0.0000
vn 1.0000 0.0000 0.0000
vn -1.0000 0.0000 0.0000
vn 0.0000 0.0000 1.0000
vn 0.0000 0.0000 -1.0000
vn 0.0000 1.0000 0.0000
vn 0.0000 -1.0000 0.0000
vn 1.0000 0.0000 0.0000
vn -1.0000 0.0000 0.0000
vn 0.0000 0.0000 1.0000
vn 0.0000 0.0000 -1.0000
vn 0.0000 1.0000 0.0000
vn 0.0000 -1.0000 0.0000
vn 1.0000 0.0000 0.0000
vn -1.0000 0.0000 0.0000
vn 0.0000 0.0000 1.0000
vn 0.0000 0.0000 -1.0000
vn 0.0000 1.0000 0.0000
vn 0.0000 -1.0000 0.0000
vn 1.0000 0.0000 0.0000
vn -1.0000 0.0000 0.0000
vn 0.0000 0.0000 1.0000
vn 0.0000 0.0000 -1.0000
vn 0.0000 1.0000 0.0000
vn 0.0000 -1.0000 0.0000
vn 1.0000 0.0000 0.0000
vn -1.0000 0.0000 0.0000
vn 0.0000 0.0000 1.0000
vn 0.0000 0.0000 -1.0000
vn 0.0000 1.0000 0.0000
vn 0.0000 -1.0000 0.0000
vn 1.0000 0.0000 0.0000
vn -1.0000 0.0000 0.0000
vn 0.0000 0.0000 1.0000
vn 0.0000 0.0000 -1.0000
vn 0.0000 1.0000 0.0000
vn 0.0000 -1.0000 0.0000
vn 1.0000 0.0000 0.0000
vn -1.0000 0.0000 0.0000
vn 0.0000 0.0000 1.0000
vn 0.0000 0.0000 -1.0000
vn 0.0000 1.0000 0.0000
vn 0.0000 -1.0000 0.0000
vn 1.0000 0.0000 0.0000
vn -1.0000 0.0000 0.0000
vn 0.0000 0.0000 1.0000
vn 0.0000 0.0000 -1.0000
vn 0.0000 1.0000 0.0000
vn 0.0000 -1.0000 0.0000
vn 1.0000 0.0000 0.0000
vn -1.0000 0.0000 0.0000
vn 0.0000 1.0000 0.0000
vn 0.0000 1.0000 0.0000
vn 0.0000 1.0000 0.0000
vn 0.0000 1.0000 0.0000
vn -0.0000 1.0000 0.0000
vn -0.0000 1.0000 0.0000
vn -0.0000 1.0000 0.0000
vn -0.0000 1.0000 0.0000
vn -0.0000 1.0000 -0.0000
vn -0.0000 1.0000 -0.0000
vn -0.0000 1.0000 -0.0000
vn 0.0000 1.0000 -0.0000
vn 0.0000 1.0000 -0.0000
vn 0.0000 1.0000 -0.0000
vn 0.3090 0.9511 0.0000
vn 0.2784 0.9511 0.1341
vn 0.1927 0.9511 0.2416
vn 0.0688 0.9511 0.3013
vn -0.0688 0.9511 0.3013
vn -0.1927 0.9511 0.2416
vn -0.2784 0.9511 0.1341
vn -0.3090 0.9511 0.0000
vn -0.2784 0.9511 -0.1341
vn -0.1927 0.9511 -0.2416
vn -0.0688 0.9511 -0.3013
vn 0.0688 0.9511 -0.3013
vn 0.1927 0.9511 -0.2416
vn 0.2784 0.9511 -0.1341
vn 0.5878 0.8090 0.0000
vn 0.5296 0.8090 0.2550
vn 0.3665 0.8090 0.4595
vn 0.1308 0.8090 0.5730
vn -0.1308 0.8090 0.5730
vn -0.3665 0.8090 0.4595
vn -0.5296 0.8090 0.2550
vn -0.5878 0.8090 0.0000
vn -0.5296 0.8090 -0.2550
vn -0.3665 0.8090 -0.4595
vn -0.1308 0.8090 -0.5730
vn 0.1308 0.8090 -0.5730
vn 0.3665 0.8090 -0.4595
vn 0.5296 0.8090 -0.2550
vn 0.8090 0.5878 0.0000
vn 0.7289 0.5878 0.3510
vn 0.5044 0.5878 0.6325
vn 0.1800 0.5878 0.7887
vn -0.1800 0.5878 0.7887
vn -0.5044 0.5878 0.6325
vn -0.7289 0.5878 0.3510
vn -0.8090 0.5878 0.0000
vn -0.7289 0.5878 -0.3510
vn -0.5044 0.5878 -0.6325
vn -0.1800 0.5878 -0.7887
vn 0.1800 0.5878 -0.7887
vn 0.5044 0.5878 -0.6325
vn 0.7289 0.5878 -0.3510
vn 0.9511 0.3090 0.0000
vn 0.8569 0.3090 0.4126
vn 0.5930 0.3090 0.7436
vn 0.2116 0.3090 0.9272
vn -0.2116 0.3090 0.9272
vn -0.5930 0.3090 0.7436
vn -0.8569 0.3090 0.4126
vn -0.9511 0.3090 0.0000
vn -0.8569 0.3090 -0.4126
vn -0.5930 0.3090 -0.7436
vn -0.2116 0.3090 -0.9272
vn 0.2116 0.3090 -0.9272
vn 0.5930 0.3090 -0.7436
vn 0.8569 0.3090 -0.4126
vn 1.0000 0.0000 0.0000
vn 0.9010 0.0000 0.4339
vn 0.6235 0.0000 0.7818
vn 0.2225 0.0000 0.9749
vn -0.2225 0.0000 0.9749
vn -0.6235 0.0000 0.7818
vn -0.9010 0.0000 0.4339
vn -1.0000 0.0000 0.0000
vn -0.9010 0.0000 -0.4339
vn -0.6235 0.0000 -0.7818
vn -0.2225 0.0000 -0.9749
vn 0.2225 0.0000 -0.9749
vn 0.6235 0.0000 -0.7818
vn 0.9010 0.0000 -0.4339
vn 0.9511 -0.3090 0.0000
vn 0.8569 -0.3090 0.4126
vn 0.5930 -0.3090 0.7436
vn 0.2116 -0.3090 0.9272
vn -0.2116 -0.3090 0.9272
vn -0.5930 -0.3090 0.7436
vn -0.8569 -0.3090 0.4126
vn -0.9511 -0.3090 0.0000
vn -0.8569 -0.3090 -0.4126
vn -0.5930 -0.3090 -0.7436
vn -0.2116 -0.3090 -0.9272
vn 0.2116 -0.3090 -0.9272
vn 0.5930 -0.3090 -0.7436
vn 0.8569 -0.3090 -0.4126
vn 0.8090 -0.5878 0.0000
vn 0.7289 -0.5878 0.3510
vn 0.5044 -0.5878 0.6325
vn 0.1800 -0.5878 0.7887
vn -0.1800 -0.5878 0.7887
vn -0.5044 -0.5878 0.6325
vn -0.7289 -0.5878 0.3510
vn -0.8090 -0.5878 0.0000
vn -0.7289 -0.5878 -0.3510
vn -0.5044 -0.5878 -0.6325
vn -0.1800 -0.5878 -0.7887
vn 0.1800 -0.5878 -0.7887
vn 0.5044 -0.5878 -0.6325
vn 0.7289 -0.5878 -0.3510
vn 0.5878 -0.8090 0.0000
vn 0.5296 -0.8090 0.2550
vn 0.3665 -0.8090 0.4595
vn 0.1308 -0.8090 0.5730
vn -0.1308 -0.8090 0.5730
vn -0.3665 -0.8090 0.4595
vn -0.5296 -0.8090 0.2550
vn -0.5878 -0.8090 0.0000
vn -0.5296 -0.8090 -0.2550
vn -0.3665 -0.8090 -0.4595
vn -0.1308 -0.8090 -0.5730
vn 0.1308 -0.8090 -0.5730
vn 0.3665 -0.8090 -0.4595
vn 0.5296 -0.8090 -0.2550
vn 0.3090 -0.9511 0.0000
vn 0.2784 -0.9511 0.1341
vn 0.1927 -0.9511 0.2416
vn 0.0688 -0.9511 0.3013
vn -0.0688 -0.9511 0.3013
vn -0.1927 -0.9511 0.2416
vn -0.2784 -0.9511 0.1341
vn -0.3090 -0.9511 0.0000
vn -0.2784 -0.9511 -0.1341
vn -0.1927 -0.9511 -0.2416
vn -0.0688 -0.9511 -0.3013
vn 0.0688 -0.9511 -0.3013
vn 0.1927 -0.9511 -0.2416
vn 0.2784 -0.9511 -0.1341
vn 0.0000 -1.0000 0.0000
vn 0.0000 -1.0000 0.0000
vn 0.0000 -1.0000 0.0000
vn 0.0000 -1.0000 0.0000
vn -0.0000 -1.0000 0.0000
vn -0.0000 -1.0000 0.0000
vn -0.0000 -1.0000 0.0000
vn -0.0000 -1.0000 0.0000
vn -0.0000 -1.0000 -0.0000
vn -0.0000 -1.0000 -0.0000
vn -0.0000 -1.0000 -0.0000
vn 0.0000 -1.0000 -0.0000
vn 0.0000 -1.0000 -0.0000
vn 0.0000 -1.0000 -0.0000
vn 0.0000 0.0000 1.0000
vn 0.0000 0.0000 -1.0000
vn 0.0000 1.0000 0.0000
vn 0.0000 -1.0000 0.0000
vn 1.0000 0.0000 0.0000
vn -1.0000 0.0000 0.0000
vn 0.0000 0.0000 1.0000
vn 0.0000 0.0000 -1.0000
vn 0.0000 1.0000 0.0000
vn 0.0000 -1.0000 0.0000
vn 1.0000 0.0000 0.0000
vn -1.0000 0.0000 0.0000
vn 0.0000 0.0000 1.0000
vn 0.0000 0.0000 -1.0000
vn 0.0000 1.0000 0.0000
vn 0.0000 -1.0000 0.0000
vn 1.0000 0.0000 0.0000
vn -1.0000 0.0000 0.0000
vn 0.0000 0.0000 1.0000
vn 0.0000 0.0000 -1.0000
vn 0.0000 1.0000 0.0000
vn 0.0000 -1.0000 0.0000
vn 1.0000 0.0000 0.0000
vn -1.0000 0.0000 0.0000
vn 0.0000 0.0000 1.0000
vn 0.0000 0.0000 -1.0000
vn 0.0000 1.0000 0.0000
vn 0.0000 -1.0000 0.0000
vn 1.0000 0.0000 0.0000
vn -1.0000 0.0000 0.0000
vn 0.0000 0.0000 1.0000
vn 0.0000 0.0000 -1.0000
vn 0.0000 1.0000 0.0000
vn 0.0000 -1.0000 0.0000
vn 1.0000 0.0000 0.0000
vn -1.0000 0.0000 0.0000
vn 0.0000 0.0000 1.0000
vn 0.0000 0.0000 -1.0000
vn 0.0000 1.0000 0.0000
vn 0.0000 -1.0000 0.0000
vn 1.0000 0.0000 0.0000
vn -1.0000 0.0000 0.0000
vn 0.0000 0.0000 1.0000
vn 0.0000 0.0000 -1.0000
vn 0.0000 1.0000 0.0000
vn 0.0000 -1.0000 0.0000
vn 1.0000 0.0000 0.0000
vn -1.0000 0.0000 0.0000
vn 0.0000 0.0000 1.0000
vn 0.0000 0.0000 -1.0000
vn 0.0000 1.0000 0.0000
vn 0.0000 -1.0000 0.0000
vn 1.0000 0.0000 0.0000
vn -1.0000 0.0000 0.0000
vn 0.0000 0.0000 1.0000
vn 0.0000 0.0000 -1.0000
vn 0.0000 1.0000 0.0000
vn 0.0000 -1.0000 0.0000
vn 1.0000 0.0000 0.0000
vn -1.0000 0.0000 0.0000
vn 0.0000 0.0000 1.0000
vn 0.0000 0.0000 -1.0000
vn 0.0000 1.0000 0.0000
vn 0.0000 -1.0000 0.0000
vn 1.0000 0.0000 0.0000
vn -1.0000 0.0000 0.0000
vn 0.0000 1.0000 0.0000
vn 0.0000 1.0000 0.0000
vn 0.0000 1.0000 0.0000
vn 0.0000 1.0000 0.0000
vn -0.0000 1.0000 0.0000
vn -0.0000 1.0000 0.0000
vn -0.0000 1.0000 0.0000
vn -0.0000 1.0000 0.0000
vn -0.0000 1.0000 -0.0000
vn -0.0000 1.0000 -0.0000
vn -0.0000 1.0000 -0.0000
vn 0.0000 1.0000 -0.0000
vn 0.0000 1.0000 -0.0000
vn 0.0000 1.0000 -0.0000
vn 0.3090 0.9511 0.0000
vn 0.2784 0.9511 0.1341
vn 0.1927 0.9511 0.2416
vn 0.0688 0.9511 0.3013
vn -0.0688 0.9511 0.3013
vn -0.1927 0.9511 0.2416
vn -0.2784 0.9511 0.1341
vn -0.3090 0.9511 0.0000
vn -0.2784 0.9511 -0.1341
vn -0.1927 0.9511 -0.2416
vn -0.0688 0.9511 -0.3013
vn 0.0688 0.9511 -0.3013
vn 0.1927 0.9511 -0.2416
vn 0.2784 0.9511 -0.1341
vn 0.5878 0.8090 0.0000
vn 0.5296 0.8090 0.2550
vn 0.3665 0.8090 0.4595
vn 0.1308 0.8090 0.5730
vn -0.1308 0.8090 0.5730
vn -0.3665 0.8090 0.4595
vn -0.5296 0.8090 0.2550
vn -0.5878 0.8090 0.0000
vn -0.5296 0.8090 -0.2550
vn -0.3665 0.8090 -0.4595
vn -0.1308 0.8090 -0.5730
vn 0.1308 0.8090 -0.5730
vn 0.3665 0.8090 -0.4595
vn 0.5296 0.8090 -0.2550
vn 0.8090 0.5878 0.0000
vn 0.7289 0.5878 0.3510
vn 0.5044 0.5878 0.6325
vn 0.1800 0.5878 0.7887
vn -0.1800 0.5878 0.7887
vn -0.5044 0.5878 0.6325
vn -0.7289 0.5878 0.3510
vn -0.8090 0.5878 0.0000
vn -0.7289 0.5878 -0.3510
vn -0.5044 0.5878 -0.6325
vn -0.1800 0.5878 -0.7887
vn 0.1800 0.5878 -0.7887
vn 0.5044 0.5878 -0.6325
vn 0.7289 0.5878 -0.3510
vn 0.9511 0.3090 0.0000
vn 0.8569 0.3090 0.4126
vn 0.5930 0.3090 0.7436
vn 0.2116 0.3090 0.9272
vn -0.2116 0.3090 0.9272
vn -0.5930 0.3090 0.7436
vn -0.8569 0.3090 0.4126
vn -0.9511 0.3090 0.0000
vn -0.8569 0.3090 -0.4126
vn -0.5930 0.3090 -0.7436
vn -0.2116 0.3090 -0.9272
vn 0.2116 0.3090 -0.9272
vn 0.5930 0.3090 -0.7436
vn 0.8569 0.3090 -0.4126
vn 1.0000 0.0000 0.0000
vn 0.9010 0.0000 0.4339
vn 0.6235 0.0000 0.7818
vn 0.2225 0.0000 0.9749
vn -0.2225 0.0000 0.9749
vn -0.6235 0.0000 0.7818
vn -0.9010 0.0000 0.4339
vn -1.0000 0.0000 0.0000
vn -0.9010 0.0000 -0.4339
vn -0.6235 0.0000 -0.7818
vn -0.2225 0.0000 -0.9749
vn 0.2225 0.0000 -0.9749
vn 0.6235 0.0000 -0.7818
vn 0.9010 0.0000 -0.4339
vn 0.9511 -0.3090 0.0000
vn 0.8569 -0.3090 0.4126
vn 0.5930 -0.3090 0.7436
vn 0.2116 -0.3090 0.9272
vn -0.2116 -0.3090 0.9272
vn -0.5930 -0.3090 0.7436
vn -0.8569 -0.3090 0.4126
vn -0.9511 -0.3090 0.0000
vn -0.8569 -0.3090 -0.4126
vn -0.5930 -0.3090 -0.7436
vn -0.2116 -0.3090 -0.9272
vn 0.2116 -0.3090 -0.9272
vn 0.5930 -0.3090 -0.7436
vn 0.8569 -0.3090 -0.4126
vn 0.8090 -0.5878 0.0000
vn 0.7289 -0.5878 0.3510
vn 0.5044 -0.5878 0.6325
vn 0.1800 -0.5878 0.7887
vn -0.1800 -0.5878 0.7887
vn -0.5044 -0.5878 0.6325
vn -0.7289 -0.5878 0.3510
vn -0.8090 -0.5878 0.0000
vn -0.7289 -0.5878 -0.3510
vn -0.5044 -0.5878 -0.6325
vn -0.1800 -0.5878 -0.7887
vn 0.1800 -0.5878 -0.7887
vn 0.5044 -0.5878 -0.6325
vn 0.7289 -0.5878 -0.3510
vn 0.5878 -0.8090 0.0000
vn 0.5296 -0.8090 0.2550
vn 0.3665 -0.8090 0.4595
vn 0.1308 -0.8090 0.5730
vn -0.1308 -0.8090 0.5730
vn -0.3665 -0.8090 0.4595
vn -0.5296 -0.8090 0.2550
vn -0.5878 -0.8090 0.0000
vn -0.5296 -0.8090 -0.2550
vn -0.3665 -0.8090 -0.4595
vn -0.1308 -0.8090 -0.5730
vn 0.1308 -0.8090 -0.5730
vn 0.3665 -0.8090 -0.4595
vn 0.5296 -0.8090 -0.2550
vn 0.3090 -0.9511 0.0000
vn 0.2784 -0.9511 0.1341
vn 0.1927 -0.9511 0.2416
vn 0.0688 -0.9511 0.3013
vn -0.0688 -0.9511 0.3013
vn -0.1927 -0.9511 0.2416
vn -0.2784 -0.9511 0.1341
vn -0.3090 -0.9511 0.0000
vn -0.2784 -0.9511 -0.1341
vn -0.1927 -0.9511 -0.2416
vn -0.0688 -0.9511 -0.3013
vn 0.0688 -0.9511 -0.3013
vn 0.1927 -0.9511 -0.2416
vn 0.2784 -0.9511 -0.1341
vn 0.0000 -1.0000 0.0000
vn 0.0000 -1.0000 0.0000
vn 0.0000 -1.0000 0.0000
vn 0.0000 -1.0000 0.0000
vn -0.0000 -1.0000 0.0000
vn -0.0000 -1.0000 0.0000
vn -0.0000 -1.0000 0.0000
vn -0.0000 -1.0000 0.0000
vn -0.0000 -1.0000 -0.0000
vn -0.0000 -1.0000 -0.0000
vn -0.0000 -1.0000 -0.0000
vn 0.0000 -1.0000 -0.0000
vn 0.0000 -1.0000 -0.0000
vn 0.0000 -1.0000 -0.0000
vn 0.0000 0.0000 1.0000
vn 0.0000 0.0000 -1.0000
vn 0.0000 1.0000 0.0000
vn 0.0000 -1.0000 0.0000
vn 1.0000 0.0000 0.0000
vn -1.0000 0.0000 0.0000
vn 0.0000 0.0000 1.0000
vn 0.0000 0.0000 -1.0000
vn 0.0000 1.0000 0.0000
vn 0.0000 -1.0000 0.0000
vn 1.0000 0.0000 0.0000
vn -1.0000 0.0000 0.0000
vn 0.0000 0.0000 1.0000
vn 0.0000 0.0000 -1.0000
vn 0.0000 1.0000 0.0000
vn 0.0000 -1.0000 0.0000
vn 1.0000 0.0000 0.0000
vn -1.0000 0.0000 0.0000
vn 0.0000 0.0000 1.0000
vn 0.0000 0.0000 -1.0000
vn 0.0000 1.0000 0.0000
vn 0.0000 -1.0000 0.0000
vn 1.0000 0.0000 0.0000
vn -1.0000 0.0000 0.0000
vn 0.0000 0.0000 1.0000
vn 0.0000 0.0000 -1.0000
vn 0.0000 1.0000 0.0000
vn 0.0000 -1.0000 0.0000
vn 1.0000 0.0000 0.0000
vn -1.0000 0.0000 0.0000
vn 0.0000 0.0000 1.0000
vn 0.0000 0.0000 -1.0000
vn 0.0000 1.0000 0.0000
vn 0.0000 -1.0000 0.0000
vn 1.0000 0.0000 0.0000
vn -1.0000 0.0000 0.0000
vn 0.0000 0.0000 1.0000
vn 0.0000 0.0000 -1.0000
vn 0.0000 1.0000 0.0000
vn 0.0000 -1.0000 0.0000
vn 1.0000 0.0000 0.0000
vn -1.0000 0.0000 0.0000
vn 0.0000 0.0000 1.0000
vn 0.0000 0.0000 -1.0000
vn 0.0000 1.0000 0.0000
vn 0.0000 -1.0000 0.0000
vn 1.0000 0.0000 0.0000
vn -1.0000 0.0000 0.0000
vn 0.0000 0.0000 1.0000
vn 0.0000 0.0000 -1.0000
vn 0.0000 1.0000 0.0000
vn 0.0000 -1.0000 0.0000
vn 1.0000 0.0000 0.0000
vn -1.0000 0.0000 0.0000
vn 0.0000 1.0000 0.0000
vn 0.0000 1.0000 0.0000
vn 0.0000 1.0000 0.0000
vn 0.0000 1.0000 0.0000
vn -0.0000 1.0000 0.0000
vn -0.0000 1.0000 0.0000
vn -0.0000 1.0000 0.0000
vn -0.0000 1.0000 0.0000
vn -0.0000 1.0000 -0.0000
vn -0.0000 1.0000 -0.0000
vn -0.0000 1.0000 -0.0000
vn 0.0000 1.0000 -0.0000
vn 0.0000 1.0000 -0.0000
vn 0.0000 1.0000 -0.0000
vn 0.3827 0.9239 0.0000
vn 0.3448 0.9239 0.1660
vn 0.2386 0.9239 0.2992
vn 0.0852 0.9239 0.3731
vn -0.0852 0.9239 0.3731
vn -0.2386 0.9239 0.2992
vn -0.3448 0.9239 0.1660
vn -0.3827 0.9239 0.0000
vn -0.3448 0.9239 -0.1660
vn -0.2386 0.9239 -0.2992
vn -0.0852 0.9239 -0.3731
vn 0.0852 0.9239 -0.3731
vn 0.2386 0.9239 -0.2992
vn 0.3448 0.9239 -0.1660
vn 0.7071 0.7071 0.0000
vn 0.6371 0.7071 0.3068
vn 0.4409 0.7071 0.5528
vn 0.1573 0.7071 0.6894
vn -0.1573 0.7071 0.6894
vn -0.4409 0.7071 0.5528
vn -0.6371 0.7071 0.3068
vn -0.7071 0.7071 0.0000
vn -0.6371 0.7071 -0.3068
vn -0.4409 0.7071 -0.5528
vn -0.1573 0.7071 -0.6894
vn 0.1573 0.7071 -0.6894
vn 0.4409 0.7071 -0.5528
vn 0.6371 0.7071 -0.3068
vn 0.9239 0.3827 0.0000
vn 0.8324 0.3827 0.4009
vn 0.5760 0.3827 0.7223
vn 0.2056 0.3827 0.9007
vn -0.2056 0.3827 0.9007
vn -0.5760 0.3827 0.7223
vn -0.8324 0.3827 0.4009
vn -0.9239 0.3827 0.0000
vn -0.8324 0.3827 -0.4009
vn -0.5760 0.3827 -0.7223
vn -0.2056 0.3827 -0.9007
vn 0.2056 0.3827 -0.9007
vn 0.5760 0.3827 -0.7223
vn 0.8324 0.3827 -0.4009
vn 1.0000 0.0000 0.0000
vn 0.9010 0.0000 0.4339
vn 0.6235 0.0000 0.7818
vn 0.2225 0.0000 0.9749
vn -0.2225 0.0000 0.9749
vn -0.6235 0.0000 0.7818
vn -0.9010 0.0000 0.4339
vn -1.0000 0.0000 0.0000
vn -0.9010 0.0000 -0.4339
vn -0.6235 0.0000 -0.7818
vn -0.2225 0.0000 -0.9749
vn 0.2225 0.0000 -0.9749
vn 0.6235 0.0000 -0.7818
vn 0.9010 0.0000 -0.4339
vn 0.9239 -0.3827 0.0000
vn 0.8324 -0.3827 0.4009
vn 0.5760 -0.3827 0.7223
vn 0.2056 -0.3827 0.9007
vn -0.2056 -0.3827 0.9007
vn -0.5760 -0.3827 0.7223
vn -0.8324 -0.3827 0.4009
vn -0.9239 -0.3827 0.0000
vn -0.8324 -0.3827 -0.4009
vn -0.5760 -0.3827 -0.7223
vn -0.2056 -0.3827 -0.9007
vn 0.2056 -0.3827 -0.9007
vn 0.5760 -0.3827 -0.7223
vn 0.8324 -0.3827 -0.4009
vn 0.7071 -0.7071 0.0000
vn 0.6371 -0.7071 0.3068
vn 0.4409 -0.7071 0.5528
vn 0.1573 -0.7071 0.6894
vn -0.1573 -0.7071 0.6894
vn -0.4409 -0.7071 0.5528
vn -0.6371 -0.7071 0.3068
vn -0.7071 -0.7071 0.0000
vn -0.6371 -0.7071 -0.3068
vn -0.4409 -0.7071 -0.5528
vn -0.1573 -0.7071 -0.6894
vn 0.1573 -0.7071 -0.6894
vn 0.4409 -0.7071 -0.5528
vn 0.6371 -0.7071 -0.3068
vn 0.3827 -0.9239 0.0000
vn 0.3448 -0.9239 0.1660
vn 0.2386 -0.9239 0.2992
vn 0.0852 -0.9239 0.3731
vn -0.0852 -0.9239 0.3731
vn -0.2386 -0.9239 0.2992
vn -0.3448 -0.9239 0.1660
vn -0.3827 -0.9239 0.0000
vn -0.3448 -0.9239 -0.1660
vn -0.2386 -0.9239 -0.2992
vn -0.0852 -0.9239 -0.3731
vn 0.0852 -0.9239 -0.3731
vn 0.2386 -0.9239 -0.2992
vn 0.3448 -0.9239 -0.1660
vn 0.0000 -1.0000 0.0000
vn 0.0000 -1.0000 0.0000
vn 0.0000 -1.0000 0.0000
vn 0.0000 -1.0000 0.0000
vn -0.0000 -1.0000 0.0000
vn -0.0000 -1.0000 0.0000
vn -0.0000 -1.0000 0.0000
vn -0.0000 -1.0000 0.0000
vn -0.0000 -1.0000 -0.0000
vn -0.0000 -1.0000 -0.0000
vn -0.0000 -1.0000 -0.0000
vn 0.0000 -1.0000 -0.0000
vn 0.0000 -1.0000 -0.0000
vn 0.0000 -1.0000 -0.0000
vn 0.0000 0.0000 1.0000
vn 0.0000 0.0000 -1.0000
vn 0.0000 1.0000 0.0000
vn 0.0000 -1.0000 0.0000
vn 1.0000 0.0000 0.0000
vn -1.0000 0.0000 0.0000
vn 0.0000 0.0000 1.0000
vn 0.0000 0.0000 -1.0000
vn 0.0000 1.0000 0.0000
vn 0.0000 -1.0000 0.0000
vn 1.0000 0.0000 0.0000
vn -1.0000 0.0000 0.0000
vn 0.0000 0.0000 1.0000
vn 0.0000 0.0000 -1.0000
vn 0.0000 1.0000 0.0000
vn 0.0000 -1.0000 0.0000
vn 1.0000 0.0000 0.0000
vn -1.0000 0.0000 0.0000
vn 0.0000 1.0000 0.0000
vn 0.0000 1.0000 0.0000
vn 0.0000 1.0000 0.0000
vn 0.0000 1.0000 0.0000
vn -0.0000 1.0000 0.0000
vn -0.0000 1.0000 0.0000
vn -0.0000 1.0000 0.0000
vn -0.0000 1.0000 0.0000
vn -0.0000 1.0000 -0.0000
vn -0.0000 1.0000 -0.0000
vn -0.0000 1.0000 -0.0000
vn 0.0000 1.0000 -0.0000
vn 0.0000 1.0000 -0.0000
vn 0.0000 1.0000 -0.0000
vn 0.3827 0.9239 0.0000
vn 0.3448 0.9239 0.1660
vn 0.2386 0.9239 0.2992
vn 0.0852 0.9239 0.3731
vn -0.0852 0.9239 0.3731
vn -0.2386 0.9239 0.2992
vn -0.3448 0.9239 0.1660
vn -0.3827 0.9239 0.0000
vn -0.3448 0.9239 -0.1660
vn -0.2386 0.9239 -0.2992
vn -0.0852 0.9239 -0.3731
vn 0.0852 0.9239 -0.3731
vn 0.2386 0.9239 -0.2992
vn 0.3448 0.9239 -0.1660
vn 0.7071 0.7071 0.0000
vn 0.6371 0.7071 0.3068
vn 0.4409 0.7071 0.5528
vn 0.1573 0.7071 0.6894
vn -0.1573 0.7071 0.6894
vn -0.4409 0.7071 0.5528
vn -0.6371 0.7071 0.3068
vn -0.7071 0.7071 0.0000
vn -0.6371 0.7071 -0.3068
vn -0.4409 0.7071 -0.5528
vn -0.1573 0.7071 -0.6894
vn 0.1573 0.7071 -0.6894
vn 0.4409 0.7071 -0.5528
vn 0.6371 0.7071 -0.3068
vn 0.9239 0.3827 0.0000
vn 0.8324 0.3827 0.4009
vn 0.5760 0.3827 0.7223
vn 0.2056 0.3827 0.9007
vn -0.2056 0.3827 0.9007
vn -0.5760 0.3827 0.7223
vn -0.8324 0.3827 0.4009
vn -0.9239 0.3827 0.0000
vn -0.8324 0.3827 -0.4009
vn -0.5760 0.3827 -0.7223
vn -0.2056 0.3827 -0.9007
vn 0.2056 0.3827 -0.9007
vn 0.5760 0.3827 -0.7223
vn 0.8324 0.3827 -0.4009
vn 1.0000 0.0000 0.0000
vn 0.9010 0.0000 0.4339
vn 0.6235 0.0000 0.7818
vn 0.2225 0.0000 0.9749
vn -0.2225 0.0000 0.9749
vn -0.6235 0.0000 0.7818
vn -0.9010 0.0000 0.4339
vn -1.0000 0.0000 0.0000
vn -0.9010 0.0000 -0.4339
vn -0.6235 0.0000 -0.7818
vn -0.2225 0.0000 -0.9749
vn 0.2225 0.0000 -0.9749
vn 0.6235 0.0000 -0.7818
vn 0.9010 0.0000 -0.4339
vn 0.9239 -0.3827 0.0000
vn 0.8324 -0.3827 0.4009
vn 0.5760 -0.3827 0.7223
vn 0.2056 -0.3827 0.9007
vn -0.2056 -0.3827 0.9007
vn -0.5760 -0.3827 0.7223
vn -0.8324 -0.3827 0.4009
vn -0.9239 -0.3827 0.0000
vn -0.8324 -0.3827 -0.4009
vn -0.5760 -0.3827 -0.7223
vn -0.2056 -0.3827 -0.9007
vn 0.2056 -0.3827 -0.9007
vn 0.5760 -0.3827 -0.7223
vn 0.8324 -0.3827 -0.4009
vn 0.7071 -0.7071 0.0000
vn 0.6371 -0.7071 0.3068
vn 0.4409 -0.7071 0.5528
vn 0.1573 -0.7071 0.6894
vn -0.1573 -0.7071 0.6894
vn -0.4409 -0.7071 0.5528
vn -0.6371 -0.7071 0.3068
vn -0.7071 -0.7071 0.0000
vn -0.6371 -0.7071 -0.3068
vn -0.4409 -0.7071 -0.5528
vn -0.1573 -0.7071 -0.6894
vn 0.1573 -0.7071 -0.6894
vn 0.4409 -0.7071 -0.5528
vn 0.6371 -0.7071 -0.3068
vn 0.3827 -0.9239 0.0000
vn 0.3448 -0.9239 0.1660
vn 0.2386 -0.9239 0.2992
vn 0.0852 -0.9239 0.3731
vn -0.0852 -0.9239 0.3731
vn -0.2386 -0.9239 0.2992
vn -0.3448 -0.9239 0.1660
vn -0.3827 -0.9239 0.0000
vn -0.3448 -0.9239 -0.1660
vn -0.2386 -0.9239 -0.2992
vn -0.0852 -0.9239 -0.3731
vn 0.0852 -0.9239 -0.3731
vn 0.2386 -0.9239 -0.2992
vn 0.3448 -0.9239 -0.1660
vn 0.0000 -1.0000 0.0000
vn 0.0000 -1.0000 0.0000
vn 0.0000 -1.0000 0.0000
vn 0.0000 -1.0000 0.0000
vn -0.0000 -1.0000 0.0000
vn -0.0000 -1.0000 0.0000
vn -0.0000 -1.0000 0.0000
vn -0.0000 -1.0000 0.0000
vn -0.0000 -1.0000 -0.0000
vn -0.0000 -1.0000 -0.0000
vn -0.0000 -1.0000 -0.0000
vn 0.0000 -1.0000 -0.0000
vn 0.0000 -1.0000 -0.0000
vn 0.0000 -1.0000 -0.0000
vn 0.0000 0.0000 1.0000
vn 0.0000 0.0000 -1.0000
vn 0.0000 1.0000 0.0000
vn 0.0000 -1.0000 0.0000
vn 1.0000 0.0000 0.0000
vn -1.0000 0.0000 0.0000
vn 0.0000 0.0000 1.0000
vn 0.0000 0.0000 -1.0000
vn 0.0000 1.0000 0.0000
vn 0.0000 -1.0000 0.0000
vn 1.0000 0.0000 0.0000
vn -1.0000 0.0000 0.0000
vn 0.0000 0.0000 1.0000
vn 0.0000 0.0000 -1.0000
vn 0.0000 1.0000 0.0000
vn 0.0000 -1.0000 0.0000
vn 1.0000 0.0000 0.0000
vn -1.0000 0.0000 0.0000
vn 0.0000 1.0000 0.0000
vn 0.0000 1.0000 0.0000
vn 0.0000 1.0000 0.0000
vn 0.0000 1.0000 0.0000
vn -0.0000 1.0000 0.0000
vn -0.0000 1.0000 0.0000
vn -0.0000 1.0000 0.0000
vn -0.0000 1.0000 0.0000
vn -0.0000 1.0000 -0.0000
vn -0.0000 1.0000 -0.0000
vn -0.0000 1.0000 -0.0000
vn 0.0000 1.0000 -0.0000
vn 0.0000 1.0000 -0.0000
vn 0.0000 1.0000 -0.0000
vn 0.3827 0.9239 0.0000
vn 0.3448 0.9239 0.1660
vn 0.2386 0.9239 0.2992
vn 0.0852 0.9239 0.3731
vn -0.0852 0.9239 0.3731
vn -0.2386 0.9239 0.2992
vn -0.3448 0.9239 0.1660
vn -0.3827 0.9239 0.0000
vn -0.3448 0.9239 -0.1660
vn -0.2386 0.9239 -0.2992
vn -0.0852 0.9239 -0.3731
vn 0.0852 0.9239 -0.3731
vn 0.2386 0.9239 -0.2992
vn 0.3448 0.9239 -0.1660
vn 0.7071 0.7071 0.0000
vn 0.6371 0.7071 0.3068
vn 0.4409 0.7071 0.5528
vn 0.1573 0.7071 0.6894
vn -0.1573 0.7071 0.6894
vn -0.4409 0.7071 0.5528
vn -0.6371 0.7071 0.3068
vn -0.7071 0.7071 0.0000
vn -0.6371 0.7071 -0.3068
vn -0.4409 0.7071 -0.5528
vn -0.1573 0.7071 -0.6894
vn 0.1573 0.7071 -0.6894
vn 0.4409 0.7071 -0.5528
vn 0.6371 0.7071 -0.3068
vn 0.9239 0.3827 0.0000
vn 0.8324 0.3827 0.4009
vn 0.5760 0.3827 0.7223
vn 0.2056 0.3827 0.9007
vn -0.2056 0.3827 0.9007
vn -0.5760 0.3827 0.7223
vn -0.8324 0.3827 0.4009
vn -0.9239 0.3827 0.0000
vn -0.8324 0.3827 -0.4009
vn -0.5760 0.3827 -0.7223
vn -0.2056 0.3827 -0.9007
vn 0.2056 0.3827 -0.9007
vn 0.5760 0.3827 -0.7223
vn 0.8324 0.3827 -0.4009
vn 1.0000 0.0000 0.0000
vn 0.9010 0.0000 0.4339
vn 0.6235 0.0000 0.7818
vn 0.2225 0.0000 0.9749
vn -0.2225 0.0000 0.9749
vn -0.6235 0.0000 0.7818
vn -0.9010 0.0000 0.4339
vn -1.0000 0.0000 0.0000
vn -0.9010 0.0000 -0.4339
vn -0.6235 0.0000 -0.7818
vn -0.2225 0.0000 -0.9749
vn 0.2225 0.0000 -0.9749
vn 0.6235 0.0000 -0.7818
vn 0.9010 0.0000 -0.4339
vn 0.9239 -0.3827 0.0000
vn 0.8324 -0.3827 0.4009
vn 0.5760 -0.3827 0.7223
vn 0.2056 -0.3827 0.9007
vn -0.2056 -0.3827 0.9007
vn -0.5760 -0.3827 0.7223
vn -0.8324 -0.3827 0.4009
vn -0.9239 -0.3827 0.0000
vn -0.8324 -0.3827 -0.4009
vn -0.5760 -0.3827 -0.7223
vn -0.2056 -0.3827 -0.9007
vn 0.2056 -0.3827 -0.9007
vn 0.5760 -0.3827 -0.7223
vn 0.8324 -0.3827 -0.4009
vn 0.7071 -0.7071 0.0000
vn 0.6371 -0.7071 0.3068
vn 0.4409 -0.7071 0.5528
vn 0.1573 -0.7071 0.6894
vn -0.1573 -0.7071 0.6894
vn -0.4409 -0.7071 0.5528
vn -0.6371 -0.7071 0.3068
vn -0.7071 -0.7071 0.0000
vn -0.6371 -0.7071 -0.3068
vn -0.4409 -0.7071 -0.5528
vn -0.1573 -0.7071 -0.6894
vn 0.1573 -0.7071 -0.6894
vn 0.4409 -0.7071 -0.5528
vn 0.6371 -0.7071 -0.3068
vn 0.3827 -0.9239 0.0000
vn 0.3448 -0.9239 0.1660
vn 0.2386 -0.9239 0.2992
vn 0.0852 -0.9239 0.3731
vn -0.0852 -0.9239 0.3731
vn -0.2386 -0.9239 0.2992
vn -0.3448 -0.9239 0.1660
vn -0.3827 -0.9239 0.0000
vn -0.3448 -0.9239 -0.1660
vn -0.2386 -0.9239 -0.2992
vn -0.0852 -0.9239 -0.3731
vn 0.0852 -0.9239 -0.3731
vn 0.2386 -0.9239 -0.2992
vn 0.3448 -0.9239 -0.1660
vn 0.0000 -1.0000 0.0000
vn 0.0000 -1.0000 0.0000
vn 0.0000 -1.0000 0.0000
vn 0.0000 -1.0000 0.0000
vn -0.0000 -1.0000 0.0000
vn -0.0000 -1.0000 0.0000
vn -0.0000 -1.0000 0.0000
vn -0.0000 -1.0000 0.0000
vn -0.0000 -1.0000 -0.0000
vn -0.0000 -1.0000 -0.0000
vn -0.0000 -1.0000 -0.0000
vn 0.0000 -1.0000 -0.0000
vn 0.0000 -1.0000 -0.0000
vn 0.0000 -1.0000 -0.0000
vn 0.0000 0.0000 1.0000
vn 0.0000 0.0000 -1.0000
vn 0.0000 1.0000 0.0000
vn 0.0000 -1.0000 0.0000
vn 1.0000 0.0000 0.0000
vn -1.0000 0.0000 0.0000
vn 0.0000 0.0000 1.0000
vn 0.0000 0.0000 -1.0000
vn 0.0000 1.0000 0.0000
vn 0.0000 -1.0000 0.0000
vn 1.0000 0.0000 0.0000
vn -1.0000 0.0000 0.0000
vn 0.0000 0.0000 1.0000
vn 0.0000 0.0000 -1.0000
vn 0.0000 1.0000 0.0000
vn 0.0000 -1.0000 0.0000
vn 1.0000 0.0000 0.0000
vn -1.0000 0.0000 0.0000
vn 0.0000 0.0000 1.0000
vn 0.0000 0.0000 -1.0000
vn 0.0000 1.0000 0.0000
vn 0.0000 -1.0000 0.0000
vn 1.0000 0.0000 0.0000
vn -1.0000 0.0000 0.0000
vn 0.0000 0.0000 1.0000
vn 0.0000 0.0000 -1.0000
vn 0.0000 1.0000 0.0000
vn 0.0000 -1.0000 0.0000
vn 1.0000 0.0000 0.0000
vn -1.0000 0.0000 0.0000
vn 0.0000 0.0000 1.0000
vn 0.0000 0.0000 -1.0000
vn 0.0000 1.0000 0.0000
vn 0.0000 -1.0000 0.0000
vn 1.0000 0.0000 0.0000
vn -1.0000 0.0000 0.0000
vn 0.0000 1.0000 0.0000
vn 0.0000 1.0000 0.0000
vn 0.0000 1.0000 0.0000
vn 0.0000 1.0000 0.0000
vn -0.0000 1.0000 0.0000
vn -0.0000 1.0000 0.0000
vn -0.0000 1.0000 0.0000
vn -0.0000 1.0000 0.0000
vn -0.0000 1.0000 -0.0000
vn -0.0000 1.0000 -0.0000
vn -0.0000 1.0000 -0.0000
vn 0.0000 1.0000 -0.0000
vn 0.0000 1.0000 -0.0000
vn 0.0000 1.0000 -0.0000
vn 0.3090 0.9511 0.0000
vn 0.2784 0.9511 0.1341
vn 0.1927 0.9511 0.2416
vn 0.0688 0.9511 0.3013
vn -0.0688 0.9511 0.3013
vn -0.1927 0.9511 0.2416
vn -0.2784 0.9511 0.1341
vn -0.3090 0.9511 0.0000
vn -0.2784 0.9511 -0.1341
vn -0.1927 0.9511 -0.2416
vn -0.0688 0.9511 -0.3013
vn 0.0688 0.9511 -0.3013
vn 0.1927 0.9511 -0.2416
vn 0.2784 0.9511 -0.1341
vn 0.5878 0.8090 0.0000
vn 0.5296 0.8090 0.2550
vn 0.3665 0.8090 0.4595
vn 0.1308 0.8090 0.5730
vn -0.1308 0.8090 0.5730
vn -0.3665 0.8090 0.4595
vn -0.5296 0.8090 0.2550
vn -0.5878 0.8090 0.0000
vn -0.5296 0.8090 -0.2550
vn -0.3665 0.8090 -0.4595
vn -0.1308 0.8090 -0.5730
vn 0.1308 0.8090 -0.5730
vn 0.3665 0.8090 -0.4595
vn 0.5296 0.8090 -0.2550
vn 0.8090 0.5878 0.0000
vn 0.7289 0.5878 0.3510
vn 0.5044 0.5878 0.6325
vn 0.1800 0.5878 0.7887
vn -0.1800 0.5878 0.7887
vn -0.5044 0.5878 0.6325
vn -0.7289 0.5878 0.3510
vn -0.8090 0.5878 0.0000
vn -0.7289 0.5878 -0.3510
vn -0.5044 0.5878 -0.6325
vn -0.1800 0.5878 -0.7887
vn 0.1800 0.5878 -0.7887
vn 0.5044 0.5878 -0.6325
vn 0.7289 0.5878 -0.3510
vn 0.9511 0.3090 0.0000
vn 0.8569 0.3090 0.4126
vn 0.5930 0.3090 0.7436
vn 0.2116 0.3090 0.9272
vn -0.2116 0.3090 0.9272
vn -0.5930 0.3090 0.7436
vn -0.8569 0.3090 0.4126
vn -0.9511 0.3090 0.0000
vn -0.8569 0.3090 -0.4126
vn -0.5930 0.3090 -0.7436
vn -0.2116 0.3090 -0.9272
vn 0.2116 0.3090 -0.9272
vn 0.5930 0.3090 -0.7436
vn 0.8569 0.3090 -0.4126
vn 1.0000 0.0000 0.0000
vn 0.9010 0.0000 0.4339
vn 0.6235 0.0000 0.7818
vn 0.2225 0.0000 0.9749
vn -0.2225 0.0000 0.9749
vn -0.6235 0.0000 0.7818
vn -0.9010 0.0000 0.4339
vn -1.0000 0.0000 0.0000
vn -0.9010 0.0000 -0.4339
vn -0.6235 0.0000 -0.7818
vn -0.2225 0.0000 -0.9749
vn 0.2225 0.0000 -0.9749
vn 0.6235 0.0000 -0.7818
vn 0.9010 0.0000 -0.4339
vn 0.9511 -0.3090 0.0000
vn 0.8569 -0.3090 0.4126
vn 0.5930 -0.3090 0.7436
vn 0.2116 -0.3090 0.9272
vn -0.2116 -0.3090 0.9272
vn -0.5930 -0.3090 0.7436
vn -0.8569 -0.3090 0.4126
vn -0.9511 -0.3090 0.0000
vn -0.8569 -0.3090 -0.4126
vn -0.5930 -0.3090 -0.7436
vn -0.2116 -0.3090 -0.9272
vn 0.2116 -0.3090 -0.9272
vn 0.5930 -0.3090 -0.7436
vn 0.8569 -0.3090 -0.4126
vn 0.8090 -0.5878 0.0000
vn 0.7289 -0.5878 0.3510
vn 0.5044 -0.5878 0.6325
vn 0.1800 -0.5878 0.7887
vn -0.1800 -0.5878 0.7887
vn -0.5044 -0.5878 0.6325
vn -0.7289 -0.5878 0.3510
vn -0.8090 -0.5878 0.0000
vn -0.7289 -0.5878 -0.3510
vn -0.5044 -0.5878 -0.6325
vn -0.1800 -0.5878 -0.7887
vn 0.1800 -0.5878 -0.7887
vn 0.5044 -0.5878 -0.6325
vn 0.7289 -0.5878 -0.3510
vn 0.5878 -0.8090 0.0000
vn 0.5296 -0.8090 0.2550
vn 0.3665 -0.8090 0.4595
vn 0.1308 -0.8090 0.5730
vn -0.1308 -0.8090 0.5730
vn -0.3665 -0.8090 0.4595
vn -0.5296 -0.8090 0.2550
vn -0.5878 -0.8090 0.0000
vn -0.5296 -0.8090 -0.2550
vn -0.3665 -0.8090 -0.4595
vn -0.1308 -0.8090 -0.5730
vn 0.1308 -0.8090 -0.5730
vn 0.3665 -0.8090 -0.4595
vn 0.5296 -0.8090 -0.2550
vn 0.3090 -0.9511 0.0000
vn 0.2784 -0.9511 0.1341
vn 0.1927 -0.9511 0.2416
vn 0.0688 -0.9511 0.3013
vn -0.0688 -0.9511 0.3013
vn -0.1927 -0.9511 0.2416
vn -0.2784 -0.9511 0.1341
vn -0.3090 -0.9511 0.0000
vn -0.2784 -0.9511 -0.1341
vn -0.1927 -0.9511 -0.2416
vn -0.0688 -0.9511 -0.3013
vn 0.0688 -0.9511 -0.3013
vn 0.1927 -0.9511 -0.2416
vn 0.2784 -0.9511 -0.1341
vn 0.0000 -1.0000 0.0000
vn 0.0000 -1.0000 0.0000
vn 0.0000 -1.0000 0.0000
vn 0.0000 -1.0000 0.0000
vn -0.0000 -1.0000 0.0000
vn -0.0000 -1.0000 0.0000
vn -0.0000 -1.0000 0.0000
vn -0.0000 -1.0000 0.0000
vn -0.0000 -1.0000 -0.0000
vn -0.0000 -1.0000 -0.0000
vn -0.0000 -1.0000 -0.0000
vn 0.0000 -1.0000 -0.0000
vn 0.0000 -1.0000 -0.0000
vn 0.0000 -1.0000 -0.0000
vn 0.0000 0.0000 1.0000
vn 0.0000 0.0000 -1.0000
vn 0.0000 1.0000 0.0000
vn 0.0000 -1.0000 0.0000
vn 1.0000 0.0000 0.0000
vn -1.0000 0.0000 0.0000
vn 0.0000 1.0000 0.0000
vn 0.0000 1.0000 0.0000
vn 0.0000 1.0000 0.0000
vn -0.0000 1.0000 0.0000
vn -0.0000 1.0000 0.0000
vn -0.0000 1.0000 -0.0000
vn -0.0000 1.0000 -0.0000
vn 0.0000 1.0000 -0.0000
vn 0.7071 0.7071 0.0000
vn 0.5000 0.7071 0.5000
vn 0.0000 0.7071 0.7071
vn -0.5000 0.7071 0.5000
vn -0.7071 0.7071 0.0000
vn -0.5000 0.7071 -0.5000
vn -0.0000 0.7071 -0.7071
vn 0.5000 0.7071 -0.5000
vn 1.0000 0.0000 0.0000
vn 0.7071 0.0000 0.7071
vn 0.0000 0.0000 1.0000
vn -0.7071 0.0000 0.7071
vn -1.0000 0.0000 0.0000
vn -0.7071 0.0000 -0.7071
vn -0.0000 0.0000 -1.0000
vn 0.7071 0.0000 -0.7071
vn 0.7071 -0.7071 0.0000
vn 0.5000 -0.7071 0.5000
vn 0.0000 -0.7071 0.7071
vn -0.5000 -0.7071 0.5000
vn -0.7071 -0.7071 0.0000
vn -0.5000 -0.7071 -0.5000
vn -0.0000 -0.7071 -0.7071
vn 0.5000 -0.7071 -0.5000
vn 0.0000 -1.0000 0.0000
vn 0.0000 -1.0000 0.0000
vn 0.0000 -1.0000 0.0000
vn -0.0000 -1.0000 0.0000
vn -0.0000 -1.0000 0.0000
vn -0.0000 -1.0000 -0.0000
vn -0.0000 -1.0000 -0.0000
vn 0.0000 -1.0000 -0.0000
vn 0.0000 1.0000 0.0000
vn 0.0000 1.0000 0.0000
vn 0.0000 1.0000 0.0000
vn -0.0000 1.0000 0.0000
vn -0.0000 1.0000 0.0000
vn -0.0000 1.0000 -0.0000
vn -0.0000 1.0000 -0.0000
vn 0.0000 1.0000 -0.0000
vn 0.7071 0.7071 0.0000
vn 0.5000 0.7071 0.5000
vn 0.0000 0.7071 0.7071
vn -0.5000 0.7071 0.5000
vn -0.7071 0.7071 0.0000
vn -0.5000 0.7071 -0.5000
vn -0.0000 0.7071 -0.7071
vn 0.5000 0.7071 -0.5000
vn 1.0000 0.0000 0.0000
vn 0.7071 0.0000 0.7071
vn 0.0000 0.0000 1.0000
vn -0.7071 0.0000 0.7071
vn -1.0000 0.0000 0.0000
vn -0.7071 0.0000 -0.7071
vn -0.0000 0.0000 -1.0000
vn 0.7071 0.0000 -0.7071
vn 0.7071 -0.7071 0.0000
vn 0.5000 -0.7071 0.5000
vn 0.0000 -0.7071 0.7071
vn -0.5000 -0.7071 0.5000
vn -0.7071 -0.7071 0.0000
vn -0.5000 -0.7071 -0.5000
vn -0.0000 -0.7071 -0.7071
vn 0.5000 -0.7071 -0.5000
vn 0.0000 -1.0000 0.0000
vn 0.0000 -1.0000 0.0000
vn 0.0000 -1.0000 0.0000
vn -0.0000 -1.0000 0.0000
vn -0.0000 -1.0000 0.0000
vn -0.0000 -1.0000 -0.0000
vn -0.0000 -1.0000 -0.0000
vn 0.0000 -1.0000 -0.0000
vn 0.0000 1.0000 0.0000
vn 0.0000 1.0000 0.0000
vn 0.0000 1.0000 0.0000
vn -0.0000 1.0000 0.0000
vn -0.0000 1.0000 0.0000
vn -0.0000 1.0000 -0.0000
vn -0.0000 1.0000 -0.0000
vn 0.0000 1.0000 -0.0000
vn 0.7071 0.7071 0.0000
vn 0.5000 0.7071 0.5000
vn 0.0000 0.7071 0.7071
vn -0.5000 0.7071 0.5000
vn -0.7071 0.7071 0.0000
vn -0.5000 0.7071 -0.5000
vn -0.0000 0.7071 -0.7071
vn 0.5000 0.7071 -0.5000
vn 1.0000 0.0000 0.0000
vn 0.7071 0.0000 0.7071
vn 0.0000 0.0000 1.0000
vn -0.7071 0.0000 0.7071
vn -1.0000 0.0000 0.0000
vn -0.7071 0.0000 -0.7071
vn -0.0000 0.0000 -1.0000
vn 0.7071 0.0000 -0.7071
vn 0.7071 -0.7071 0.0000
vn 0.5000 -0.7071 0.5000
vn 0.0000 -0.7071 0.7071
vn -0.5000 -0.7071 0.5000
vn -0.7071 -0.7071 0.0000
vn -0.5000 -0.7071 -0.5000
vn -0.0000 -0.7071 -0.7071
vn 0.5000 -0.7071 -0.5000
vn 0.0000 -1.0000 0.0000
vn 0.0000 -1.0000 0.0000
vn 0.0000 -1.0000 0.0000
vn -0.0000 -1.0000 0.0000
vn -0.0000 -1.0000 0.0000
vn -0.0000 -1.0000 -0.0000
vn -0.0000 -1.0000 -0.0000
vn 0.0000 -1.0000 -0.0000
vn 0.0000 0.0000 1.0000
vn 0.0000 0.0000 -1.0000
vn 0.0000 1.0000 0.0000
vn 0.0000 -1.0000 0.0000
vn 1.0000 0.0000 0.0000
vn -1.0000 0.0000 0.0000
vn 0.0000 0.0000 1.0000
vn 0.0000 0.0000 -1.0000
vn 0.0000 1.0000 0.0000
vn 0.0000 -1.0000 0.0000
vn 1.0000 0.0000 0.0000
vn -1.0000 0.0000 0.0000
vn 0.0000 0.0000 1.0000
vn 0.0000 0.0000 -1.0000
vn 0.0000 1.0000 0.0000
vn 0.0000 -1.0000 0.0000
vn 1.0000 0.0000 0.0000
vn -1.0000 0.0000 0.0000
vn 0.0000 0.0000 1.0000
vn 0.0000 0.0000 -1.0000
vn 0.0000 1.0000 0.0000
vn 0.0000 -1.0000 0.0000
vn 1.0000 0.0000 0.0000
vn -1.0000 0.0000 0.0000
vn 0.0000 0.0000 1.0000
vn 0.0000 0.0000 -1.0000
vn 0.0000 1.0000 0.0000
vn 0.0000 -1.0000 0.0000
vn 1.0000 0.0000 0.0000
vn -1.0000 0.0000 0.0000
vn 0.0000 1.0000 0.0000
vn 0.0000 1.0000 0.0000
vn 0.0000 1.0000 0.0000
vn 0.0000 1.0000 0.0000
vn -0.0000 1.0000 0.0000
vn -0.0000 1.0000 0.0000
vn -0.0000 1.0000 0.0000
vn -0.0000 1.0000 0.0000
vn -0.0000 1.0000 -0.0000
vn -0.0000 1.0000 -0.0000
vn -0.0000 1.0000 -0.0000
vn 0.0000 1.0000 -0.0000
vn 0.0000 1.0000 -0.0000
vn 0.0000 1.0000 -0.0000
vn 0.3090 0.9511 0.0000
vn 0.2784 0.9511 0.1341
vn 0.1927 0.9511 0.2416
vn 0.0688 0.9511 0.3013
vn -0.0688 0.9511 0.3013
vn -0.1927 0.9511 0.2416
vn -0.2784 0.9511 0.1341
vn -0.3090 0.9511 0.0000
vn -0.2784 0.9511 -0.1341
vn -0.1927 0.9511 -0.2416
vn -0.0688 0.9511 -0.3013
vn 0.0688 0.9511 -0.3013
vn 0.1927 0.9511 -0.2416
vn 0.2784 0.9511 -0.1341
vn 0.5878 0.8090 0.0000
vn 0.5296 0.8090 0.2550
vn 0.3665 0.8090 0.4595
vn 0.1308 0.8090 0.5730
vn -0.1308 0.8090 0.5730
vn -0.3665 0.8090 0.4595
vn -0.5296 0.8090 0.2550
vn -0.5878 0.8090 0.0000
vn -0.5296 0.8090 -0.2550
vn -0.3665 0.8090 -0.4595
vn -0.1308 0.8090 -0.5730
vn 0.1308 0.8090 -0.5730
vn 0.3665 0.8090 -0.4595
vn 0.5296 0.8090 -0.2550
vn 0.8090 0.5878 0.0000
vn 0.7289 0.5878 0.3510
vn 0.5044 0.5878 0.6325
vn 0.1800 0.5878 0.7887
vn -0.1800 0.5878 0.7887
vn -0.5044 0.5878 0.6325
vn -0.7289 0.5878 0.3510
vn -0.8090 0.5878 0.0000
vn -0.7289 0.5878 -0.3510
vn -0.5044 0.5878 -0.6325
vn -0.1800 0.5878 -0.7887
vn 0.1800 0.5878 -0.7887
vn 0.5044 0.5878 -0.6325
vn 0.7289 0.5878 -0.3510
vn 0.9511 0.3090 0.0000
vn 0.8569 0.3090 0.4126
vn 0.5930 0.3090 0.7436
vn 0.2116 0.3090 0.9272
vn -0.2116 0.3090 0.9272
vn -0.5930 0.3090 0.7436
vn -0.8569 0.3090 0.4126
vn -0.9511 0.3090 0.0000
vn -0.8569 0.3090 -0.4126
vn -0.5930 0.3090 -0.7436
vn -0.2116 0.3090 -0.9272
vn 0.2116 0.3090 -0.9272
vn 0.5930 0.3090 -0.7436
vn 0.8569 0.3090 -0.4126
vn 1.0000 0.0000 0.0000
vn 0.9010 0.0000 0.4339
vn 0.6235 0.0000 0.7818
vn 0.2225 0.0000 0.9749
vn -0.2225 0.0000 0.9749
vn -0.6235 0.0000 0.7818
vn -0.9010 0.0000 0.4339
vn -1.0000 0.0000 0.0000
vn -0.9010 0.0000 -0.4339
vn -0.6235 0.0000 -0.7818
vn -0.2225 0.0000 -0.9749
vn 0.2225 0.0000 -0.9749
vn 0.6235 0.0000 -0.7818
vn 0.9010 0.0000 -0.4339
vn 0.9511 -0.3090 0.0000
vn 0.8569 -0.3090 0.4126
vn 0.5930 -0.3090 0.7436
vn 0.2116 -0.3090 0.9272
vn -0.2116 -0.3090 0.9272
vn -0.5930 -0.3090 0.7436
vn -0.8569 -0.3090 0.4126
vn -0.9511 -0.3090 0.0000
vn -0.8569 -0.3090 -0.4126
vn -0.5930 -0.3090 -0.7436
vn -0.2116 -0.3090 -0.9272
vn 0.2116 -0.3090 -0.9272
vn 0.5930 -0.3090 -0.7436
vn 0.8569 -0.3090 -0.4126
vn 0.8090 -0.5878 0.0000
vn 0.7289 -0.5878 0.3510
vn 0.5044 -0.5878 0.6325
vn 0.1800 -0.5878 0.7887
vn -0.1800 -0.5878 0.7887
vn -0.5044 -0.5878 0.6325
vn -0.7289 -0.5878 0.3510
vn -0.8090 -0.5878 0.0000
vn -0.7289 -0.5878 -0.3510
vn -0.5044 -0.5878 -0.6325
vn -0.1800 -0.5878 -0.7887
vn 0.1800 -0.5878 -0.7887
vn 0.5044 -0.5878 -0.6325
vn 0.7289 -0.5878 -0.3510
vn 0.5878 -0.8090 0.0000
vn 0.5296 -0.8090 0.2550
vn 0.3665 -0.8090 0.4595
vn 0.1308 -0.8090 0.5730
vn -0.1308 -0.8090 0.5730
vn -0.3665 -0.8090 0.4595
vn -0.5296 -0.8090 0.2550
vn -0.5878 -0.8090 0.0000
vn -0.5296 -0.8090 -0.2550
vn -0.3665 -0.8090 -0.4595
vn -0.1308 -0.8090 -0.5730
vn 0.1308 -0.8090 -0.5730
vn 0.3665 -0.8090 -0.4595
vn 0.5296 -0.8090 -0.2550
vn 0.3090 -0.9511 0.0000
vn 0.2784 -0.9511 0.1341
vn 0.1927 -0.9511 0.2416
vn 0.0688 -0.9511 0.3013
vn -0.0688 -0.9511 0.3013
vn -0.1927 -0.9511 0.2416
vn -0.2784 -0.9511 0.1341
vn -0.3090 -0.9511 0.0000
vn -0.2784 -0.9511 -0.1341
vn -0.1927 -0.9511 -0.2416
vn -0.0688 -0.9511 -0.3013
vn 0.0688 -0.9511 -0.3013
vn 0.1927 -0.9511 -0.2416
vn 0.2784 -0.9511 -0.1341
vn 0.0000 -1.0000 0.0000
vn 0.0000 -1.0000 0.0000
vn 0.0000 -1.0000 0.0000
vn 0.0000 -1.0000 0.0000
vn -0.0000 -1.0000 0.0000
vn -0.0000 -1.0000 0.0000
vn -0.0000 -1.0000 0.0000
vn -0.0000 -1.0000 0.0000
vn -0.0000 -1.0000 -0.0000
vn -0.0000 -1.0000 -0.0000
vn -0.0000 -1.0000 -0.0000
vn 0.0000 -1.0000 -0.0000
vn 0.0000 -1.0000 -0.0000
vn 0.0000 -1.0000 -0.0000
vn 0.0000 0.0000 1.0000
vn 0.0000 0.0000 -1.0000
vn 0.0000 1.0000 0.0000
vn 0.0000 -1.0000 0.0000
vn 1.0000 0.0000 0.0000
vn -1.0000 0.0000 0.0000
vn 0.0000 1.0000 0.0000
vn 0.0000 1.0000 0.0000
vn 0.0000 1.0000 0.0000
vn -0.0000 1.0000 0.0000
vn -0.0000 1.0000 0.0000
vn -0.0000 1.0000 -0.0000
vn -0.0000 1.0000 -0.0000
vn 0.0000 1.0000 -0.0000
vn 0.7071 0.7071 0.0000
vn 0.5000 0.7071 0.5000
vn 0.0000 0.7071 0.7071
vn -0.5000 0.7071 0.5000
vn -0.7071 0.7071 0.0000
vn -0.5000 0.7071 -0.5000
vn -0.0000 0.7071 -0.7071
vn 0.5000 0.7071 -0.5000
vn 1.0000 0.0000 0.0000
vn 0.7071 0.0000 0.7071
vn 0.0000 0.0000 1.0000
vn -0.7071 0.0000 0.7071
vn -1.0000 0.0000 0.0000
vn -0.7071 0.0000 -0.7071
vn -0.0000 0.0000 -1.0000
vn 0.7071 0.0000 -0.7071
vn 0.7071 -0.7071 0.0000
vn 0.5000 -0.7071 0.5000
vn 0.0000 -0.7071 0.7071
vn -0.5000 -0.7071 0.5000
vn -0.7071 -0.7071 0.0000
vn -0.5000 -0.7071 -0.5000
vn -0.0000 -0.7071 -0.7071
vn 0.5000 -0.7071 -0.5000
vn 0.0000 -1.0000 0.0000
vn 0.0000 -1.0000 0.0000
vn 0.0000 -1.0000 0.0000
vn -0.0000 -1.0000 0.0000
vn -0.0000 -1.0000 0.0000
vn -0.0000 -1.0000 -0.0000
vn -0.0000 -1.0000 -0.0000
vn 0.0000 -1.0000 -0.0000
vn 0.0000 1.0000 0.0000
vn 0.0000 1.0000 0.0000
vn 0.0000 1.0000 0.0000
vn -0.0000 1.0000 0.0000
vn -0.0000 1.0000 0.0000
vn -0.0000 1.0000 -0.0000
vn -0.0000 1.0000 -0.0000
vn 0.0000 1.0000 -0.0000
vn 0.7071 0.7071 0.0000
vn 0.5000 0.7071 0.5000
vn 0.0000 0.7071 0.7071
vn -0.5000 0.7071 0.5000
vn -0.7071 0.7071 0.0000
vn -0.5000 0.7071 -0.5000
vn -0.0000 0.7071 -0.7071
vn 0.5000 0.7071 -0.5000
vn 1.0000 0.0000 0.0000
vn 0.7071 0.0000 0.7071
vn 0.0000 0.0000 1.0000
vn -0.7071 0.0000 0.7071
vn -1.0000 0.0000 0.0000
vn -0.7071 0.0000 -0.7071
vn -0.0000 0.0000 -1.0000
vn 0.7071 0.0000 -0.7071
vn 0.7071 -0.7071 0.0000
vn 0.5000 -0.7071 0.5000
vn 0.0000 -0.7071 0.7071
vn -0.5000 -0.7071 0.5000
vn -0.7071 -0.7071 0.0000
vn -0.5000 -0.7071 -0.5000
vn -0.0000 -0.7071 -0.7071
vn 0.5000 -0.7071 -0.5000
vn 0.0000 -1.0000 0.0000
vn 0.0000 -1.0000 0.0000
vn 0.0000 -1.0000 0.0000
vn -0.0000 -1.0000 0.0000
vn -0.0000 -1.0000 0.0000
vn -0.0000 -1.0000 -0.0000
vn -0.0000 -1.0000 -0.0000
vn 0.0000 -1.0000 -0.0000
vn 0.0000 1.0000 0.0000
vn 0.0000 1.0000 0.0000
vn 0.0000 1.0000 0.0000
vn -0.0000 1.0000 0.0000
vn -0.0000 1.0000 0.0000
vn -0.0000 1.0000 -0.0000
vn -0.0000 1.0000 -0.0000
vn 0.0000 1.0000 -0.0000
vn 0.7071 0.7071 0.0000
vn 0.5000 0.7071 0.5000
vn 0.0000 0.7071 0.7071
vn -0.5000 0.7071 0.5000
vn -0.7071 0.7071 0.0000
vn -0.5000 0.7071 -0.5000
vn -0.0000 0.7071 -0.7071
vn 0.5000 0.7071 -0.5000
vn 1.0000 0.0000 0.0000
vn 0.7071 0.0000 0.7071
vn 0.0000 0.0000 1.0000
vn -0.7071 0.0000 0.7071
vn -1.0000 0.0000 0.0000
vn -0.7071 0.0000 -0.7071
vn -0.0000 0.0000 -1.0000
vn 0.7071 0.0000 -0.7071
vn 0.7071 -0.7071 0.0000
vn 0.5000 -0.7071 0.5000
vn 0.0000 -0.7071 0.7071
vn -0.5000 -0.7071 0.5000
vn -0.7071 -0.7071 0.0000
vn -0.5000 -0.7071 -0.5000
vn -0.0000 -0.7071 -0.7071
vn 0.5000 -0.7071 -0.5000
vn 0.0000 -1.0000 0.0000
vn 0.0000 -1.0000 0.0000
vn 0.0000 -1.0000 0.0000
vn -0.0000 -1.0000 0.0000
vn -0.0000 -1.0000 0.0000
vn -0.0000 -1.0000 -0.0000
vn -0.0000 -1.0000 -0.0000
vn 0.0000 -1.0000 -0.0000
vn 0.0000 0.0000 1.0000
vn 0.0000 0.0000 -1.0000
vn 0.0000 1.0000 0.0000
vn 0.0000 -1.0000 0.0000
vn 1.0000 0.0000 0.0000
vn -1.0000 0.0000 0.0000
vn 0.0000 0.0000 1.0000
vn 0.0000 0.0000 -1.0000
vn 0.0000 1.0000 0.0000
vn 0.0000 -1.0000 0.0000
vn 1.0000 0.0000 0.0000
vn -1.0000 0.0000 0.0000
vn 0.0000 0.0000 1.0000
vn 0.0000 0.0000 -1.0000
vn 0.0000 1.0000 0.0000
vn 0.0000 -1.0000 0.0000
vn 1.0000 0.0000 0.0000
vn -1.0000 0.0000 0.0000
vn 0.0000 1.0000 0.0000
vn 0.0000 1.0000 0.0000
vn 0.0000 1.0000 0.0000
vn 0.0000 1.0000 0.0000
vn -0.0000 1.0000 0.0000
vn -0.0000 1.0000 0.0000
vn -0.0000 1.0000 0.0000
vn -0.0000 1.0000 0.0000
vn -0.0000 1.0000 -0.0000
vn -0.0000 1.0000 -0.0000
vn -0.0000 1.0000 -0.0000
vn 0.0000 1.0000 -0.0000
vn 0.0000 1.0000 -0.0000
vn 0.0000 1.0000 -0.0000
vn 0.3090 0.9511 0.0000
vn 0.2784 0.9511 0.1341
vn 0.1927 0.9511 0.2416
vn 0.0688 0.9511 0.3013
vn -0.0688 0.9511 0.3013
vn -0.1927 0.9511 0.2416
vn -0.2784 0.9511 0.1341
vn -0.3090 0.9511 0.0000
vn -0.2784 0.9511 -0.1341
vn -0.1927 0.9511 -0.2416
vn -0.0688 0.9511 -0.3013
vn 0.0688 0.9511 -0.3013
vn 0.1927 0.9511 -0.2416
vn 0.2784 0.9511 -0.1341
vn 0.5878 0.8090 0.0000
vn 0.5296 0.8090 0.2550
vn 0.3665 0.8090 0.4595
vn 0.1308 0.8090 0.5730
vn -0.1308 0.8090 0.5730
vn -0.3665 0.8090 0.4595
vn -0.5296 0.8090 0.2550
vn -0.5878 0.8090 0.0000
vn -0.5296 0.8090 -0.2550
vn -0.3665 0.8090 -0.4595
vn -0.1308 0.8090 -0.5730
vn 0.1308 0.8090 -0.5730
vn 0.3665 0.8090 -0.4595
vn 0.5296 0.8090 -0.2550
vn 0.8090 0.5878 0.0000
vn 0.7289 0.5878 0.3510
vn 0.5044 0.5878 0.6325
vn 0.1800 0.5878 0.7887
vn -0.1800 0.5878 0.7887
vn -0.5044 0.5878 0.6325
vn -0.7289 0.5878 0.3510
vn -0.8090 0.5878 0.0000
vn -0.7289 0.5878 -0.3510
vn -0.5044 0.5878 -0.6325
vn -0.1800 0.5878 -0.7887
vn 0.1800 0.5878 -0.7887
vn 0.5044 0.5878 -0.6325
vn 0.7289 0.5878 -0.3510
vn 0.9511 0.3090 0.0000
vn 0.8569 0.3090 0.4126
vn 0.5930 0.3090 0.7436
vn 0.2116 0.3090 0.9272
vn -0.2116 0.3090 0.9272
vn -0.5930 0.3090 0.7436
vn -0.8569 0.3090 0.4126
vn -0.9511 0.3090 0.0000
vn -0.8569 0.3090 -0.4126
vn -0.5930 0.3090 -0.7436
vn -0.2116 0.3090 -0.9272
vn 0.2116 0.3090 -0.9272
vn 0.5930 0.3090 -0.7436
vn 0.8569 0.3090 -0.4126
vn 1.0000 0.0000 0.0000
vn 0.9010 0.0000 0.4339
vn 0.6235 0.0000 0.7818
vn 0.2225 0.0000 0.9749
vn -0.2225 0.0000 0.9749
vn -0.6235 0.0000 0.7818
vn -0.9010 0.0000 0.4339
vn -1.0000 0.0000 0.0000
vn -0.9010 0.0000 -0.4339
vn -0.6235 0.0000 -0.7818
vn -0.2225 0.0000 -0.9749
vn 0.2225 0.0000 -0.9749
vn 0.6235 0.0000 -0.7818
vn 0.9010 0.0000 -0.4339
vn 0.9511 -0.3090 0.0000
vn 0.8569 -0.3090 0.4126
vn 0.5930 -0.3090 0.7436
vn 0.2116 -0.3090 0.9272
vn -0.2116 -0.3090 0.9272
vn -0.5930 -0.3090 0.7436
vn -0.8569 -0.3090 0.4126
vn -0.9511 -0.3090 0.0000
vn -0.8569 -0.3090 -0.4126
vn -0.5930 -0.3090 -0.7436
vn -0.2116 -0.3090 -0.9272
vn 0.2116 -0.3090 -0.9272
vn 0.5930 -0.3090 -0.7436
vn 0.8569 -0.3090 -0.4126
vn 0.8090 -0.5878 0.0000
vn 0.7289 -0.5878 0.3510
vn 0.5044 -0.5878 0.6325
vn 0.1800 -0.5878 0.7887
vn -0.1800 -0.5878 0.7887
vn -0.5044 -0.5878 0.6325
vn -0.7289 -0.5878 0.3510
vn -0.8090 -0.5878 0.0000
vn -0.7289 -0.5878 -0.3510
vn -0.5044 -0.5878 -0.6325
vn -0.1800 -0.5878 -0.7887
vn 0.1800 -0.5878 -0.7887
vn 0.5044 -0.5878 -0.6325
vn 0.7289 -0.5878 -0.3510
vn 0.5878 -0.8090 0.0000
vn 0.5296 -0.8090 0.2550
vn 0.3665 -0.8090 0.4595
vn 0.1308 -0.8090 0.5730
vn -0.1308 -0.8090 0.5730
vn -0.3665 -0.8090 0.4595
vn -0.5296 -0.8090 0.2550
vn -0.5878 -0.8090 0.0000
vn -0.5296 -0.8090 -0.2550
vn -0.3665 -0.8090 -0.4595
vn -0.1308 -0.8090 -0.5730
vn 0.1308 -0.8090 -0.5730
vn 0.3665 -0.8090 -0.4595
vn 0.5296 -0.8090 -0.2550
vn 0.3090 -0.9511 0.0000
vn 0.2784 -0.9511 0.1341
vn 0.1927 -0.9511 0.2416
vn 0.0688 -0.9511 0.3013
vn -0.0688 -0.9511 0.3013
vn -0.1927 -0.9511 0.2416
vn -0.2784 -0.9511 0.1341
vn -0.3090 -0.9511 0.0000
vn -0.2784 -0.9511 -0.1341
vn -0.1927 -0.9511 -0.2416
vn -0.0688 -0.9511 -0.3013
vn 0.0688 -0.9511 -0.3013
vn 0.1927 -0.9511 -0.2416
vn 0.2784 -0.9511 -0.1341
vn 0.0000 -1.0000 0.0000
vn 0.0000 -1.0000 0.0000
vn 0.0000 -1.0000 0.0000
vn 0.0000 -1.0000 0.0000
vn -0.0000 -1.0000 0.0000
vn -0.0000 -1.0000 0.0000
vn -0.0000 -1.0000 0.0000
vn -0.0000 -1.0000 0.0000
vn -0.0000 -1.0000 -0.0000
vn -0.0000 -1.0000 -0.0000
vn -0.0000 -1.0000 -0.0000
vn 0.0000 -1.0000 -0.0000
vn 0.0000 -1.0000 -0.0000
vn 0.0000 -1.0000 -0.0000
vn 0.0000 1.0000 0.0000
vn 0.0000 1.0000 0.0000
vn 0.0000 1.0000 0.0000
vn -0.0000 1.0000 0.0000
vn -0.0000 1.0000 0.0000
vn -0.0000 1.0000 -0.0000
vn -0.0000 1.0000 -0.0000
vn 0.0000 1.0000 -0.0000
vn 0.5878 0.8090 0.0000
vn 0.4156 0.8090 0.4156
vn 0.0000 0.8090 0.5878
vn -0.4156 0.8090 0.4156
vn -0.5878 0.8090 0.0000
vn -0.4156 0.8090 -0.4156
vn -0.0000 0.8090 -0.5878
vn 0.4156 0.8090 -0.4156
vn 0.9511 0.3090 0.0000
vn 0.6725 0.3090 0.6725
vn 0.0000 0.3090 0.9511
vn -0.6725 0.3090 0.6725
vn -0.9511 0.3090 0.0000
vn -0.6725 0.3090 -0.6725
vn -0.0000 0.3090 -0.9511
vn 0.6725 0.3090 -0.6725
vn 0.9511 -0.3090 0.0000
vn 0.6725 -0.3090 0.6725
vn 0.0000 -0.3090 0.9511
vn -0.6725 -0.3090 0.6725
vn -0.9511 -0.3090 0.0000
vn -0.6725 -0.3090 -0.6725
vn -0.0000 -0.3090 -0.9511
vn 0.6725 -0.3090 -0.6725
vn 0.5878 -0.8090 0.0000
vn 0.4156 -0.8090 0.4156
vn 0.0000 -0.8090 0.5878
vn -0.4156 -0.8090 0.4156
vn -0.5878 -0.8090 0.0000
vn -0.4156 -0.8090 -0.4156
vn -0.0000 -0.8090 -0.5878
vn 0.4156 -0.8090 -0.4156
vn 0.0000 -1.0000 0.0000
vn 0.0000 -1.0000 0.0000
vn 0.0000 -1.0000 0.0000
vn -0.0000 -1.0000 0.0000
vn -0.0000 -1.0000 0.0000
vn -0.0000 -1.0000 -0.0000
vn -0.0000 -1.0000 -0.0000
vn 0.0000 -1.0000 -0.0000
vn 0.0000 1.0000 0.0000
vn 0.0000 1.0000 0.0000
vn 0.0000 1.0000 0.0000
vn -0.0000 1.0000 0.0000
vn -0.0000 1.0000 0.0000
vn -0.0000 1.0000 -0.0000
vn -0.0000 1.0000 -0.0000
vn 0.0000 1.0000 -0.0000
vn 0.5878 0.8090 0.0000
vn 0.4156 0.8090 0.4156
vn 0.0000 0.8090 0.5878
vn -0.4156 0.8090 0.4156
vn -0.5878 0.8090 0.0000
vn -0.4156 0.8090 -0.4156
vn -0.0000 0.8090 -0.5878
vn 0.4156 0.8090 -0.4156
vn 0.9511 0.3090 0.0000
vn 0.6725 0.3090 0.6725
vn 0.0000 0.3090 0.9511
vn -0.6725 0.3090 0.6725
vn -0.9511 0.3090 0.0000
vn -0.6725 0.3090 -0.6725
vn -0.0000 0.3090 -0.9511
vn 0.6725 0.3090 -0.6725
vn 0.9511 -0.3090 0.0000
vn 0.6725 -0.3090 0.6725
vn 0.0000 -0.3090 0.9511
vn -0.6725 -0.3090 0.6725
vn -0.9511 -0.3090 0.0000
vn -0.6725 -0.3090 -0.6725
vn -0.0000 -0.3090 -0.9511
vn 0.6725 -0.3090 -0.6725
vn 0.5878 -0.8090 0.0000
vn 0.4156 -0.8090 0.4156
vn 0.0000 -0.8090 0.5878
vn -0.4156 -0.8090 0.4156
vn -0.5878 -0.8090 0.0000
vn -0.4156 -0.8090 -0.4156
vn -0.0000 -0.8090 -0.5878
vn 0.4156 -0.8090 -0.4156
vn 0.0000 -1.0000 0.0000
vn 0.0000 -1.0000 0.0000
vn 0.0000 -1.0000 0.0000
vn -0.0000 -1.0000 0.0000
vn -0.0000 -1.0000 0.0000
vn -0.0000 -1.0000 -0.0000
vn -0.0000 -1.0000 -0.0000
vn 0.0000 -1.0000 -0.0000
vn 0.0000 1.0000 0.0000
vn 0.0000 1.0000 0.0000
vn 0.0000 1.0000 0.0000
vn -0.0000 1.0000 0.0000
vn -0.0000 1.0000 0.0000
vn -0.0000 1.0000 -0.0000
vn -0.0000 1.0000 -0.0000
vn 0.0000 1.0000 -0.0000
vn 0.5878 0.8090 0.0000
vn 0.4156 0.8090 0.4156
vn 0.0000 0.8090 0.5878
vn -0.4156 0.8090 0.4156
vn -0.5878 0.8090 0.0000
vn -0.4156 0.8090 -0.4156
vn -0.0000 0.8090 -0.5878
vn 0.4156 0.8090 -0.4156
vn 0.9511 0.3090 0.0000
vn 0.6725 0.3090 0.6725
vn 0.0000 0.3090 0.9511
vn -0.6725 0.3090 0.6725
vn -0.9511 0.3090 0.0000
vn -0.6725 0.3090 -0.6725
vn -0.0000 0.3090 -0.9511
vn 0.6725 0.3090 -0.6725
vn 0.9511 -0.3090 0.0000
vn 0.6725 -0.3090 0.6725
vn 0.0000 -0.3090 0.9511
vn -0.6725 -0.3090 0.6725
vn -0.9511 -0.3090 0.0000
vn -0.6725 -0.3090 -0.6725
vn -0.0000 -0.3090 -0.9511
vn 0.6725 -0.3090 -0.6725
vn 0.5878 -0.8090 0.0000
vn 0.4156 -0.8090 0.4156
vn 0.0000 -0.8090 0.5878
vn -0.4156 -0.8090 0.4156
vn -0.5878 -0.8090 0.0000
vn -0.4156 -0.8090 -0.4156
vn -0.0000 -0.8090 -0.5878
vn 0.4156 -0.8090 -0.4156
vn 0.0000 -1.0000 0.0000
vn 0.0000 -1.0000 0.0000
vn 0.0000 -1.0000 0.0000
vn -0.0000 -1.0000 0.0000
vn -0.0000 -1.0000 0.0000
vn -0.0000 -1.0000 -0.0000
vn -0.0000 -1.0000 -0.0000
vn 0.0000 -1.0000 -0.0000
vn 0.0000 0.0000 1.0000
vn 0.0000 0.0000 -1.0000
vn 0.0000 1.0000 0.0000
vn 0.0000 -1.0000 0.0000
vn 1.0000 0.0000 0.0000
vn -1.0000 0.0000 0.0000
vn 0.0000 0.0000 1.0000
vn 0.0000 0.0000 -1.0000
vn 0.0000 1.0000 0.0000
vn 0.0000 -1.0000 0.0000
vn 1.0000 0.0000 0.0000
vn -1.0000 0.0000 0.0000
vn 0.0000 0.0000 1.0000
vn 0.0000 0.0000 -1.0000
vn 0.0000 1.0000 0.0000
vn 0.0000 -1.0000 0.0000
vn 1.0000 0.0000 0.0000
vn -1.0000 0.0000 0.0000
vn 0.0000 0.0000 1.0000
vn 0.0000 0.0000 -1.0000
vn 0.0000 1.0000 0.0000
vn 0.0000 -1.0000 0.0000
vn 1.0000 0.0000 0.0000
vn -1.0000 0.0000 0.0000
vn 0.0000 0.0000 1.0000
vn 0.0000 0.0000 -1.0000
vn 0.0000 1.0000 0.0000
vn 0.0000 -1.0000 0.0000
vn 1.0000 0.0000 0.0000
vn -1.0000 0.0000 0.0000
vn 0.0000 1.0000 0.0000
vn 0.0000 1.0000 0.0000
vn 0.0000 1.0000 0.0000
vn 0.0000 1.0000 0.0000
vn -0.0000 1.0000 0.0000
vn -0.0000 1.0000 0.0000
vn -0.0000 1.0000 0.0000
vn -0.0000 1.0000 0.0000
vn -0.0000 1.0000 -0.0000
vn -0.0000 1.0000 -0.0000
vn -0.0000 1.0000 -0.0000
vn 0.0000 1.0000 -0.0000
vn 0.0000 1.0000 -0.0000
vn 0.0000 1.0000 -0.0000
vn 0.3090 0.9511 0.0000
vn 0.2784 0.9511 0.1341
vn 0.1927 0.9511 0.2416
vn 0.0688 0.9511 0.3013
vn -0.0688 0.9511 0.3013
vn -0.1927 0.9511 0.2416
vn -0.2784 0.9511 0.1341
vn -0.3090 0.9511 0.0000
vn -0.2784 0.9511 -0.1341
vn -0.1927 0.9511 -0.2416
vn -0.0688 0.9511 -0.3013
vn 0.0688 0.9511 -0.3013
vn 0.1927 0.9511 -0.2416
vn 0.2784 0.9511 -0.1341
vn 0.5878 0.8090 0.0000
vn 0.5296 0.8090 0.2550
vn 0.3665 0.8090 0.4595
vn 0.1308 0.8090 0.5730
vn -0.1308 0.8090 0.5730
vn -0.3665 0.8090 0.4595
vn -0.5296 0.8090 0.2550
vn -0.5878 0.8090 0.0000
vn -0.5296 0.8090 -0.2550
vn -0.3665 0.8090 -0.4595
vn -0.1308 0.8090 -0.5730
vn 0.1308 0.8090 -0.5730
vn 0.3665 0.8090 -0.4595
vn 0.5296 0.8090 -0.2550
vn 0.8090 0.5878 0.0000
vn 0.7289 0.5878 0.3510
vn 0.5044 0.5878 0.6325
vn 0.1800 0.5878 0.7887
vn -0.1800 0.5878 0.7887
vn -0.5044 0.5878 0.6325
vn -0.7289 0.5878 0.3510
vn -0.8090 0.5878 0.0000
vn -0.7289 0.5878 -0.3510
vn -0.5044 0.5878 -0.6325
vn -0.1800 0.5878 -0.7887
vn 0.1800 0.5878 -0.7887
vn 0.5044 0.5878 -0.6325
vn 0.7289 0.5878 -0.3510
vn 0.9511 0.3090 0.0000
vn 0.8569 0.3090 0.4126
vn 0.5930 0.3090 0.7436
vn 0.2116 0.3090 0.9272
vn -0.2116 0.3090 0.9272
vn -0.5930 0.3090 0.7436
vn -0.8569 0.3090 0.4126
vn -0.9511 0.3090 0.0000
vn -0.8569 0.3090 -0.4126
vn -0.5930 0.3090 -0.7436
vn -0.2116 0.3090 -0.9272
vn 0.2116 0.3090 -0.9272
vn 0.5930 0.3090 -0.7436
vn 0.8569 0.3090 -0.4126
vn 1.0000 0.0000 0.0000
vn 0.9010 0.0000 0.4339
vn 0.6235 0.0000 0.7818
vn 0.2225 0.0000 0.9749
vn -0.2225 0.0000 0.9749
vn -0.6235 0.0000 0.7818
vn -0.9010 0.0000 0.4339
vn -1.0000 0.0000 0.0000
vn -0.9010 0.0000 -0.4339
vn -0.6235 0.0000 -0.7818
vn -0.2225 0.0000 -0.9749
vn 0.2225 0.0000 -0.9749
vn 0.6235 0.0000 -0.7818
vn 0.9010 0.0000 -0.4339
vn 0.9511 -0.3090 0.0000
vn 0.8569 -0.3090 0.4126
vn 0.5930 -0.3090 0.7436
vn 0.2116 -0.3090 0.9272
vn -0.2116 -0.3090 0.9272
vn -0.5930 -0.3090 0.7436
vn -0.8569 -0.3090 0.4126
vn -0.9511 -0.3090 0.0000
vn -0.8569 -0.3090 -0.4126
vn -0.5930 -0.3090 -0.7436
vn -0.2116 -0.3090 -0.9272
vn 0.2116 -0.3090 -0.9272
vn 0.5930 -0.3090 -0.7436
vn 0.8569 -0.3090 -0.4126
vn 0.8090 -0.5878 0.0000
vn 0.7289 -0.5878 0.3510
vn 0.5044 -0.5878 0.6325
vn 0.1800 -0.5878 0.7887
vn -0.1800 -0.5878 0.7887
vn -0.5044 -0.5878 0.6325
vn -0.7289 -0.5878 0.3510
vn -0.8090 -0.5878 0.0000
vn -0.7289 -0.5878 -0.3510
vn -0.5044 -0.5878 -0.6325
vn -0.1800 -0.5878 -0.7887
vn 0.1800 -0.5878 -0.7887
vn 0.5044 -0.5878 -0.6325
vn 0.7289 -0.5878 -0.3510
vn 0.5878 -0.8090 0.0000
vn 0.5296 -0.8090 0.2550
vn 0.3665 -0.8090 0.4595
vn 0.1308 -0.8090 0.5730
vn -0.1308 -0.8090 0.5730
vn -0.3665 -0.8090 0.4595
vn -0.5296 -0.8090 0.2550
vn -0.5878 -0.8090 0.0000
vn -0.5296 -0.8090 -0.2550
vn -0.3665 -0.8090 -0.4595
vn -0.1308 -0.8090 -0.5730
vn 0.1308 -0.8090 -0.5730
vn 0.3665 -0.8090 -0.4595
vn 0.5296 -0.8090 -0.2550
vn 0.3090 -0.9511 0.0000
vn 0.2784 -0.9511 0.1341
vn 0.1927 -0.9511 0.2416
vn 0.0688 -0.9511 0.3013
vn -0.0688 -0.9511 0.3013
vn -0.1927 -0.9511 0.2416
vn -0.2784 -0.9511 0.1341
vn -0.3090 -0.9511 0.0000
vn -0.2784 -0.9511 -0.1341
vn -0.1927 -0.9511 -0.2416
vn -0.0688 -0.9511 -0.3013
vn 0.0688 -0.9511 -0.3013
vn 0.1927 -0.9511 -0.2416
vn 0.2784 -0.9511 -0.1341
vn 0.0000 -1.0000 0.0000
vn 0.0000 -1.0000 0.0000
vn 0.0000 -1.0000 0.0000
vn 0.0000 -1.0000 0.0000
vn -0.0000 -1.0000 0.0000
vn -0.0000 -1.0000 0.0000
vn -0.0000 -1.0000 0.0000
vn -0.0000 -1.0000 0.0000
vn -0.0000 -1.0000 -0.0000
vn -0.0000 -1.0000 -0.0000
vn -0.0000 -1.0000 -0.0000
vn 0.0000 -1.0000 -0.0000
vn 0.0000 -1.0000 -0.0000
vn 0.0000 -1.0000 -0.0000
vn 0.0000 1.0000 0.0000
vn 0.0000 1.0000 0.0000
vn 0.0000 1.0000 0.0000
vn -0.0000 1.0000 0.0000
vn -0.0000 1.0000 0.0000
vn -0.0000 1.0000 -0.0000
vn -0.0000 1.0000 -0.0000
vn 0.0000 1.0000 -0.0000
vn 0.5878 0.8090 0.0000
vn 0.4156 0.8090 0.4156
vn 0.0000 0.8090 0.5878
vn -0.4156 0.8090 0.4156
vn -0.5878 0.8090 0.0000
vn -0.4156 0.8090 -0.4156
vn -0.0000 0.8090 -0.5878
vn 0.4156 0.8090 -0.4156
vn 0.9511 0.3090 0.0000
vn 0.6725 0.3090 0.6725
vn 0.0000 0.3090 0.9511
vn -0.6725 0.3090 0.6725
vn -0.9511 0.3090 0.0000
vn -0.6725 0.3090 -0.6725
vn -0.0000 0.3090 -0.9511
vn 0.6725 0.3090 -0.6725
vn 0.9511 -0.3090 0.0000
vn 0.6725 -0.3090 0.6725
vn 0.0000 -0.3090 0.9511
vn -0.6725 -0.3090 0.6725
vn -0.9511 -0.3090 0.0000
vn -0.6725 -0.3090 -0.6725
vn -0.0000 -0.3090 -0.9511
vn 0.6725 -0.3090 -0.6725
vn 0.5878 -0.8090 0.0000
vn 0.4156 -0.8090 0.4156
vn 0.0000 -0.8090 0.5878
vn -0.4156 -0.8090 0.4156
vn -0.5878 -0.8090 0.0000
vn -0.4156 -0.8090 -0.4156
vn -0.0000 -0.8090 -0.5878
vn 0.4156 -0.8090 -0.4156
vn 0.0000 -1.0000 0.0000
vn 0.0000 -1.0000 0.0000
vn 0.0000 -1.0000 0.0000
vn -0.0000 -1.0000 0.0000
vn -0.0000 -1.0000 0.0000
vn -0.0000 -1.0000 -0.0000
vn -0.0000 -1.0000 -0.0000
vn 0.0000 -1.0000 -0.0000
vn 0.0000 1.0000 0.0000
vn 0.0000 1.0000 0.0000
vn 0.0000 1.0000 0.0000
vn -0.0000 1.0000 0.0000
vn -0.0000 1.0000 0.0000
vn -0.0000 1.0000 -0.0000
vn -0.0000 1.0000 -0.0000
vn 0.0000 1.0000 -0.0000
vn 0.5878 0.8090 0.0000
vn 0.4156 0.8090 0.4156
vn 0.0000 0.8090 0.5878
vn -0.4156 0.8090 0.4156
vn -0.5878 0.8090 0.0000
vn -0.4156 0.8090 -0.4156
vn -0.0000 0.8090 -0.5878
vn 0.4156 0.8090 -0.4156
vn 0.9511 0.3090 0.0000
vn 0.6725 0.3090 0.6725
vn 0.0000 0.3090 0.9511
vn -0.6725 0.3090 0.6725
vn -0.9511 0.3090 0.0000
vn -0.6725 0.3090 -0.6725
vn -0.0000 0.3090 -0.9511
vn 0.6725 0.3090 -0.6725
vn 0.9511 -0.3090 0.0000
vn 0.6725 -0.3090 0.6725
vn 0.0000 -0.3090 0.9511
vn -0.6725 -0.3090 0.6725
vn -0.9511 -0.3090 0.0000
vn -0.6725 -0.3090 -0.6725
vn -0.0000 -0.3090 -0.9511
vn 0.6725 -0.3090 -0.6725
vn 0.5878 -0.8090 0.0000
vn 0.4156 -0.8090 0.4156
vn 0.0000 -0.8090 0.5878
vn -0.4156 -0.8090 0.4156
vn -0.5878 -0.8090 0.0000
vn -0.4156 -0.8090 -0.4156
vn -0.0000 -0.8090 -0.5878
vn 0.4156 -0.8090 -0.4156
vn 0.0000 -1.0000 0.0000
vn 0.0000 -1.0000 0.0000
vn 0.0000 -1.0000 0.0000
vn -0.0000 -1.0000 0.0000
vn -0.0000 -1.0000 0.0000
vn -0.0000 -1.0000 -0.0000
vn -0.0000 -1.0000 -0.0000
vn 0.0000 -1.0000 -0.0000
vn 0.0000 1.0000 0.0000
vn 0.0000 1.0000 0.0000
vn 0.0000 1.0000 0.0000
vn -0.0000 1.0000 0.0000
vn -0.0000 1.0000 0.0000
vn -0.0000 1.0000 -0.0000
vn -0.0000 1.0000 -0.0000
vn 0.0000 1.0000 -0.0000
vn 0.5878 0.8090 0.0000
vn 0.4156 0.8090 0.4156
vn 0.0000 0.8090 0.5878
vn -0.4156 0.8090 0.4156
vn -0.5878 0.8090 0.0000
vn -0.4156 0.8090 -0.4156
vn -0.0000 0.8090 -0.5878
vn 0.4156 0.8090 -0.4156
vn 0.9511 0.3090 0.0000
vn 0.6725 0.3090 0.6725
vn 0.0000 0.3090 0.9511
vn -0.6725 0.3090 0.6725
vn -0.9511 0.3090 0.0000
vn -0.6725 0.3090 -0.6725
vn -0.0000 0.3090 -0.9511
vn 0.6725 0.3090 -0.6725
vn 0.9511 -0.3090 0.0000
vn 0.6725 -0.3090 0.6725
vn 0.0000 -0.3090 0.9511
vn -0.6725 -0.3090 0.6725
vn -0.9511 -0.3090 0.0000
vn -0.6725 -0.3090 -0.6725
vn -0.0000 -0.3090 -0.9511
vn 0.6725 -0.3090 -0.6725
vn 0.5878 -0.8090 0.0000
vn 0.4156 -0.8090 0.4156
vn 0.0000 -0.8090 0.5878
vn -0.4156 -0.8090 0.4156
vn -0.5878 -0.8090 0.0000
vn -0.4156 -0.8090 -0.4156
vn -0.0000 -0.8090 -0.5878
vn 0.4156 -0.8090 -0.4156
vn 0.0000 -1.0000 0.0000
vn 0.0000 -1.0000 0.0000
vn 0.0000 -1.0000 0.0000
vn -0.0000 -1.0000 0.0000
vn -0.0000 -1.0000 0.0000
vn -0.0000 -1.0000 -0.0000
vn -0.0000 -1.0000 -0.0000
vn 0.0000 -1.0000 -0.0000
vn 0.0000 0.0000 1.0000
vn 0.0000 0.0000 -1.0000
vn 0.0000 1.0000 0.0000
vn 0.0000 -1.0000 0.0000
vn 1.0000 0.0000 0.0000
vn -1.0000 0.0000 0.0000
vn 0.0000 0.0000 1.0000
vn 0.0000 0.0000 -1.0000
vn 0.0000 1.0000 0.0000
vn 0.0000 -1.0000 0.0000
vn 1.0000 0.0000 0.0000
vn -1.0000 0.0000 0.0000
vn 0.0000 0.0000 1.0000
vn 0.0000 0.0000 -1.0000
vn 0.0000 1.0000 0.0000
vn 0.0000 -1.0000 0.0000
vn 1.0000 0.0000 0.0000
vn -1.0000 0.0000 0.0000
vn 0.0000 0.0000 1.0000
vn 0.0000 0.0000 -1.0000
vn 0.0000 1.0000 0.0000
vn 0.0000 -1.0000 0.0000
vn 1.0000 0.0000 0.0000
vn -1.0000 0.0000 0.0000
vn 0.0000 1.0000 0.0000
vn 0.0000 1.0000 0.0000
vn 0.0000 1.0000 0.0000
vn -0.0000 1.0000 0.0000
vn -0.0000 1.0000 0.0000
vn -0.0000 1.0000 0.0000
vn -0.0000 1.0000 -0.0000
vn -0.0000 1.0000 -0.0000
vn 0.0000 1.0000 -0.0000
vn 0.0000 1.0000 -0.0000
vn 0.5000 0.8660 0.0000
vn 0.4045 0.8660 0.2939
vn 0.1545 0.8660 0.4755
vn -0.1545 0.8660 0.4755
vn -0.4045 0.8660 0.2939
vn -0.5000 0.8660 0.0000
vn -0.4045 0.8660 -0.2939
vn -0.1545 0.8660 -0.4755
vn 0.1545 0.8660 -0.4755
vn 0.4045 0.8660 -0.2939
vn 0.8660 0.5000 0.0000
vn 0.7006 0.5000 0.5090
vn 0.2676 0.5000 0.8236
vn -0.2676 0.5000 0.8236
vn -0.7006 0.5000 0.5090
vn -0.8660 0.5000 0.0000
vn -0.7006 0.5000 -0.5090
vn -0.2676 0.5000 -0.8236
vn 0.2676 0.5000 -0.8236
vn 0.7006 0.5000 -0.5090
vn 1.0000 0.0000 0.0000
vn 0.8090 0.0000 0.5878
vn 0.3090 0.0000 0.9511
vn -0.3090 0.0000 0.9511
vn -0.8090 0.0000 0.5878
vn -1.0000 0.0000 0.0000
vn -0.8090 0.0000 -0.5878
vn -0.3090 0.0000 -0.9511
vn 0.3090 0.0000 -0.9511
vn 0.8090 0.0000 -0.5878
vn 0.8660 -0.5000 0.0000
vn 0.7006 -0.5000 0.5090
vn 0.2676 -0.5000 0.8236
vn -0.2676 -0.5000 0.8236
vn -0.7006 -0.5000 0.5090
vn -0.8660 -0.5000 0.0000
vn -0.7006 -0.5000 -0.5090
vn -0.2676 -0.5000 -0.8236
vn 0.2676 -0.5000 -0.8236
vn 0.7006 -0.5000 -0.5090
vn 0.5000 -0.8660 0.0000
vn 0.4045 -0.8660 0.2939
vn 0.1545 -0.8660 0.4755
vn -0.1545 -0.8660 0.4755
vn -0.4045 -0.8660 0.2939
vn -0.5000 -0.8660 0.0000
vn -0.4045 -0.8660 -0.2939
vn -0.1545 -0.8660 -0.4755
vn 0.1545 -0.8660 -0.4755
vn 0.4045 -0.8660 -0.2939
vn 0.0000 -1.0000 0.0000
vn 0.0000 -1.0000 0.0000
vn 0.0000 -1.0000 0.0000
vn -0.0000 -1.0000 0.0000
vn -0.0000 -1.0000 0.0000
vn -0.0000 -1.0000 0.0000
vn -0.0000 -1.0000 -0.0000
vn -0.0000 -1.0000 -0.0000
vn 0.0000 -1.0000 -0.0000
vn 0.0000 -1.0000 -0.0000
vn 0.0000 1.0000 0.0000
vn 0.0000 1.0000 0.0000
vn 0.0000 1.0000 0.0000
vn -0.0000 1.0000 0.0000
vn -0.0000 1.0000 0.0000
vn -0.0000 1.0000 0.0000
vn -0.0000 1.0000 -0.0000
vn -0.0000 1.0000 -0.0000
vn 0.0000 1.0000 -0.0000
vn 0.0000 1.0000 -0.0000
vn 0.5000 0.8660 0.0000
vn 0.4045 0.8660 0.2939
vn 0.1545 0.8660 0.4755
vn -0.1545 0.8660 0.4755
vn -0.4045 0.8660 0.2939
vn -0.5000 0.8660 0.0000
vn -0.4045 0.8660 -0.2939
vn -0.1545 0.8660 -0.4755
vn 0.1545 0.8660 -0.4755
vn 0.4045 0.8660 -0.2939
vn 0.8660 0.5000 0.0000
vn 0.7006 0.5000 0.5090
vn 0.2676 0.5000 0.8236
vn -0.2676 0.5000 0.8236
vn -0.7006 0.5000 0.5090
vn -0.8660 0.5000 0.0000
vn -0.7006 0.5000 -0.5090
vn -0.2676 0.5000 -0.8236
vn 0.2676 0.5000 -0.8236
vn 0.7006 0.5000 -0.5090
vn 1.0000 0.0000 0.0000
vn 0.8090 0.0000 0.5878
vn 0.3090 0.0000 0.9511
vn -0.3090 0.0000 0.9511
vn -0.8090 0.0000 0.5878
vn -1.0000 0.0000 0.0000
vn -0.8090 0.0000 -0.5878
vn -0.3090 0.0000 -0.9511
vn 0.3090 0.0000 -0.9511
vn 0.8090 0.0000 -0.5878
vn 0.8660 -0.5000 0.0000
vn 0.7006 -0.5000 0.5090
vn 0.2676 -0.5000 0.8236
vn -0.2676 -0.5000 0.8236
vn -0.7006 -0.5000 0.5090
vn -0.8660 -0.5000 0.0000
vn -0.7006 -0.5000 -0.5090
vn -0.2676 -0.5000 -0.8236
vn 0.2676 -0.5000 -0.8236
vn 0.7006 -0.5000 -0.5090
vn 0.5000 -0.8660 0.0000
vn 0.4045 -0.8660 0.2939
vn 0.1545 -0.8660 0.4755
vn -0.1545 -0.8660 0.4755
vn -0.4045 -0.8660 0.2939
vn -0.5000 -0.8660 0.0000
vn -0.4045 -0.8660 -0.2939
vn -0.1545 -0.8660 -0.4755
vn 0.1545 -0.8660 -0.4755
vn 0.4045 -0.8660 -0.2939
vn 0.0000 -1.0000 0.0000
vn 0.0000 -1.0000 0.0000
vn 0.0000 -1.0000 0.0000
vn -0.0000 -1.0000 0.0000
vn -0.0000 -1.0000 0.0000
vn -0.0000 -1.0000 0.0000
vn -0.0000 -1.0000 -0.0000
vn -0.0000 -1.0000 -0.0000
vn 0.0000 -1.0000 -0.0000
vn 0.0000 -1.0000 -0.0000
vn 0.0000 1.0000 0.0000
vn 0.0000 1.0000 0.0000
vn 0.0000 1.0000 0.0000
vn -0.0000 1.0000 0.0000
vn -0.0000 1.0000 0.0000
vn -0.0000 1.0000 0.0000
vn -0.0000 1.0000 -0.0000
vn -0.0000 1.0000 -0.0000
vn 0.0000 1.0000 -0.0000
vn 0.0000 1.0000 -0.0000
vn 0.5000 0.8660 0.0000
vn 0.4045 0.8660 0.2939
vn 0.1545 0.8660 0.4755
vn -0.1545 0.8660 0.4755
vn -0.4045 0.8660 0.2939
vn -0.5000 0.8660 0.0000
vn -0.4045 0.8660 -0.2939
vn -0.1545 0.8660 -0.4755
vn 0.1545 0.8660 -0.4755
vn 0.4045 0.8660 -0.2939
vn 0.8660 0.5000 0.0000
vn 0.7006 0.5000 0.5090
vn 0.2676 0.5000 0.8236
vn -0.2676 0.5000 0.8236
vn -0.7006 0.5000 0.5090
vn -0.8660 0.5000 0.0000
vn -0.7006 0.5000 -0.5090
vn -0.2676 0.5000 -0.8236
vn 0.2676 0.5000 -0.8236
vn 0.7006 0.5000 -0.5090
vn 1.0000 0.0000 0.0000
vn 0.8090 0.0000 0.5878
vn 0.3090 0.0000 0.9511
vn -0.3090 0.0000 0.9511
vn -0.8090 0.0000 0.5878
vn -1.0000 0.0000 0.0000
vn -0.8090 0.0000 -0.5878
vn -0.3090 0.0000 -0.9511
vn 0.3090 0.0000 -0.9511
vn 0.8090 0.0000 -0.5878
vn 0.8660 -0.5000 0.0000
vn 0.7006 -0.5000 0.5090
vn 0.2676 -0.5000 0.8236
vn -0.2676 -0.5000 0.8236
vn -0.7006 -0.5000 0.5090
vn -0.8660 -0.5000 0.0000
vn -0.7006 -0.5000 -0.5090
vn -0.2676 -0.5000 -0.8236
vn 0.2676 -0.5000 -0.8236
vn 0.7006 -0.5000 -0.5090
vn 0.5000 -0.8660 0.0000
vn 0.4045 -0.8660 0.2939
vn 0.1545 -0.8660 0.4755
vn -0.1545 -0.8660 0.4755
vn -0.4045 -0.8660 0.2939
vn -0.5000 -0.8660 0.0000
vn -0.4045 -0.8660 -0.2939
vn -0.1545 -0.8660 -0.4755
vn 0.1545 -0.8660 -0.4755
vn 0.4045 -0.8660 -0.2939
vn 0.0000 -1.0000 0.0000
vn 0.0000 -1.0000 0.0000
vn 0.0000 -1.0000 0.0000
vn -0.0000 -1.0000 0.0000
vn -0.0000 -1.0000 0.0000
vn -0.0000 -1.0000 0.0000
vn -0.0000 -1.0000 -0.0000
vn -0.0000 -1.0000 -0.0000
vn 0.0000 -1.0000 -0.0000
vn 0.0000 -1.0000 -0.0000
vn 0.0000 1.0000 0.0000
vn 0.0000 1.0000 0.0000
vn 0.0000 1.0000 0.0000
vn -0.0000 1.0000 0.0000
vn -0.0000 1.0000 0.0000
vn -0.0000 1.0000 0.0000
vn -0.0000 1.0000 -0.0000
vn -0.0000 1.0000 -0.0000
vn 0.0000 1.0000 -0.0000
vn 0.0000 1.0000 -0.0000
vn 0.5000 0.8660 0.0000
vn 0.4045 0.8660 0.2939
vn 0.1545 0.8660 0.4755
vn -0.1545 0.8660 0.4755
vn -0.4045 0.8660 0.2939
vn -0.5000 0.8660 0.0000
vn -0.4045 0.8660 -0.2939
vn -0.1545 0.8660 -0.4755
vn 0.1545 0.8660 -0.4755
vn 0.4045 0.8660 -0.2939
vn 0.8660 0.5000 0.0000
vn 0.7006 0.5000 0.5090
vn 0.2676 0.5000 0.8236
vn -0.2676 0.5000 0.8236
vn -0.7006 0.5000 0.5090
vn -0.8660 0.5000 0.0000
vn -0.7006 0.5000 -0.5090
vn -0.2676 0.5000 -0.8236
vn 0.2676 0.5000 -0.8236
vn 0.7006 0.5000 -0.5090
vn 1.0000 0.0000 0.0000
vn 0.8090 0.0000 0.5878
vn 0.3090 0.0000 0.9511
vn -0.3090 0.0000 0.9511
vn -0.8090 0.0000 0.5878
vn -1.0000 0.0000 0.0000
vn -0.8090 0.0000 -0.5878
vn -0.3090 0.0000 -0.9511
vn 0.3090 0.0000 -0.9511
vn 0.8090 0.0000 -0.5878
vn 0.8660 -0.5000 0.0000
vn 0.7006 -0.5000 0.5090
vn 0.2676 -0.5000 0.8236
vn -0.2676 -0.5000 0.8236
vn -0.7006 -0.5000 0.5090
vn -0.8660 -0.5000 0.0000
vn -0.7006 -0.5000 -0.5090
vn -0.2676 -0.5000 -0.8236
vn 0.2676 -0.5000 -0.8236
vn 0.7006 -0.5000 -0.5090
vn 0.5000 -0.8660 0.0000
vn 0.4045 -0.8660 0.2939
vn 0.1545 -0.8660 0.4755
vn -0.1545 -0.8660 0.4755
vn -0.4045 -0.8660 0.2939
vn -0.5000 -0.8660 0.0000
vn -0.4045 -0.8660 -0.2939
vn -0.1545 -0.8660 -0.4755
vn 0.1545 -0.8660 -0.4755
vn 0.4045 -0.8660 -0.2939
vn 0.0000 -1.0000 0.0000
vn 0.0000 -1.0000 0.0000
vn 0.0000 -1.0000 0.0000
vn -0.0000 -1.0000 0.0000
vn -0.0000 -1.0000 0.0000
vn -0.0000 -1.0000 0.0000
vn -0.0000 -1.0000 -0.0000
vn -0.0000 -1.0000 -0.0000
vn 0.0000 -1.0000 -0.0000
vn 0.0000 -1.0000 -0.0000
vn 0.0000 1.0000 0.0000
vn 0.0000 1.0000 0.0000
vn 0.0000 1.0000 0.0000
vn -0.0000 1.0000 0.0000
vn -0.0000 1.0000 0.0000
vn -0.0000 1.0000 0.0000
vn -0.0000 1.0000 -0.0000
vn -0.0000 1.0000 -0.0000
vn 0.0000 1.0000 -0.0000
vn 0.0000 1.0000 -0.0000
vn 0.5000 0.8660 0.0000
vn 0.4045 0.8660 0.2939
vn 0.1545 0.8660 0.4755
vn -0.1545 0.8660 0.4755
vn -0.4045 0.8660 0.2939
vn -0.5000 0.8660 0.0000
vn -0.4045 0.8660 -0.2939
vn -0.1545 0.8660 -0.4755
vn 0.1545 0.8660 -0.4755
vn 0.4045 0.8660 -0.2939
vn 0.8660 0.5000 0.0000
vn 0.7006 0.5000 0.5090
vn 0.2676 0.5000 0.8236
vn -0.2676 0.5000 0.8236
vn -0.7006 0.5000 0.5090
vn -0.8660 0.5000 0.0000
vn -0.7006 0.5000 -0.5090
vn -0.2676 0.5000 -0.8236
vn 0.2676 0.5000 -0.8236
vn 0.7006 0.5000 -0.5090
vn 1.0000 0.0000 0.0000
vn 0.8090 0.0000 0.5878
vn 0.3090 0.0000 0.9511
vn -0.3090 0.0000 0.9511
vn -0.8090 0.0000 0.5878
vn -1.0000 0.0000 0.0000
vn -0.8090 0.0000 -0.5878
vn -0.3090 0.0000 -0.9511
vn 0.3090 0.0000 -0.9511
vn 0.8090 0.0000 -0.5878
vn 0.8660 -0.5000 0.0000
vn 0.7006 -0.5000 0.5090
vn 0.2676 -0.5000 0.8236
vn -0.2676 -0.5000 0.8236
vn -0.7006 -0.5000 0.5090
vn -0.8660 -0.5000 0.0000
vn -0.7006 -0.5000 -0.5090
vn -0.2676 -0.5000 -0.8236
vn 0.2676 -0.5000 -0.8236
vn 0.7006 -0.5000 -0.5090
vn 0.5000 -0.8660 0.0000
vn 0.4045 -0.8660 0.2939
vn 0.1545 -0.8660 0.4755
vn -0.1545 -0.8660 0.4755
vn -0.4045 -0.8660 0.2939
vn -0.5000 -0.8660 0.0000
vn -0.4045 -0.8660 -0.2939
vn -0.1545 -0.8660 -0.4755
vn 0.1545 -0.8660 -0.4755
vn 0.4045 -0.8660 -0.2939
vn 0.0000 -1.0000 0.0000
vn 0.0000 -1.0000 0.0000
vn 0.0000 -1.0000 0.0000
vn -0.0000 -1.0000 0.0000
vn -0.0000 -1.0000 0.0000
vn -0.0000 -1.0000 0.0000
vn -0.0000 -1.0000 -0.0000
vn -0.0000 -1.0000 -0.0000
vn 0.0000 -1.0000 -0.0000
vn 0.0000 -1.0000 -0.0000
vn 0.0000 1.0000 0.0000
vn 0.0000 1.0000 0.0000
vn 0.0000 1.0000 0.0000
vn -0.0000 1.0000 0.0000
vn -0.0000 1.0000 0.0000
vn -0.0000 1.0000 0.0000
vn -0.0000 1.0000 -0.0000
vn -0.0000 1.0000 -0.0000
vn 0.0000 1.0000 -0.0000
vn 0.0000 1.0000 -0.0000
vn 0.5000 0.8660 0.0000
vn 0.4045 0.8660 0.2939
vn 0.1545 0.8660 0.4755
vn -0.1545 0.8660 0.4755
vn -0.4045 0.8660 0.2939
vn -0.5000 0.8660 0.0000
vn -0.4045 0.8660 -0.2939
vn -0.1545 0.8660 -0.4755
vn 0.1545 0.8660 -0.4755
vn 0.4045 0.8660 -0.2939
vn 0.8660 0.5000 0.0000
vn 0.7006 0.5000 0.5090
vn 0.2676 0.5000 0.8236
vn -0.2676 0.5000 0.8236
vn -0.7006 0.5000 0.5090
vn -0.8660 0.5000 0.0000
vn -0.7006 0.5000 -0.5090
vn -0.2676 0.5000 -0.8236
vn 0.2676 0.5000 -0.8236
vn 0.7006 0.5000 -0.5090
vn 1.0000 0.0000 0.0000
vn 0.8090 0.0000 0.5878
vn 0.3090 0.0000 0.9511
vn -0.3090 0.0000 0.9511
vn -0.8090 0.0000 0.5878
vn -1.0000 0.0000 0.0000
vn -0.8090 0.0000 -0.5878
vn -0.3090 0.0000 -0.9511
vn 0.3090 0.0000 -0.9511
vn 0.8090 0.0000 -0.5878
vn 0.8660 -0.5000 0.0000
vn 0.7006 -0.5000 0.5090
vn 0.2676 -0.5000 0.8236
vn -0.2676 -0.5000 0.8236
vn -0.7006 -0.5000 0.5090
vn -0.8660 -0.5000 0.0000
vn -0.7006 -0.5000 -0.5090
vn -0.2676 -0.5000 -0.8236
vn 0.2676 -0.5000 -0.8236
vn 0.7006 -0.5000 -0.5090
vn 0.5000 -0.8660 0.0000
vn 0.4045 -0.8660 0.2939
vn 0.1545 -0.8660 0.4755
vn -0.1545 -0.8660 0.4755
vn -0.4045 -0.8660 0.2939
vn -0.5000 -0.8660 0.0000
vn -0.4045 -0.8660 -0.2939
vn -0.1545 -0.8660 -0.4755
vn 0.1545 -0.8660 -0.4755
vn 0.4045 -0.8660 -0.2939
vn 0.0000 -1.0000 0.0000
vn 0.0000 -1.0000 0.0000
vn 0.0000 -1.0000 0.0000
vn -0.0000 -1.0000 0.0000
vn -0.0000 -1.0000 0.0000
vn -0.0000 -1.0000 0.0000
vn -0.0000 -1.0000 -0.0000
vn -0.0000 -1.0000 -0.0000
vn 0.0000 -1.0000 -0.0000
vn 0.0000 -1.0000 -0.0000
vn 0.0000 1.0000 0.0000
vn 0.0000 1.0000 0.0000
vn 0.0000 1.0000 0.0000
vn -0.0000 1.0000 0.0000
vn -0.0000 1.0000 0.0000
vn -0.0000 1.0000 -0.0000
vn -0.0000 1.0000 -0.0000
vn 0.0000 1.0000 -0.0000
vn 0.5878 0.8090 0.0000
vn 0.4156 0.8090 0.4156
vn 0.0000 0.8090 0.5878
vn -0.4156 0.8090 0.4156
vn -0.5878 0.8090 0.0000
vn -0.4156 0.8090 -0.4156
vn -0.0000 0.8090 -0.5878
vn 0.4156 0.8090 -0.4156
vn 0.9511 0.3090 0.0000
vn 0.6725 0.3090 0.6725
vn 0.0000 0.3090 0.9511
vn -0.6725 0.3090 0.6725
vn -0.9511 0.3090 0.0000
vn -0.6725 0.3090 -0.6725
vn -0.0000 0.3090 -0.9511
vn 0.6725 0.3090 -0.6725
vn 0.9511 -0.3090 0.0000
vn 0.6725 -0.3090 0.6725
vn 0.0000 -0.3090 0.9511
vn -0.6725 -0.3090 0.6725
vn -0.9511 -0.3090 0.0000
vn -0.6725 -0.3090 -0.6725
vn -0.0000 -0.3090 -0.9511
vn 0.6725 -0.3090 -0.6725
vn 0.5878 -0.8090 0.0000
vn 0.4156 -0.8090 0.4156
vn 0.0000 -0.8090 0.5878
vn -0.4156 -0.8090 0.4156
vn -0.5878 -0.8090 0.0000
vn -0.4156 -0.8090 -0.4156
vn -0.0000 -0.8090 -0.5878
vn 0.4156 -0.8090 -0.4156
vn 0.0000 -1.0000 0.0000
vn 0.0000 -1.0000 0.0000
vn 0.0000 -1.0000 0.0000
vn -0.0000 -1.0000 0.0000
vn -0.0000 -1.0000 0.0000
vn -0.0000 -1.0000 -0.0000
vn -0.0000 -1.0000 -0.0000
vn 0.0000 -1.0000 -0.0000
vn 0.0000 1.0000 0.0000
vn 0.0000 1.0000 0.0000
vn 0.0000 1.0000 0.0000
vn -0.0000 1.0000 0.0000
vn -0.0000 1.0000 0.0000
vn -0.0000 1.0000 -0.0000
vn -0.0000 1.0000 -0.0000
vn 0.0000 1.0000 -0.0000
vn 0.5878 0.8090 0.0000
vn 0.4156 0.8090 0.4156
vn 0.0000 0.8090 0.5878
vn -0.4156 0.8090 0.4156
vn -0.5878 0.8090 0.0000
vn -0.4156 0.8090 -0.4156
vn -0.0000 0.8090 -0.5878
vn 0.4156 0.8090 -0.4156
vn 0.9511 0.3090 0.0000
vn 0.6725 0.3090 0.6725
vn 0.0000 0.3090 0.9511
vn -0.6725 0.3090 0.6725
vn -0.9511 0.3090 0.0000
vn -0.6725 0.3090 -0.6725
vn -0.0000 0.3090 -0.9511
vn 0.6725 0.3090 -0.6725
vn 0.9511 -0.3090 0.0000
vn 0.6725 -0.3090 0.6725
vn 0.0000 -0.3090 0.9511
vn -0.6725 -0.3090 0.6725
vn -0.9511 -0.3090 0.0000
vn -0.6725 -0.3090 -0.6725
vn -0.0000 -0.3090 -0.9511
vn 0.6725 -0.3090 -0.6725
vn 0.5878 -0.8090 0.0000
vn 0.4156 -0.8090 0.4156
vn 0.0000 -0.8090 0.5878
vn -0.4156 -0.8090 0.4156
vn -0.5878 -0.8090 0.0000
vn -0.4156 -0.8090 -0.4156
vn -0.0000 -0.8090 -0.5878
vn 0.4156 -0.8090 -0.4156
vn 0.0000 -1.0000 0.0000
vn 0.0000 -1.0000 0.0000
vn 0.0000 -1.0000 0.0000
vn -0.0000 -1.0000 0.0000
vn -0.0000 -1.0000 0.0000
vn -0.0000 -1.0000 -0.0000
vn -0.0000 -1.0000 -0.0000
vn 0.0000 -1.0000 -0.0000
vn 0.0000 1.0000 0.0000
vn 0.0000 1.0000 0.0000
vn 0.0000 1.0000 0.0000
vn -0.0000 1.0000 0.0000
vn -0.0000 1.0000 0.0000
vn -0.0000 1.0000 0.0000
vn -0.0000 1.0000 -0.0000
vn -0.0000 1.0000 -0.0000
vn 0.0000 1.0000 -0.0000
vn 0.0000 1.0000 -0.0000
vn 0.5000 0.8660 0.0000
vn 0.4045 0.8660 0.2939
vn 0.1545 0.8660 0.4755
vn -0.1545 0.8660 0.4755
vn -0.4045 0.8660 0.2939
vn -0.5000 0.8660 0.0000
vn -0.4045 0.8660 -0.2939
vn -0.1545 0.8660 -0.4755
vn 0.1545 0.8660 -0.4755
vn 0.4045 0.8660 -0.2939
vn 0.8660 0.5000 0.0000
vn 0.7006 0.5000 0.5090
vn 0.2676 0.5000 0.8236
vn -0.2676 0.5000 0.8236
vn -0.7006 0.5000 0.5090
vn -0.8660 0.5000 0.0000
vn -0.7006 0.5000 -0.5090
vn -0.2676 0.5000 -0.8236
vn 0.2676 0.5000 -0.8236
vn 0.7006 0.5000 -0.5090
vn 1.0000 0.0000 0.0000
vn 0.8090 0.0000 0.5878
vn 0.3090 0.0000 0.9511
vn -0.3090 0.0000 0.9511
vn -0.8090 0.0000 0.5878
vn -1.0000 0.0000 0.0000
vn -0.8090 0.0000 -0.5878
vn -0.3090 0.0000 -0.9511
vn 0.3090 0.0000 -0.9511
vn 0.8090 0.0000 -0.5878
vn 0.8660 -0.5000 0.0000
vn 0.7006 -0.5000 0.5090
vn 0.2676 -0.5000 0.8236
vn -0.2676 -0.5000 0.8236
vn -0.7006 -0.5000 0.5090
vn -0.8660 -0.5000 0.0000
vn -0.7006 -0.5000 -0.5090
vn -0.2676 -0.5000 -0.8236
vn 0.2676 -0.5000 -0.8236
vn 0.7006 -0.5000 -0.5090
vn 0.5000 -0.8660 0.0000
vn 0.4045 -0.8660 0.2939
vn 0.1545 -0.8660 0.4755
vn -0.1545 -0.8660 0.4755
vn -0.4045 -0.8660 0.2939
vn -0.5000 -0.8660 0.0000
vn -0.4045 -0.8660 -0.2939
vn -0.1545 -0.8660 -0.4755
vn 0.1545 -0.8660 -0.4755
vn 0.4045 -0.8660 -0.2939
vn 0.0000 -1.0000 0.0000
vn 0.0000 -1.0000 0.0000
vn 0.0000 -1.0000 0.0000
vn -0.0000 -1.0000 0.0000
vn -0.0000 -1.0000 0.0000
vn -0.0000 -1.0000 0.0000
vn -0.0000 -1.0000 -0.0000
vn -0.0000 -1.0000 -0.0000
vn 0.0000 -1.0000 -0.0000
vn 0.0000 -1.0000 -0.0000
vn 0.0000 1.0000 0.0000
vn 0.0000 1.0000 0.0000
vn 0.0000 1.0000 0.0000
vn -0.0000 1.0000 0.0000
vn -0.0000 1.0000 0.0000
vn -0.0000 1.0000 0.0000
vn -0.0000 1.0000 -0.0000
vn -0.0000 1.0000 -0.0000
vn 0.0000 1.0000 -0.0000
vn 0.0000 1.0000 -0.0000
vn 0.5000 0.8660 0.0000
vn 0.4045 0.8660 0.2939
vn 0.1545 0.8660 0.4755
vn -0.1545 0.8660 0.4755
vn -0.4045 0.8660 0.2939
vn -0.5000 0.8660 0.0000
vn -0.4045 0.8660 -0.2939
vn -0.1545 0.8660 -0.4755
vn 0.1545 0.8660 -0.4755
vn 0.4045 0.8660 -0.2939
vn 0.8660 0.5000 0.0000
vn 0.7006 0.5000 0.5090
vn 0.2676 0.5000 0.8236
vn -0.2676 0.5000 0.8236
vn -0.7006 0.5000 0.5090
vn -0.8660 0.5000 0.0000
vn -0.7006 0.5000 -0.5090
vn -0.2676 0.5000 -0.8236
vn 0.2676 0.5000 -0.8236
vn 0.7006 0.5000 -0.5090
vn 1.0000 0.0000 0.0000
vn 0.8090 0.0000 0.5878
vn 0.3090 0.0000 0.9511
vn -0.3090 0.0000 0.9511
vn -0.8090 0.0000 0.5878
vn -1.0000 0.0000 0.0000
vn -0.8090 0.0000 -0.5878
vn -0.3090 0.0000 -0.9511
vn 0.3090 0.0000 -0.9511
vn 0.8090 0.0000 -0.5878
vn 0.8660 -0.5000 0.0000
vn 0.7006 -0.5000 0.5090
vn 0.2676 -0.5000 0.8236
vn -0.2676 -0.5000 0.8236
vn -0.7006 -0.5000 0.5090
vn -0.8660 -0.5000 0.0000
vn -0.7006 -0.5000 -0.5090
vn -0.2676 -0.5000 -0.8236
vn 0.2676 -0.5000 -0.8236
vn 0.7006 -0.5000 -0.5090
vn 0.5000 -0.8660 0.0000
vn 0.4045 -0.8660 0.2939
vn 0.1545 -0.8660 0.4755
vn -0.1545 -0.8660 0.4755
vn -0.4045 -0.8660 0.2939
vn -0.5000 -0.8660 0.0000
vn -0.4045 -0.8660 -0.2939
vn -0.1545 -0.8660 -0.4755
vn 0.1545 -0.8660 -0.4755
vn 0.4045 -0.8660 -0.2939
vn 0.0000 -1.0000 0.0000
vn 0.0000 -1.0000 0.0000
vn 0.0000 -1.0000 0.0000
vn -0.0000 -1.0000 0.0000
vn -0.0000 -1.0000 0.0000
vn -0.0000 -1.0000 0.0000
vn -0.0000 -1.0000 -0.0000
vn -0.0000 -1.0000 -0.0000
vn 0.0000 -1.0000 -0.0000
vn 0.0000 -1.0000 -0.0000
vn 0.0000 1.0000 0.0000
vn 0.0000 1.0000 0.0000
vn 0.0000 1.0000 0.0000
vn -0.0000 1.0000 0.0000
vn -0.0000 1.0000 0.0000
vn -0.0000 1.0000 0.0000
vn -0.0000 1.0000 -0.0000
vn -0.0000 1.0000 -0.0000
vn 0.0000 1.0000 -0.0000
vn 0.0000 1.0000 -0.0000
vn 0.5000 0.8660 0.0000
vn 0.4045 0.8660 0.2939
vn 0.1545 0.8660 0.4755
vn -0.1545 0.8660 0.4755
vn -0.4045 0.8660 0.2939
vn -0.5000 0.8660 0.0000
vn -0.4045 0.8660 -0.2939
vn -0.1545 0.8660 -0.4755
vn 0.1545 0.8660 -0.4755
vn 0.4045 0.8660 -0.2939
vn 0.8660 0.5000 0.0000
vn 0.7006 0.5000 0.5090
vn 0.2676 0.5000 0.8236
vn -0.2676 0.5000 0.8236
vn -0.7006 0.5000 0.5090
vn -0.8660 0.5000 0.0000
vn -0.7006 0.5000 -0.5090
vn -0.2676 0.5000 -0.8236
vn 0.2676 0.5000 -0.8236
vn 0.7006 0.5000 -0.5090
vn 1.0000 0.0000 0.0000
vn 0.8090 0.0000 0.5878
vn 0.3090 0.0000 0.9511
vn -0.3090 0.0000 0.9511
vn -0.8090 0.0000 0.5878
vn -1.0000 0.0000 0.0000
vn -0.8090 0.0000 -0.5878
vn -0.3090 0.0000 -0.9511
vn 0.3090 0.0000 -0.9511
vn 0.8090 0.0000 -0.5878
vn 0.8660 -0.5000 0.0000
vn 0.7006 -0.5000 0.5090
vn 0.2676 -0.5000 0.8236
vn -0.2676 -0.5000 0.8236
vn -0.7006 -0.5000 0.5090
vn -0.8660 -0.5000 0.0000
vn -0.7006 -0.5000 -0.5090
vn -0.2676 -0.5000 -0.8236
vn 0.2676 -0.5000 -0.8236
vn 0.7006 -0.5000 -0.5090
vn 0.5000 -0.8660 0.0000
vn 0.4045 -0.8660 0.2939
vn 0.1545 -0.8660 0.4755
vn -0.1545 -0.8660 0.4755
vn -0.4045 -0.8660 0.2939
vn -0.5000 -0.8660 0.0000
vn -0.4045 -0.8660 -0.2939
vn -0.1545 -0.8660 -0.4755
vn 0.1545 -0.8660 -0.4755
vn 0.4045 -0.8660 -0.2939
vn 0.0000 -1.0000 0.0000
vn 0.0000 -1.0000 0.0000
vn 0.0000 -1.0000 0.0000
vn -0.0000 -1.0000 0.0000
vn -0.0000 -1.0000 0.0000
vn -0.0000 -1.0000 0.0000
vn -0.0000 -1.0000 -0.0000
vn -0.0000 -1.0000 -0.0000
vn 0.0000 -1.0000 -0.0000
vn 0.0000 -1.0000 -0.0000
vn 0.0000 1.0000 0.0000
vn 0.0000 1.0000 0.0000
vn 0.0000 1.0000 0.0000
vn -0.0000 1.0000 0.0000
vn -0.0000 1.0000 0.0000
vn -0.0000 1.0000 -0.0000
vn -0.0000 1.0000 -0.0000
vn 0.0000 1.0000 -0.0000
vn 0.5878 0.8090 0.0000
vn 0.4156 0.8090 0.4156
vn 0.0000 0.8090 0.5878
vn -0.4156 0.8090 0.4156
vn -0.5878 0.8090 0.0000
vn -0.4156 0.8090 -0.4156
vn -0.0000 0.8090 -0.5878
vn 0.4156 0.8090 -0.4156
vn 0.9511 0.3090 0.0000
vn 0.6725 0.3090 0.6725
vn 0.0000 0.3090 0.9511
vn -0.6725 0.3090 0.6725
vn -0.9511 0.3090 0.0000
vn -0.6725 0.3090 -0.6725
vn -0.0000 0.3090 -0.9511
vn 0.6725 0.3090 -0.6725
vn 0.9511 -0.3090 0.0000
vn 0.6725 -0.3090 0.6725
vn 0.0000 -0.3090 0.9511
vn -0.6725 -0.3090 0.6725
vn -0.9511 -0.3090 0.0000
vn -0.6725 -0.3090 -0.6725
vn -0.0000 -0.3090 -0.9511
vn 0.6725 -0.3090 -0.6725
vn 0.5878 -0.8090 0.0000
vn 0.4156 -0.8090 0.4156
vn 0.0000 -0.8090 0.5878
vn -0.4156 -0.8090 0.4156
vn -0.5878 -0.8090 0.0000
vn -0.4156 -0.8090 -0.4156
vn -0.0000 -0.8090 -0.5878
vn 0.4156 -0.8090 -0.4156
vn 0.0000 -1.0000 0.0000
vn 0.0000 -1.0000 0.0000
vn 0.0000 -1.0000 0.0000
vn -0.0000 -1.0000 0.0000
vn -0.0000 -1.0000 0.0000
vn -0.0000 -1.0000 -0.0000
vn -0.0000 -1.0000 -0.0000
vn 0.0000 -1.0000 -0.0000
vn 0.0000 1.0000 0.0000
vn 0.0000 1.0000 0.0000
vn 0.0000 1.0000 0.0000
vn -0.0000 1.0000 0.0000
vn -0.0000 1.0000 0.0000
vn -0.0000 1.0000 -0.0000
vn -0.0000 1.0000 -0.0000
vn 0.0000 1.0000 -0.0000
vn 0.5878 0.8090 0.0000
vn 0.4156 0.8090 0.4156
vn 0.0000 0.8090 0.5878
vn -0.4156 0.8090 0.4156
vn -0.5878 0.8090 0.0000
vn -0.4156 0.8090 -0.4156
vn -0.0000 0.8090 -0.5878
vn 0.4156 0.8090 -0.4156
vn 0.9511 0.3090 0.0000
vn 0.6725 0.3090 0.6725
vn 0.0000 0.3090 0.9511
vn -0.6725 0.3090 0.6725
vn -0.9511 0.3090 0.0000
vn -0.6725 0.3090 -0.6725
vn -0.0000 0.3090 -0.9511
vn 0.6725 0.3090 -0.6725
vn 0.9511 -0.3090 0.0000
vn 0.6725 -0.3090 0.6725
vn 0.0000 -0.3090 0.9511
vn -0.6725 -0.3090 0.6725
vn -0.9511 -0.3090 0.0000
vn -0.6725 -0.3090 -0.6725
vn -0.0000 -0.3090 -0.9511
vn 0.6725 -0.3090 -0.6725
vn 0.5878 -0.8090 0.0000
vn 0.4156 -0.8090 0.4156
vn 0.0000 -0.8090 0.5878
vn -0.4156 -0.8090 0.4156
vn -0.5878 -0.8090 0.0000
vn -0.4156 -0.8090 -0.4156
vn -0.0000 -0.8090 -0.5878
vn 0.4156 -0.8090 -0.4156
vn 0.0000 -1.0000 0.0000
vn 0.0000 -1.0000 0.0000
vn 0.0000 -1.0000 0.0000
vn -0.0000 -1.0000 0.0000
vn -0.0000 -1.0000 0.0000
vn -0.0000 -1.0000 -0.0000
vn -0.0000 -1.0000 -0.0000
vn 0.0000 -1.0000 -0.0000
vn 0.0000 1.0000 0.0000
vn 0.0000 1.0000 0.0000
vn 0.0000 1.0000 0.0000
vn -0.0000 1.0000 0.0000
vn -0.0000 1.0000 0.0000
vn -0.0000 1.0000 0.0000
vn -0.0000 1.0000 -0.0000
vn -0.0000 1.0000 -0.0000
vn 0.0000 1.0000 -0.0000
vn 0.0000 1.0000 -0.0000
vn 0.5000 0.8660 0.0000
vn 0.4045 0.8660 0.2939
vn 0.1545 0.8660 0.4755
vn -0.1545 0.8660 0.4755
vn -0.4045 0.8660 0.2939
vn -0.5000 0.8660 0.0000
vn -0.4045 0.8660 -0.2939
vn -0.1545 0.8660 -0.4755
vn 0.1545 0.8660 -0.4755
vn 0.4045 0.8660 -0.2939
vn 0.8660 0.5000 0.0000
vn 0.7006 0.5000 0.5090
vn 0.2676 0.5000 0.8236
vn -0.2676 0.5000 0.8236
vn -0.7006 0.5000 0.5090
vn -0.8660 0.5000 0.0000
vn -0.7006 0.5000 -0.5090
vn -0.2676 0.5000 -0.8236
vn 0.2676 0.5000 -0.8236
vn 0.7006 0.5000 -0.5090
vn 1.0000 0.0000 0.0000
vn 0.8090 0.0000 0.5878
vn 0.3090 0.0000 0.9511
vn -0.3090 0.0000 0.9511
vn -0.8090 0.0000 0.5878
vn -1.0000 0.0000 0.0000
vn -0.8090 0.0000 -0.5878
vn -0.3090 0.0000 -0.9511
vn 0.3090 0.0000 -0.9511
vn 0.8090 0.0000 -0.5878
vn 0.8660 -0.5000 0.0000
vn 0.7006 -0.5000 0.5090
vn 0.2676 -0.5000 0.8236
vn -0.2676 -0.5000 0.8236
vn -0.7006 -0.5000 0.5090
vn -0.8660 -0.5000 0.0000
vn -0.7006 -0.5000 -0.5090
vn -0.2676 -0.5000 -0.8236
vn 0.2676 -0.5000 -0.8236
vn 0.7006 -0.5000 -0.5090
vn 0.5000 -0.8660 0.0000
vn 0.4045 -0.8660 0.2939
vn 0.1545 -0.8660 0.4755
vn -0.1545 -0.8660 0.4755
vn -0.4045 -0.8660 0.2939
vn -0.5000 -0.8660 0.0000
vn -0.4045 -0.8660 -0.2939
vn -0.1545 -0.8660 -0.4755
vn 0.1545 -0.8660 -0.4755
vn 0.4045 -0.8660 -0.2939
vn 0.0000 -1.0000 0.0000
vn 0.0000 -1.0000 0.0000
vn 0.0000 -1.0000 0.0000
vn -0.0000 -1.0000 0.0000
vn -0.0000 -1.0000 0.0000
vn -0.0000 -1.0000 0.0000
vn -0.0000 -1.0000 -0.0000
vn -0.0000 -1.0000 -0.0000
vn 0.0000 -1.0000 -0.0000
vn 0.0000 -1.0000 -0.0000
vn 0.0000 1.0000 0.0000
vn 0.0000 1.0000 0.0000
vn 0.0000 1.0000 0.0000
vn -0.0000 1.0000 0.0000
vn -0.0000 1.0000 0.0000
vn -0.0000 1.0000 0.0000
vn -0.0000 1.0000 -0.0000
vn -0.0000 1.0000 -0.0000
vn 0.0000 1.0000 -0.0000
vn 0.0000 1.0000 -0.0000
vn 0.5000 0.8660 0.0000
vn 0.4045 0.8660 0.2939
vn 0.1545 0.8660 0.4755
vn -0.1545 0.8660 0.4755
vn -0.4045 0.8660 0.2939
vn -0.5000 0.8660 0.0000
vn -0.4045 0.8660 -0.2939
vn -0.1545 0.8660 -0.4755
vn 0.1545 0.8660 -0.4755
vn 0.4045 0.8660 -0.2939
vn 0.8660 0.5000 0.0000
vn 0.7006 0.5000 0.5090
vn 0.2676 0.5000 0.8236
vn -0.2676 0.5000 0.8236
vn -0.7006 0.5000 0.5090
vn -0.8660 0.5000 0.0000
vn -0.7006 0.5000 -0.5090
vn -0.2676 0.5000 -0.8236
vn 0.2676 0.5000 -0.8236
vn 0.7006 0.5000 -0.5090
vn 1.0000 0.0000 0.0000
vn 0.8090 0.0000 0.5878
vn 0.3090 0.0000 0.9511
vn -0.3090 0.0000 0.9511
vn -0.8090 0.0000 0.5878
vn -1.0000 0.0000 0.0000
vn -0.8090 0.0000 -0.5878
vn -0.3090 0.0000 -0.9511
vn 0.3090 0.0000 -0.9511
vn 0.8090 0.0000 -0.5878
vn 0.8660 -0.5000 0.0000
vn 0.7006 -0.5000 0.5090
vn 0.2676 -0.5000 0.8236
vn -0.2676 -0.5000 0.8236
vn -0.7006 -0.5000 0.5090
vn -0.8660 -0.5000 0.0000
vn -0.7006 -0.5000 -0.5090
vn -0.2676 -0.5000 -0.8236
vn 0.2676 -0.5000 -0.8236
vn 0.7006 -0.5000 -0.5090
vn 0.5000 -0.8660 0.0000
vn 0.4045 -0.8660 0.2939
vn 0.1545 -0.8660 0.4755
vn -0.1545 -0.8660 0.4755
vn -0.4045 -0.8660 0.2939
vn -0.5000 -0.8660 0.0000
vn -0.4045 -0.8660 -0.2939
vn -0.1545 -0.8660 -0.4755
vn 0.1545 -0.8660 -0.4755
vn 0.4045 -0.8660 -0.2939
vn 0.0000 -1.0000 0.0000
vn 0.0000 -1.0000 0.0000
vn 0.0000 -1.0000 0.0000
vn -0.0000 -1.0000 0.0000
vn -0.0000 -1.0000 0.0000
vn -0.0000 -1.0000 0.0000
vn -0.0000 -1.0000 -0.0000
vn -0.0000 -1.0000 -0.0000
vn 0.0000 -1.0000 -0.0000
vn 0.0000 -1.0000 -0.0000
vn 0.0000 1.0000 0.0000
vn 0.0000 1.0000 0.0000
vn 0.0000 1.0000 0.0000
vn -0.0000 1.0000 0.0000
vn -0.0000 1.0000 0.0000
vn -0.0000 1.0000 0.0000
vn -0.0000 1.0000 -0.0000
vn -0.0000 1.0000 -0.0000
vn 0.0000 1.0000 -0.0000
vn 0.0000 1.0000 -0.0000
vn 0.5000 0.8660 0.0000
vn 0.4045 0.8660 0.2939
vn 0.1545 0.8660 0.4755
vn -0.1545 0.8660 0.4755
vn -0.4045 0.8660 0.2939
vn -0.5000 0.8660 0.0000
vn -0.4045 0.8660 -0.2939
vn -0.1545 0.8660 -0.4755
vn 0.1545 0.8660 -0.4755
vn 0.4045 0.8660 -0.2939
vn 0.8660 0.5000 0.0000
vn 0.7006 0.5000 0.5090
vn 0.2676 0.5000 0.8236
vn -0.2676 0.5000 0.8236
vn -0.7006 0.5000 0.5090
vn -0.8660 0.5000 0.0000
vn -0.7006 0.5000 -0.5090
vn -0.2676 0.5000 -0.8236
vn 0.2676 0.5000 -0.8236
vn 0.7006 0.5000 -0.5090
vn 1.0000 0.0000 0.0000
vn 0.8090 0.0000 0.5878
vn 0.3090 0.0000 0.9511
vn -0.3090 0.0000 0.9511
vn -0.8090 0.0000 0.5878
vn -1.0000 0.0000 0.0000
vn -0.8090 0.0000 -0.5878
vn -0.3090 0.0000 -0.9511
vn 0.3090 0.0000 -0.9511
vn 0.8090 0.0000 -0.5878
vn 0.8660 -0.5000 0.0000
vn 0.7006 -0.5000 0.5090
vn 0.2676 -0.5000 0.8236
vn -0.2676 -0.5000 0.8236
vn -0.7006 -0.5000 0.5090
vn -0.8660 -0.5000 0.0000
vn -0.7006 -0.5000 -0.5090
vn -0.2676 -0.5000 -0.8236
vn 0.2676 -0.5000 -0.8236
vn 0.7006 -0.5000 -0.5090
vn 0.5000 -0.8660 0.0000
vn 0.4045 -0.8660 0.2939
vn 0.1545 -0.8660 0.4755
vn -0.1545 -0.8660 0.4755
vn -0.4045 -0.8660 0.2939
vn -0.5000 -0.8660 0.0000
vn -0.4045 -0.8660 -0.2939
vn -0.1545 -0.8660 -0.4755
vn 0.1545 -0.8660 -0.4755
vn 0.4045 -0.8660 -0.2939
vn 0.0000 -1.0000 0.0000
vn 0.0000 -1.0000 0.0000
vn 0.0000 -1.0000 0.0000
vn -0.0000 -1.0000 0.0000
vn -0.0000 -1.0000 0.0000
vn -0.0000 -1.0000 0.0000
vn -0.0000 -1.0000 -0.0000
vn -0.0000 -1.0000 -0.0000
vn 0.0000 -1.0000 -0.0000
vn 0.0000 -1.0000 -0.0000
vn 0.0000 1.0000 0.0000
vn 0.0000 1.0000 0.0000
vn 0.0000 1.0000 0.0000
vn -0.0000 1.0000 0.0000
vn -0.0000 1.0000 0.0000
vn -0.0000 1.0000 -0.0000
vn -0.0000 1.0000 -0.0000
vn 0.0000 1.0000 -0.0000
vn 0.5878 0.8090 0.0000
vn 0.4156 0.8090 0.4156
vn 0.0000 0.8090 0.5878
vn -0.4156 0.8090 0.4156
vn -0.5878 0.8090 0.0000
vn -0.4156 0.8090 -0.4156
vn -0.0000 0.8090 -0.5878
vn 0.4156 0.8090 -0.4156
vn 0.9511 0.3090 0.0000
vn 0.6725 0.3090 0.6725
vn 0.0000 0.3090 0.9511
vn -0.6725 0.3090 0.6725
vn -0.9511 0.3090 0.0000
vn -0.6725 0.3090 -0.6725
vn -0.0000 0.3090 -0.9511
vn 0.6725 0.3090 -0.6725
vn 0.9511 -0.3090 0.0000
vn 0.6725 -0.3090 0.6725
vn 0.0000 -0.3090 0.9511
vn -0.6725 -0.3090 0.6725
vn -0.9511 -0.3090 0.0000
vn -0.6725 -0.3090 -0.6725
vn -0.0000 -0.3090 -0.9511
vn 0.6725 -0.3090 -0.6725
vn 0.5878 -0.8090 0.0000
vn 0.4156 -0.8090 0.4156
vn 0.0000 -0.8090 0.5878
vn -0.4156 -0.8090 0.4156
vn -0.5878 -0.8090 0.0000
vn -0.4156 -0.8090 -0.4156
vn -0.0000 -0.8090 -0.5878
vn 0.4156 -0.8090 -0.4156
vn 0.0000 -1.0000 0.0000
vn 0.0000 -1.0000 0.0000
vn 0.0000 -1.0000 0.0000
vn -0.0000 -1.0000 0.0000
vn -0.0000 -1.0000 0.0000
vn -0.0000 -1.0000 -0.0000
vn -0.0000 -1.0000 -0.0000
vn 0.0000 -1.0000 -0.0000
vn 0.0000 1.0000 0.0000
vn 0.0000 1.0000 0.0000
vn 0.0000 1.0000 0.0000
vn -0.0000 1.0000 0.0000
vn -0.0000 1.0000 0.0000
vn -0.0000 1.0000 -0.0000
vn -0.0000 1.0000 -0.0000
vn 0.0000 1.0000 -0.0000
vn 0.5878 0.8090 0.0000
vn 0.4156 0.8090 0.4156
vn 0.0000 0.8090 0.5878
vn -0.4156 0.8090 0.4156
vn -0.5878 0.8090 0.0000
vn -0.4156 0.8090 -0.4156
vn -0.0000 0.8090 -0.5878
vn 0.4156 0.8090 -0.4156
vn 0.9511 0.3090 0.0000
vn 0.6725 0.3090 0.6725
vn 0.0000 0.3090 0.9511
vn -0.6725 0.3090 0.6725
vn -0.9511 0.3090 0.0000
vn -0.6725 0.3090 -0.6725
vn -0.0000 0.3090 -0.9511
vn 0.6725 0.3090 -0.6725
vn 0.9511 -0.3090 0.0000
vn 0.6725 -0.3090 0.6725
vn 0.0000 -0.3090 0.9511
vn -0.6725 -0.3090 0.6725
vn -0.9511 -0.3090 0.0000
vn -0.6725 -0.3090 -0.6725
vn -0.0000 -0.3090 -0.9511
vn 0.6725 -0.3090 -0.6725
vn 0.5878 -0.8090 0.0000
vn 0.4156 -0.8090 0.4156
vn 0.0000 -0.8090 0.5878
vn -0.4156 -0.8090 0.4156
vn -0.5878 -0.8090 0.0000
vn -0.4156 -0.8090 -0.4156
vn -0.0000 -0.8090 -0.5878
vn 0.4156 -0.8090 -0.4156
vn 0.0000 -1.0000 0.0000
vn 0.0000 -1.0000 0.0000
vn 0.0000 -1.0000 0.0000
vn -0.0000 -1.0000 0.0000
vn -0.0000 -1.0000 0.0000
vn -0.0000 -1.0000 -0.0000
vn -0.0000 -1.0000 -0.0000
vn 0.0000 -1.0000 -0.0000
vn 0.0000 1.0000 0.0000
vn 0.0000 1.0000 0.0000
vn 0.0000 1.0000 0.0000
vn -0.0000 1.0000 0.0000
vn -0.0000 1.0000 0.0000
vn -0.0000 1.0000 0.0000
vn -0.0000 1.0000 -0.0000
vn -0.0000 1.0000 -0.0000
vn 0.0000 1.0000 -0.0000
vn 0.0000 1.0000 -0.0000
vn 0.5000 0.8660 0.0000
vn 0.4045 0.8660 0.2939
vn 0.1545 0.8660 0.4755
vn -0.1545 0.8660 0.4755
vn -0.4045 0.8660 0.2939
vn -0.5000 0.8660 0.0000
vn -0.4045 0.8660 -0.2939
vn -0.1545 0.8660 -0.4755
vn 0.1545 0.8660 -0.4755
vn 0.4045 0.8660 -0.2939
vn 0.8660 0.5000 0.0000
vn 0.7006 0.5000 0.5090
vn 0.2676 0.5000 0.8236
vn -0.2676 0.5000 0.8236
vn -0.7006 0.5000 0.5090
vn -0.8660 0.5000 0.0000
vn -0.7006 0.5000 -0.5090
vn -0.2676 0.5000 -0.8236
vn 0.2676 0.5000 -0.8236
vn 0.7006 0.5000 -0.5090
vn 1.0000 0.0000 0.0000
vn 0.8090 0.0000 0.5878
vn 0.3090 0.0000 0.9511
vn -0.3090 0.0000 0.9511
vn -0.8090 0.0000 0.5878
vn -1.0000 0.0000 0.0000
vn -0.8090 0.0000 -0.5878
vn -0.3090 0.0000 -0.9511
vn 0.3090 0.0000 -0.9511
vn 0.8090 0.0000 -0.5878
vn 0.8660 -0.5000 0.0000
vn 0.7006 -0.5000 0.5090
vn 0.2676 -0.5000 0.8236
vn -0.2676 -0.5000 0.8236
vn -0.7006 -0.5000 0.5090
vn -0.8660 -0.5000 0.0000
vn -0.7006 -0.5000 -0.5090
vn -0.2676 -0.5000 -0.8236
vn 0.2676 -0.5000 -0.8236
vn 0.7006 -0.5000 -0.5090
vn 0.5000 -0.8660 0.0000
vn 0.4045 -0.8660 0.2939
vn 0.1545 -0.8660 0.4755
vn -0.1545 -0.8660 0.4755
vn -0.4045 -0.8660 0.2939
vn -0.5000 -0.8660 0.0000
vn -0.4045 -0.8660 -0.2939
vn -0.1545 -0.8660 -0.4755
vn 0.1545 -0.8660 -0.4755
vn 0.4045 -0.8660 -0.2939
vn 0.0000 -1.0000 0.0000
vn 0.0000 -1.0000 0.0000
vn 0.0000 -1.0000 0.0000
vn -0.0000 -1.0000 0.0000
vn -0.0000 -1.0000 0.0000
vn -0.0000 -1.0000 0.0000
vn -0.0000 -1.0000 -0.0000
vn -0.0000 -1.0000 -0.0000
vn 0.0000 -1.0000 -0.0000
vn 0.0000 -1.0000 -0.0000
vn 0.0000 1.0000 0.0000
vn 0.0000 1.0000 0.0000
vn 0.0000 1.0000 0.0000
vn -0.0000 1.0000 0.0000
vn -0.0000 1.0000 0.0000
vn -0.0000 1.0000 0.0000
vn -0.0000 1.0000 -0.0000
vn -0.0000 1.0000 -0.0000
vn 0.0000 1.0000 -0.0000
vn 0.0000 1.0000 -0.0000
vn 0.5000 0.8660 0.0000
vn 0.4045 0.8660 0.2939
vn 0.1545 0.8660 0.4755
vn -0.1545 0.8660 0.4755
vn -0.4045 0.8660 0.2939
vn -0.5000 0.8660 0.0000
vn -0.4045 0.8660 -0.2939
vn -0.1545 0.8660 -0.4755
vn 0.1545 0.8660 -0.4755
vn 0.4045 0.8660 -0.2939
vn 0.8660 0.5000 0.0000
vn 0.7006 0.5000 0.5090
vn 0.2676 0.5000 0.8236
vn -0.2676 0.5000 0.8236
vn -0.7006 0.5000 0.5090
vn -0.8660 0.5000 0.0000
vn -0.7006 0.5000 -0.5090
vn -0.2676 0.5000 -0.8236
vn 0.2676 0.5000 -0.8236
vn 0.7006 0.5000 -0.5090
vn 1.0000 0.0000 0.0000
vn 0.8090 0.0000 0.5878
vn 0.3090 0.0000 0.9511
vn -0.3090 0.0000 0.9511
vn -0.8090 0.0000 0.5878
vn -1.0000 0.0000 0.0000
vn -0.8090 0.0000 -0.5878
vn -0.3090 0.0000 -0.9511
vn 0.3090 0.0000 -0.9511
vn 0.8090 0.0000 -0.5878
vn 0.8660 -0.5000 0.0000
vn 0.7006 -0.5000 0.5090
vn 0.2676 -0.5000 0.8236
vn -0.2676 -0.5000 0.8236
vn -0.7006 -0.5000 0.5090
vn -0.8660 -0.5000 0.0000
vn -0.7006 -0.5000 -0.5090
vn -0.2676 -0.5000 -0.8236
vn 0.2676 -0.5000 -0.8236
vn 0.7006 -0.5000 -0.5090
vn 0.5000 -0.8660 0.0000
vn 0.4045 -0.8660 0.2939
vn 0.1545 -0.8660 0.4755
vn -0.1545 -0.8660 0.4755
vn -0.4045 -0.8660 0.2939
vn -0.5000 -0.8660 0.0000
vn -0.4045 -0.8660 -0.2939
vn -0.1545 -0.8660 -0.4755
vn 0.1545 -0.8660 -0.4755
vn 0.4045 -0.8660 -0.2939
vn 0.0000 -1.0000 0.0000
vn 0.0000 -1.0000 0.0000
vn 0.0000 -1.0000 0.0000
vn -0.0000 -1.0000 0.0000
vn -0.0000 -1.0000 0.0000
vn -0.0000 -1.0000 0.0000
vn -0.0000 -1.0000 -0.0000
vn -0.0000 -1.0000 -0.0000
vn 0.0000 -1.0000 -0.0000
vn 0.0000 -1.0000 -0.0000
vn 0.0000 1.0000 0.0000
vn 0.0000 1.0000 0.0000
vn 0.0000 1.0000 0.0000
vn -0.0000 1.0000 0.0000
vn -0.0000 1.0000 0.0000
vn -0.0000 1.0000 0.0000
vn -0.0000 1.0000 -0.0000
vn -0.0000 1.0000 -0.0000
vn 0.0000 1.0000 -0.0000
vn 0.0000 1.0000 -0.0000
vn 0.5000 0.8660 0.0000
vn 0.4045 0.8660 0.2939
vn 0.1545 0.8660 0.4755
vn -0.1545 0.8660 0.4755
vn -0.4045 0.8660 0.2939
vn -0.5000 0.8660 0.0000
vn -0.4045 0.8660 -0.2939
vn -0.1545 0.8660 -0.4755
vn 0.1545 0.8660 -0.4755
vn 0.4045 0.8660 -0.2939
vn 0.8660 0.5000 0.0000
vn 0.7006 0.5000 0.5090
vn 0.2676 0.5000 0.8236
vn -0.2676 0.5000 0.8236
vn -0.7006 0.5000 0.5090
vn -0.8660 0.5000 0.0000
vn -0.7006 0.5000 -0.5090
vn -0.2676 0.5000 -0.8236
vn 0.2676 0.5000 -0.8236
vn 0.7006 0.5000 -0.5090
vn 1.0000 0.0000 0.0000
vn 0.8090 0.0000 0.5878
vn 0.3090 0.0000 0.9511
vn -0.3090 0.0000 0.9511
vn -0.8090 0.0000 0.5878
vn -1.0000 0.0000 0.0000
vn -0.8090 0.0000 -0.5878
vn -0.3090 0.0000 -0.9511
vn 0.3090 0.0000 -0.9511
vn 0.8090 0.0000 -0.5878
vn 0.8660 -0.5000 0.0000
vn 0.7006 -0.5000 0.5090
vn 0.2676 -0.5000 0.8236
vn -0.2676 -0.5000 0.8236
vn -0.7006 -0.5000 0.5090
vn -0.8660 -0.5000 0.0000
vn -0.7006 -0.5000 -0.5090
vn -0.2676 -0.5000 -0.8236
vn 0.2676 -0.5000 -0.8236
vn 0.7006 -0.5000 -0.5090
vn 0.5000 -0.8660 0.0000
vn 0.4045 -0.8660 0.2939
vn 0.1545 -0.8660 0.4755
vn -0.1545 -0.8660 0.4755
vn -0.4045 -0.8660 0.2939
vn -0.5000 -0.8660 0.0000
vn -0.4045 -0.8660 -0.2939
vn -0.1545 -0.8660 -0.4755
vn 0.1545 -0.8660 -0.4755
vn 0.4045 -0.8660 -0.2939
vn 0.0000 -1.0000 0.0000
vn 0.0000 -1.0000 0.0000
vn 0.0000 -1.0000 0.0000
vn -0.0000 -1.0000 0.0000
vn -0.0000 -1.0000 0.0000
vn -0.0000 -1.0000 0.0000
vn -0.0000 -1.0000 -0.0000
vn -0.0000 -1.0000 -0.0000
vn 0.0000 -1.0000 -0.0000
vn 0.0000 -1.0000 -0.0000
vn 0.0000 1.0000 0.0000
vn 0.0000 1.0000 0.0000
vn 0.0000 1.0000 0.0000
vn -0.0000 1.0000 0.0000
vn -0.0000 1.0000 0.0000
vn -0.0000 1.0000 -0.0000
vn -0.0000 1.0000 -0.0000
vn 0.0000 1.0000 -0.0000
vn 0.5878 0.8090 0.0000
vn 0.4156 0.8090 0.4156
vn 0.0000 0.8090 0.5878
vn -0.4156 0.8090 0.4156
vn -0.5878 0.8090 0.0000
vn -0.4156 0.8090 -0.4156
vn -0.0000 0.8090 -0.5878
vn 0.4156 0.8090 -0.4156
vn 0.9511 0.3090 0.0000
vn 0.6725 0.3090 0.6725
vn 0.0000 0.3090 0.9511
vn -0.6725 0.3090 0.6725
vn -0.9511 0.3090 0.0000
vn -0.6725 0.3090 -0.6725
vn -0.0000 0.3090 -0.9511
vn 0.6725 0.3090 -0.6725
vn 0.9511 -0.3090 0.0000
vn 0.6725 -0.3090 0.6725
vn 0.0000 -0.3090 0.9511
vn -0.6725 -0.3090 0.6725
vn -0.9511 -0.3090 0.0000
vn -0.6725 -0.3090 -0.6725
vn -0.0000 -0.3090 -0.9511
vn 0.6725 -0.3090 -0.6725
vn 0.5878 -0.8090 0.0000
vn 0.4156 -0.8090 0.4156
vn 0.0000 -0.8090 0.5878
vn -0.4156 -0.8090 0.4156
vn -0.5878 -0.8090 0.0000
vn -0.4156 -0.8090 -0.4156
vn -0.0000 -0.8090 -0.5878
vn 0.4156 -0.8090 -0.4156
vn 0.0000 -1.0000 0.0000
vn 0.0000 -1.0000 0.0000
vn 0.0000 -1.0000 0.0000
vn -0.0000 -1.0000 0.0000
vn -0.0000 -1.0000 0.0000
vn -0.0000 -1.0000 -0.0000
vn -0.0000 -1.0000 -0.0000
vn 0.0000 -1.0000 -0.0000
vn 0.0000 1.0000 0.0000
vn 0.0000 1.0000 0.0000
vn 0.0000 1.0000 0.0000
vn -0.0000 1.0000 0.0000
vn -0.0000 1.0000 0.0000
vn -0.0000 1.0000 -0.0000
vn -0.0000 1.0000 -0.0000
vn 0.0000 1.0000 -0.0000
vn 0.5878 0.8090 0.0000
vn 0.4156 0.8090 0.4156
vn 0.0000 0.8090 0.5878
vn -0.4156 0.8090 0.4156
vn -0.5878 0.8090 0.0000
vn -0.4156 0.8090 -0.4156
vn -0.0000 0.8090 -0.5878
vn 0.4156 0.8090 -0.4156
vn 0.9511 0.3090 0.0000
vn 0.6725 0.3090 0.6725
vn 0.0000 0.3090 0.9511
vn -0.6725 0.3090 0.6725
vn -0.9511 0.3090 0.0000
vn -0.6725 0.3090 -0.6725
vn -0.0000 0.3090 -0.9511
vn 0.6725 0.3090 -0.6725
vn 0.9511 -0.3090 0.0000
vn 0.6725 -0.3090 0.6725
vn 0.0000 -0.3090 0.9511
vn -0.6725 -0.3090 0.6725
vn -0.9511 -0.3090 0.0000
vn -0.6725 -0.3090 -0.6725
vn -0.0000 -0.3090 -0.9511
vn 0.6725 -0.3090 -0.6725
vn 0.5878 -0.8090 0.0000
vn 0.4156 -0.8090 0.4156
vn 0.0000 -0.8090 0.5878
vn -0.4156 -0.8090 0.4156
vn -0.5878 -0.8090 0.0000
vn -0.4156 -0.8090 -0.4156
vn -0.0000 -0.8090 -0.5878
vn 0.4156 -0.8090 -0.4156
vn 0.0000 -1.0000 0.0000
vn 0.0000 -1.0000 0.0000
vn 0.0000 -1.0000 0.0000
vn -0.0000 -1.0000 0.0000
vn -0.0000 -1.0000 0.0000
vn -0.0000 -1.0000 -0.0000
vn -0.0000 -1.0000 -0.0000
vn 0.0000 -1.0000 -0.0000

f 1//1 2//1 3//1
f 1//1 3//1 4//1
f 5//2 6//2 7//2
f 5//2 7//2 8//2
f 9//3 10//3 11//3
f 9//3 11//3 12//3
f 13//4 14//4 15//4
f 13//4 15//4 16//4
f 17//5 18//5 19//5
f 17//5 19//5 20//5
f 21//6 22//6 23//6
f 21//6 23//6 24//6
f 25//7 26//7 27//7
f 25//7 27//7 28//7
f 29//8 30//8 31//8
f 29//8 31//8 32//8
f 33//9 34//9 35//9
f 33//9 35//9 36//9
f 37//10 38//10 39//10
f 37//10 39//10 40//10
f 41//11 42//11 43//11
f 41//11 43//11 44//11
f 45//12 46//12 47//12
f 45//12 47//12 48//12
f 49//13 68//32 67//31
f 50//14 69//33 68//32
f 51//15 70//34 69//33
f 52//16 71//35 70//34
f 53//17 72//36 71//35
f 54//18 73//37 72//36
f 55//19 74//38 73//37
f 56//20 75//39 74//38
f 57//21 76//40 75//39
f 58//22 77//41 76//40
f 59//23 78//42 77//41
f 60//24 79//43 78//42
f 61//25 80//44 79//43
f 62//26 81//45 80//44
f 63//27 82//46 81//45
f 64//28 83//47 82//46
f 65//29 84//48 83//47
f 66//30 67//31 84//48
f 67//31 68//32 86//50
f 67//31 86//50 85//49
f 68//32 69//33 87//51
f 68//32 87//51 86//50
f 69//33 70//34 88//52
f 69//33 88//52 87//51
f 70//34 71//35 89//53
f 70//34 89//53 88//52
f 71//35 72//36 90//54
f 71//35 90//54 89//53
f 72//36 73//37 91//55
f 72//36 91//55 90//54
f 73//37 74//38 92//56
f 73//37 92//56 91//55
f 74//38 75//39 93//57
f 74//38 93//57 92//56
f 75//39 76//40 94//58
f 75//39 94//58 93//57
f 76//40 77//41 95//59
f 76//40 95//59 94//58
f 77//41 78//42 96//60
f 77//41 96//60 95//59
f 78//42 79//43 97//61
f 78//42 97//61 96//60
f 79//43 80//44 98//62
f 79//43 98//62 97//61
f 80//44 81//45 99//63
f 80//44 99//63 98//62
f 81//45 82//46 100//64
f 81//45 100//64 99//63
f 82//46 83//47 101//65
f 82//46 101//65 100//64
f 83//47 84//48 102//66
f 83//47 102//66 101//65
f 84//48 67//31 85//49
f 84//48 85//49 102//66
f 85//49 86//50 104//68
f 85//49 104//68 103//67
f 86//50 87//51 105//69
f 86//50 105//69 104//68
f 87//51 88//52 106//70
f 87//51 106//70 105//69
f 88//52 89//53 107//71
f 88//52 107//71 106//70
f 89//53 90//54 108//72
f 89//53 108//72 107//71
f 90//54 91//55 109//73
f 90//54 109//73 108//72
f 91//55 92//56 110//74
f 91//55 110//74 109//73
f 92//56 93//57 111//75
f 92//56 111//75 110//74
f 93//57 94//58 112//76
f 93//57 112//76 111//75
f 94//58 95//59 113//77
f 94//58 113//77 112//76
f 95//59 96//60 114//78
f 95//59 114//78 113//77
f 96//60 97//61 115//79
f 96//60 115//79 114//78
f 97//61 98//62 116//80
f 97//61 116//80 115//79
f 98//62 99//63 117//81
f 98//62 117//81 116//80
f 99//63 100//64 118//82
f 99//63 118//82 117//81
f 100//64 101//65 119//83
f 100//64 119//83 118//82
f 101//65 102//66 120//84
f 101//65 120//84 119//83
f 102//66 85//49 103//67
f 102//66 103//67 120//84
f 103//67 104//68 122//86
f 103//67 122//86 121//85
f 104//68 105//69 123//87
f 104//68 123//87 122//86
f 105//69 106//70 124//88
f 105//69 124//88 123//87
f 106//70 107//71 125//89
f 106//70 125//89 124//88
f 107//71 108//72 126//90
f 107//71 126//90 125//89
f 108//72 109//73 127//91
f 108//72 127//91 126//90
f 109//73 110//74 128//92
f 109//73 128//92 127//91
f 110//74 111//75 129//93
f 110//74 129//93 128//92
f 111//75 112//76 130//94
f 111//75 130//94 129//93
f 112//76 113//77 131//95
f 112//76 131//95 130//94
f 113//77 114//78 132//96
f 113//77 132//96 131//95
f 114//78 115//79 133//97
f 114//78 133//97 132//96
f 115//79 116//80 134//98
f 115//79 134//98 133//97
f 116//80 117//81 135//99
f 116//80 135//99 134//98
f 117//81 118//82 136//100
f 117//81 136//100 135//99
f 118//82 119//83 137//101
f 118//82 137//101 136//100
f 119//83 120//84 138//102
f 119//83 138//102 137//101
f 120//84 103//67 121//85
f 120//84 121//85 138//102
f 121//85 122//86 140//104
f 121//85 140//104 139//103
f 122//86 123//87 141//105
f 122//86 141//105 140//104
f 123//87 124//88 142//106
f 123//87 142//106 141//105
f 124//88 125//89 143//107
f 124//88 143//107 142//106
f 125//89 126//90 144//108
f 125//89 144//108 143//107
f 126//90 127//91 145//109
f 126//90 145//109 144//108
f 127//91 128//92 146//110
f 127//91 146//110 145//109
f 128//92 129//93 147//111
f 128//92 147//111 146//110
f 129//93 130//94 148//112
f 129//93 148//112 147//111
f 130//94 131//95 149//113
f 130//94 149//113 148//112
f 131//95 132//96 150//114
f 131//95 150//114 149//113
f 132//96 133//97 151//115
f 132//96 151//115 150//114
f 133//97 134//98 152//116
f 133//97 152//116 151//115
f 134//98 135//99 153//117
f 134//98 153//117 152//116
f 135//99 136//100 154//118
f 135//99 154//118 153//117
f 136//100 137//101 155//119
f 136//100 155//119 154//118
f 137//101 138//102 156//120
f 137//101 156//120 155//119
f 138//102 121//85 139//103
f 138//102 139//103 156//120
f 139//103 140//104 158//122
f 139//103 158//122 157//121
f 140//104 141//105 159//123
f 140//104 159//123 158//122
f 141//105 142//106 160//124
f 141//105 160//124 159//123
f 142//106 143//107 161//125
f 142//106 161//125 160//124
f 143//107 144//108 162//126
f 143//107 162//126 161//125
f 144//108 145//109 163//127
f 144//108 163//127 162//126
f 145//109 146//110 164//128
f 145//109 164//128 163//127
f 146//110 147//111 165//129
f 146//110 165//129 164//128
f 147//111 148//112 166//130
f 147//111 166//130 165//129
f 148//112 149//113 167//131
f 148//112 167//131 166//130
f 149//113 150//114 168//132
f 149//113 168//132 167//131
f 150//114 151//115 169//133
f 150//114 169//133 168//132
f 151//115 152//116 170//134
f 151//115 170//134 169//133
f 152//116 153//117 171//135
f 152//116 171//135 170//134
f 153//117 154//118 172//136
f 153//117 172//136 171//135
f 154//118 155//119 173//137
f 154//118 173//137 172//136
f 155//119 156//120 174//138
f 155//119 174//138 173//137
f 156//120 139//103 157//121
f 156//120 157//121 174//138
f 157//121 158//122 176//140
f 157//121 176//140 175//139
f 158//122 159//123 177//141
f 158//122 177//141 176//140
f 159//123 160//124 178//142
f 159//123 178//142 177//141
f 160//124 161//125 179//143
f 160//124 179//143 178//142
f 161//125 162//126 180//144
f 161//125 180//144 179//143
f 162//126 163//127 181//145
f 162//126 181//145 180//144
f 163//127 164//128 182//146
f 163//127 182//146 181//145
f 164//128 165//129 183//147
f 164//128 183//147 182//146
f 165//129 166//130 184//148
f 165//129 184//148 183//147
f 166//130 167//131 185//149
f 166//130 185//149 184//148
f 167//131 168//132 186//150
f 167//131 186//150 185//149
f 168//132 169//133 187//151
f 168//132 187//151 186//150
f 169//133 170//134 188//152
f 169//133 188//152 187//151
f 170//134 171//135 189//153
f 170//134 189//153 188//152
f 171//135 172//136 190//154
f 171//135 190//154 189//153
f 172//136 173//137 191//155
f 172//136 191//155 190//154
f 173//137 174//138 192//156
f 173//137 192//156 191//155
f 174//138 157//121 175//139
f 174//138 175//139 192//156
f 175//139 176//140 194//158
f 175//139 194//158 193//157
f 176//140 177//141 195//159
f 176//140 195//159 194//158
f 177//141 178//142 196//160
f 177//141 196//160 195//159
f 178//142 179//143 197//161
f 178//142 197//161 196//160
f 179//143 180//144 198//162
f 179//143 198//162 197//161
f 180//144 181//145 199//163
f 180//144 199//163 198//162
f 181//145 182//146 200//164
f 181//145 200//164 199//163
f 182//146 183//147 201//165
f 182//146 201//165 200//164
f 183//147 184//148 202//166
f 183//147 202//166 201//165
f 184//148 185//149 203//167
f 184//148 203//167 202//166
f 185//149 186//150 204//168
f 185//149 204//168 203//167
f 186//150 187//151 205//169
f 186//150 205//169 204//168
f 187//151 188//152 206//170
f 187//151 206//170 205//169
f 188//152 189//153 207//171
f 188//152 207//171 206//170
f 189//153 190//154 208//172
f 189//153 208//172 207//171
f 190//154 191//155 209//173
f 190//154 209//173 208//172
f 191//155 192//156 210//174
f 191//155 210//174 209//173
f 192//156 175//139 193//157
f 192//156 193//157 210//174
f 193//157 194//158 212//176
f 193//157 212//176 211//175
f 194//158 195//159 213//177
f 194//158 213//177 212//176
f 195//159 196//160 214//178
f 195//159 214//178 213//177
f 196//160 197//161 215//179
f 196//160 215//179 214//178
f 197//161 198//162 216//180
f 197//161 216//180 215//179
f 198//162 199//163 217//181
f 198//162 217//181 216//180
f 199//163 200//164 218//182
f 199//163 218//182 217//181
f 200//164 201//165 219//183
f 200//164 219//183 218//182
f 201//165 202//166 220//184
f 201//165 220//184 219//183
f 202//166 203//167 221//185
f 202//166 221//185 220//184
f 203//167 204//168 222//186
f 203//167 222//186 221//185
f 204//168 205//169 223//187
f 204//168 223//187 222//186
f 205//169 206//170 224//188
f 205//169 224//188 223//187
f 206//170 207//171 225//189
f 206//170 225//189 224//188
f 207//171 208//172 226//190
f 207//171 226//190 225//189
f 208//172 209//173 227//191
f 208//172 227//191 226//190
f 209//173 210//174 228//192
f 209//173 228//192 227//191
f 210//174 193//157 211//175
f 210//174 211//175 228//192
f 211//175 212//176 230//194
f 212//176 213//177 231//195
f 213//177 214//178 232//196
f 214//178 215//179 233//197
f 215//179 216//180 234//198
f 216//180 217//181 235//199
f 217//181 218//182 236//200
f 218//182 219//183 237//201
f 219//183 220//184 238//202
f 220//184 221//185 239//203
f 221//185 222//186 240//204
f 222//186 223//187 241//205
f 223//187 224//188 242//206
f 224//188 225//189 243//207
f 225//189 226//190 244//208
f 226//190 227//191 245//209
f 227//191 228//192 246//210
f 228//192 211//175 229//193
f 247//211 266//230 265//229
f 248//212 267//231 266//230
f 249//213 268//232 267//231
f 250//214 269//233 268//232
f 251//215 270//234 269//233
f 252//216 271//235 270//234
f 253//217 272//236 271//235
f 254//218 273//237 272//236
f 255//219 274//238 273//237
f 256//220 275//239 274//238
f 257//221 276//240 275//239
f 258//222 277//241 276//240
f 259//223 278//242 277//241
f 260//224 279//243 278//242
f 261//225 280//244 279//243
f 262//226 281//245 280//244
f 263//227 282//246 281//245
f 264//228 265//229 282//246
f 265//229 266//230 284//248
f 265//229 284//248 283//247
f 266//230 267//231 285//249
f 266//230 285//249 284//248
f 267//231 268//232 286//250
f 267//231 286//250 285//249
f 268//232 269//233 287//251
f 268//232 287//251 286//250
f 269//233 270//234 288//252
f 269//233 288//252 287//251
f 270//234 271//235 289//253
f 270//234 289//253 288//252
f 271//235 272//236 290//254
f 271//235 290//254 289//253
f 272//236 273//237 291//255
f 272//236 291//255 290//254
f 273//237 274//238 292//256
f 273//237 292//256 291//255
f 274//238 275//239 293//257
f 274//238 293//257 292//256
f 275//239 276//240 294//258
f 275//239 294//258 293//257
f 276//240 277//241 295//259
f 276//240 295//259 294//258
f 277//241 278//242 296//260
f 277//241 296//260 295//259
f 278//242 279//243 297//261
f 278//242 297//261 296//260
f 279//243 280//244 298//262
f 279//243 298//262 297//261
f 280//244 281//245 299//263
f 280//244 299//263 298//262
f 281//245 282//246 300//264
f 281//245 300//264 299//263
f 282//246 265//229 283//247
f 282//246 283//247 300//264
f 283//247 284//248 302//266
f 283//247 302//266 301//265
f 284//248 285//249 303//267
f 284//248 303//267 302//266
f 285//249 286//250 304//268
f 285//249 304//268 303//267
f 286//250 287//251 305//269
f 286//250 305//269 304//268
f 287//251 288//252 306//270
f 287//251 306//270 305//269
f 288//252 289//253 307//271
f 288//252 307//271 306//270
f 289//253 290//254 308//272
f 289//253 308//272 307//271
f 290//254 291//255 309//273
f 290//254 309//273 308//272
f 291//255 292//256 310//274
f 291//255 310//274 309//273
f 292//256 293//257 311//275
f 292//256 311//275 310//274
f 293//257 294//258 312//276
f 293//257 312//276 311//275
f 294//258 295//259 313//277
f 294//258 313//277 312//276
f 295//259 296//260 314//278
f 295//259 314//278 313//277
f 296//260 297//261 315//279
f 296//260 315//279 314//278
f 297//261 298//262 316//280
f 297//261 316//280 315//279
f 298//262 299//263 317//281
f 298//262 317//281 316//280
f 299//263 300//264 318//282
f 299//263 318//282 317//281
f 300//264 283//247 301//265
f 300//264 301//265 318//282
f 301//265 302//266 320//284
f 301//265 320//284 319//283
f 302//266 303//267 321//285
f 302//266 321//285 320//284
f 303//267 304//268 322//286
f 303//267 322//286 321//285
f 304//268 305//269 323//287
f 304//268 323//287 322//286
f 305//269 306//270 324//288
f 305//269 324//288 323//287
f 306//270 307//271 325//289
f 306//270 325//289 324//288
f 307//271 308//272 326//290
f 307//271 326//290 325//289
f 308//272 309//273 327//291
f 308//272 327//291 326//290
f 309//273 310//274 328//292
f 309//273 328//292 327//291
f 310//274 311//275 329//293
f 310//274 329//293 328//292
f 311//275 312//276 330//294
f 311//275 330//294 329//293
f 312//276 313//277 331//295
f 312//276 331//295 330//294
f 313//277 314//278 332//296
f 313//277 332//296 331//295
f 314//278 315//279 333//297
f 314//278 333//297 332//296
f 315//279 316//280 334//298
f 315//279 334//298 333//297
f 316//280 317//281 335//299
f 316//280 335//299 334//298
f 317//281 318//282 336//300
f 317//281 336//300 335//299
f 318//282 301//265 319//283
f 318//282 319//283 336//300
f 319//283 320//284 338//302
f 319//283 338//302 337//301
f 320//284 321//285 339//303
f 320//284 339//303 338//302
f 321//285 322//286 340//304
f 321//285 340//304 339//303
f 322//286 323//287 341//305
f 322//286 341//305 340//304
f 323//287 324//288 342//306
f 323//287 342//306 341//305
f 324//288 325//289 343//307
f 324//288 343//307 342//306
f 325//289 326//290 344//308
f 325//289 344//308 343//307
f 326//290 327//291 345//309
f 326//290 345//309 344//308
f 327//291 328//292 346//310
f 327//291 346//310 345//309
f 328//292 329//293 347//311
f 328//292 347//311 346//310
f 329//293 330//294 348//312
f 329//293 348//312 347//311
f 330//294 331//295 349//313
f 330//294 349//313 348//312
f 331//295 332//296 350//314
f 331//295 350//314 349//313
f 332//296 333//297 351//315
f 332//296 351//315 350//314
f 333//297 334//298 352//316
f 333//297 352//316 351//315
f 334//298 335//299 353//317
f 334//298 353//317 352//316
f 335//299 336//300 354//318
f 335//299 354//318 353//317
f 336//300 319//283 337//301
f 336//300 337//301 354//318
f 337//301 338//302 356//320
f 337//301 356//320 355//319
f 338//302 339//303 357//321
f 338//302 357//321 356//320
f 339//303 340//304 358//322
f 339//303 358//322 357//321
f 340//304 341//305 359//323
f 340//304 359//323 358//322
f 341//305 342//306 360//324
f 341//305 360//324 359//323
f 342//306 343//307 361//325
f 342//306 361//325 360//324
f 343//307 344//308 362//326
f 343//307 362//326 361//325
f 344//308 345//309 363//327
f 344//308 363//327 362//326
f 345//309 346//310 364//328
f 345//309 364//328 363//327
f 346//310 347//311 365//329
f 346//310 365//329 364//328
f 347//311 348//312 366//330
f 347//311 366//330 365//329
f 348//312 349//313 367//331
f 348//312 367//331 366//330
f 349//313 350//314 368//332
f 349//313 368//332 367//331
f 350//314 351//315 369//333
f 350//314 369//333 368//332
f 351//315 352//316 370//334
f 351//315 370//334 369//333
f 352//316 353//317 371//335
f 352//316 371//335 370//334
f 353//317 354//318 372//336
f 353//317 372//336 371//335
f 354//318 337//301 355//319
f 354//318 355//319 372//336
f 355//319 356//320 374//338
f 355//319 374//338 373//337
f 356//320 357//321 375//339
f 356//320 375//339 374//338
f 357//321 358//322 376//340
f 357//321 376//340 375//339
f 358//322 359//323 377//341
f 358//322 377//341 376//340
f 359//323 360//324 378//342
f 359//323 378//342 377//341
f 360//324 361//325 379//343
f 360//324 379//343 378//342
f 361//325 362//326 380//344
f 361//325 380//344 379//343
f 362//326 363//327 381//345
f 362//326 381//345 380//344
f 363//327 364//328 382//346
f 363//327 382//346 381//345
f 364//328 365//329 383//347
f 364//328 383//347 382//346
f 365//329 366//330 384//348
f 365//329 384//348 383//347
f 366//330 367//331 385//349
f 366//330 385//349 384//348
f 367//331 368//332 386//350
f 367//331 386//350 385//349
f 368//332 369//333 387//351
f 368//332 387//351 386//350
f 369//333 370//334 388//352
f 369//333 388//352 387//351
f 370//334 371//335 389//353
f 370//334 389//353 388//352
f 371//335 372//336 390//354
f 371//335 390//354 389//353
f 372//336 355//319 373//337
f 372//336 373//337 390//354
f 373//337 374//338 392//356
f 373//337 392//356 391//355
f 374//338 375//339 393//357
f 374//338 393//357 392//356
f 375//339 376//340 394//358
f 375//339 394//358 393//357
f 376//340 377//341 395//359
f 376//340 395//359 394//358
f 377//341 378//342 396//360
f 377//341 396//360 395//359
f 378//342 379//343 397//361
f 378//342 397//361 396//360
f 379//343 380//344 398//362
f 379//343 398//362 397//361
f 380//344 381//345 399//363
f 380//344 399//363 398//362
f 381//345 382//346 400//364
f 381//345 400//364 399//363
f 382//346 383//347 401//365
f 382//346 401//365 400//364
f 383//347 384//348 402//366
f 383//347 402//366 401//365
f 384//348 385//349 403//367
f 384//348 403//367 402//366
f 385//349 386//350 404//368
f 385//349 404//368 403//367
f 386//350 387//351 405//369
f 386//350 405//369 404//368
f 387//351 388//352 406//370
f 387//351 406//370 405//369
f 388//352 389//353 407//371
f 388//352 407//371 406//370
f 389//353 390//354 408//372
f 389//353 408//372 407//371
f 390//354 373//337 391//355
f 390//354 391//355 408//372
f 391//355 392//356 410//374
f 391//355 410//374 409//373
f 392//356 393//357 411//375
f 392//356 411//375 410//374
f 393//357 394//358 412//376
f 393//357 412//376 411//375
f 394//358 395//359 413//377
f 394//358 413//377 412//376
f 395//359 396//360 414//378
f 395//359 414//378 413//377
f 396//360 397//361 415//379
f 396//360 415//379 414//378
f 397//361 398//362 416//380
f 397//361 416//380 415//379
f 398//362 399//363 417//381
f 398//362 417//381 416//380
f 399//363 400//364 418//382
f 399//363 418//382 417//381
f 400//364 401//365 419//383
f 400//364 419//383 418//382
f 401//365 402//366 420//384
f 401//365 420//384 419//383
f 402//366 403//367 421//385
f 402//366 421//385 420//384
f 403//367 404//368 422//386
f 403//367 422//386 421//385
f 404//368 405//369 423//387
f 404//368 423//387 422//386
f 405//369 406//370 424//388
f 405//369 424//388 423//387
f 406//370 407//371 425//389
f 406//370 425//389 424//388
f 407//371 408//372 426//390
f 407//371 426//390 425//389
f 408//372 391//355 409//373
f 408//372 409//373 426//390
f 409//373 410//374 428//392
f 410//374 411//375 429//393
f 411//375 412//376 430//394
f 412//376 413//377 431//395
f 413//377 414//378 432//396
f 414//378 415//379 433//397
f 415//379 416//380 434//398
f 416//380 417//381 435//399
f 417//381 418//382 436//400
f 418//382 419//383 437//401
f 419//383 420//384 438//402
f 420//384 421//385 439//403
f 421//385 422//386 440//404
f 422//386 423//387 441//405
f 423//387 424//388 442//406
f 424//388 425//389 443//407
f 425//389 426//390 444//408
f 426//390 409//373 427//391
f 445//409 464//428 463//427
f 446//410 465//429 464//428
f 447//411 466//430 465//429
f 448//412 467//431 466//430
f 449//413 468//432 467//431
f 450//414 469//433 468//432
f 451//415 470//434 469//433
f 452//416 471//435 470//434
f 453//417 472//436 471//435
f 454//418 473//437 472//436
f 455//419 474//438 473//437
f 456//420 475//439 474//438
f 457//421 476//440 475//439
f 458//422 477//441 476//440
f 459//423 478//442 477//441
f 460//424 479//443 478//442
f 461//425 480//444 479//443
f 462//426 463//427 480//444
f 463//427 464//428 482//446
f 463//427 482//446 481//445
f 464//428 465//429 483//447
f 464//428 483//447 482//446
f 465//429 466//430 484//448
f 465//429 484//448 483//447
f 466//430 467//431 485//449
f 466//430 485//449 484//448
f 467//431 468//432 486//450
f 467//431 486//450 485//449
f 468//432 469//433 487//451
f 468//432 487//451 486//450
f 469//433 470//434 488//452
f 469//433 488//452 487//451
f 470//434 471//435 489//453
f 470//434 489//453 488//452
f 471//435 472//436 490//454
f 471//435 490//454 489//453
f 472//436 473//437 491//455
f 472//436 491//455 490//454
f 473//437 474//438 492//456
f 473//437 492//456 491//455
f 474//438 475//439 493//457
f 474//438 493//457 492//456
f 475//439 476//440 494//458
f 475//439 494//458 493//457
f 476//440 477//441 495//459
f 476//440 495//459 494//458
f 477//441 478//442 496//460
f 477//441 496//460 495//459
f 478//442 479//443 497//461
f 478//442 497//461 496//460
f 479//443 480//444 498//462
f 479//443 498//462 497//461
f 480//444 463//427 481//445
f 480//444 481//445 498//462
f 481//445 482//446 500//464
f 481//445 500//464 499//463
f 482//446 483//447 501//465
f 482//446 501//465 500//464
f 483//447 484//448 502//466
f 483//447 502//466 501//465
f 484//448 485//449 503//467
f 484//448 503//467 502//466
f 485//449 486//450 504//468
f 485//449 504//468 503//467
f 486//450 487//451 505//469
f 486//450 505//469 504//468
f 487//451 488//452 506//470
f 487//451 506//470 505//469
f 488//452 489//453 507//471
f 488//452 507//471 506//470
f 489//453 490//454 508//472
f 489//453 508//472 507//471
f 490//454 491//455 509//473
f 490//454 509//473 508//472
f 491//455 492//456 510//474
f 491//455 510//474 509//473
f 492//456 493//457 511//475
f 492//456 511//475 510//474
f 493//457 494//458 512//476
f 493//457 512//476 511//475
f 494//458 495//459 513//477
f 494//458 513//477 512//476
f 495//459 496//460 514//478
f 495//459 514//478 513//477
f 496//460 497//461 515//479
f 496//460 515//479 514//478
f 497//461 498//462 516//480
f 497//461 516//480 515//479
f 498//462 481//445 499//463
f 498//462 499//463 516//480
f 499//463 500//464 518//482
f 499//463 518//482 517//481
f 500//464 501//465 519//483
f 500//464 519//483 518//482
f 501//465 502//466 520//484
f 501//465 520//484 519//483
f 502//466 503//467 521//485
f 502//466 521//485 520//484
f 503//467 504//468 522//486
f 503//467 522//486 521//485
f 504//468 505//469 523//487
f 504//468 523//487 522//486
f 505//469 506//470 524//488
f 505//469 524//488 523//487
f 506//470 507//471 525//489
f 506//470 525//489 524//488
f 507//471 508//472 526//490
f 507//471 526//490 525//489
f 508//472 509//473 527//491
f 508//472 527//491 526//490
f 509//473 510//474 528//492
f 509//473 528//492 527//491
f 510//474 511//475 529//493
f 510//474 529//493 528//492
f 511//475 512//476 530//494
f 511//475 530//494 529//493
f 512//476 513//477 531//495
f 512//476 531//495 530//494
f 513//477 514//478 532//496
f 513//477 532//496 531//495
f 514//478 515//479 533//497
f 514//478 533//497 532//496
f 515//479 516//480 534//498
f 515//479 534//498 533//497
f 516//480 499//463 517//481
f 516//480 517//481 534//498
f 517//481 518//482 536//500
f 517//481 536//500 535//499
f 518//482 519//483 537//501
f 518//482 537//501 536//500
f 519//483 520//484 538//502
f 519//483 538//502 537//501
f 520//484 521//485 539//503
f 520//484 539//503 538//502
f 521//485 522//486 540//504
f 521//485 540//504 539//503
f 522//486 523//487 541//505
f 522//486 541//505 540//504
f 523//487 524//488 542//506
f 523//487 542//506 541//505
f 524//488 525//489 543//507
f 524//488 543//507 542//506
f 525//489 526//490 544//508
f 525//489 544//508 543//507
f 526//490 527//491 545//509
f 526//490 545//509 544//508
f 527//491 528//492 546//510
f 527//491 546//510 545//509
f 528//492 529//493 547//511
f 528//492 547//511 546//510
f 529//493 530//494 548//512
f 529//493 548//512 547//511
f 530//494 531//495 549//513
f 530//494 549//513 548//512
f 531//495 532//496 550//514
f 531//495 550//514 549//513
f 532//496 533//497 551//515
f 532//496 551//515 550//514
f 533//497 534//498 552//516
f 533//497 552//516 551//515
f 534//498 517//481 535//499
f 534//498 535//499 552//516
f 535//499 536//500 554//518
f 535//499 554//518 553//517
f 536//500 537//501 555//519
f 536//500 555//519 554//518
f 537//501 538//502 556//520
f 537//501 556//520 555//519
f 538//502 539//503 557//521
f 538//502 557//521 556//520
f 539//503 540//504 558//522
f 539//503 558//522 557//521
f 540//504 541//505 559//523
f 540//504 559//523 558//522
f 541//505 542//506 560//524
f 541//505 560//524 559//523
f 542//506 543//507 561//525
f 542//506 561//525 560//524
f 543//507 544//508 562//526
f 543//507 562//526 561//525
f 544//508 545//509 563//527
f 544//508 563//527 562//526
f 545//509 546//510 564//528
f 545//509 564//528 563//527
f 546//510 547//511 565//529
f 546//510 565//529 564//528
f 547//511 548//512 566//530
f 547//511 566//530 565//529
f 548//512 549//513 567//531
f 548//512 567//531 566//530
f 549//513 550//514 568//532
f 549//513 568//532 567//531
f 550//514 551//515 569//533
f 550//514 569//533 568//532
f 551//515 552//516 570//534
f 551//515 570//534 569//533
f 552//516 535//499 553//517
f 552//516 553//517 570//534
f 553//517 554//518 572//536
f 553//517 572//536 571//535
f 554//518 555//519 573//537
f 554//518 573//537 572//536
f 555//519 556//520 574//538
f 555//519 574//538 573//537
f 556//520 557//521 575//539
f 556//520 575//539 574//538
f 557//521 558//522 576//540
f 557//521 576//540 575//539
f 558//522 559//523 577//541
f 558//522 577//541 576//540
f 559//523 560//524 578//542
f 559//523 578//542 577//541
f 560//524 561//525 579//543
f 560//524 579//543 578//542
f 561//525 562//526 580//544
f 561//525 580//544 579//543
f 562//526 563//527 581//545
f 562//526 581//545 580//544
f 563//527 564//528 582//546
f 563//527 582//546 581//545
f 564//528 565//529 583//547
f 564//528 583//547 582//546
f 565//529 566//530 584//548
f 565//529 584//548 583//547
f 566//530 567//531 585//549
f 566//530 585//549 584//548
f 567//531 568//532 586//550
f 567//531 586//550 585//549
f 568//532 569//533 587//551
f 568//532 587//551 586//550
f 569//533 570//534 588//552
f 569//533 588//552 587//551
f 570//534 553//517 571//535
f 570//534 571//535 588//552
f 571//535 572//536 590//554
f 571//535 590//554 589//553
f 572//536 573//537 591//555
f 572//536 591//555 590//554
f 573//537 574//538 592//556
f 573//537 592//556 591//555
f 574//538 575//539 593//557
f 574//538 593//557 592//556
f 575//539 576//540 594//558
f 575//539 594//558 593//557
f 576//540 577//541 595//559
f 576//540 595//559 594//558
f 577//541 578//542 596//560
f 577//541 596//560 595//559
f 578//542 579//543 597//561
f 578//542 597//561 596//560
f 579//543 580//544 598//562
f 579//543 598//562 597//561
f 580//544 581//545 599//563
f 580//544 599//563 598//562
f 581//545 582//546 600//564
f 581//545 600//564 599//563
f 582//546 583//547 601//565
f 582//546 601//565 600//564
f 583//547 584//548 602//566
f 583//547 602//566 601//565
f 584//548 585//549 603//567
f 584//548 603//567 602//566
f 585//549 586//550 604//568
f 585//549 604//568 603//567
f 586//550 587//551 605//569
f 586//550 605//569 604//568
f 587//551 588//552 606//570
f 587//551 606//570 605//569
f 588//552 571//535 589//553
f 588//552 589//553 606//570
f 589//553 590//554 608//572
f 589//553 608//572 607//571
f 590//554 591//555 609//573
f 590//554 609//573 608//572
f 591//555 592//556 610//574
f 591//555 610//574 609//573
f 592//556 593//557 611//575
f 592//556 611//575 610//574
f 593//557 594//558 612//576
f 593//557 612//576 611//575
f 594//558 595//559 613//577
f 594//558 613//577 612//576
f 595//559 596//560 614//578
f 595//559 614//578 613//577
f 596//560 597//561 615//579
f 596//560 615//579 614//578
f 597//561 598//562 616//580
f 597//561 616//580 615//579
f 598//562 599//563 617//581
f 598//562 617//581 616//580
f 599//563 600//564 618//582
f 599//563 618//582 617//581
f 600//564 601//565 619//583
f 600//564 619//583 618//582
f 601//565 602//566 620//584
f 601//565 620//584 619//583
f 602//566 603//567 621//585
f 602//566 621//585 620//584
f 603//567 604//568 622//586
f 603//567 622//586 621//585
f 604//568 605//569 623//587
f 604//568 623//587 622//586
f 605//569 606//570 624//588
f 605//569 624//588 623//587
f 606//570 589//553 607//571
f 606//570 607//571 624//588
f 607//571 608//572 626//590
f 608//572 609//573 627//591
f 609//573 610//574 628//592
f 610//574 611//575 629//593
f 611//575 612//576 630//594
f 612//576 613//577 631//595
f 613//577 614//578 632//596
f 614//578 615//579 633//597
f 615//579 616//580 634//598
f 616//580 617//581 635//599
f 617//581 618//582 636//600
f 618//582 619//583 637//601
f 619//583 620//584 638//602
f 620//584 621//585 639//603
f 621//585 622//586 640//604
f 622//586 623//587 641//605
f 623//587 624//588 642//606
f 624//588 607//571 625//589
f 643//607 662//626 661//625
f 644//608 663//627 662//626
f 645//609 664//628 663//627
f 646//610 665//629 664//628
f 647//611 666//630 665//629
f 648//612 667//631 666//630
f 649//613 668//632 667//631
f 650//614 669//633 668//632
f 651//615 670//634 669//633
f 652//616 671//635 670//634
f 653//617 672//636 671//635
f 654//618 673//637 672//636
f 655//619 674//638 673//637
f 656//620 675//639 674//638
f 657//621 676//640 675//639
f 658//622 677//641 676//640
f 659//623 678//642 677//641
f 660//624 661//625 678//642
f 661//625 662//626 680//644
f 661//625 680//644 679//643
f 662//626 663//627 681//645
f 662//626 681//645 680//644
f 663//627 664//628 682//646
f 663//627 682//646 681//645
f 664//628 665//629 683//647
f 664//628 683//647 682//646
f 665//629 666//630 684//648
f 665//629 684//648 683//647
f 666//630 667//631 685//649
f 666//630 685//649 684//648
f 667//631 668//632 686//650
f 667//631 686//650 685//649
f 668//632 669//633 687//651
f 668//632 687//651 686//650
f 669//633 670//634 688//652
f 669//633 688//652 687//651
f 670//634 671//635 689//653
f 670//634 689//653 688//652
f 671//635 672//636 690//654
f 671//635 690//654 689//653
f 672//636 673//637 691//655
f 672//636 691//655 690//654
f 673//637 674//638 692//656
f 673//637 692//656 691//655
f 674//638 675//639 693//657
f 674//638 693//657 692//656
f 675//639 676//640 694//658
f 675//639 694//658 693//657
f 676//640 677//641 695//659
f 676//640 695//659 694//658
f 677//641 678//642 696//660
f 677//641 696//660 695//659
f 678//642 661//625 679//643
f 678//642 679//643 696//660
f 679//643 680//644 698//662
f 679//643 698//662 697//661
f 680//644 681//645 699//663
f 680//644 699//663 698//662
f 681//645 682//646 700//664
f 681//645 700//664 699//663
f 682//646 683//647 701//665
f 682//646 701//665 700//664
f 683//647 684//648 702//666
f 683//647 702//666 701//665
f 684//648 685//649 703//667
f 684//648 703//667 702//666
f 685//649 686//650 704//668
f 685//649 704//668 703//667
f 686//650 687//651 705//669
f 686//650 705//669 704//668
f 687//651 688//652 706//670
f 687//651 706//670 705//669
f 688//652 689//653 707//671
f 688//652 707//671 706//670
f 689//653 690//654 708//672
f 689//653 708//672 707//671
f 690//654 691//655 709//673
f 690//654 709//673 708//672
f 691//655 692//656 710//674
f 691//655 710//674 709//673
f 692//656 693//657 711//675
f 692//656 711//675 710//674
f 693//657 694//658 712//676
f 693//657 712//676 711//675
f 694//658 695//659 713//677
f 694//658 713//677 712//676
f 695//659 696//660 714//678
f 695//659 714//678 713//677
f 696//660 679//643 697//661
f 696//660 697//661 714//678
f 697//661 698//662 716//680
f 697//661 716//680 715//679
f 698//662 699//663 717//681
f 698//662 717//681 716//680
f 699//663 700//664 718//682
f 699//663 718//682 717//681
f 700//664 701//665 719//683
f 700//664 719//683 718//682
f 701//665 702//666 720//684
f 701//665 720//684 719//683
f 702//666 703//667 721//685
f 702//666 721//685 720//684
f 703//667 704//668 722//686
f 703//667 722//686 721//685
f 704//668 705//669 723//687
f 704//668 723//687 722//686
f 705//669 706//670 724//688
f 705//669 724//688 723//687
f 706//670 707//671 725//689
f 706//670 725//689 724//688
f 707//671 708//672 726//690
f 707//671 726//690 725//689
f 708//672 709//673 727//691
f 708//672 727//691 726//690
f 709//673 710//674 728//692
f 709//673 728//692 727//691
f 710//674 711//675 729//693
f 710//674 729//693 728//692
f 711//675 712//676 730//694
f 711//675 730//694 729//693
f 712//676 713//677 731//695
f 712//676 731//695 730//694
f 713//677 714//678 732//696
f 713//677 732//696 731//695
f 714//678 697//661 715//679
f 714//678 715//679 732//696
f 715//679 716//680 734//698
f 715//679 734//698 733//697
f 716//680 717//681 735//699
f 716//680 735//699 734//698
f 717//681 718//682 736//700
f 717//681 736//700 735//699
f 718//682 719//683 737//701
f 718//682 737//701 736//700
f 719//683 720//684 738//702
f 719//683 738//702 737//701
f 720//684 721//685 739//703
f 720//684 739//703 738//702
f 721//685 722//686 740//704
f 721//685 740//704 739//703
f 722//686 723//687 741//705
f 722//686 741//705 740//704
f 723//687 724//688 742//706
f 723//687 742//706 741//705
f 724//688 725//689 743//707
f 724//688 743//707 742//706
f 725//689 726//690 744//708
f 725//689 744//708 743//707
f 726//690 727//691 745//709
f 726//690 745//709 744//708
f 727//691 728//692 746//710
f 727//691 746//710 745//709
f 728//692 729//693 747//711
f 728//692 747//711 746//710
f 729//693 730//694 748//712
f 729//693 748//712 747//711
f 730//694 731//695 749//713
f 730//694 749//713 748//712
f 731//695 732//696 750//714
f 731//695 750//714 749//713
f 732//696 715//679 733//697
f 732//696 733//697 750//714
f 733//697 734//698 752//716
f 733//697 752//716 751//715
f 734//698 735//699 753//717
f 734//698 753//717 752//716
f 735//699 736//700 754//718
f 735//699 754//718 753//717
f 736//700 737//701 755//719
f 736//700 755//719 754//718
f 737//701 738//702 756//720
f 737//701 756//720 755//719
f 738//702 739//703 757//721
f 738//702 757//721 756//720
f 739//703 740//704 758//722
f 739//703 758//722 757//721
f 740//704 741//705 759//723
f 740//704 759//723 758//722
f 741//705 742//706 760//724
f 741//705 760//724 759//723
f 742//706 743//707 761//725
f 742//706 761//725 760//724
f 743//707 744//708 762//726
f 743//707 762//726 761//725
f 744//708 745//709 763//727
f 744//708 763//727 762//726
f 745//709 746//710 764//728
f 745//709 764//728 763//727
f 746//710 747//711 765//729
f 746//710 765//729 764//728
f 747//711 748//712 766//730
f 747//711 766//730 765//729
f 748//712 749//713 767//731
f 748//712 767//731 766//730
f 749//713 750//714 768//732
f 749//713 768//732 767//731
f 750//714 733//697 751//715
f 750//714 751//715 768//732
f 751//715 752//716 770//734
f 751//715 770//734 769//733
f 752//716 753//717 771//735
f 752//716 771//735 770//734
f 753//717 754//718 772//736
f 753//717 772//736 771//735
f 754//718 755//719 773//737
f 754//718 773//737 772//736
f 755//719 756//720 774//738
f 755//719 774//738 773//737
f 756//720 757//721 775//739
f 756//720 775//739 774//738
f 757//721 758//722 776//740
f 757//721 776//740 775//739
f 758//722 759//723 777//741
f 758//722 777//741 776//740
f 759//723 760//724 778//742
f 759//723 778//742 777//741
f 760//724 761//725 779//743
f 760//724 779//743 778//742
f 761//725 762//726 780//744
f 761//725 780//744 779//743
f 762//726 763//727 781//745
f 762//726 781//745 780//744
f 763//727 764//728 782//746
f 763//727 782//746 781//745
f 764//728 765//729 783//747
f 764//728 783//747 782//746
f 765//729 766//730 784//748
f 765//729 784//748 783//747
f 766//730 767//731 785//749
f 766//730 785//749 784//748
f 767//731 768//732 786//750
f 767//731 786//750 785//749
f 768//732 751//715 769//733
f 768//732 769//733 786//750
f 769//733 770//734 788//752
f 769//733 788//752 787//751
f 770//734 771//735 789//753
f 770//734 789//753 788//752
f 771//735 772//736 790//754
f 771//735 790//754 789//753
f 772//736 773//737 791//755
f 772//736 791//755 790//754
f 773//737 774//738 792//756
f 773//737 792//756 791//755
f 774//738 775//739 793//757
f 774//738 793//757 792//756
f 775//739 776//740 794//758
f 775//739 794//758 793//757
f 776//740 777//741 795//759
f 776//740 795//759 794//758
f 777//741 778//742 796//760
f 777//741 796//760 795//759
f 778//742 779//743 797//761
f 778//742 797//761 796//760
f 779//743 780//744 798//762
f 779//743 798//762 797//761
f 780//744 781//745 799//763
f 780//744 799//763 798//762
f 781//745 782//746 800//764
f 781//745 800//764 799//763
f 782//746 783//747 801//765
f 782//746 801//765 800//764
f 783//747 784//748 802//766
f 783//747 802//766 801//765
f 784//748 785//749 803//767
f 784//748 803//767 802//766
f 785//749 786//750 804//768
f 785//749 804//768 803//767
f 786//750 769//733 787//751
f 786//750 787//751 804//768
f 787//751 788//752 806//770
f 787//751 806//770 805//769
f 788//752 789//753 807//771
f 788//752 807//771 806//770
f 789//753 790//754 808//772
f 789//753 808//772 807//771
f 790//754 791//755 809//773
f 790//754 809//773 808//772
f 791//755 792//756 810//774
f 791//755 810//774 809//773
f 792//756 793//757 811//775
f 792//756 811//775 810//774
f 793//757 794//758 812//776
f 793//757 812//776 811//775
f 794//758 795//759 813//777
f 794//758 813//777 812//776
f 795//759 796//760 814//778
f 795//759 814//778 813//777
f 796//760 797//761 815//779
f 796//760 815//779 814//778
f 797//761 798//762 816//780
f 797//761 816//780 815//779
f 798//762 799//763 817//781
f 798//762 817//781 816//780
f 799//763 800//764 818//782
f 799//763 818//782 817//781
f 800//764 801//765 819//783
f 800//764 819//783 818//782
f 801//765 802//766 820//784
f 801//765 820//784 819//783
f 802//766 803//767 821//785
f 802//766 821//785 820//784
f 803//767 804//768 822//786
f 803//767 822//786 821//785
f 804//768 787//751 805//769
f 804//768 805//769 822//786
f 805//769 806//770 824//788
f 806//770 807//771 825//789
f 807//771 808//772 826//790
f 808//772 809//773 827//791
f 809//773 810//774 828//792
f 810//774 811//775 829//793
f 811//775 812//776 830//794
f 812//776 813//777 831//795
f 813//777 814//778 832//796
f 814//778 815//779 833//797
f 815//779 816//780 834//798
f 816//780 817//781 835//799
f 817//781 818//782 836//800
f 818//782 819//783 837//801
f 819//783 820//784 838//802
f 820//784 821//785 839//803
f 821//785 822//786 840//804
f 822//786 805//769 823//787
f 841//805 842//805 843//805
f 841//805 843//805 844//805
f 845//806 846//806 847//806
f 845//806 847//806 848//806
f 849//807 850//807 851//807
f 849//807 851//807 852//807
f 853//808 854//808 855//808
f 853//808 855//808 856//808
f 857//809 858//809 859//809
f 857//809 859//809 860//809
f 861//810 862//810 863//810
f 861//810 863//810 864//810
f 865//811 878//824 877//823
f 866//812 879//825 878//824
f 867//813 880//826 879//825
f 868//814 881//827 880//826
f 869//815 882//828 881//827
f 870//816 883//829 882//828
f 871//817 884//830 883//829
f 872//818 885//831 884//830
f 873//819 886//832 885//831
f 874//820 887//833 886//832
f 875//821 888//834 887//833
f 876//822 877//823 888//834
f 877//823 878//824 890//836
f 877//823 890//836 889//835
f 878//824 879//825 891//837
f 878//824 891//837 890//836
f 879//825 880//826 892//838
f 879//825 892//838 891//837
f 880//826 881//827 893//839
f 880//826 893//839 892//838
f 881//827 882//828 894//840
f 881//827 894//840 893//839
f 882//828 883//829 895//841
f 882//828 895//841 894//840
f 883//829 884//830 896//842
f 883//829 896//842 895//841
f 884//830 885//831 897//843
f 884//830 897//843 896//842
f 885//831 886//832 898//844
f 885//831 898//844 897//843
f 886//832 887//833 899//845
f 886//832 899//845 898//844
f 887//833 888//834 900//846
f 887//833 900//846 899//845
f 888//834 877//823 889//835
f 888//834 889//835 900//846
f 889//835 890//836 902//848
f 889//835 902//848 901//847
f 890//836 891//837 903//849
f 890//836 903//849 902//848
f 891//837 892//838 904//850
f 891//837 904//850 903//849
f 892//838 893//839 905//851
f 892//838 905//851 904//850
f 893//839 894//840 906//852
f 893//839 906//852 905//851
f 894//840 895//841 907//853
f 894//840 907//853 906//852
f 895//841 896//842 908//854
f 895//841 908//854 907//853
f 896//842 897//843 909//855
f 896//842 909//855 908//854
f 897//843 898//844 910//856
f 897//843 910//856 909//855
f 898//844 899//845 911//857
f 898//844 911//857 910//856
f 899//845 900//846 912//858
f 899//845 912//858 911//857
f 900//846 889//835 901//847
f 900//846 901//847 912//858
f 901//847 902//848 914//860
f 901//847 914//860 913//859
f 902//848 903//849 915//861
f 902//848 915//861 914//860
f 903//849 904//850 916//862
f 903//849 916//862 915//861
f 904//850 905//851 917//863
f 904//850 917//863 916//862
f 905//851 906//852 918//864
f 905//851 918//864 917//863
f 906//852 907//853 919//865
f 906//852 919//865 918//864
f 907//853 908//854 920//866
f 907//853 920//866 919//865
f 908//854 909//855 921//867
f 908//854 921//867 920//866
f 909//855 910//856 922//868
f 909//855 922//868 921//867
f 910//856 911//857 923//869
f 910//856 923//869 922//868
f 911//857 912//858 924//870
f 911//857 924//870 923//869
f 912//858 901//847 913//859
f 912//858 913//859 924//870
f 913//859 914//860 926//872
f 913//859 926//872 925//871
f 914//860 915//861 927//873
f 914//860 927//873 926//872
f 915//861 916//862 928//874
f 915//861 928//874 927//873
f 916//862 917//863 929//875
f 916//862 929//875 928//874
f 917//863 918//864 930//876
f 917//863 930//876 929//875
f 918//864 919//865 931//877
f 918//864 931//877 930//876
f 919//865 920//866 932//878
f 919//865 932//878 931//877
f 920//866 921//867 933//879
f 920//866 933//879 932//878
f 921//867 922//868 934//880
f 921//867 934//880 933//879
f 922//868 923//869 935//881
f 922//868 935//881 934//880
f 923//869 924//870 936//882
f 923//869 936//882 935//881
f 924//870 913//859 925//871
f 924//870 925//871 936//882
f 925//871 926//872 938//884
f 925//871 938//884 937//883
f 926//872 927//873 939//885
f 926//872 939//885 938//884
f 927//873 928//874 940//886
f 927//873 940//886 939//885
f 928//874 929//875 941//887
f 928//874 941//887 940//886
f 929//875 930//876 942//888
f 929//875 942//888 941//887
f 930//876 931//877 943//889
f 930//876 943//889 942//888
f 931//877 932//878 944//890
f 931//877 944//890 943//889
f 932//878 933//879 945//891
f 932//878 945//891 944//890
f 933//879 934//880 946//892
f 933//879 946//892 945//891
f 934//880 935//881 947//893
f 934//880 947//893 946//892
f 935//881 936//882 948//894
f 935//881 948//894 947//893
f 936//882 925//871 937//883
f 936//882 937//883 948//894
f 937//883 938//884 950//896
f 937//883 950//896 949//895
f 938//884 939//885 951//897
f 938//884 951//897 950//896
f 939//885 940//886 952//898
f 939//885 952//898 951//897
f 940//886 941//887 953//899
f 940//886 953//899 952//898
f 941//887 942//888 954//900
f 941//887 954//900 953//899
f 942//888 943//889 955//901
f 942//888 955//901 954//900
f 943//889 944//890 956//902
f 943//889 956//902 955//901
f 944//890 945//891 957//903
f 944//890 957//903 956//902
f 945//891 946//892 958//904
f 945//891 958//904 957//903
f 946//892 947//893 959//905
f 946//892 959//905 958//904
f 947//893 948//894 960//906
f 947//893 960//906 959//905
f 948//894 937//883 949//895
f 948//894 949//895 960//906
f 949//895 950//896 962//908
f 950//896 951//897 963//909
f 951//897 952//898 964//910
f 952//898 953//899 965//911
f 953//899 954//900 966//912
f 954//900 955//901 967//913
f 955//901 956//902 968//914
f 956//902 957//903 969//915
f 957//903 958//904 970//916
f 958//904 959//905 971//917
f 959//905 960//906 972//918
f 960//906 949//895 961//907
f 973//919 986//932 985//931
f 974//920 987//933 986//932
f 975//921 988//934 987//933
f 976//922 989//935 988//934
f 977//923 990//936 989//935
f 978//924 991//937 990//936
f 979//925 992//938 991//937
f 980//926 993//939 992//938
f 981//927 994//940 993//939
f 982//928 995//941 994//940
f 983//929 996//942 995//941
f 984//930 985//931 996//942
f 985//931 986//932 998//944
f 985//931 998//944 997//943
f 986//932 987//933 999//945
f 986//932 999//945 998//944
f 987//933 988//934 1000//946
f 987//933 1000//946 999//945
f 988//934 989//935 1001//947
f 988//934 1001//947 1000//946
f 989//935 990//936 1002//948
f 989//935 1002//948 1001//947
f 990//936 991//937 1003//949
f 990//936 1003//949 1002//948
f 991//937 992//938 1004//950
f 991//937 1004//950 1003//949
f 992//938 993//939 1005//951
f 992//938 1005//951 1004//950
f 993//939 994//940 1006//952
f 993//939 1006//952 1005//951
f 994//940 995//941 1007//953
f 994//940 1007//953 1006//952
f 995//941 996//942 1008//954
f 995//941 1008//954 1007//953
f 996//942 985//931 997//943
f 996//942 997//943 1008//954
f 997//943 998//944 1010//956
f 997//943 1010//956 1009//955
f 998//944 999//945 1011//957
f 998//944 1011//957 1010//956
f 999//945 1000//946 1012//958
f 999//945 1012//958 1011//957
f 1000//946 1001//947 1013//959
f 1000//946 1013//959 1012//958
f 1001//947 1002//948 1014//960
f 1001//947 1014//960 1013//959
f 1002//948 1003//949 1015//961
f 1002//948 1015//961 1014//960
f 1003//949 1004//950 1016//962
f 1003//949 1016//962 1015//961
f 1004//950 1005//951 1017//963
f 1004//950 1017//963 1016//962
f 1005//951 1006//952 1018//964
f 1005//951 1018//964 1017//963
f 1006//952 1007//953 1019//965
f 1006//952 1019//965 1018//964
f 1007//953 1008//954 1020//966
f 1007//953 1020//966 1019//965
f 1008//954 997//943 1009//955
f 1008//954 1009//955 1020//966
f 1009//955 1010//956 1022//968
f 1009//955 1022//968 1021//967
f 1010//956 1011//957 1023//969
f 1010//956 1023//969 1022//968
f 1011//957 1012//958 1024//970
f 1011//957 1024//970 1023//969
f 1012//958 1013//959 1025//971
f 1012//958 1025//971 1024//970
f 1013//959 1014//960 1026//972
f 1013//959 1026//972 1025//971
f 1014//960 1015//961 1027//973
f 1014//960 1027//973 1026//972
f 1015//961 1016//962 1028//974
f 1015//961 1028//974 1027//973
f 1016//962 1017//963 1029//975
f 1016//962 1029//975 1028//974
f 1017//963 1018//964 1030//976
f 1017//963 1030//976 1029//975
f 1018//964 1019//965 1031//977
f 1018//964 1031//977 1030//976
f 1019//965 1020//966 1032//978
f 1019//965 1032//978 1031//977
f 1020//966 1009//955 1021//967
f 1020//966 1021//967 1032//978
f 1021//967 1022//968 1034//980
f 1021//967 1034//980 1033//979
f 1022//968 1023//969 1035//981
f 1022//968 1035//981 1034//980
f 1023//969 1024//970 1036//982
f 1023//969 1036//982 1035//981
f 1024//970 1025//971 1037//983
f 1024//970 1037//983 1036//982
f 1025//971 1026//972 1038//984
f 1025//971 1038//984 1037//983
f 1026//972 1027//973 1039//985
f 1026//972 1039//985 1038//984
f 1027//973 1028//974 1040//986
f 1027//973 1040//986 1039//985
f 1028//974 1029//975 1041//987
f 1028//974 1041//987 1040//986
f 1029//975 1030//976 1042//988
f 1029//975 1042//988 1041//987
f 1030//976 1031//977 1043//989
f 1030//976 1043//989 1042//988
f 1031//977 1032//978 1044//990
f 1031//977 1044//990 1043//989
f 1032//978 1021//967 1033//979
f 1032//978 1033//979 1044//990
f 1033//979 1034//980 1046//992
f 1033//979 1046//992 1045//991
f 1034//980 1035//981 1047//993
f 1034//980 1047//993 1046//992
f 1035//981 1036//982 1048//994
f 1035//981 1048//994 1047//993
f 1036//982 1037//983 1049//995
f 1036//982 1049//995 1048//994
f 1037//983 1038//984 1050//996
f 1037//983 1050//996 1049//995
f 1038//984 1039//985 1051//997
f 1038//984 1051//997 1050//996
f 1039//985 1040//986 1052//998
f 1039//985 1052//998 1051//997
f 1040//986 1041//987 1053//999
f 1040//986 1053//999 1052//998
f 1041//987 1042//988 1054//1000
f 1041//987 1054//1000 1053//999
f 1042//988 1043//989 1055//1001
f 1042//988 1055//1001 1054//1000
f 1043//989 1044//990 1056//1002
f 1043//989 1056//1002 1055//1001
f 1044//990 1033//979 1045//991
f 1044//990 1045//991 1056//1002
f 1045//991 1046//992 1058//1004
f 1045//991 1058//1004 1057//1003
f 1046//992 1047//993 1059//1005
f 1046//992 1059//1005 1058//1004
f 1047//993 1048//994 1060//1006
f 1047//993 1060//1006 1059//1005
f 1048//994 1049//995 1061//1007
f 1048//994 1061//1007 1060//1006
f 1049//995 1050//996 1062//1008
f 1049//995 1062//1008 1061//1007
f 1050//996 1051//997 1063//1009
f 1050//996 1063//1009 1062//1008
f 1051//997 1052//998 1064//1010
f 1051//997 1064//1010 1063//1009
f 1052//998 1053//999 1065//1011
f 1052//998 1065//1011 1064//1010
f 1053//999 1054//1000 1066//1012
f 1053//999 1066//1012 1065//1011
f 1054//1000 1055//1001 1067//1013
f 1054//1000 1067//1013 1066//1012
f 1055//1001 1056//1002 1068//1014
f 1055//1001 1068//1014 1067//1013
f 1056//1002 1045//991 1057//1003
f 1056//1002 1057//1003 1068//1014
f 1057//1003 1058//1004 1070//1016
f 1058//1004 1059//1005 1071//1017
f 1059//1005 1060//1006 1072//1018
f 1060//1006 1061//1007 1073//1019
f 1061//1007 1062//1008 1074//1020
f 1062//1008 1063//1009 1075//1021
f 1063//1009 1064//1010 1076//1022
f 1064//1010 1065//1011 1077//1023
f 1065//1011 1066//1012 1078//1024
f 1066//1012 1067//1013 1079//1025
f 1067//1013 1068//1014 1080//1026
f 1068//1014 1057//1003 1069//1015
f 1081//1027 1092//1038 1091//1037
f 1082//1028 1093//1039 1092//1038
f 1083//1029 1094//1040 1093//1039
f 1084//1030 1095//1041 1094//1040
f 1085//1031 1096//1042 1095//1041
f 1086//1032 1097//1043 1096//1042
f 1087//1033 1098//1044 1097//1043
f 1088//1034 1099//1045 1098//1044
f 1089//1035 1100//1046 1099//1045
f 1090//1036 1091//1037 1100//1046
f 1091//1037 1092//1038 1102//1048
f 1091//1037 1102//1048 1101//1047
f 1092//1038 1093//1039 1103//1049
f 1092//1038 1103//1049 1102//1048
f 1093//1039 1094//1040 1104//1050
f 1093//1039 1104//1050 1103//1049
f 1094//1040 1095//1041 1105//1051
f 1094//1040 1105//1051 1104//1050
f 1095//1041 1096//1042 1106//1052
f 1095//1041 1106//1052 1105//1051
f 1096//1042 1097//1043 1107//1053
f 1096//1042 1107//1053 1106//1052
f 1097//1043 1098//1044 1108//1054
f 1097//1043 1108//1054 1107//1053
f 1098//1044 1099//1045 1109//1055
f 1098//1044 1109//1055 1108//1054
f 1099//1045 1100//1046 1110//1056
f 1099//1045 1110//1056 1109//1055
f 1100//1046 1091//1037 1101//1047
f 1100//1046 1101//1047 1110//1056
f 1101//1047 1102//1048 1112//1058
f 1101//1047 1112//1058 1111//1057
f 1102//1048 1103//1049 1113//1059
f 1102//1048 1113//1059 1112//1058
f 1103//1049 1104//1050 1114//1060
f 1103//1049 1114//1060 1113//1059
f 1104//1050 1105//1051 1115//1061
f 1104//1050 1115//1061 1114//1060
f 1105//1051 1106//1052 1116//1062
f 1105//1051 1116//1062 1115//1061
f 1106//1052 1107//1053 1117//1063
f 1106//1052 1117//1063 1116//1062
f 1107//1053 1108//1054 1118//1064
f 1107//1053 1118//1064 1117//1063
f 1108//1054 1109//1055 1119//1065
f 1108//1054 1119//1065 1118//1064
f 1109//1055 1110//1056 1120//1066
f 1109//1055 1120//1066 1119//1065
f 1110//1056 1101//1047 1111//1057
f 1110//1056 1111//1057 1120//1066
f 1111//1057 1112//1058 1122//1068
f 1111//1057 1122//1068 1121//1067
f 1112//1058 1113//1059 1123//1069
f 1112//1058 1123//1069 1122//1068
f 1113//1059 1114//1060 1124//1070
f 1113//1059 1124//1070 1123//1069
f 1114//1060 1115//1061 1125//1071
f 1114//1060 1125//1071 1124//1070
f 1115//1061 1116//1062 1126//1072
f 1115//1061 1126//1072 1125//1071
f 1116//1062 1117//1063 1127//1073
f 1116//1062 1127//1073 1126//1072
f 1117//1063 1118//1064 1128//1074
f 1117//1063 1128//1074 1127//1073
f 1118//1064 1119//1065 1129//1075
f 1118//1064 1129//1075 1128//1074
f 1119//1065 1120//1066 1130//1076
f 1119//1065 1130//1076 1129//1075
f 1120//1066 1111//1057 1121//1067
f 1120//1066 1121//1067 1130//1076
f 1121//1067 1122//1068 1132//1078
f 1121//1067 1132//1078 1131//1077
f 1122//1068 1123//1069 1133//1079
f 1122//1068 1133//1079 1132//1078
f 1123//1069 1124//1070 1134//1080
f 1123//1069 1134//1080 1133//1079
f 1124//1070 1125//1071 1135//1081
f 1124//1070 1135//1081 1134//1080
f 1125//1071 1126//1072 1136//1082
f 1125//1071 1136//1082 1135//1081
f 1126//1072 1127//1073 1137//1083
f 1126//1072 1137//1083 1136//1082
f 1127//1073 1128//1074 1138//1084
f 1127//1073 1138//1084 1137//1083
f 1128//1074 1129//1075 1139//1085
f 1128//1074 1139//1085 1138//1084
f 1129//1075 1130//1076 1140//1086
f 1129//1075 1140//1086 1139//1085
f 1130//1076 1121//1067 1131//1077
f 1130//1076 1131//1077 1140//1086
f 1131//1077 1132//1078 1142//1088
f 1132//1078 1133//1079 1143//1089
f 1133//1079 1134//1080 1144//1090
f 1134//1080 1135//1081 1145//1091
f 1135//1081 1136//1082 1146//1092
f 1136//1082 1137//1083 1147//1093
f 1137//1083 1138//1084 1148//1094
f 1138//1084 1139//1085 1149//1095
f 1139//1085 1140//1086 1150//1096
f 1140//1086 1131//1077 1141//1087
f 1151//1097 1152//1097 1153//1097
f 1151//1097 1153//1097 1154//1097
f 1155//1098 1156//1098 1157//1098
f 1155//1098 1157//1098 1158//1098
f 1159//1099 1160//1099 1161//1099
f 1159//1099 1161//1099 1162//1099
f 1163//1100 1164//1100 1165//1100
f 1163//1100 1165//1100 1166//1100
f 1167//1101 1168//1101 1169//1101
f 1167//1101 1169//1101 1170//1101
f 1171//1102 1172//1102 1173//1102
f 1171//1102 1173//1102 1174//1102
f 1175//1103 1188//1116 1187//1115
f 1176//1104 1189//1117 1188//1116
f 1177//1105 1190//1118 1189//1117
f 1178//1106 1191//1119 1190//1118
f 1179//1107 1192//1120 1191//1119
f 1180//1108 1193//1121 1192//1120
f 1181//1109 1194//1122 1193//1121
f 1182//1110 1195//1123 1194//1122
f 1183//1111 1196//1124 1195//1123
f 1184//1112 1197//1125 1196//1124
f 1185//1113 1198//1126 1197//1125
f 1186//1114 1187//1115 1198//1126
f 1187//1115 1188//1116 1200//1128
f 1187//1115 1200//1128 1199//1127
f 1188//1116 1189//1117 1201//1129
f 1188//1116 1201//1129 1200//1128
f 1189//1117 1190//1118 1202//1130
f 1189//1117 1202//1130 1201//1129
f 1190//1118 1191//1119 1203//1131
f 1190//1118 1203//1131 1202//1130
f 1191//1119 1192//1120 1204//1132
f 1191//1119 1204//1132 1203//1131
f 1192//1120 1193//1121 1205//1133
f 1192//1120 1205//1133 1204//1132
f 1193//1121 1194//1122 1206//1134
f 1193//1121 1206//1134 1205//1133
f 1194//1122 1195//1123 1207//1135
f 1194//1122 1207//1135 1206//1134
f 1195//1123 1196//1124 1208//1136
f 1195//1123 1208//1136 1207//1135
f 1196//1124 1197//1125 1209//1137
f 1196//1124 1209//1137 1208//1136
f 1197//1125 1198//1126 1210//1138
f 1197//1125 1210//1138 1209//1137
f 1198//1126 1187//1115 1199//1127
f 1198//1126 1199//1127 1210//1138
f 1199//1127 1200//1128 1212//1140
f 1199//1127 1212//1140 1211//1139
f 1200//1128 1201//1129 1213//1141
f 1200//1128 1213//1141 1212//1140
f 1201//1129 1202//1130 1214//1142
f 1201//1129 1214//1142 1213//1141
f 1202//1130 1203//1131 1215//1143
f 1202//1130 1215//1143 1214//1142
f 1203//1131 1204//1132 1216//1144
f 1203//1131 1216//1144 1215//1143
f 1204//1132 1205//1133 1217//1145
f 1204//1132 1217//1145 1216//1144
f 1205//1133 1206//1134 1218//1146
f 1205//1133 1218//1146 1217//1145
f 1206//1134 1207//1135 1219//1147
f 1206//1134 1219//1147 1218//1146
f 1207//1135 1208//1136 1220//1148
f 1207//1135 1220//1148 1219//1147
f 1208//1136 1209//1137 1221//1149
f 1208//1136 1221//1149 1220//1148
f 1209//1137 1210//1138 1222//1150
f 1209//1137 1222//1150 1221//1149
f 1210//1138 1199//1127 1211//1139
f 1210//1138 1211//1139 1222//1150
f 1211//1139 1212//1140 1224//1152
f 1211//1139 1224//1152 1223//1151
f 1212//1140 1213//1141 1225//1153
f 1212//1140 1225//1153 1224//1152
f 1213//1141 1214//1142 1226//1154
f 1213//1141 1226//1154 1225//1153
f 1214//1142 1215//1143 1227//1155
f 1214//1142 1227//1155 1226//1154
f 1215//1143 1216//1144 1228//1156
f 1215//1143 1228//1156 1227//1155
f 1216//1144 1217//1145 1229//1157
f 1216//1144 1229//1157 1228//1156
f 1217//1145 1218//1146 1230//1158
f 1217//1145 1230//1158 1229//1157
f 1218//1146 1219//1147 1231//1159
f 1218//1146 1231//1159 1230//1158
f 1219//1147 1220//1148 1232//1160
f 1219//1147 1232//1160 1231//1159
f 1220//1148 1221//1149 1233//1161
f 1220//1148 1233//1161 1232//1160
f 1221//1149 1222//1150 1234//1162
f 1221//1149 1234//1162 1233//1161
f 1222//1150 1211//1139 1223//1151
f 1222//1150 1223//1151 1234//1162
f 1223//1151 1224//1152 1236//1164
f 1223//1151 1236//1164 1235//1163
f 1224//1152 1225//1153 1237//1165
f 1224//1152 1237//1165 1236//1164
f 1225//1153 1226//1154 1238//1166
f 1225//1153 1238//1166 1237//1165
f 1226//1154 1227//1155 1239//1167
f 1226//1154 1239//1167 1238//1166
f 1227//1155 1228//1156 1240//1168
f 1227//1155 1240//1168 1239//1167
f 1228//1156 1229//1157 1241//1169
f 1228//1156 1241//1169 1240//1168
f 1229//1157 1230//1158 1242//1170
f 1229//1157 1242//1170 1241//1169
f 1230//1158 1231//1159 1243//1171
f 1230//1158 1243//1171 1242//1170
f 1231//1159 1232//1160 1244//1172
f 1231//1159 1244//1172 1243//1171
f 1232//1160 1233//1161 1245//1173
f 1232//1160 1245//1173 1244//1172
f 1233//1161 1234//1162 1246//1174
f 1233//1161 1246//1174 1245//1173
f 1234//1162 1223//1151 1235//1163
f 1234//1162 1235//1163 1246//1174
f 1235//1163 1236//1164 1248//1176
f 1235//1163 1248//1176 1247//1175
f 1236//1164 1237//1165 1249//1177
f 1236//1164 1249//1177 1248//1176
f 1237//1165 1238//1166 1250//1178
f 1237//1165 1250//1178 1249//1177
f 1238//1166 1239//1167 1251//1179
f 1238//1166 1251//1179 1250//1178
f 1239//1167 1240//1168 1252//1180
f 1239//1167 1252//1180 1251//1179
f 1240//1168 1241//1169 1253//1181
f 1240//1168 1253//1181 1252//1180
f 1241//1169 1242//1170 1254//1182
f 1241//1169 1254//1182 1253//1181
f 1242//1170 1243//1171 1255//1183
f 1242//1170 1255//1183 1254//1182
f 1243//1171 1244//1172 1256//1184
f 1243//1171 1256//1184 1255//1183
f 1244//1172 1245//1173 1257//1185
f 1244//1172 1257//1185 1256//1184
f 1245//1173 1246//1174 1258//1186
f 1245//1173 1258//1186 1257//1185
f 1246//1174 1235//1163 1247//1175
f 1246//1174 1247//1175 1258//1186
f 1247//1175 1248//1176 1260//1188
f 1247//1175 1260//1188 1259//1187
f 1248//1176 1249//1177 1261//1189
f 1248//1176 1261//1189 1260//1188
f 1249//1177 1250//1178 1262//1190
f 1249//1177 1262//1190 1261//1189
f 1250//1178 1251//1179 1263//1191
f 1250//1178 1263//1191 1262//1190
f 1251//1179 1252//1180 1264//1192
f 1251//1179 1264//1192 1263//1191
f 1252//1180 1253//1181 1265//1193
f 1252//1180 1265//1193 1264//1192
f 1253//1181 1254//1182 1266//1194
f 1253//1181 1266//1194 1265//1193
f 1254//1182 1255//1183 1267//1195
f 1254//1182 1267//1195 1266//1194
f 1255//1183 1256//1184 1268//1196
f 1255//1183 1268//1196 1267//1195
f 1256//1184 1257//1185 1269//1197
f 1256//1184 1269//1197 1268//1196
f 1257//1185 1258//1186 1270//1198
f 1257//1185 1270//1198 1269//1197
f 1258//1186 1247//1175 1259//1187
f 1258//1186 1259//1187 1270//1198
f 1259//1187 1260//1188 1272//1200
f 1260//1188 1261//1189 1273//1201
f 1261//1189 1262//1190 1274//1202
f 1262//1190 1263//1191 1275//1203
f 1263//1191 1264//1192 1276//1204
f 1264//1192 1265//1193 1277//1205
f 1265//1193 1266//1194 1278//1206
f 1266//1194 1267//1195 1279//1207
f 1267//1195 1268//1196 1280//1208
f 1268//1196 1269//1197 1281//1209
f 1269//1197 1270//1198 1282//1210
f 1270//1198 1259//1187 1271//1199
f 1283//1211 1296//1224 1295//1223
f 1284//1212 1297//1225 1296//1224
f 1285//1213 1298//1226 1297//1225
f 1286//1214 1299//1227 1298//1226
f 1287//1215 1300//1228 1299//1227
f 1288//1216 1301//1229 1300//1228
f 1289//1217 1302//1230 1301//1229
f 1290//1218 1303//1231 1302//1230
f 1291//1219 1304//1232 1303//1231
f 1292//1220 1305//1233 1304//1232
f 1293//1221 1306//1234 1305//1233
f 1294//1222 1295//1223 1306//1234
f 1295//1223 1296//1224 1308//1236
f 1295//1223 1308//1236 1307//1235
f 1296//1224 1297//1225 1309//1237
f 1296//1224 1309//1237 1308//1236
f 1297//1225 1298//1226 1310//1238
f 1297//1225 1310//1238 1309//1237
f 1298//1226 1299//1227 1311//1239
f 1298//1226 1311//1239 1310//1238
f 1299//1227 1300//1228 1312//1240
f 1299//1227 1312//1240 1311//1239
f 1300//1228 1301//1229 1313//1241
f 1300//1228 1313//1241 1312//1240
f 1301//1229 1302//1230 1314//1242
f 1301//1229 1314//1242 1313//1241
f 1302//1230 1303//1231 1315//1243
f 1302//1230 1315//1243 1314//1242
f 1303//1231 1304//1232 1316//1244
f 1303//1231 1316//1244 1315//1243
f 1304//1232 1305//1233 1317//1245
f 1304//1232 1317//1245 1316//1244
f 1305//1233 1306//1234 1318//1246
f 1305//1233 1318//1246 1317//1245
f 1306//1234 1295//1223 1307//1235
f 1306//1234 1307//1235 1318//1246
f 1307//1235 1308//1236 1320//1248
f 1307//1235 1320//1248 1319//1247
f 1308//1236 1309//1237 1321//1249
f 1308//1236 1321//1249 1320//1248
f 1309//1237 1310//1238 1322//1250
f 1309//1237 1322//1250 1321//1249
f 1310//1238 1311//1239 1323//1251
f 1310//1238 1323//1251 1322//1250
f 1311//1239 1312//1240 1324//1252
f 1311//1239 1324//1252 1323//1251
f 1312//1240 1313//1241 1325//1253
f 1312//1240 1325//1253 1324//1252
f 1313//1241 1314//1242 1326//1254
f 1313//1241 1326//1254 1325//1253
f 1314//1242 1315//1243 1327//1255
f 1314//1242 1327//1255 1326//1254
f 1315//1243 1316//1244 1328//1256
f 1315//1243 1328//1256 1327//1255
f 1316//1244 1317//1245 1329//1257
f 1316//1244 1329//1257 1328//1256
f 1317//1245 1318//1246 1330//1258
f 1317//1245 1330//1258 1329//1257
f 1318//1246 1307//1235 1319//1247
f 1318//1246 1319//1247 1330//1258
f 1319//1247 1320//1248 1332//1260
f 1319//1247 1332//1260 1331//1259
f 1320//1248 1321//1249 1333//1261
f 1320//1248 1333//1261 1332//1260
f 1321//1249 1322//1250 1334//1262
f 1321//1249 1334//1262 1333//1261
f 1322//1250 1323//1251 1335//1263
f 1322//1250 1335//1263 1334//1262
f 1323//1251 1324//1252 1336//1264
f 1323//1251 1336//1264 1335//1263
f 1324//1252 1325//1253 1337//1265
f 1324//1252 1337//1265 1336//1264
f 1325//1253 1326//1254 1338//1266
f 1325//1253 1338//1266 1337//1265
f 1326//1254 1327//1255 1339//1267
f 1326//1254 1339//1267 1338//1266
f 1327//1255 1328//1256 1340//1268
f 1327//1255 1340//1268 1339//1267
f 1328//1256 1329//1257 1341//1269
f 1328//1256 1341//1269 1340//1268
f 1329//1257 1330//1258 1342//1270
f 1329//1257 1342//1270 1341//1269
f 1330//1258 1319//1247 1331//1259
f 1330//1258 1331//1259 1342//1270
f 1331//1259 1332//1260 1344//1272
f 1331//1259 1344//1272 1343//1271
f 1332//1260 1333//1261 1345//1273
f 1332//1260 1345//1273 1344//1272
f 1333//1261 1334//1262 1346//1274
f 1333//1261 1346//1274 1345//1273
f 1334//1262 1335//1263 1347//1275
f 1334//1262 1347//1275 1346//1274
f 1335//1263 1336//1264 1348//1276
f 1335//1263 1348//1276 1347//1275
f 1336//1264 1337//1265 1349//1277
f 1336//1264 1349//1277 1348//1276
f 1337//1265 1338//1266 1350//1278
f 1337//1265 1350//1278 1349//1277
f 1338//1266 1339//1267 1351//1279
f 1338//1266 1351//1279 1350//1278
f 1339//1267 1340//1268 1352//1280
f 1339//1267 1352//1280 1351//1279
f 1340//1268 1341//1269 1353//1281
f 1340//1268 1353//1281 1352//1280
f 1341//1269 1342//1270 1354//1282
f 1341//1269 1354//1282 1353//1281
f 1342//1270 1331//1259 1343//1271
f 1342//1270 1343//1271 1354//1282
f 1343//1271 1344//1272 1356//1284
f 1343//1271 1356//1284 1355//1283
f 1344//1272 1345//1273 1357//1285
f 1344//1272 1357//1285 1356//1284
f 1345//1273 1346//1274 1358//1286
f 1345//1273 1358//1286 1357//1285
f 1346//1274 1347//1275 1359//1287
f 1346//1274 1359//1287 1358//1286
f 1347//1275 1348//1276 1360//1288
f 1347//1275 1360//1288 1359//1287
f 1348//1276 1349//1277 1361//1289
f 1348//1276 1361//1289 1360//1288
f 1349//1277 1350//1278 1362//1290
f 1349//1277 1362//1290 1361//1289
f 1350//1278 1351//1279 1363//1291
f 1350//1278 1363//1291 1362//1290
f 1351//1279 1352//1280 1364//1292
f 1351//1279 1364//1292 1363//1291
f 1352//1280 1353//1281 1365//1293
f 1352//1280 1365//1293 1364//1292
f 1353//1281 1354//1282 1366//1294
f 1353//1281 1366//1294 1365//1293
f 1354//1282 1343//1271 1355//1283
f 1354//1282 1355//1283 1366//1294
f 1355//1283 1356//1284 1368//1296
f 1355//1283 1368//1296 1367//1295
f 1356//1284 1357//1285 1369//1297
f 1356//1284 1369//1297 1368//1296
f 1357//1285 1358//1286 1370//1298
f 1357//1285 1370//1298 1369//1297
f 1358//1286 1359//1287 1371//1299
f 1358//1286 1371//1299 1370//1298
f 1359//1287 1360//1288 1372//1300
f 1359//1287 1372//1300 1371//1299
f 1360//1288 1361//1289 1373//1301
f 1360//1288 1373//1301 1372//1300
f 1361//1289 1362//1290 1374//1302
f 1361//1289 1374//1302 1373//1301
f 1362//1290 1363//1291 1375//1303
f 1362//1290 1375//1303 1374//1302
f 1363//1291 1364//1292 1376//1304
f 1363//1291 1376//1304 1375//1303
f 1364//1292 1365//1293 1377//1305
f 1364//1292 1377//1305 1376//1304
f 1365//1293 1366//1294 1378//1306
f 1365//1293 1378//1306 1377//1305
f 1366//1294 1355//1283 1367//1295
f 1366//1294 1367//1295 1378//1306
f 1367//1295 1368//1296 1380//1308
f 1368//1296 1369//1297 1381//1309
f 1369//1297 1370//1298 1382//1310
f 1370//1298 1371//1299 1383//1311
f 1371//1299 1372//1300 1384//1312
f 1372//1300 1373//1301 1385//1313
f 1373//1301 1374//1302 1386//1314
f 1374//1302 1375//1303 1387//1315
f 1375//1303 1376//1304 1388//1316
f 1376//1304 1377//1305 1389//1317
f 1377//1305 1378//1306 1390//1318
f 1378//1306 1367//1295 1379//1307
f 1391//1319 1402//1330 1401//1329
f 1392//1320 1403//1331 1402//1330
f 1393//1321 1404//1332 1403//1331
f 1394//1322 1405//1333 1404//1332
f 1395//1323 1406//1334 1405//1333
f 1396//1324 1407//1335 1406//1334
f 1397//1325 1408//1336 1407//1335
f 1398//1326 1409//1337 1408//1336
f 1399//1327 1410//1338 1409//1337
f 1400//1328 1401//1329 1410//1338
f 1401//1329 1402//1330 1412//1340
f 1401//1329 1412//1340 1411//1339
f 1402//1330 1403//1331 1413//1341
f 1402//1330 1413//1341 1412//1340
f 1403//1331 1404//1332 1414//1342
f 1403//1331 1414//1342 1413//1341
f 1404//1332 1405//1333 1415//1343
f 1404//1332 1415//1343 1414//1342
f 1405//1333 1406//1334 1416//1344
f 1405//1333 1416//1344 1415//1343
f 1406//1334 1407//1335 1417//1345
f 1406//1334 1417//1345 1416//1344
f 1407//1335 1408//1336 1418//1346
f 1407//1335 1418//1346 1417//1345
f 1408//1336 1409//1337 1419//1347
f 1408//1336 1419//1347 1418//1346
f 1409//1337 1410//1338 1420//1348
f 1409//1337 1420//1348 1419//1347
f 1410//1338 1401//1329 1411//1339
f 1410//1338 1411//1339 1420//1348
f 1411//1339 1412//1340 1422//1350
f 1411//1339 1422//1350 1421//1349
f 1412//1340 1413//1341 1423//1351
f 1412//1340 1423//1351 1422//1350
f 1413//1341 1414//1342 1424//1352
f 1413//1341 1424//1352 1423//1351
f 1414//1342 1415//1343 1425//1353
f 1414//1342 1425//1353 1424//1352
f 1415//1343 1416//1344 1426//1354
f 1415//1343 1426//1354 1425//1353
f 1416//1344 1417//1345 1427//1355
f 1416//1344 1427//1355 1426//1354
f 1417//1345 1418//1346 1428//1356
f 1417//1345 1428//1356 1427//1355
f 1418//1346 1419//1347 1429//1357
f 1418//1346 1429//1357 1428//1356
f 1419//1347 1420//1348 1430//1358
f 1419//1347 1430//1358 1429//1357
f 1420//1348 1411//1339 1421//1349
f 1420//1348 1421//1349 1430//1358
f 1421//1349 1422//1350 1432//1360
f 1421//1349 1432//1360 1431//1359
f 1422//1350 1423//1351 1433//1361
f 1422//1350 1433//1361 1432//1360
f 1423//1351 1424//1352 1434//1362
f 1423//1351 1434//1362 1433//1361
f 1424//1352 1425//1353 1435//1363
f 1424//1352 1435//1363 1434//1362
f 1425//1353 1426//1354 1436//1364
f 1425//1353 1436//1364 1435//1363
f 1426//1354 1427//1355 1437//1365
f 1426//1354 1437//1365 1436//1364
f 1427//1355 1428//1356 1438//1366
f 1427//1355 1438//1366 1437//1365
f 1428//1356 1429//1357 1439//1367
f 1428//1356 1439//1367 1438//1366
f 1429//1357 1430//1358 1440//1368
f 1429//1357 1440//1368 1439//1367
f 1430//1358 1421//1349 1431//1359
f 1430//1358 1431//1359 1440//1368
f 1431//1359 1432//1360 1442//1370
f 1431//1359 1442//1370 1441//1369
f 1432//1360 1433//1361 1443//1371
f 1432//1360 1443//1371 1442//1370
f 1433//1361 1434//1362 1444//1372
f 1433//1361 1444//1372 1443//1371
f 1434//1362 1435//1363 1445//1373
f 1434//1362 1445//1373 1444//1372
f 1435//1363 1436//1364 1446//1374
f 1435//1363 1446//1374 1445//1373
f 1436//1364 1437//1365 1447//1375
f 1436//1364 1447//1375 1446//1374
f 1437//1365 1438//1366 1448//1376
f 1437//1365 1448//1376 1447//1375
f 1438//1366 1439//1367 1449//1377
f 1438//1366 1449//1377 1448//1376
f 1439//1367 1440//1368 1450//1378
f 1439//1367 1450//1378 1449//1377
f 1440//1368 1431//1359 1441//1369
f 1440//1368 1441//1369 1450//1378
f 1441//1369 1442//1370 1452//1380
f 1442//1370 1443//1371 1453//1381
f 1443//1371 1444//1372 1454//1382
f 1444//1372 1445//1373 1455//1383
f 1445//1373 1446//1374 1456//1384
f 1446//1374 1447//1375 1457//1385
f 1447//1375 1448//1376 1458//1386
f 1448//1376 1449//1377 1459//1387
f 1449//1377 1450//1378 1460//1388
f 1450//1378 1441//1369 1451//1379
f 1461//1389 1462//1389 1463//1389
f 1461//1389 1463//1389 1464//1389
f 1465//1390 1466//1390 1467//1390
f 1465//1390 1467//1390 1468//1390
f 1469//1391 1470//1391 1471//1391
f 1469//1391 1471//1391 1472//1391
f 1473//1392 1474//1392 1475//1392
f 1473//1392 1475//1392 1476//1392
f 1477//1393 1478//1393 1479//1393
f 1477//1393 1479//1393 1480//1393
f 1481//1394 1482//1394 1483//1394
f 1481//1394 1483//1394 1484//1394
f 1485//1395 1498//1408 1497//1407
f 1486//1396 1499//1409 1498//1408
f 1487//1397 1500//1410 1499//1409
f 1488//1398 1501//1411 1500//1410
f 1489//1399 1502//1412 1501//1411
f 1490//1400 1503//1413 1502//1412
f 1491//1401 1504//1414 1503//1413
f 1492//1402 1505//1415 1504//1414
f 1493//1403 1506//1416 1505//1415
f 1494//1404 1507//1417 1506//1416
f 1495//1405 1508//1418 1507//1417
f 1496//1406 1497//1407 1508//1418
f 1497//1407 1498//1408 1510//1420
f 1497//1407 1510//1420 1509//1419
f 1498//1408 1499//1409 1511//1421
f 1498//1408 1511//1421 1510//1420
f 1499//1409 1500//1410 1512//1422
f 1499//1409 1512//1422 1511//1421
f 1500//1410 1501//1411 1513//1423
f 1500//1410 1513//1423 1512//1422
f 1501//1411 1502//1412 1514//1424
f 1501//1411 1514//1424 1513//1423
f 1502//1412 1503//1413 1515//1425
f 1502//1412 1515//1425 1514//1424
f 1503//1413 1504//1414 1516//1426
f 1503//1413 1516//1426 1515//1425
f 1504//1414 1505//1415 1517//1427
f 1504//1414 1517//1427 1516//1426
f 1505//1415 1506//1416 1518//1428
f 1505//1415 1518//1428 1517//1427
f 1506//1416 1507//1417 1519//1429
f 1506//1416 1519//1429 1518//1428
f 1507//1417 1508//1418 1520//1430
f 1507//1417 1520//1430 1519//1429
f 1508//1418 1497//1407 1509//1419
f 1508//1418 1509//1419 1520//1430
f 1509//1419 1510//1420 1522//1432
f 1509//1419 1522//1432 1521//1431
f 1510//1420 1511//1421 1523//1433
f 1510//1420 1523//1433 1522//1432
f 1511//1421 1512//1422 1524//1434
f 1511//1421 1524//1434 1523//1433
f 1512//1422 1513//1423 1525//1435
f 1512//1422 1525//1435 1524//1434
f 1513//1423 1514//1424 1526//1436
f 1513//1423 1526//1436 1525//1435
f 1514//1424 1515//1425 1527//1437
f 1514//1424 1527//1437 1526//1436
f 1515//1425 1516//1426 1528//1438
f 1515//1425 1528//1438 1527//1437
f 1516//1426 1517//1427 1529//1439
f 1516//1426 1529//1439 1528//1438
f 1517//1427 1518//1428 1530//1440
f 1517//1427 1530//1440 1529//1439
f 1518//1428 1519//1429 1531//1441
f 1518//1428 1531//1441 1530//1440
f 1519//1429 1520//1430 1532//1442
f 1519//1429 1532//1442 1531//1441
f 1520//1430 1509//1419 1521//1431
f 1520//1430 1521//1431 1532//1442
f 1521//1431 1522//1432 1534//1444
f 1521//1431 1534//1444 1533//1443
f 1522//1432 1523//1433 1535//1445
f 1522//1432 1535//1445 1534//1444
f 1523//1433 1524//1434 1536//1446
f 1523//1433 1536//1446 1535//1445
f 1524//1434 1525//1435 1537//1447
f 1524//1434 1537//1447 1536//1446
f 1525//1435 1526//1436 1538//1448
f 1525//1435 1538//1448 1537//1447
f 1526//1436 1527//1437 1539//1449
f 1526//1436 1539//1449 1538//1448
f 1527//1437 1528//1438 1540//1450
f 1527//1437 1540//1450 1539//1449
f 1528//1438 1529//1439 1541//1451
f 1528//1438 1541//1451 1540//1450
f 1529//1439 1530//1440 1542//1452
f 1529//1439 1542//1452 1541//1451
f 1530//1440 1531//1441 1543//1453
f 1530//1440 1543//1453 1542//1452
f 1531//1441 1532//1442 1544//1454
f 1531//1441 1544//1454 1543//1453
f 1532//1442 1521//1431 1533//1443
f 1532//1442 1533//1443 1544//1454
f 1533//1443 1534//1444 1546//1456
f 1533//1443 1546//1456 1545//1455
f 1534//1444 1535//1445 1547//1457
f 1534//1444 1547//1457 1546//1456
f 1535//1445 1536//1446 1548//1458
f 1535//1445 1548//1458 1547//1457
f 1536//1446 1537//1447 1549//1459
f 1536//1446 1549//1459 1548//1458
f 1537//1447 1538//1448 1550//1460
f 1537//1447 1550//1460 1549//1459
f 1538//1448 1539//1449 1551//1461
f 1538//1448 1551//1461 1550//1460
f 1539//1449 1540//1450 1552//1462
f 1539//1449 1552//1462 1551//1461
f 1540//1450 1541//1451 1553//1463
f 1540//1450 1553//1463 1552//1462
f 1541//1451 1542//1452 1554//1464
f 1541//1451 1554//1464 1553//1463
f 1542//1452 1543//1453 1555//1465
f 1542//1452 1555//1465 1554//1464
f 1543//1453 1544//1454 1556//1466
f 1543//1453 1556//1466 1555//1465
f 1544//1454 1533//1443 1545//1455
f 1544//1454 1545//1455 1556//1466
f 1545//1455 1546//1456 1558//1468
f 1545//1455 1558//1468 1557//1467
f 1546//1456 1547//1457 1559//1469
f 1546//1456 1559//1469 1558//1468
f 1547//1457 1548//1458 1560//1470
f 1547//1457 1560//1470 1559//1469
f 1548//1458 1549//1459 1561//1471
f 1548//1458 1561//1471 1560//1470
f 1549//1459 1550//1460 1562//1472
f 1549//1459 1562//1472 1561//1471
f 1550//1460 1551//1461 1563//1473
f 1550//1460 1563//1473 1562//1472
f 1551//1461 1552//1462 1564//1474
f 1551//1461 1564//1474 1563//1473
f 1552//1462 1553//1463 1565//1475
f 1552//1462 1565//1475 1564//1474
f 1553//1463 1554//1464 1566//1476
f 1553//1463 1566//1476 1565//1475
f 1554//1464 1555//1465 1567//1477
f 1554//1464 1567//1477 1566//1476
f 1555//1465 1556//1466 1568//1478
f 1555//1465 1568//1478 1567//1477
f 1556//1466 1545//1455 1557//1467
f 1556//1466 1557//1467 1568//1478
f 1557//1467 1558//1468 1570//1480
f 1557//1467 1570//1480 1569//1479
f 1558//1468 1559//1469 1571//1481
f 1558//1468 1571//1481 1570//1480
f 1559//1469 1560//1470 1572//1482
f 1559//1469 1572//1482 1571//1481
f 1560//1470 1561//1471 1573//1483
f 1560//1470 1573//1483 1572//1482
f 1561//1471 1562//1472 1574//1484
f 1561//1471 1574//1484 1573//1483
f 1562//1472 1563//1473 1575//1485
f 1562//1472 1575//1485 1574//1484
f 1563//1473 1564//1474 1576//1486
f 1563//1473 1576//1486 1575//1485
f 1564//1474 1565//1475 1577//1487
f 1564//1474 1577//1487 1576//1486
f 1565//1475 1566//1476 1578//1488
f 1565//1475 1578//1488 1577//1487
f 1566//1476 1567//1477 1579//1489
f 1566//1476 1579//1489 1578//1488
f 1567//1477 1568//1478 1580//1490
f 1567//1477 1580//1490 1579//1489
f 1568//1478 1557//1467 1569//1479
f 1568//1478 1569//1479 1580//1490
f 1569//1479 1570//1480 1582//1492
f 1570//1480 1571//1481 1583//1493
f 1571//1481 1572//1482 1584//1494
f 1572//1482 1573//1483 1585//1495
f 1573//1483 1574//1484 1586//1496
f 1574//1484 1575//1485 1587//1497
f 1575//1485 1576//1486 1588//1498
f 1576//1486 1577//1487 1589//1499
f 1577//1487 1578//1488 1590//1500
f 1578//1488 1579//1489 1591//1501
f 1579//1489 1580//1490 1592//1502
f 1580//1490 1569//1479 1581//1491
f 1593//1503 1606//1516 1605//1515
f 1594//1504 1607//1517 1606//1516
f 1595//1505 1608//1518 1607//1517
f 1596//1506 1609//1519 1608//1518
f 1597//1507 1610//1520 1609//1519
f 1598//1508 1611//1521 1610//1520
f 1599//1509 1612//1522 1611//1521
f 1600//1510 1613//1523 1612//1522
f 1601//1511 1614//1524 1613//1523
f 1602//1512 1615//1525 1614//1524
f 1603//1513 1616//1526 1615//1525
f 1604//1514 1605//1515 1616//1526
f 1605//1515 1606//1516 1618//1528
f 1605//1515 1618//1528 1617//1527
f 1606//1516 1607//1517 1619//1529
f 1606//1516 1619//1529 1618//1528
f 1607//1517 1608//1518 1620//1530
f 1607//1517 1620//1530 1619//1529
f 1608//1518 1609//1519 1621//1531
f 1608//1518 1621//1531 1620//1530
f 1609//1519 1610//1520 1622//1532
f 1609//1519 1622//1532 1621//1531
f 1610//1520 1611//1521 1623//1533
f 1610//1520 1623//1533 1622//1532
f 1611//1521 1612//1522 1624//1534
f 1611//1521 1624//1534 1623//1533
f 1612//1522 1613//1523 1625//1535
f 1612//1522 1625//1535 1624//1534
f 1613//1523 1614//1524 1626//1536
f 1613//1523 1626//1536 1625//1535
f 1614//1524 1615//1525 1627//1537
f 1614//1524 1627//1537 1626//1536
f 1615//1525 1616//1526 1628//1538
f 1615//1525 1628//1538 1627//1537
f 1616//1526 1605//1515 1617//1527
f 1616//1526 1617//1527 1628//1538
f 1617//1527 1618//1528 1630//1540
f 1617//1527 1630//1540 1629//1539
f 1618//1528 1619//1529 1631//1541
f 1618//1528 1631//1541 1630//1540
f 1619//1529 1620//1530 1632//1542
f 1619//1529 1632//1542 1631//1541
f 1620//1530 1621//1531 1633//1543
f 1620//1530 1633//1543 1632//1542
f 1621//1531 1622//1532 1634//1544
f 1621//1531 1634//1544 1633//1543
f 1622//1532 1623//1533 1635//1545
f 1622//1532 1635//1545 1634//1544
f 1623//1533 1624//1534 1636//1546
f 1623//1533 1636//1546 1635//1545
f 1624//1534 1625//1535 1637//1547
f 1624//1534 1637//1547 1636//1546
f 1625//1535 1626//1536 1638//1548
f 1625//1535 1638//1548 1637//1547
f 1626//1536 1627//1537 1639//1549
f 1626//1536 1639//1549 1638//1548
f 1627//1537 1628//1538 1640//1550
f 1627//1537 1640//1550 1639//1549
f 1628//1538 1617//1527 1629//1539
f 1628//1538 1629//1539 1640//1550
f 1629//1539 1630//1540 1642//1552
f 1629//1539 1642//1552 1641//1551
f 1630//1540 1631//1541 1643//1553
f 1630//1540 1643//1553 1642//1552
f 1631//1541 1632//1542 1644//1554
f 1631//1541 1644//1554 1643//1553
f 1632//1542 1633//1543 1645//1555
f 1632//1542 1645//1555 1644//1554
f 1633//1543 1634//1544 1646//1556
f 1633//1543 1646//1556 1645//1555
f 1634//1544 1635//1545 1647//1557
f 1634//1544 1647//1557 1646//1556
f 1635//1545 1636//1546 1648//1558
f 1635//1545 1648//1558 1647//1557
f 1636//1546 1637//1547 1649//1559
f 1636//1546 1649//1559 1648//1558
f 1637//1547 1638//1548 1650//1560
f 1637//1547 1650//1560 1649//1559
f 1638//1548 1639//1549 1651//1561
f 1638//1548 1651//1561 1650//1560
f 1639//1549 1640//1550 1652//1562
f 1639//1549 1652//1562 1651//1561
f 1640//1550 1629//1539 1641//1551
f 1640//1550 1641//1551 1652//1562
f 1641//1551 1642//1552 1654//1564
f 1641//1551 1654//1564 1653//1563
f 1642//1552 1643//1553 1655//1565
f 1642//1552 1655//1565 1654//1564
f 1643//1553 1644//1554 1656//1566
f 1643//1553 1656//1566 1655//1565
f 1644//1554 1645//1555 1657//1567
f 1644//1554 1657//1567 1656//1566
f 1645//1555 1646//1556 1658//1568
f 1645//1555 1658//1568 1657//1567
f 1646//1556 1647//1557 1659//1569
f 1646//1556 1659//1569 1658//1568
f 1647//1557 1648//1558 1660//1570
f 1647//1557 1660//1570 1659//1569
f 1648//1558 1649//1559 1661//1571
f 1648//1558 1661//1571 1660//1570
f 1649//1559 1650//1560 1662//1572
f 1649//1559 1662//1572 1661//1571
f 1650//1560 1651//1561 1663//1573
f 1650//1560 1663//1573 1662//1572
f 1651//1561 1652//1562 1664//1574
f 1651//1561 1664//1574 1663//1573
f 1652//1562 1641//1551 1653//1563
f 1652//1562 1653//1563 1664//1574
f 1653//1563 1654//1564 1666//1576
f 1653//1563 1666//1576 1665//1575
f 1654//1564 1655//1565 1667//1577
f 1654//1564 1667//1577 1666//1576
f 1655//1565 1656//1566 1668//1578
f 1655//1565 1668//1578 1667//1577
f 1656//1566 1657//1567 1669//1579
f 1656//1566 1669//1579 1668//1578
f 1657//1567 1658//1568 1670//1580
f 1657//1567 1670//1580 1669//1579
f 1658//1568 1659//1569 1671//1581
f 1658//1568 1671//1581 1670//1580
f 1659//1569 1660//1570 1672//1582
f 1659//1569 1672//1582 1671//1581
f 1660//1570 1661//1571 1673//1583
f 1660//1570 1673//1583 1672//1582
f 1661//1571 1662//1572 1674//1584
f 1661//1571 1674//1584 1673//1583
f 1662//1572 1663//1573 1675//1585
f 1662//1572 1675//1585 1674//1584
f 1663//1573 1664//1574 1676//1586
f 1663//1573 1676//1586 1675//1585
f 1664//1574 1653//1563 1665//1575
f 1664//1574 1665//1575 1676//1586
f 1665//1575 1666//1576 1678//1588
f 1665//1575 1678//1588 1677//1587
f 1666//1576 1667//1577 1679//1589
f 1666//1576 1679//1589 1678//1588
f 1667//1577 1668//1578 1680//1590
f 1667//1577 1680//1590 1679//1589
f 1668//1578 1669//1579 1681//1591
f 1668//1578 1681//1591 1680//1590
f 1669//1579 1670//1580 1682//1592
f 1669//1579 1682//1592 1681//1591
f 1670//1580 1671//1581 1683//1593
f 1670//1580 1683//1593 1682//1592
f 1671//1581 1672//1582 1684//1594
f 1671//1581 1684//1594 1683//1593
f 1672//1582 1673//1583 1685//1595
f 1672//1582 1685//1595 1684//1594
f 1673//1583 1674//1584 1686//1596
f 1673//1583 1686//1596 1685//1595
f 1674//1584 1675//1585 1687//1597
f 1674//1584 1687//1597 1686//1596
f 1675//1585 1676//1586 1688//1598
f 1675//1585 1688//1598 1687//1597
f 1676//1586 1665//1575 1677//1587
f 1676//1586 1677//1587 1688//1598
f 1677//1587 1678//1588 1690//1600
f 1678//1588 1679//1589 1691//1601
f 1679//1589 1680//1590 1692//1602
f 1680//1590 1681//1591 1693//1603
f 1681//1591 1682//1592 1694//1604
f 1682//1592 1683//1593 1695//1605
f 1683//1593 1684//1594 1696//1606
f 1684//1594 1685//1595 1697//1607
f 1685//1595 1686//1596 1698//1608
f 1686//1596 1687//1597 1699//1609
f 1687//1597 1688//1598 1700//1610
f 1688//1598 1677//1587 1689//1599
f 1701//1611 1712//1622 1711//1621
f 1702//1612 1713//1623 1712//1622
f 1703//1613 1714//1624 1713//1623
f 1704//1614 1715//1625 1714//1624
f 1705//1615 1716//1626 1715//1625
f 1706//1616 1717//1627 1716//1626
f 1707//1617 1718//1628 1717//1627
f 1708//1618 1719//1629 1718//1628
f 1709//1619 1720//1630 1719//1629
f 1710//1620 1711//1621 1720//1630
f 1711//1621 1712//1622 1722//1632
f 1711//1621 1722//1632 1721//1631
f 1712//1622 1713//1623 1723//1633
f 1712//1622 1723//1633 1722//1632
f 1713//1623 1714//1624 1724//1634
f 1713//1623 1724//1634 1723//1633
f 1714//1624 1715//1625 1725//1635
f 1714//1624 1725//1635 1724//1634
f 1715//1625 1716//1626 1726//1636
f 1715//1625 1726//1636 1725//1635
f 1716//1626 1717//1627 1727//1637
f 1716//1626 1727//1637 1726//1636
f 1717//1627 1718//1628 1728//1638
f 1717//1627 1728//1638 1727//1637
f 1718//1628 1719//1629 1729//1639
f 1718//1628 1729//1639 1728//1638
f 1719//1629 1720//1630 1730//1640
f 1719//1629 1730//1640 1729//1639
f 1720//1630 1711//1621 1721//1631
f 1720//1630 1721//1631 1730//1640
f 1721//1631 1722//1632 1732//1642
f 1721//1631 1732//1642 1731//1641
f 1722//1632 1723//1633 1733//1643
f 1722//1632 1733//1643 1732//1642
f 1723//1633 1724//1634 1734//1644
f 1723//1633 1734//1644 1733//1643
f 1724//1634 1725//1635 1735//1645
f 1724//1634 1735//1645 1734//1644
f 1725//1635 1726//1636 1736//1646
f 1725//1635 1736//1646 1735//1645
f 1726//1636 1727//1637 1737//1647
f 1726//1636 1737//1647 1736//1646
f 1727//1637 1728//1638 1738//1648
f 1727//1637 1738//1648 1737//1647
f 1728//1638 1729//1639 1739//1649
f 1728//1638 1739//1649 1738//1648
f 1729//1639 1730//1640 1740//1650
f 1729//1639 1740//1650 1739//1649
f 1730//1640 1721//1631 1731//1641
f 1730//1640 1731//1641 1740//1650
f 1731//1641 1732//1642 1742//1652
f 1731//1641 1742//1652 1741//1651
f 1732//1642 1733//1643 1743//1653
f 1732//1642 1743//1653 1742//1652
f 1733//1643 1734//1644 1744//1654
f 1733//1643 1744//1654 1743//1653
f 1734//1644 1735//1645 1745//1655
f 1734//1644 1745//1655 1744//1654
f 1735//1645 1736//1646 1746//1656
f 1735//1645 1746//1656 1745//1655
f 1736//1646 1737//1647 1747//1657
f 1736//1646 1747//1657 1746//1656
f 1737//1647 1738//1648 1748//1658
f 1737//1647 1748//1658 1747//1657
f 1738//1648 1739//1649 1749//1659
f 1738//1648 1749//1659 1748//1658
f 1739//1649 1740//1650 1750//1660
f 1739//1649 1750//1660 1749//1659
f 1740//1650 1731//1641 1741//1651
f 1740//1650 1741//1651 1750//1660
f 1741//1651 1742//1652 1752//1662
f 1741//1651 1752//1662 1751//1661
f 1742//1652 1743//1653 1753//1663
f 1742//1652 1753//1663 1752//1662
f 1743//1653 1744//1654 1754//1664
f 1743//1653 1754//1664 1753//1663
f 1744//1654 1745//1655 1755//1665
f 1744//1654 1755//1665 1754//1664
f 1745//1655 1746//1656 1756//1666
f 1745//1655 1756//1666 1755//1665
f 1746//1656 1747//1657 1757//1667
f 1746//1656 1757//1667 1756//1666
f 1747//1657 1748//1658 1758//1668
f 1747//1657 1758//1668 1757//1667
f 1748//1658 1749//1659 1759//1669
f 1748//1658 1759//1669 1758//1668
f 1749//1659 1750//1660 1760//1670
f 1749//1659 1760//1670 1759//1669
f 1750//1660 1741//1651 1751//1661
f 1750//1660 1751//1661 1760//1670
f 1751//1661 1752//1662 1762//1672
f 1752//1662 1753//1663 1763//1673
f 1753//1663 1754//1664 1764//1674
f 1754//1664 1755//1665 1765//1675
f 1755//1665 1756//1666 1766//1676
f 1756//1666 1757//1667 1767//1677
f 1757//1667 1758//1668 1768//1678
f 1758//1668 1759//1669 1769//1679
f 1759//1669 1760//1670 1770//1680
f 1760//1670 1751//1661 1761//1671
f 1771//1681 1772//1681 1773//1681
f 1771//1681 1773//1681 1774//1681
f 1775//1682 1776//1682 1777//1682
f 1775//1682 1777//1682 1778//1682
f 1779//1683 1780//1683 1781//1683
f 1779//1683 1781//1683 1782//1683
f 1783//1684 1784//1684 1785//1684
f 1783//1684 1785//1684 1786//1684
f 1787//1685 1788//1685 1789//1685
f 1787//1685 1789//1685 1790//1685
f 1791//1686 1792//1686 1793//1686
f 1791//1686 1793//1686 1794//1686
f 1795//1687 1808//1700 1807//1699
f 1796//1688 1809//1701 1808//1700
f 1797//1689 1810//1702 1809//1701
f 1798//1690 1811//1703 1810//1702
f 1799//1691 1812//1704 1811//1703
f 1800//1692 1813//1705 1812//1704
f 1801//1693 1814//1706 1813//1705
f 1802//1694 1815//1707 1814//1706
f 1803//1695 1816//1708 1815//1707
f 1804//1696 1817//1709 1816//1708
f 1805//1697 1818//1710 1817//1709
f 1806//1698 1807//1699 1818//1710
f 1807//1699 1808//1700 1820//1712
f 1807//1699 1820//1712 1819//1711
f 1808//1700 1809//1701 1821//1713
f 1808//1700 1821//1713 1820//1712
f 1809//1701 1810//1702 1822//1714
f 1809//1701 1822//1714 1821//1713
f 1810//1702 1811//1703 1823//1715
f 1810//1702 1823//1715 1822//1714
f 1811//1703 1812//1704 1824//1716
f 1811//1703 1824//1716 1823//1715
f 1812//1704 1813//1705 1825//1717
f 1812//1704 1825//1717 1824//1716
f 1813//1705 1814//1706 1826//1718
f 1813//1705 1826//1718 1825//1717
f 1814//1706 1815//1707 1827//1719
f 1814//1706 1827//1719 1826//1718
f 1815//1707 1816//1708 1828//1720
f 1815//1707 1828//1720 1827//1719
f 1816//1708 1817//1709 1829//1721
f 1816//1708 1829//1721 1828//1720
f 1817//1709 1818//1710 1830//1722
f 1817//1709 1830//1722 1829//1721
f 1818//1710 1807//1699 1819//1711
f 1818//1710 1819//1711 1830//1722
f 1819//1711 1820//1712 1832//1724
f 1819//1711 1832//1724 1831//1723
f 1820//1712 1821//1713 1833//1725
f 1820//1712 1833//1725 1832//1724
f 1821//1713 1822//1714 1834//1726
f 1821//1713 1834//1726 1833//1725
f 1822//1714 1823//1715 1835//1727
f 1822//1714 1835//1727 1834//1726
f 1823//1715 1824//1716 1836//1728
f 1823//1715 1836//1728 1835//1727
f 1824//1716 1825//1717 1837//1729
f 1824//1716 1837//1729 1836//1728
f 1825//1717 1826//1718 1838//1730
f 1825//1717 1838//1730 1837//1729
f 1826//1718 1827//1719 1839//1731
f 1826//1718 1839//1731 1838//1730
f 1827//1719 1828//1720 1840//1732
f 1827//1719 1840//1732 1839//1731
f 1828//1720 1829//1721 1841//1733
f 1828//1720 1841//1733 1840//1732
f 1829//1721 1830//1722 1842//1734
f 1829//1721 1842//1734 1841//1733
f 1830//1722 1819//1711 1831//1723
f 1830//1722 1831//1723 1842//1734
f 1831//1723 1832//1724 1844//1736
f 1831//1723 1844//1736 1843//1735
f 1832//1724 1833//1725 1845//1737
f 1832//1724 1845//1737 1844//1736
f 1833//1725 1834//1726 1846//1738
f 1833//1725 1846//1738 1845//1737
f 1834//1726 1835//1727 1847//1739
f 1834//1726 1847//1739 1846//1738
f 1835//1727 1836//1728 1848//1740
f 1835//1727 1848//1740 1847//1739
f 1836//1728 1837//1729 1849//1741
f 1836//1728 1849//1741 1848//1740
f 1837//1729 1838//1730 1850//1742
f 1837//1729 1850//1742 1849//1741
f 1838//1730 1839//1731 1851//1743
f 1838//1730 1851//1743 1850//1742
f 1839//1731 1840//1732 1852//1744
f 1839//1731 1852//1744 1851//1743
f 1840//1732 1841//1733 1853//1745
f 1840//1732 1853//1745 1852//1744
f 1841//1733 1842//1734 1854//1746
f 1841//1733 1854//1746 1853//1745
f 1842//1734 1831//1723 1843//1735
f 1842//1734 1843//1735 1854//1746
f 1843//1735 1844//1736 1856//1748
f 1843//1735 1856//1748 1855//1747
f 1844//1736 1845//1737 1857//1749
f 1844//1736 1857//1749 1856//1748
f 1845//1737 1846//1738 1858//1750
f 1845//1737 1858//1750 1857//1749
f 1846//1738 1847//1739 1859//1751
f 1846//1738 1859//1751 1858//1750
f 1847//1739 1848//1740 1860//1752
f 1847//1739 1860//1752 1859//1751
f 1848//1740 1849//1741 1861//1753
f 1848//1740 1861//1753 1860//1752
f 1849//1741 1850//1742 1862//1754
f 1849//1741 1862//1754 1861//1753
f 1850//1742 1851//1743 1863//1755
f 1850//1742 1863//1755 1862//1754
f 1851//1743 1852//1744 1864//1756
f 1851//1743 1864//1756 1863//1755
f 1852//1744 1853//1745 1865//1757
f 1852//1744 1865//1757 1864//1756
f 1853//1745 1854//1746 1866//1758
f 1853//1745 1866//1758 1865//1757
f 1854//1746 1843//1735 1855//1747
f 1854//1746 1855//1747 1866//1758
f 1855//1747 1856//1748 1868//1760
f 1855//1747 1868//1760 1867//1759
f 1856//1748 1857//1749 1869//1761
f 1856//1748 1869//1761 1868//1760
f 1857//1749 1858//1750 1870//1762
f 1857//1749 1870//1762 1869//1761
f 1858//1750 1859//1751 1871//1763
f 1858//1750 1871//1763 1870//1762
f 1859//1751 1860//1752 1872//1764
f 1859//1751 1872//1764 1871//1763
f 1860//1752 1861//1753 1873//1765
f 1860//1752 1873//1765 1872//1764
f 1861//1753 1862//1754 1874//1766
f 1861//1753 1874//1766 1873//1765
f 1862//1754 1863//1755 1875//1767
f 1862//1754 1875//1767 1874//1766
f 1863//1755 1864//1756 1876//1768
f 1863//1755 1876//1768 1875//1767
f 1864//1756 1865//1757 1877//1769
f 1864//1756 1877//1769 1876//1768
f 1865//1757 1866//1758 1878//1770
f 1865//1757 1878//1770 1877//1769
f 1866//1758 1855//1747 1867//1759
f 1866//1758 1867//1759 1878//1770
f 1867//1759 1868//1760 1880//1772
f 1867//1759 1880//1772 1879//1771
f 1868//1760 1869//1761 1881//1773
f 1868//1760 1881//1773 1880//1772
f 1869//1761 1870//1762 1882//1774
f 1869//1761 1882//1774 1881//1773
f 1870//1762 1871//1763 1883//1775
f 1870//1762 1883//1775 1882//1774
f 1871//1763 1872//1764 1884//1776
f 1871//1763 1884//1776 1883//1775
f 1872//1764 1873//1765 1885//1777
f 1872//1764 1885//1777 1884//1776
f 1873//1765 1874//1766 1886//1778
f 1873//1765 1886//1778 1885//1777
f 1874//1766 1875//1767 1887//1779
f 1874//1766 1887//1779 1886//1778
f 1875//1767 1876//1768 1888//1780
f 1875//1767 1888//1780 1887//1779
f 1876//1768 1877//1769 1889//1781
f 1876//1768 1889//1781 1888//1780
f 1877//1769 1878//1770 1890//1782
f 1877//1769 1890//1782 1889//1781
f 1878//1770 1867//1759 1879//1771
f 1878//1770 1879//1771 1890//1782
f 1879//1771 1880//1772 1892//1784
f 1880//1772 1881//1773 1893//1785
f 1881//1773 1882//1774 1894//1786
f 1882//1774 1883//1775 1895//1787
f 1883//1775 1884//1776 1896//1788
f 1884//1776 1885//1777 1897//1789
f 1885//1777 1886//1778 1898//1790
f 1886//1778 1887//1779 1899//1791
f 1887//1779 1888//1780 1900//1792
f 1888//1780 1889//1781 1901//1793
f 1889//1781 1890//1782 1902//1794
f 1890//1782 1879//1771 1891//1783
f 1903//1795 1916//1808 1915//1807
f 1904//1796 1917//1809 1916//1808
f 1905//1797 1918//1810 1917//1809
f 1906//1798 1919//1811 1918//1810
f 1907//1799 1920//1812 1919//1811
f 1908//1800 1921//1813 1920//1812
f 1909//1801 1922//1814 1921//1813
f 1910//1802 1923//1815 1922//1814
f 1911//1803 1924//1816 1923//1815
f 1912//1804 1925//1817 1924//1816
f 1913//1805 1926//1818 1925//1817
f 1914//1806 1915//1807 1926//1818
f 1915//1807 1916//1808 1928//1820
f 1915//1807 1928//1820 1927//1819
f 1916//1808 1917//1809 1929//1821
f 1916//1808 1929//1821 1928//1820
f 1917//1809 1918//1810 1930//1822
f 1917//1809 1930//1822 1929//1821
f 1918//1810 1919//1811 1931//1823
f 1918//1810 1931//1823 1930//1822
f 1919//1811 1920//1812 1932//1824
f 1919//1811 1932//1824 1931//1823
f 1920//1812 1921//1813 1933//1825
f 1920//1812 1933//1825 1932//1824
f 1921//1813 1922//1814 1934//1826
f 1921//1813 1934//1826 1933//1825
f 1922//1814 1923//1815 1935//1827
f 1922//1814 1935//1827 1934//1826
f 1923//1815 1924//1816 1936//1828
f 1923//1815 1936//1828 1935//1827
f 1924//1816 1925//1817 1937//1829
f 1924//1816 1937//1829 1936//1828
f 1925//1817 1926//1818 1938//1830
f 1925//1817 1938//1830 1937//1829
f 1926//1818 1915//1807 1927//1819
f 1926//1818 1927//1819 1938//1830
f 1927//1819 1928//1820 1940//1832
f 1927//1819 1940//1832 1939//1831
f 1928//1820 1929//1821 1941//1833
f 1928//1820 1941//1833 1940//1832
f 1929//1821 1930//1822 1942//1834
f 1929//1821 1942//1834 1941//1833
f 1930//1822 1931//1823 1943//1835
f 1930//1822 1943//1835 1942//1834
f 1931//1823 1932//1824 1944//1836
f 1931//1823 1944//1836 1943//1835
f 1932//1824 1933//1825 1945//1837
f 1932//1824 1945//1837 1944//1836
f 1933//1825 1934//1826 1946//1838
f 1933//1825 1946//1838 1945//1837
f 1934//1826 1935//1827 1947//1839
f 1934//1826 1947//1839 1946//1838
f 1935//1827 1936//1828 1948//1840
f 1935//1827 1948//1840 1947//1839
f 1936//1828 1937//1829 1949//1841
f 1936//1828 1949//1841 1948//1840
f 1937//1829 1938//1830 1950//1842
f 1937//1829 1950//1842 1949//1841
f 1938//1830 1927//1819 1939//1831
f 1938//1830 1939//1831 1950//1842
f 1939//1831 1940//1832 1952//1844
f 1939//1831 1952//1844 1951//1843
f 1940//1832 1941//1833 1953//1845
f 1940//1832 1953//1845 1952//1844
f 1941//1833 1942//1834 1954//1846
f 1941//1833 1954//1846 1953//1845
f 1942//1834 1943//1835 1955//1847
f 1942//1834 1955//1847 1954//1846
f 1943//1835 1944//1836 1956//1848
f 1943//1835 1956//1848 1955//1847
f 1944//1836 1945//1837 1957//1849
f 1944//1836 1957//1849 1956//1848
f 1945//1837 1946//1838 1958//1850
f 1945//1837 1958//1850 1957//1849
f 1946//1838 1947//1839 1959//1851
f 1946//1838 1959//1851 1958//1850
f 1947//1839 1948//1840 1960//1852
f 1947//1839 1960//1852 1959//1851
f 1948//1840 1949//1841 1961//1853
f 1948//1840 1961//1853 1960//1852
f 1949//1841 1950//1842 1962//1854
f 1949//1841 1962//1854 1961//1853
f 1950//1842 1939//1831 1951//1843
f 1950//1842 1951//1843 1962//1854
f 1951//1843 1952//1844 1964//1856
f 1951//1843 1964//1856 1963//1855
f 1952//1844 1953//1845 1965//1857
f 1952//1844 1965//1857 1964//1856
f 1953//1845 1954//1846 1966//1858
f 1953//1845 1966//1858 1965//1857
f 1954//1846 1955//1847 1967//1859
f 1954//1846 1967//1859 1966//1858
f 1955//1847 1956//1848 1968//1860
f 1955//1847 1968//1860 1967//1859
f 1956//1848 1957//1849 1969//1861
f 1956//1848 1969//1861 1968//1860
f 1957//1849 1958//1850 1970//1862
f 1957//1849 1970//1862 1969//1861
f 1958//1850 1959//1851 1971//1863
f 1958//1850 1971//1863 1970//1862
f 1959//1851 1960//1852 1972//1864
f 1959//1851 1972//1864 1971//1863
f 1960//1852 1961//1853 1973//1865
f 1960//1852 1973//1865 1972//1864
f 1961//1853 1962//1854 1974//1866
f 1961//1853 1974//1866 1973//1865
f 1962//1854 1951//1843 1963//1855
f 1962//1854 1963//1855 1974//1866
f 1963//1855 1964//1856 1976//1868
f 1963//1855 1976//1868 1975//1867
f 1964//1856 1965//1857 1977//1869
f 1964//1856 1977//1869 1976//1868
f 1965//1857 1966//1858 1978//1870
f 1965//1857 1978//1870 1977//1869
f 1966//1858 1967//1859 1979//1871
f 1966//1858 1979//1871 1978//1870
f 1967//1859 1968//1860 1980//1872
f 1967//1859 1980//1872 1979//1871
f 1968//1860 1969//1861 1981//1873
f 1968//1860 1981//1873 1980//1872
f 1969//1861 1970//1862 1982//1874
f 1969//1861 1982//1874 1981//1873
f 1970//1862 1971//1863 1983//1875
f 1970//1862 1983//1875 1982//1874
f 1971//1863 1972//1864 1984//1876
f 1971//1863 1984//1876 1983//1875
f 1972//1864 1973//1865 1985//1877
f 1972//1864 1985//1877 1984//1876
f 1973//1865 1974//1866 1986//1878
f 1973//1865 1986//1878 1985//1877
f 1974//1866 1963//1855 1975//1867
f 1974//1866 1975//1867 1986//1878
f 1975//1867 1976//1868 1988//1880
f 1975//1867 1988//1880 1987//1879
f 1976//1868 1977//1869 1989//1881
f 1976//1868 1989//1881 1988//1880
f 1977//1869 1978//1870 1990//1882
f 1977//1869 1990//1882 1989//1881
f 1978//1870 1979//1871 1991//1883
f 1978//1870 1991//1883 1990//1882
f 1979//1871 1980//1872 1992//1884
f 1979//1871 1992//1884 1991//1883
f 1980//1872 1981//1873 1993//1885
f 1980//1872 1993//1885 1992//1884
f 1981//1873 1982//1874 1994//1886
f 1981//1873 1994//1886 1993//1885
f 1982//1874 1983//1875 1995//1887
f 1982//1874 1995//1887 1994//1886
f 1983//1875 1984//1876 1996//1888
f 1983//1875 1996//1888 1995//1887
f 1984//1876 1985//1877 1997//1889
f 1984//1876 1997//1889 1996//1888
f 1985//1877 1986//1878 1998//1890
f 1985//1877 1998//1890 1997//1889
f 1986//1878 1975//1867 1987//1879
f 1986//1878 1987//1879 1998//1890
f 1987//1879 1988//1880 2000//1892
f 1988//1880 1989//1881 2001//1893
f 1989//1881 1990//1882 2002//1894
f 1990//1882 1991//1883 2003//1895
f 1991//1883 1992//1884 2004//1896
f 1992//1884 1993//1885 2005//1897
f 1993//1885 1994//1886 2006//1898
f 1994//1886 1995//1887 2007//1899
f 1995//1887 1996//1888 2008//1900
f 1996//1888 1997//1889 2009//1901
f 1997//1889 1998//1890 2010//1902
f 1998//1890 1987//1879 1999//1891
f 2011//1903 2022//1914 2021//1913
f 2012//1904 2023//1915 2022//1914
f 2013//1905 2024//1916 2023//1915
f 2014//1906 2025//1917 2024//1916
f 2015//1907 2026//1918 2025//1917
f 2016//1908 2027//1919 2026//1918
f 2017//1909 2028//1920 2027//1919
f 2018//1910 2029//1921 2028//1920
f 2019//1911 2030//1922 2029//1921
f 2020//1912 2021//1913 2030//1922
f 2021//1913 2022//1914 2032//1924
f 2021//1913 2032//1924 2031//1923
f 2022//1914 2023//1915 2033//1925
f 2022//1914 2033//1925 2032//1924
f 2023//1915 2024//1916 2034//1926
f 2023//1915 2034//1926 2033//1925
f 2024//1916 2025//1917 2035//1927
f 2024//1916 2035//1927 2034//1926
f 2025//1917 2026//1918 2036//1928
f 2025//1917 2036//1928 2035//1927
f 2026//1918 2027//1919 2037//1929
f 2026//1918 2037//1929 2036//1928
f 2027//1919 2028//1920 2038//1930
f 2027//1919 2038//1930 2037//1929
f 2028//1920 2029//1921 2039//1931
f 2028//1920 2039//1931 2038//1930
f 2029//1921 2030//1922 2040//1932
f 2029//1921 2040//1932 2039//1931
f 2030//1922 2021//1913 2031//1923
f 2030//1922 2031//1923 2040//1932
f 2031//1923 2032//1924 2042//1934
f 2031//1923 2042//1934 2041//1933
f 2032//1924 2033//1925 2043//1935
f 2032//1924 2043//1935 2042//1934
f 2033//1925 2034//1926 2044//1936
f 2033//1925 2044//1936 2043//1935
f 2034//1926 2035//1927 2045//1937
f 2034//1926 2045//1937 2044//1936
f 2035//1927 2036//1928 2046//1938
f 2035//1927 2046//1938 2045//1937
f 2036//1928 2037//1929 2047//1939
f 2036//1928 2047//1939 2046//1938
f 2037//1929 2038//1930 2048//1940
f 2037//1929 2048//1940 2047//1939
f 2038//1930 2039//1931 2049//1941
f 2038//1930 2049//1941 2048//1940
f 2039//1931 2040//1932 2050//1942
f 2039//1931 2050//1942 2049//1941
f 2040//1932 2031//1923 2041//1933
f 2040//1932 2041//1933 2050//1942
f 2041//1933 2042//1934 2052//1944
f 2041//1933 2052//1944 2051//1943
f 2042//1934 2043//1935 2053//1945
f 2042//1934 2053//1945 2052//1944
f 2043//1935 2044//1936 2054//1946
f 2043//1935 2054//1946 2053//1945
f 2044//1936 2045//1937 2055//1947
f 2044//1936 2055//1947 2054//1946
f 2045//1937 2046//1938 2056//1948
f 2045//1937 2056//1948 2055//1947
f 2046//1938 2047//1939 2057//1949
f 2046//1938 2057//1949 2056//1948
f 2047//1939 2048//1940 2058//1950
f 2047//1939 2058//1950 2057//1949
f 2048//1940 2049//1941 2059//1951
f 2048//1940 2059//1951 2058//1950
f 2049//1941 2050//1942 2060//1952
f 2049//1941 2060//1952 2059//1951
f 2050//1942 2041//1933 2051//1943
f 2050//1942 2051//1943 2060//1952
f 2051//1943 2052//1944 2062//1954
f 2051//1943 2062//1954 2061//1953
f 2052//1944 2053//1945 2063//1955
f 2052//1944 2063//1955 2062//1954
f 2053//1945 2054//1946 2064//1956
f 2053//1945 2064//1956 2063//1955
f 2054//1946 2055//1947 2065//1957
f 2054//1946 2065//1957 2064//1956
f 2055//1947 2056//1948 2066//1958
f 2055//1947 2066//1958 2065//1957
f 2056//1948 2057//1949 2067//1959
f 2056//1948 2067//1959 2066//1958
f 2057//1949 2058//1950 2068//1960
f 2057//1949 2068//1960 2067//1959
f 2058//1950 2059//1951 2069//1961
f 2058//1950 2069//1961 2068//1960
f 2059//1951 2060//1952 2070//1962
f 2059//1951 2070//1962 2069//1961
f 2060//1952 2051//1943 2061//1953
f 2060//1952 2061//1953 2070//1962
f 2061//1953 2062//1954 2072//1964
f 2062//1954 2063//1955 2073//1965
f 2063//1955 2064//1956 2074//1966
f 2064//1956 2065//1957 2075//1967
f 2065//1957 2066//1958 2076//1968
f 2066//1958 2067//1959 2077//1969
f 2067//1959 2068//1960 2078//1970
f 2068//1960 2069//1961 2079//1971
f 2069//1961 2070//1962 2080//1972
f 2070//1962 2061//1953 2071//1963
f 2081//1973 2082//1973 2083//1973
f 2081//1973 2083//1973 2084//1973
f 2085//1974 2086//1974 2087//1974
f 2085//1974 2087//1974 2088//1974
f 2089//1975 2090//1975 2091//1975
f 2089//1975 2091//1975 2092//1975
f 2093//1976 2094//1976 2095//1976
f 2093//1976 2095//1976 2096//1976
f 2097//1977 2098//1977 2099//1977
f 2097//1977 2099//1977 2100//1977
f 2101//1978 2102//1978 2103//1978
f 2101//1978 2103//1978 2104//1978
f 2105//1979 2118//1992 2117//1991
f 2106//1980 2119//1993 2118//1992
f 2107//1981 2120//1994 2119//1993
f 2108//1982 2121//1995 2120//1994
f 2109//1983 2122//1996 2121//1995
f 2110//1984 2123//1997 2122//1996
f 2111//1985 2124//1998 2123//1997
f 2112//1986 2125//1999 2124//1998
f 2113//1987 2126//2000 2125//1999
f 2114//1988 2127//2001 2126//2000
f 2115//1989 2128//2002 2127//2001
f 2116//1990 2117//1991 2128//2002
f 2117//1991 2118//1992 2130//2004
f 2117//1991 2130//2004 2129//2003
f 2118//1992 2119//1993 2131//2005
f 2118//1992 2131//2005 2130//2004
f 2119//1993 2120//1994 2132//2006
f 2119//1993 2132//2006 2131//2005
f 2120//1994 2121//1995 2133//2007
f 2120//1994 2133//2007 2132//2006
f 2121//1995 2122//1996 2134//2008
f 2121//1995 2134//2008 2133//2007
f 2122//1996 2123//1997 2135//2009
f 2122//1996 2135//2009 2134//2008
f 2123//1997 2124//1998 2136//2010
f 2123//1997 2136//2010 2135//2009
f 2124//1998 2125//1999 2137//2011
f 2124//1998 2137//2011 2136//2010
f 2125//1999 2126//2000 2138//2012
f 2125//1999 2138//2012 2137//2011
f 2126//2000 2127//2001 2139//2013
f 2126//2000 2139//2013 2138//2012
f 2127//2001 2128//2002 2140//2014
f 2127//2001 2140//2014 2139//2013
f 2128//2002 2117//1991 2129//2003
f 2128//2002 2129//2003 2140//2014
f 2129//2003 2130//2004 2142//2016
f 2129//2003 2142//2016 2141//2015
f 2130//2004 2131//2005 2143//2017
f 2130//2004 2143//2017 2142//2016
f 2131//2005 2132//2006 2144//2018
f 2131//2005 2144//2018 2143//2017
f 2132//2006 2133//2007 2145//2019
f 2132//2006 2145//2019 2144//2018
f 2133//2007 2134//2008 2146//2020
f 2133//2007 2146//2020 2145//2019
f 2134//2008 2135//2009 2147//2021
f 2134//2008 2147//2021 2146//2020
f 2135//2009 2136//2010 2148//2022
f 2135//2009 2148//2022 2147//2021
f 2136//2010 2137//2011 2149//2023
f 2136//2010 2149//2023 2148//2022
f 2137//2011 2138//2012 2150//2024
f 2137//2011 2150//2024 2149//2023
f 2138//2012 2139//2013 2151//2025
f 2138//2012 2151//2025 2150//2024
f 2139//2013 2140//2014 2152//2026
f 2139//2013 2152//2026 2151//2025
f 2140//2014 2129//2003 2141//2015
f 2140//2014 2141//2015 2152//2026
f 2141//2015 2142//2016 2154//2028
f 2141//2015 2154//2028 2153//2027
f 2142//2016 2143//2017 2155//2029
f 2142//2016 2155//2029 2154//2028
f 2143//2017 2144//2018 2156//2030
f 2143//2017 2156//2030 2155//2029
f 2144//2018 2145//2019 2157//2031
f 2144//2018 2157//2031 2156//2030
f 2145//2019 2146//2020 2158//2032
f 2145//2019 2158//2032 2157//2031
f 2146//2020 2147//2021 2159//2033
f 2146//2020 2159//2033 2158//2032
f 2147//2021 2148//2022 2160//2034
f 2147//2021 2160//2034 2159//2033
f 2148//2022 2149//2023 2161//2035
f 2148//2022 2161//2035 2160//2034
f 2149//2023 2150//2024 2162//2036
f 2149//2023 2162//2036 2161//2035
f 2150//2024 2151//2025 2163//2037
f 2150//2024 2163//2037 2162//2036
f 2151//2025 2152//2026 2164//2038
f 2151//2025 2164//2038 2163//2037
f 2152//2026 2141//2015 2153//2027
f 2152//2026 2153//2027 2164//2038
f 2153//2027 2154//2028 2166//2040
f 2153//2027 2166//2040 2165//2039
f 2154//2028 2155//2029 2167//2041
f 2154//2028 2167//2041 2166//2040
f 2155//2029 2156//2030 2168//2042
f 2155//2029 2168//2042 2167//2041
f 2156//2030 2157//2031 2169//2043
f 2156//2030 2169//2043 2168//2042
f 2157//2031 2158//2032 2170//2044
f 2157//2031 2170//2044 2169//2043
f 2158//2032 2159//2033 2171//2045
f 2158//2032 2171//2045 2170//2044
f 2159//2033 2160//2034 2172//2046
f 2159//2033 2172//2046 2171//2045
f 2160//2034 2161//2035 2173//2047
f 2160//2034 2173//2047 2172//2046
f 2161//2035 2162//2036 2174//2048
f 2161//2035 2174//2048 2173//2047
f 2162//2036 2163//2037 2175//2049
f 2162//2036 2175//2049 2174//2048
f 2163//2037 2164//2038 2176//2050
f 2163//2037 2176//2050 2175//2049
f 2164//2038 2153//2027 2165//2039
f 2164//2038 2165//2039 2176//2050
f 2165//2039 2166//2040 2178//2052
f 2165//2039 2178//2052 2177//2051
f 2166//2040 2167//2041 2179//2053
f 2166//2040 2179//2053 2178//2052
f 2167//2041 2168//2042 2180//2054
f 2167//2041 2180//2054 2179//2053
f 2168//2042 2169//2043 2181//2055
f 2168//2042 2181//2055 2180//2054
f 2169//2043 2170//2044 2182//2056
f 2169//2043 2182//2056 2181//2055
f 2170//2044 2171//2045 2183//2057
f 2170//2044 2183//2057 2182//2056
f 2171//2045 2172//2046 2184//2058
f 2171//2045 2184//2058 2183//2057
f 2172//2046 2173//2047 2185//2059
f 2172//2046 2185//2059 2184//2058
f 2173//2047 2174//2048 2186//2060
f 2173//2047 2186//2060 2185//2059
f 2174//2048 2175//2049 2187//2061
f 2174//2048 2187//2061 2186//2060
f 2175//2049 2176//2050 2188//2062
f 2175//2049 2188//2062 2187//2061
f 2176//2050 2165//2039 2177//2051
f 2176//2050 2177//2051 2188//2062
f 2177//2051 2178//2052 2190//2064
f 2177//2051 2190//2064 2189//2063
f 2178//2052 2179//2053 2191//2065
f 2178//2052 2191//2065 2190//2064
f 2179//2053 2180//2054 2192//2066
f 2179//2053 2192//2066 2191//2065
f 2180//2054 2181//2055 2193//2067
f 2180//2054 2193//2067 2192//2066
f 2181//2055 2182//2056 2194//2068
f 2181//2055 2194//2068 2193//2067
f 2182//2056 2183//2057 2195//2069
f 2182//2056 2195//2069 2194//2068
f 2183//2057 2184//2058 2196//2070
f 2183//2057 2196//2070 2195//2069
f 2184//2058 2185//2059 2197//2071
f 2184//2058 2197//2071 2196//2070
f 2185//2059 2186//2060 2198//2072
f 2185//2059 2198//2072 2197//2071
f 2186//2060 2187//2061 2199//2073
f 2186//2060 2199//2073 2198//2072
f 2187//2061 2188//2062 2200//2074
f 2187//2061 2200//2074 2199//2073
f 2188//2062 2177//2051 2189//2063
f 2188//2062 2189//2063 2200//2074
f 2189//2063 2190//2064 2202//2076
f 2190//2064 2191//2065 2203//2077
f 2191//2065 2192//2066 2204//2078
f 2192//2066 2193//2067 2205//2079
f 2193//2067 2194//2068 2206//2080
f 2194//2068 2195//2069 2207//2081
f 2195//2069 2196//2070 2208//2082
f 2196//2070 2197//2071 2209//2083
f 2197//2071 2198//2072 2210//2084
f 2198//2072 2199//2073 2211//2085
f 2199//2073 2200//2074 2212//2086
f 2200//2074 2189//2063 2201//2075
f 2213//2087 2226//2100 2225//2099
f 2214//2088 2227//2101 2226//2100
f 2215//2089 2228//2102 2227//2101
f 2216//2090 2229//2103 2228//2102
f 2217//2091 2230//2104 2229//2103
f 2218//2092 2231//2105 2230//2104
f 2219//2093 2232//2106 2231//2105
f 2220//2094 2233//2107 2232//2106
f 2221//2095 2234//2108 2233//2107
f 2222//2096 2235//2109 2234//2108
f 2223//2097 2236//2110 2235//2109
f 2224//2098 2225//2099 2236//2110
f 2225//2099 2226//2100 2238//2112
f 2225//2099 2238//2112 2237//2111
f 2226//2100 2227//2101 2239//2113
f 2226//2100 2239//2113 2238//2112
f 2227//2101 2228//2102 2240//2114
f 2227//2101 2240//2114 2239//2113
f 2228//2102 2229//2103 2241//2115
f 2228//2102 2241//2115 2240//2114
f 2229//2103 2230//2104 2242//2116
f 2229//2103 2242//2116 2241//2115
f 2230//2104 2231//2105 2243//2117
f 2230//2104 2243//2117 2242//2116
f 2231//2105 2232//2106 2244//2118
f 2231//2105 2244//2118 2243//2117
f 2232//2106 2233//2107 2245//2119
f 2232//2106 2245//2119 2244//2118
f 2233//2107 2234//2108 2246//2120
f 2233//2107 2246//2120 2245//2119
f 2234//2108 2235//2109 2247//2121
f 2234//2108 2247//2121 2246//2120
f 2235//2109 2236//2110 2248//2122
f 2235//2109 2248//2122 2247//2121
f 2236//2110 2225//2099 2237//2111
f 2236//2110 2237//2111 2248//2122
f 2237//2111 2238//2112 2250//2124
f 2237//2111 2250//2124 2249//2123
f 2238//2112 2239//2113 2251//2125
f 2238//2112 2251//2125 2250//2124
f 2239//2113 2240//2114 2252//2126
f 2239//2113 2252//2126 2251//2125
f 2240//2114 2241//2115 2253//2127
f 2240//2114 2253//2127 2252//2126
f 2241//2115 2242//2116 2254//2128
f 2241//2115 2254//2128 2253//2127
f 2242//2116 2243//2117 2255//2129
f 2242//2116 2255//2129 2254//2128
f 2243//2117 2244//2118 2256//2130
f 2243//2117 2256//2130 2255//2129
f 2244//2118 2245//2119 2257//2131
f 2244//2118 2257//2131 2256//2130
f 2245//2119 2246//2120 2258//2132
f 2245//2119 2258//2132 2257//2131
f 2246//2120 2247//2121 2259//2133
f 2246//2120 2259//2133 2258//2132
f 2247//2121 2248//2122 2260//2134
f 2247//2121 2260//2134 2259//2133
f 2248//2122 2237//2111 2249//2123
f 2248//2122 2249//2123 2260//2134
f 2249//2123 2250//2124 2262//2136
f 2249//2123 2262//2136 2261//2135
f 2250//2124 2251//2125 2263//2137
f 2250//2124 2263//2137 2262//2136
f 2251//2125 2252//2126 2264//2138
f 2251//2125 2264//2138 2263//2137
f 2252//2126 2253//2127 2265//2139
f 2252//2126 2265//2139 2264//2138
f 2253//2127 2254//2128 2266//2140
f 2253//2127 2266//2140 2265//2139
f 2254//2128 2255//2129 2267//2141
f 2254//2128 2267//2141 2266//2140
f 2255//2129 2256//2130 2268//2142
f 2255//2129 2268//2142 2267//2141
f 2256//2130 2257//2131 2269//2143
f 2256//2130 2269//2143 2268//2142
f 2257//2131 2258//2132 2270//2144
f 2257//2131 2270//2144 2269//2143
f 2258//2132 2259//2133 2271//2145
f 2258//2132 2271//2145 2270//2144
f 2259//2133 2260//2134 2272//2146
f 2259//2133 2272//2146 2271//2145
f 2260//2134 2249//2123 2261//2135
f 2260//2134 2261//2135 2272//2146
f 2261//2135 2262//2136 2274//2148
f 2261//2135 2274//2148 2273//2147
f 2262//2136 2263//2137 2275//2149
f 2262//2136 2275//2149 2274//2148
f 2263//2137 2264//2138 2276//2150
f 2263//2137 2276//2150 2275//2149
f 2264//2138 2265//2139 2277//2151
f 2264//2138 2277//2151 2276//2150
f 2265//2139 2266//2140 2278//2152
f 2265//2139 2278//2152 2277//2151
f 2266//2140 2267//2141 2279//2153
f 2266//2140 2279//2153 2278//2152
f 2267//2141 2268//2142 2280//2154
f 2267//2141 2280//2154 2279//2153
f 2268//2142 2269//2143 2281//2155
f 2268//2142 2281//2155 2280//2154
f 2269//2143 2270//2144 2282//2156
f 2269//2143 2282//2156 2281//2155
f 2270//2144 2271//2145 2283//2157
f 2270//2144 2283//2157 2282//2156
f 2271//2145 2272//2146 2284//2158
f 2271//2145 2284//2158 2283//2157
f 2272//2146 2261//2135 2273//2147
f 2272//2146 2273//2147 2284//2158
f 2273//2147 2274//2148 2286//2160
f 2273//2147 2286//2160 2285//2159
f 2274//2148 2275//2149 2287//2161
f 2274//2148 2287//2161 2286//2160
f 2275//2149 2276//2150 2288//2162
f 2275//2149 2288//2162 2287//2161
f 2276//2150 2277//2151 2289//2163
f 2276//2150 2289//2163 2288//2162
f 2277//2151 2278//2152 2290//2164
f 2277//2151 2290//2164 2289//2163
f 2278//2152 2279//2153 2291//2165
f 2278//2152 2291//2165 2290//2164
f 2279//2153 2280//2154 2292//2166
f 2279//2153 2292//2166 2291//2165
f 2280//2154 2281//2155 2293//2167
f 2280//2154 2293//2167 2292//2166
f 2281//2155 2282//2156 2294//2168
f 2281//2155 2294//2168 2293//2167
f 2282//2156 2283//2157 2295//2169
f 2282//2156 2295//2169 2294//2168
f 2283//2157 2284//2158 2296//2170
f 2283//2157 2296//2170 2295//2169
f 2284//2158 2273//2147 2285//2159
f 2284//2158 2285//2159 2296//2170
f 2285//2159 2286//2160 2298//2172
f 2285//2159 2298//2172 2297//2171
f 2286//2160 2287//2161 2299//2173
f 2286//2160 2299//2173 2298//2172
f 2287//2161 2288//2162 2300//2174
f 2287//2161 2300//2174 2299//2173
f 2288//2162 2289//2163 2301//2175
f 2288//2162 2301//2175 2300//2174
f 2289//2163 2290//2164 2302//2176
f 2289//2163 2302//2176 2301//2175
f 2290//2164 2291//2165 2303//2177
f 2290//2164 2303//2177 2302//2176
f 2291//2165 2292//2166 2304//2178
f 2291//2165 2304//2178 2303//2177
f 2292//2166 2293//2167 2305//2179
f 2292//2166 2305//2179 2304//2178
f 2293//2167 2294//2168 2306//2180
f 2293//2167 2306//2180 2305//2179
f 2294//2168 2295//2169 2307//2181
f 2294//2168 2307//2181 2306//2180
f 2295//2169 2296//2170 2308//2182
f 2295//2169 2308//2182 2307//2181
f 2296//2170 2285//2159 2297//2171
f 2296//2170 2297//2171 2308//2182
f 2297//2171 2298//2172 2310//2184
f 2298//2172 2299//2173 2311//2185
f 2299//2173 2300//2174 2312//2186
f 2300//2174 2301//2175 2313//2187
f 2301//2175 2302//2176 2314//2188
f 2302//2176 2303//2177 2315//2189
f 2303//2177 2304//2178 2316//2190
f 2304//2178 2305//2179 2317//2191
f 2305//2179 2306//2180 2318//2192
f 2306//2180 2307//2181 2319//2193
f 2307//2181 2308//2182 2320//2194
f 2308//2182 2297//2171 2309//2183
f 2321//2195 2332//2206 2331//2205
f 2322//2196 2333//2207 2332//2206
f 2323//2197 2334//2208 2333//2207
f 2324//2198 2335//2209 2334//2208
f 2325//2199 2336//2210 2335//2209
f 2326//2200 2337//2211 2336//2210
f 2327//2201 2338//2212 2337//2211
f 2328//2202 2339//2213 2338//2212
f 2329//2203 2340//2214 2339//2213
f 2330//2204 2331//2205 2340//2214
f 2331//2205 2332//2206 2342//2216
f 2331//2205 2342//2216 2341//2215
f 2332//2206 2333//2207 2343//2217
f 2332//2206 2343//2217 2342//2216
f 2333//2207 2334//2208 2344//2218
f 2333//2207 2344//2218 2343//2217
f 2334//2208 2335//2209 2345//2219
f 2334//2208 2345//2219 2344//2218
f 2335//2209 2336//2210 2346//2220
f 2335//2209 2346//2220 2345//2219
f 2336//2210 2337//2211 2347//2221
f 2336//2210 2347//2221 2346//2220
f 2337//2211 2338//2212 2348//2222
f 2337//2211 2348//2222 2347//2221
f 2338//2212 2339//2213 2349//2223
f 2338//2212 2349//2223 2348//2222
f 2339//2213 2340//2214 2350//2224
f 2339//2213 2350//2224 2349//2223
f 2340//2214 2331//2205 2341//2215
f 2340//2214 2341//2215 2350//2224
f 2341//2215 2342//2216 2352//2226
f 2341//2215 2352//2226 2351//2225
f 2342//2216 2343//2217 2353//2227
f 2342//2216 2353//2227 2352//2226
f 2343//2217 2344//2218 2354//2228
f 2343//2217 2354//2228 2353//2227
f 2344//2218 2345//2219 2355//2229
f 2344//2218 2355//2229 2354//2228
f 2345//2219 2346//2220 2356//2230
f 2345//2219 2356//2230 2355//2229
f 2346//2220 2347//2221 2357//2231
f 2346//2220 2357//2231 2356//2230
f 2347//2221 2348//2222 2358//2232
f 2347//2221 2358//2232 2357//2231
f 2348//2222 2349//2223 2359//2233
f 2348//2222 2359//2233 2358//2232
f 2349//2223 2350//2224 2360//2234
f 2349//2223 2360//2234 2359//2233
f 2350//2224 2341//2215 2351//2225
f 2350//2224 2351//2225 2360//2234
f 2351//2225 2352//2226 2362//2236
f 2351//2225 2362//2236 2361//2235
f 2352//2226 2353//2227 2363//2237
f 2352//2226 2363//2237 2362//2236
f 2353//2227 2354//2228 2364//2238
f 2353//2227 2364//2238 2363//2237
f 2354//2228 2355//2229 2365//2239
f 2354//2228 2365//2239 2364//2238
f 2355//2229 2356//2230 2366//2240
f 2355//2229 2366//2240 2365//2239
f 2356//2230 2357//2231 2367//2241
f 2356//2230 2367//2241 2366//2240
f 2357//2231 2358//2232 2368//2242
f 2357//2231 2368//2242 2367//2241
f 2358//2232 2359//2233 2369//2243
f 2358//2232 2369//2243 2368//2242
f 2359//2233 2360//2234 2370//2244
f 2359//2233 2370//2244 2369//2243
f 2360//2234 2351//2225 2361//2235
f 2360//2234 2361//2235 2370//2244
f 2361//2235 2362//2236 2372//2246
f 2361//2235 2372//2246 2371//2245
f 2362//2236 2363//2237 2373//2247
f 2362//2236 2373//2247 2372//2246
f 2363//2237 2364//2238 2374//2248
f 2363//2237 2374//2248 2373//2247
f 2364//2238 2365//2239 2375//2249
f 2364//2238 2375//2249 2374//2248
f 2365//2239 2366//2240 2376//2250
f 2365//2239 2376//2250 2375//2249
f 2366//2240 2367//2241 2377//2251
f 2366//2240 2377//2251 2376//2250
f 2367//2241 2368//2242 2378//2252
f 2367//2241 2378//2252 2377//2251
f 2368//2242 2369//2243 2379//2253
f 2368//2242 2379//2253 2378//2252
f 2369//2243 2370//2244 2380//2254
f 2369//2243 2380//2254 2379//2253
f 2370//2244 2361//2235 2371//2245
f 2370//2244 2371//2245 2380//2254
f 2371//2245 2372//2246 2382//2256
f 2372//2246 2373//2247 2383//2257
f 2373//2247 2374//2248 2384//2258
f 2374//2248 2375//2249 2385//2259
f 2375//2249 2376//2250 2386//2260
f 2376//2250 2377//2251 2387//2261
f 2377//2251 2378//2252 2388//2262
f 2378//2252 2379//2253 2389//2263
f 2379//2253 2380//2254 2390//2264
f 2380//2254 2371//2245 2381//2255
f 2391//2265 2392//2265 2393//2265
f 2391//2265 2393//2265 2394//2265
f 2395//2266 2396//2266 2397//2266
f 2395//2266 2397//2266 2398//2266
f 2399//2267 2400//2267 2401//2267
f 2399//2267 2401//2267 2402//2267
f 2403//2268 2404//2268 2405//2268
f 2403//2268 2405//2268 2406//2268
f 2407//2269 2408//2269 2409//2269
f 2407//2269 2409//2269 2410//2269
f 2411//2270 2412//2270 2413//2270
f 2411//2270 2413//2270 2414//2270
f 2415//2271 2416//2271 2417//2271
f 2415//2271 2417//2271 2418//2271
f 2419//2272 2420//2272 2421//2272
f 2419//2272 2421//2272 2422//2272
f 2423//2273 2424//2273 2425//2273
f 2423//2273 2425//2273 2426//2273
f 2427//2274 2428//2274 2429//2274
f 2427//2274 2429//2274 2430//2274
f 2431//2275 2432//2275 2433//2275
f 2431//2275 2433//2275 2434//2275
f 2435//2276 2436//2276 2437//2276
f 2435//2276 2437//2276 2438//2276
f 2439//2277 2440//2277 2441//2277
f 2439//2277 2441//2277 2442//2277
f 2443//2278 2444//2278 2445//2278
f 2443//2278 2445//2278 2446//2278
f 2447//2279 2448//2279 2449//2279
f 2447//2279 2449//2279 2450//2279
f 2451//2280 2452//2280 2453//2280
f 2451//2280 2453//2280 2454//2280
f 2455//2281 2456//2281 2457//2281
f 2455//2281 2457//2281 2458//2281
f 2459//2282 2460//2282 2461//2282
f 2459//2282 2461//2282 2462//2282
f 2463//2283 2464//2283 2465//2283
f 2463//2283 2465//2283 2466//2283
f 2467//2284 2468//2284 2469//2284
f 2467//2284 2469//2284 2470//2284
f 2471//2285 2472//2285 2473//2285
f 2471//2285 2473//2285 2474//2285
f 2475//2286 2476//2286 2477//2286
f 2475//2286 2477//2286 2478//2286
f 2479//2287 2480//2287 2481//2287
f 2479//2287 2481//2287 2482//2287
f 2483//2288 2484//2288 2485//2288
f 2483//2288 2485//2288 2486//2288
f 2487//2289 2488//2289 2489//2289
f 2487//2289 2489//2289 2490//2289
f 2491//2290 2492//2290 2493//2290
f 2491//2290 2493//2290 2494//2290
f 2495//2291 2496//2291 2497//2291
f 2495//2291 2497//2291 2498//2291
f 2499//2292 2500//2292 2501//2292
f 2499//2292 2501//2292 2502//2292
f 2503//2293 2504//2293 2505//2293
f 2503//2293 2505//2293 2506//2293
f 2507//2294 2508//2294 2509//2294
f 2507//2294 2509//2294 2510//2294
f 2511//2295 2512//2295 2513//2295
f 2511//2295 2513//2295 2514//2295
f 2515//2296 2516//2296 2517//2296
f 2515//2296 2517//2296 2518//2296
f 2519//2297 2520//2297 2521//2297
f 2519//2297 2521//2297 2522//2297
f 2523//2298 2524//2298 2525//2298
f 2523//2298 2525//2298 2526//2298
f 2527//2299 2528//2299 2529//2299
f 2527//2299 2529//2299 2530//2299
f 2531//2300 2532//2300 2533//2300
f 2531//2300 2533//2300 2534//2300
f 2535//2301 2536//2301 2537//2301
f 2535//2301 2537//2301 2538//2301
f 2539//2302 2540//2302 2541//2302
f 2539//2302 2541//2302 2542//2302
f 2543//2303 2544//2303 2545//2303
f 2543//2303 2545//2303 2546//2303
f 2547//2304 2548//2304 2549//2304
f 2547//2304 2549//2304 2550//2304
f 2551//2305 2552//2305 2553//2305
f 2551//2305 2553//2305 2554//2305
f 2555//2306 2556//2306 2557//2306
f 2555//2306 2557//2306 2558//2306
f 2559//2307 2560//2307 2561//2307
f 2559//2307 2561//2307 2562//2307
f 2563//2308 2564//2308 2565//2308
f 2563//2308 2565//2308 2566//2308
f 2567//2309 2568//2309 2569//2309
f 2567//2309 2569//2309 2570//2309
f 2571//2310 2572//2310 2573//2310
f 2571//2310 2573//2310 2574//2310
f 2575//2311 2576//2311 2577//2311
f 2575//2311 2577//2311 2578//2311
f 2579//2312 2580//2312 2581//2312
f 2579//2312 2581//2312 2582//2312
f 2583//2313 2584//2313 2585//2313
f 2583//2313 2585//2313 2586//2313
f 2587//2314 2588//2314 2589//2314
f 2587//2314 2589//2314 2590//2314
f 2591//2315 2592//2315 2593//2315
f 2591//2315 2593//2315 2594//2315
f 2595//2316 2596//2316 2597//2316
f 2595//2316 2597//2316 2598//2316
f 2599//2317 2600//2317 2601//2317
f 2599//2317 2601//2317 2602//2317
f 2603//2318 2604//2318 2605//2318
f 2603//2318 2605//2318 2606//2318
f 2607//2319 2608//2319 2609//2319
f 2607//2319 2609//2319 2610//2319
f 2611//2320 2612//2320 2613//2320
f 2611//2320 2613//2320 2614//2320
f 2615//2321 2616//2321 2617//2321
f 2615//2321 2617//2321 2618//2321
f 2619//2322 2620//2322 2621//2322
f 2619//2322 2621//2322 2622//2322
f 2623//2323 2624//2323 2625//2323
f 2623//2323 2625//2323 2626//2323
f 2627//2324 2628//2324 2629//2324
f 2627//2324 2629//2324 2630//2324
f 2631//2325 2632//2325 2633//2325
f 2631//2325 2633//2325 2634//2325
f 2635//2326 2636//2326 2637//2326
f 2635//2326 2637//2326 2638//2326
f 2639//2327 2640//2327 2641//2327
f 2639//2327 2641//2327 2642//2327
f 2643//2328 2644//2328 2645//2328
f 2643//2328 2645//2328 2646//2328
f 2647//2329 2648//2329 2649//2329
f 2647//2329 2649//2329 2650//2329
f 2651//2330 2652//2330 2653//2330
f 2651//2330 2653//2330 2654//2330
f 2655//2331 2656//2331 2657//2331
f 2655//2331 2657//2331 2658//2331
f 2659//2332 2660//2332 2661//2332
f 2659//2332 2661//2332 2662//2332
f 2663//2333 2664//2333 2665//2333
f 2663//2333 2665//2333 2666//2333
f 2667//2334 2668//2334 2669//2334
f 2667//2334 2669//2334 2670//2334
f 2671//2335 2672//2335 2673//2335
f 2671//2335 2673//2335 2674//2335
f 2675//2336 2676//2336 2677//2336
f 2675//2336 2677//2336 2678//2336
f 2679//2337 2680//2337 2681//2337
f 2679//2337 2681//2337 2682//2337
f 2683//2338 2684//2338 2685//2338
f 2683//2338 2685//2338 2686//2338
f 2687//2339 2688//2339 2689//2339
f 2687//2339 2689//2339 2690//2339
f 2691//2340 2692//2340 2693//2340
f 2691//2340 2693//2340 2694//2340
f 2695//2341 2696//2341 2697//2341
f 2695//2341 2697//2341 2698//2341
f 2699//2342 2700//2342 2701//2342
f 2699//2342 2701//2342 2702//2342
f 2703//2343 2704//2343 2705//2343
f 2703//2343 2705//2343 2706//2343
f 2707//2344 2708//2344 2709//2344
f 2707//2344 2709//2344 2710//2344
f 2711//2345 2712//2345 2713//2345
f 2711//2345 2713//2345 2714//2345
f 2715//2346 2716//2346 2717//2346
f 2715//2346 2717//2346 2718//2346
f 2719//2347 2720//2347 2721//2347
f 2719//2347 2721//2347 2722//2347
f 2723//2348 2724//2348 2725//2348
f 2723//2348 2725//2348 2726//2348
f 2727//2349 2728//2349 2729//2349
f 2727//2349 2729//2349 2730//2349
f 2731//2350 2732//2350 2733//2350
f 2731//2350 2733//2350 2734//2350
f 2735//2351 2736//2351 2737//2351
f 2735//2351 2737//2351 2738//2351
f 2739//2352 2740//2352 2741//2352
f 2739//2352 2741//2352 2742//2352
f 2743//2353 2744//2353 2745//2353
f 2743//2353 2745//2353 2746//2353
f 2747//2354 2748//2354 2749//2354
f 2747//2354 2749//2354 2750//2354
f 2751//2355 2752//2355 2753//2355
f 2751//2355 2753//2355 2754//2355
f 2755//2356 2756//2356 2757//2356
f 2755//2356 2757//2356 2758//2356
f 2759//2357 2760//2357 2761//2357
f 2759//2357 2761//2357 2762//2357
f 2763//2358 2764//2358 2765//2358
f 2763//2358 2765//2358 2766//2358
f 2767//2359 2768//2359 2769//2359
f 2767//2359 2769//2359 2770//2359
f 2771//2360 2772//2360 2773//2360
f 2771//2360 2773//2360 2774//2360
f 2775//2361 2776//2361 2777//2361
f 2775//2361 2777//2361 2778//2361
f 2779//2362 2780//2362 2781//2362
f 2779//2362 2781//2362 2782//2362
f 2783//2363 2784//2363 2785//2363
f 2783//2363 2785//2363 2786//2363
f 2787//2364 2788//2364 2789//2364
f 2787//2364 2789//2364 2790//2364
f 2791//2365 2792//2365 2793//2365
f 2791//2365 2793//2365 2794//2365
f 2795//2366 2796//2366 2797//2366
f 2795//2366 2797//2366 2798//2366
f 2799//2367 2800//2367 2801//2367
f 2799//2367 2801//2367 2802//2367
f 2803//2368 2804//2368 2805//2368
f 2803//2368 2805//2368 2806//2368
f 2807//2369 2808//2369 2809//2369
f 2807//2369 2809//2369 2810//2369
f 2811//2370 2812//2370 2813//2370
f 2811//2370 2813//2370 2814//2370
f 2815//2371 2816//2371 2817//2371
f 2815//2371 2817//2371 2818//2371
f 2819//2372 2820//2372 2821//2372
f 2819//2372 2821//2372 2822//2372
f 2823//2373 2824//2373 2825//2373
f 2823//2373 2825//2373 2826//2373
f 2827//2374 2828//2374 2829//2374
f 2827//2374 2829//2374 2830//2374
f 2831//2375 2832//2375 2833//2375
f 2831//2375 2833//2375 2834//2375
f 2835//2376 2836//2376 2837//2376
f 2835//2376 2837//2376 2838//2376
f 2839//2377 2840//2377 2841//2377
f 2839//2377 2841//2377 2842//2377
f 2843//2378 2844//2378 2845//2378
f 2843//2378 2845//2378 2846//2378
f 2847//2379 2848//2379 2849//2379
f 2847//2379 2849//2379 2850//2379
f 2851//2380 2852//2380 2853//2380
f 2851//2380 2853//2380 2854//2380
f 2855//2381 2856//2381 2857//2381
f 2855//2381 2857//2381 2858//2381
f 2859//2382 2860//2382 2861//2382
f 2859//2382 2861//2382 2862//2382
f 2863//2383 2864//2383 2865//2383
f 2863//2383 2865//2383 2866//2383
f 2867//2384 2868//2384 2869//2384
f 2867//2384 2869//2384 2870//2384
f 2871//2385 2872//2385 2873//2385
f 2871//2385 2873//2385 2874//2385
f 2875//2386 2876//2386 2877//2386
f 2875//2386 2877//2386 2878//2386
f 2879//2387 2880//2387 2881//2387
f 2879//2387 2881//2387 2882//2387
f 2883//2388 2884//2388 2885//2388
f 2883//2388 2885//2388 2886//2388
f 2887//2389 2888//2389 2889//2389
f 2887//2389 2889//2389 2890//2389
f 2891//2390 2892//2390 2893//2390
f 2891//2390 2893//2390 2894//2390
f 2895//2391 2896//2391 2897//2391
f 2895//2391 2897//2391 2898//2391
f 2899//2392 2900//2392 2901//2392
f 2899//2392 2901//2392 2902//2392
f 2903//2393 2904//2393 2905//2393
f 2903//2393 2905//2393 2906//2393
f 2907//2394 2908//2394 2909//2394
f 2907//2394 2909//2394 2910//2394
f 2911//2395 2912//2395 2913//2395
f 2911//2395 2913//2395 2914//2395
f 2915//2396 2916//2396 2917//2396
f 2915//2396 2917//2396 2918//2396
f 2919//2397 2920//2397 2921//2397
f 2919//2397 2921//2397 2922//2397
f 2923//2398 2924//2398 2925//2398
f 2923//2398 2925//2398 2926//2398
f 2927//2399 2928//2399 2929//2399
f 2927//2399 2929//2399 2930//2399
f 2931//2400 2932//2400 2933//2400
f 2931//2400 2933//2400 2934//2400
f 2935//2401 2936//2401 2937//2401
f 2935//2401 2937//2401 2938//2401
f 2939//2402 2940//2402 2941//2402
f 2939//2402 2941//2402 2942//2402
f 2943//2403 2944//2403 2945//2403
f 2943//2403 2945//2403 2946//2403
f 2947//2404 2948//2404 2949//2404
f 2947//2404 2949//2404 2950//2404
f 2951//2405 2952//2405 2953//2405
f 2951//2405 2953//2405 2954//2405
f 2955//2406 2956//2406 2957//2406
f 2955//2406 2957//2406 2958//2406
f 2959//2407 2960//2407 2961//2407
f 2959//2407 2961//2407 2962//2407
f 2963//2408 2964//2408 2965//2408
f 2963//2408 2965//2408 2966//2408
f 2967//2409 2968//2409 2969//2409
f 2967//2409 2969//2409 2970//2409
f 2971//2410 2972//2410 2973//2410
f 2971//2410 2973//2410 2974//2410
f 2975//2411 2976//2411 2977//2411
f 2975//2411 2977//2411 2978//2411
f 2979//2412 2980//2412 2981//2412
f 2979//2412 2981//2412 2982//2412
f 2983//2413 2984//2413 2985//2413
f 2983//2413 2985//2413 2986//2413
f 2987//2414 2988//2414 2989//2414
f 2987//2414 2989//2414 2990//2414
f 2991//2415 2992//2415 2993//2415
f 2991//2415 2993//2415 2994//2415
f 2995//2416 2996//2416 2997//2416
f 2995//2416 2997//2416 2998//2416
f 2999//2417 3000//2417 3001//2417
f 2999//2417 3001//2417 3002//2417
f 3003//2418 3004//2418 3005//2418
f 3003//2418 3005//2418 3006//2418
f 3007//2419 3008//2419 3009//2419
f 3007//2419 3009//2419 3010//2419
f 3011//2420 3012//2420 3013//2420
f 3011//2420 3013//2420 3014//2420
f 3015//2421 3016//2421 3017//2421
f 3015//2421 3017//2421 3018//2421
f 3019//2422 3020//2422 3021//2422
f 3019//2422 3021//2422 3022//2422
f 3023//2423 3024//2423 3025//2423
f 3023//2423 3025//2423 3026//2423
f 3027//2424 3028//2424 3029//2424
f 3027//2424 3029//2424 3030//2424
f 3031//2425 3032//2425 3033//2425
f 3031//2425 3033//2425 3034//2425
f 3035//2426 3036//2426 3037//2426
f 3035//2426 3037//2426 3038//2426
f 3039//2427 3040//2427 3041//2427
f 3039//2427 3041//2427 3042//2427
f 3043//2428 3044//2428 3045//2428
f 3043//2428 3045//2428 3046//2428
f 3047//2429 3048//2429 3049//2429
f 3047//2429 3049//2429 3050//2429
f 3051//2430 3052//2430 3053//2430
f 3051//2430 3053//2430 3054//2430
f 3055//2431 3056//2431 3057//2431
f 3055//2431 3057//2431 3058//2431
f 3059//2432 3060//2432 3061//2432
f 3059//2432 3061//2432 3062//2432
f 3063//2433 3064//2433 3065//2433
f 3063//2433 3065//2433 3066//2433
f 3067//2434 3068//2434 3069//2434
f 3067//2434 3069//2434 3070//2434
f 3071//2435 3072//2435 3073//2435
f 3071//2435 3073//2435 3074//2435
f 3075//2436 3076//2436 3077//2436
f 3075//2436 3077//2436 3078//2436
f 3079//2437 3080//2437 3081//2437
f 3079//2437 3081//2437 3082//2437
f 3083//2438 3084//2438 3085//2438
f 3083//2438 3085//2438 3086//2438
f 3087//2439 3088//2439 3089//2439
f 3087//2439 3089//2439 3090//2439
f 3091//2440 3092//2440 3093//2440
f 3091//2440 3093//2440 3094//2440
f 3095//2441 3096//2441 3097//2441
f 3095//2441 3097//2441 3098//2441
f 3099//2442 3100//2442 3101//2442
f 3099//2442 3101//2442 3102//2442
f 3103//2443 3104//2443 3105//2443
f 3103//2443 3105//2443 3106//2443
f 3107//2444 3108//2444 3109//2444
f 3107//2444 3109//2444 3110//2444
f 3111//2445 3112//2445 3113//2445
f 3111//2445 3113//2445 3114//2445
f 3115//2446 3116//2446 3117//2446
f 3115//2446 3117//2446 3118//2446
f 3119//2447 3120//2447 3121//2447
f 3119//2447 3121//2447 3122//2447
f 3123//2448 3124//2448 3125//2448
f 3123//2448 3125//2448 3126//2448
f 3127//2449 3128//2449 3129//2449
f 3127//2449 3129//2449 3130//2449
f 3131//2450 3132//2450 3133//2450
f 3131//2450 3133//2450 3134//2450
f 3135//2451 3136//2451 3137//2451
f 3135//2451 3137//2451 3138//2451
f 3139//2452 3140//2452 3141//2452
f 3139//2452 3141//2452 3142//2452
f 3143//2453 3144//2453 3145//2453
f 3143//2453 3145//2453 3146//2453
f 3147//2454 3148//2454 3149//2454
f 3147//2454 3149//2454 3150//2454
f 3151//2455 3152//2455 3153//2455
f 3151//2455 3153//2455 3154//2455
f 3155//2456 3156//2456 3157//2456
f 3155//2456 3157//2456 3158//2456
f 3159//2457 3160//2457 3161//2457
f 3159//2457 3161//2457 3162//2457
f 3163//2458 3164//2458 3165//2458
f 3163//2458 3165//2458 3166//2458
f 3167//2459 3168//2459 3169//2459
f 3167//2459 3169//2459 3170//2459
f 3171//2460 3172//2460 3173//2460
f 3171//2460 3173//2460 3174//2460
f 3175//2461 3176//2461 3177//2461
f 3175//2461 3177//2461 3178//2461
f 3179//2462 3180//2462 3181//2462
f 3179//2462 3181//2462 3182//2462
f 3183//2463 3184//2463 3185//2463
f 3183//2463 3185//2463 3186//2463
f 3187//2464 3188//2464 3189//2464
f 3187//2464 3189//2464 3190//2464
f 3191//2465 3192//2465 3193//2465
f 3191//2465 3193//2465 3194//2465
f 3195//2466 3196//2466 3197//2466
f 3195//2466 3197//2466 3198//2466
f 3199//2467 3200//2467 3201//2467
f 3199//2467 3201//2467 3202//2467
f 3203//2468 3204//2468 3205//2468
f 3203//2468 3205//2468 3206//2468
f 3207//2469 3208//2469 3209//2469
f 3207//2469 3209//2469 3210//2469
f 3211//2470 3212//2470 3213//2470
f 3211//2470 3213//2470 3214//2470
f 3215//2471 3216//2471 3217//2471
f 3215//2471 3217//2471 3218//2471
f 3219//2472 3220//2472 3221//2472
f 3219//2472 3221//2472 3222//2472
f 3223//2473 3224//2473 3225//2473
f 3223//2473 3225//2473 3226//2473
f 3227//2474 3228//2474 3229//2474
f 3227//2474 3229//2474 3230//2474
f 3231//2475 3232//2475 3233//2475
f 3231//2475 3233//2475 3234//2475
f 3235//2476 3236//2476 3237//2476
f 3235//2476 3237//2476 3238//2476
f 3239//2477 3240//2477 3241//2477
f 3239//2477 3241//2477 3242//2477
f 3243//2478 3244//2478 3245//2478
f 3243//2478 3245//2478 3246//2478
f 3247//2479 3248//2479 3249//2479
f 3247//2479 3249//2479 3250//2479
f 3251//2480 3252//2480 3253//2480
f 3251//2480 3253//2480 3254//2480
f 3255//2481 3256//2481 3257//2481
f 3255//2481 3257//2481 3258//2481
f 3259//2482 3260//2482 3261//2482
f 3259//2482 3261//2482 3262//2482
f 3263//2483 3264//2483 3265//2483
f 3263//2483 3265//2483 3266//2483
f 3267//2484 3268//2484 3269//2484
f 3267//2484 3269//2484 3270//2484
f 3271//2485 3272//2485 3273//2485
f 3271//2485 3273//2485 3274//2485
f 3275//2486 3276//2486 3277//2486
f 3275//2486 3277//2486 3278//2486
f 3279//2487 3280//2487 3281//2487
f 3279//2487 3281//2487 3282//2487
f 3283//2488 3284//2488 3285//2488
f 3283//2488 3285//2488 3286//2488
f 3287//2489 3288//2489 3289//2489
f 3287//2489 3289//2489 3290//2489
f 3291//2490 3292//2490 3293//2490
f 3291//2490 3293//2490 3294//2490
f 3295//2491 3296//2491 3297//2491
f 3295//2491 3297//2491 3298//2491
f 3299//2492 3300//2492 3301//2492
f 3299//2492 3301//2492 3302//2492
f 3303//2493 3304//2493 3305//2493
f 3303//2493 3305//2493 3306//2493
f 3307//2494 3308//2494 3309//2494
f 3307//2494 3309//2494 3310//2494
f 3311//2495 3312//2495 3313//2495
f 3311//2495 3313//2495 3314//2495
f 3315//2496 3316//2496 3317//2496
f 3315//2496 3317//2496 3318//2496
f 3319//2497 3320//2497 3321//2497
f 3319//2497 3321//2497 3322//2497
f 3323//2498 3324//2498 3325//2498
f 3323//2498 3325//2498 3326//2498
f 3327//2499 3328//2499 3329//2499
f 3327//2499 3329//2499 3330//2499
f 3331//2500 3332//2500 3333//2500
f 3331//2500 3333//2500 3334//2500
f 3335//2501 3336//2501 3337//2501
f 3335//2501 3337//2501 3338//2501
f 3339//2502 3340//2502 3341//2502
f 3339//2502 3341//2502 3342//2502
f 3343//2503 3344//2503 3345//2503
f 3343//2503 3345//2503 3346//2503
f 3347//2504 3348//2504 3349//2504
f 3347//2504 3349//2504 3350//2504
f 3351//2505 3352//2505 3353//2505
f 3351//2505 3353//2505 3354//2505
f 3355//2506 3356//2506 3357//2506
f 3355//2506 3357//2506 3358//2506
f 3359//2507 3360//2507 3361//2507
f 3359//2507 3361//2507 3362//2507
f 3363//2508 3364//2508 3365//2508
f 3363//2508 3365//2508 3366//2508
f 3367//2509 3368//2509 3369//2509
f 3367//2509 3369//2509 3370//2509
f 3371//2510 3372//2510 3373//2510
f 3371//2510 3373//2510 3374//2510
f 3375//2511 3390//2526 3389//2525
f 3376//2512 3391//2527 3390//2526
f 3377//2513 3392//2528 3391//2527
f 3378//2514 3393//2529 3392//2528
f 3379//2515 3394//2530 3393//2529
f 3380//2516 3395//2531 3394//2530
f 3381//2517 3396//2532 3395//2531
f 3382//2518 3397//2533 3396//2532
f 3383//2519 3398//2534 3397//2533
f 3384//2520 3399//2535 3398//2534
f 3385//2521 3400//2536 3399//2535
f 3386//2522 3401//2537 3400//2536
f 3387//2523 3402//2538 3401//2537
f 3388//2524 3389//2525 3402//2538
f 3389//2525 3390//2526 3404//2540
f 3389//2525 3404//2540 3403//2539
f 3390//2526 3391//2527 3405//2541
f 3390//2526 3405//2541 3404//2540
f 3391//2527 3392//2528 3406//2542
f 3391//2527 3406//2542 3405//2541
f 3392//2528 3393//2529 3407//2543
f 3392//2528 3407//2543 3406//2542
f 3393//2529 3394//2530 3408//2544
f 3393//2529 3408//2544 3407//2543
f 3394//2530 3395//2531 3409//2545
f 3394//2530 3409//2545 3408//2544
f 3395//2531 3396//2532 3410//2546
f 3395//2531 3410//2546 3409//2545
f 3396//2532 3397//2533 3411//2547
f 3396//2532 3411//2547 3410//2546
f 3397//2533 3398//2534 3412//2548
f 3397//2533 3412//2548 3411//2547
f 3398//2534 3399//2535 3413//2549
f 3398//2534 3413//2549 3412//2548
f 3399//2535 3400//2536 3414//2550
f 3399//2535 3414//2550 3413//2549
f 3400//2536 3401//2537 3415//2551
f 3400//2536 3415//2551 3414//2550
f 3401//2537 3402//2538 3416//2552
f 3401//2537 3416//2552 3415//2551
f 3402//2538 3389//2525 3403//2539
f 3402//2538 3403//2539 3416//2552
f 3403//2539 3404//2540 3418//2554
f 3403//2539 3418//2554 3417//2553
f 3404//2540 3405//2541 3419//2555
f 3404//2540 3419//2555 3418//2554
f 3405//2541 3406//2542 3420//2556
f 3405//2541 3420//2556 3419//2555
f 3406//2542 3407//2543 3421//2557
f 3406//2542 3421//2557 3420//2556
f 3407//2543 3408//2544 3422//2558
f 3407//2543 3422//2558 3421//2557
f 3408//2544 3409//2545 3423//2559
f 3408//2544 3423//2559 3422//2558
f 3409//2545 3410//2546 3424//2560
f 3409//2545 3424//2560 3423//2559
f 3410//2546 3411//2547 3425//2561
f 3410//2546 3425//2561 3424//2560
f 3411//2547 3412//2548 3426//2562
f 3411//2547 3426//2562 3425//2561
f 3412//2548 3413//2549 3427//2563
f 3412//2548 3427//2563 3426//2562
f 3413//2549 3414//2550 3428//2564
f 3413//2549 3428//2564 3427//2563
f 3414//2550 3415//2551 3429//2565
f 3414//2550 3429//2565 3428//2564
f 3415//2551 3416//2552 3430//2566
f 3415//2551 3430//2566 3429//2565
f 3416//2552 3403//2539 3417//2553
f 3416//2552 3417//2553 3430//2566
f 3417//2553 3418//2554 3432//2568
f 3417//2553 3432//2568 3431//2567
f 3418//2554 3419//2555 3433//2569
f 3418//2554 3433//2569 3432//2568
f 3419//2555 3420//2556 3434//2570
f 3419//2555 3434//2570 3433//2569
f 3420//2556 3421//2557 3435//2571
f 3420//2556 3435//2571 3434//2570
f 3421//2557 3422//2558 3436//2572
f 3421//2557 3436//2572 3435//2571
f 3422//2558 3423//2559 3437//2573
f 3422//2558 3437//2573 3436//2572
f 3423//2559 3424//2560 3438//2574
f 3423//2559 3438//2574 3437//2573
f 3424//2560 3425//2561 3439//2575
f 3424//2560 3439//2575 3438//2574
f 3425//2561 3426//2562 3440//2576
f 3425//2561 3440//2576 3439//2575
f 3426//2562 3427//2563 3441//2577
f 3426//2562 3441//2577 3440//2576
f 3427//2563 3428//2564 3442//2578
f 3427//2563 3442//2578 3441//2577
f 3428//2564 3429//2565 3443//2579
f 3428//2564 3443//2579 3442//2578
f 3429//2565 3430//2566 3444//2580
f 3429//2565 3444//2580 3443//2579
f 3430//2566 3417//2553 3431//2567
f 3430//2566 3431//2567 3444//2580
f 3431//2567 3432//2568 3446//2582
f 3431//2567 3446//2582 3445//2581
f 3432//2568 3433//2569 3447//2583
f 3432//2568 3447//2583 3446//2582
f 3433//2569 3434//2570 3448//2584
f 3433//2569 3448//2584 3447//2583
f 3434//2570 3435//2571 3449//2585
f 3434//2570 3449//2585 3448//2584
f 3435//2571 3436//2572 3450//2586
f 3435//2571 3450//2586 3449//2585
f 3436//2572 3437//2573 3451//2587
f 3436//2572 3451//2587 3450//2586
f 3437//2573 3438//2574 3452//2588
f 3437//2573 3452//2588 3451//2587
f 3438//2574 3439//2575 3453//2589
f 3438//2574 3453//2589 3452//2588
f 3439//2575 3440//2576 3454//2590
f 3439//2575 3454//2590 3453//2589
f 3440//2576 3441//2577 3455//2591
f 3440//2576 3455//2591 3454//2590
f 3441//2577 3442//2578 3456//2592
f 3441//2577 3456//2592 3455//2591
f 3442//2578 3443//2579 3457//2593
f 3442//2578 3457//2593 3456//2592
f 3443//2579 3444//2580 3458//2594
f 3443//2579 3458//2594 3457//2593
f 3444//2580 3431//2567 3445//2581
f 3444//2580 3445//2581 3458//2594
f 3445//2581 3446//2582 3460//2596
f 3445//2581 3460//2596 3459//2595
f 3446//2582 3447//2583 3461//2597
f 3446//2582 3461//2597 3460//2596
f 3447//2583 3448//2584 3462//2598
f 3447//2583 3462//2598 3461//2597
f 3448//2584 3449//2585 3463//2599
f 3448//2584 3463//2599 3462//2598
f 3449//2585 3450//2586 3464//2600
f 3449//2585 3464//2600 3463//2599
f 3450//2586 3451//2587 3465//2601
f 3450//2586 3465//2601 3464//2600
f 3451//2587 3452//2588 3466//2602
f 3451//2587 3466//2602 3465//2601
f 3452//2588 3453//2589 3467//2603
f 3452//2588 3467//2603 3466//2602
f 3453//2589 3454//2590 3468//2604
f 3453//2589 3468//2604 3467//2603
f 3454//2590 3455//2591 3469//2605
f 3454//2590 3469//2605 3468//2604
f 3455//2591 3456//2592 3470//2606
f 3455//2591 3470//2606 3469//2605
f 3456//2592 3457//2593 3471//2607
f 3456//2592 3471//2607 3470//2606
f 3457//2593 3458//2594 3472//2608
f 3457//2593 3472//2608 3471//2607
f 3458//2594 3445//2581 3459//2595
f 3458//2594 3459//2595 3472//2608
f 3459//2595 3460//2596 3474//2610
f 3459//2595 3474//2610 3473//2609
f 3460//2596 3461//2597 3475//2611
f 3460//2596 3475//2611 3474//2610
f 3461//2597 3462//2598 3476//2612
f 3461//2597 3476//2612 3475//2611
f 3462//2598 3463//2599 3477//2613
f 3462//2598 3477//2613 3476//2612
f 3463//2599 3464//2600 3478//2614
f 3463//2599 3478//2614 3477//2613
f 3464//2600 3465//2601 3479//2615
f 3464//2600 3479//2615 3478//2614
f 3465//2601 3466//2602 3480//2616
f 3465//2601 3480//2616 3479//2615
f 3466//2602 3467//2603 3481//2617
f 3466//2602 3481//2617 3480//2616
f 3467//2603 3468//2604 3482//2618
f 3467//2603 3482//2618 3481//2617
f 3468//2604 3469//2605 3483//2619
f 3468//2604 3483//2619 3482//2618
f 3469//2605 3470//2606 3484//2620
f 3469//2605 3484//2620 3483//2619
f 3470//2606 3471//2607 3485//2621
f 3470//2606 3485//2621 3484//2620
f 3471//2607 3472//2608 3486//2622
f 3471//2607 3486//2622 3485//2621
f 3472//2608 3459//2595 3473//2609
f 3472//2608 3473//2609 3486//2622
f 3473//2609 3474//2610 3488//2624
f 3473//2609 3488//2624 3487//2623
f 3474//2610 3475//2611 3489//2625
f 3474//2610 3489//2625 3488//2624
f 3475//2611 3476//2612 3490//2626
f 3475//2611 3490//2626 3489//2625
f 3476//2612 3477//2613 3491//2627
f 3476//2612 3491//2627 3490//2626
f 3477//2613 3478//2614 3492//2628
f 3477//2613 3492//2628 3491//2627
f 3478//2614 3479//2615 3493//2629
f 3478//2614 3493//2629 3492//2628
f 3479//2615 3480//2616 3494//2630
f 3479//2615 3494//2630 3493//2629
f 3480//2616 3481//2617 3495//2631
f 3480//2616 3495//2631 3494//2630
f 3481//2617 3482//2618 3496//2632
f 3481//2617 3496//2632 3495//2631
f 3482//2618 3483//2619 3497//2633
f 3482//2618 3497//2633 3496//2632
f 3483//2619 3484//2620 3498//2634
f 3483//2619 3498//2634 3497//2633
f 3484//2620 3485//2621 3499//2635
f 3484//2620 3499//2635 3498//2634
f 3485//2621 3486//2622 3500//2636
f 3485//2621 3500//2636 3499//2635
f 3486//2622 3473//2609 3487//2623
f 3486//2622 3487//2623 3500//2636
f 3487//2623 3488//2624 3502//2638
f 3487//2623 3502//2638 3501//2637
f 3488//2624 3489//2625 3503//2639
f 3488//2624 3503//2639 3502//2638
f 3489//2625 3490//2626 3504//2640
f 3489//2625 3504//2640 3503//2639
f 3490//2626 3491//2627 3505//2641
f 3490//2626 3505//2641 3504//2640
f 3491//2627 3492//2628 3506//2642
f 3491//2627 3506//2642 3505//2641
f 3492//2628 3493//2629 3507//2643
f 3492//2628 3507//2643 3506//2642
f 3493//2629 3494//2630 3508//2644
f 3493//2629 3508//2644 3507//2643
f 3494//2630 3495//2631 3509//2645
f 3494//2630 3509//2645 3508//2644
f 3495//2631 3496//2632 3510//2646
f 3495//2631 3510//2646 3509//2645
f 3496//2632 3497//2633 3511//2647
f 3496//2632 3511//2647 3510//2646
f 3497//2633 3498//2634 3512//2648
f 3497//2633 3512//2648 3511//2647
f 3498//2634 3499//2635 3513//2649
f 3498//2634 3513//2649 3512//2648
f 3499//2635 3500//2636 3514//2650
f 3499//2635 3514//2650 3513//2649
f 3500//2636 3487//2623 3501//2637
f 3500//2636 3501//2637 3514//2650
f 3501//2637 3502//2638 3516//2652
f 3502//2638 3503//2639 3517//2653
f 3503//2639 3504//2640 3518//2654
f 3504//2640 3505//2641 3519//2655
f 3505//2641 3506//2642 3520//2656
f 3506//2642 3507//2643 3521//2657
f 3507//2643 3508//2644 3522//2658
f 3508//2644 3509//2645 3523//2659
f 3509//2645 3510//2646 3524//2660
f 3510//2646 3511//2647 3525//2661
f 3511//2647 3512//2648 3526//2662
f 3512//2648 3513//2649 3527//2663
f 3513//2649 3514//2650 3528//2664
f 3514//2650 3501//2637 3515//2651
f 3529//2665 3530//2665 3531//2665
f 3529//2665 3531//2665 3532//2665
f 3533//2666 3534//2666 3535//2666
f 3533//2666 3535//2666 3536//2666
f 3537//2667 3538//2667 3539//2667
f 3537//2667 3539//2667 3540//2667
f 3541//2668 3542//2668 3543//2668
f 3541//2668 3543//2668 3544//2668
f 3545//2669 3546//2669 3547//2669
f 3545//2669 3547//2669 3548//2669
f 3549//2670 3550//2670 3551//2670
f 3549//2670 3551//2670 3552//2670
f 3553//2671 3554//2671 3555//2671
f 3553//2671 3555//2671 3556//2671
f 3557//2672 3558//2672 3559//2672
f 3557//2672 3559//2672 3560//2672
f 3561//2673 3562//2673 3563//2673
f 3561//2673 3563//2673 3564//2673
f 3565//2674 3566//2674 3567//2674
f 3565//2674 3567//2674 3568//2674
f 3569//2675 3570//2675 3571//2675
f 3569//2675 3571//2675 3572//2675
f 3573//2676 3574//2676 3575//2676
f 3573//2676 3575//2676 3576//2676
f 3577//2677 3578//2677 3579//2677
f 3577//2677 3579//2677 3580//2677
f 3581//2678 3582//2678 3583//2678
f 3581//2678 3583//2678 3584//2678
f 3585//2679 3586//2679 3587//2679
f 3585//2679 3587//2679 3588//2679
f 3589//2680 3590//2680 3591//2680
f 3589//2680 3591//2680 3592//2680
f 3593//2681 3594//2681 3595//2681
f 3593//2681 3595//2681 3596//2681
f 3597//2682 3598//2682 3599//2682
f 3597//2682 3599//2682 3600//2682
f 3601//2683 3602//2683 3603//2683
f 3601//2683 3603//2683 3604//2683
f 3605//2684 3606//2684 3607//2684
f 3605//2684 3607//2684 3608//2684
f 3609//2685 3610//2685 3611//2685
f 3609//2685 3611//2685 3612//2685
f 3613//2686 3614//2686 3615//2686
f 3613//2686 3615//2686 3616//2686
f 3617//2687 3618//2687 3619//2687
f 3617//2687 3619//2687 3620//2687
f 3621//2688 3622//2688 3623//2688
f 3621//2688 3623//2688 3624//2688
f 3625//2689 3626//2689 3627//2689
f 3625//2689 3627//2689 3628//2689
f 3629//2690 3630//2690 3631//2690
f 3629//2690 3631//2690 3632//2690
f 3633//2691 3634//2691 3635//2691
f 3633//2691 3635//2691 3636//2691
f 3637//2692 3638//2692 3639//2692
f 3637//2692 3639//2692 3640//2692
f 3641//2693 3642//2693 3643//2693
f 3641//2693 3643//2693 3644//2693
f 3645//2694 3646//2694 3647//2694
f 3645//2694 3647//2694 3648//2694
f 3649//2695 3650//2695 3651//2695
f 3649//2695 3651//2695 3652//2695
f 3653//2696 3654//2696 3655//2696
f 3653//2696 3655//2696 3656//2696
f 3657//2697 3658//2697 3659//2697
f 3657//2697 3659//2697 3660//2697
f 3661//2698 3662//2698 3663//2698
f 3661//2698 3663//2698 3664//2698
f 3665//2699 3666//2699 3667//2699
f 3665//2699 3667//2699 3668//2699
f 3669//2700 3670//2700 3671//2700
f 3669//2700 3671//2700 3672//2700
f 3673//2701 3674//2701 3675//2701
f 3673//2701 3675//2701 3676//2701
f 3677//2702 3678//2702 3679//2702
f 3677//2702 3679//2702 3680//2702
f 3681//2703 3682//2703 3683//2703
f 3681//2703 3683//2703 3684//2703
f 3685//2704 3686//2704 3687//2704
f 3685//2704 3687//2704 3688//2704
f 3689//2705 3690//2705 3691//2705
f 3689//2705 3691//2705 3692//2705
f 3693//2706 3694//2706 3695//2706
f 3693//2706 3695//2706 3696//2706
f 3697//2707 3698//2707 3699//2707
f 3697//2707 3699//2707 3700//2707
f 3701//2708 3702//2708 3703//2708
f 3701//2708 3703//2708 3704//2708
f 3705//2709 3706//2709 3707//2709
f 3705//2709 3707//2709 3708//2709
f 3709//2710 3710//2710 3711//2710
f 3709//2710 3711//2710 3712//2710
f 3713//2711 3714//2711 3715//2711
f 3713//2711 3715//2711 3716//2711
f 3717//2712 3718//2712 3719//2712
f 3717//2712 3719//2712 3720//2712
f 3721//2713 3722//2713 3723//2713
f 3721//2713 3723//2713 3724//2713
f 3725//2714 3726//2714 3727//2714
f 3725//2714 3727//2714 3728//2714
f 3729//2715 3730//2715 3731//2715
f 3729//2715 3731//2715 3732//2715
f 3733//2716 3734//2716 3735//2716
f 3733//2716 3735//2716 3736//2716
f 3737//2717 3738//2717 3739//2717
f 3737//2717 3739//2717 3740//2717
f 3741//2718 3742//2718 3743//2718
f 3741//2718 3743//2718 3744//2718
f 3745//2719 3746//2719 3747//2719
f 3745//2719 3747//2719 3748//2719
f 3749//2720 3750//2720 3751//2720
f 3749//2720 3751//2720 3752//2720
f 3753//2721 3754//2721 3755//2721
f 3753//2721 3755//2721 3756//2721
f 3757//2722 3758//2722 3759//2722
f 3757//2722 3759//2722 3760//2722
f 3761//2723 3762//2723 3763//2723
f 3761//2723 3763//2723 3764//2723
f 3765//2724 3766//2724 3767//2724
f 3765//2724 3767//2724 3768//2724
f 3769//2725 3770//2725 3771//2725
f 3769//2725 3771//2725 3772//2725
f 3773//2726 3774//2726 3775//2726
f 3773//2726 3775//2726 3776//2726
f 3777//2727 3778//2727 3779//2727
f 3777//2727 3779//2727 3780//2727
f 3781//2728 3782//2728 3783//2728
f 3781//2728 3783//2728 3784//2728
f 3785//2729 3786//2729 3787//2729
f 3785//2729 3787//2729 3788//2729
f 3789//2730 3790//2730 3791//2730
f 3789//2730 3791//2730 3792//2730
f 3793//2731 3808//2746 3807//2745
f 3794//2732 3809//2747 3808//2746
f 3795//2733 3810//2748 3809//2747
f 3796//2734 3811//2749 3810//2748
f 3797//2735 3812//2750 3811//2749
f 3798//2736 3813//2751 3812//2750
f 3799//2737 3814//2752 3813//2751
f 3800//2738 3815//2753 3814//2752
f 3801//2739 3816//2754 3815//2753
f 3802//2740 3817//2755 3816//2754
f 3803//2741 3818//2756 3817//2755
f 3804//2742 3819//2757 3818//2756
f 3805//2743 3820//2758 3819//2757
f 3806//2744 3807//2745 3820//2758
f 3807//2745 3808//2746 3822//2760
f 3807//2745 3822//2760 3821//2759
f 3808//2746 3809//2747 3823//2761
f 3808//2746 3823//2761 3822//2760
f 3809//2747 3810//2748 3824//2762
f 3809//2747 3824//2762 3823//2761
f 3810//2748 3811//2749 3825//2763
f 3810//2748 3825//2763 3824//2762
f 3811//2749 3812//2750 3826//2764
f 3811//2749 3826//2764 3825//2763
f 3812//2750 3813//2751 3827//2765
f 3812//2750 3827//2765 3826//2764
f 3813//2751 3814//2752 3828//2766
f 3813//2751 3828//2766 3827//2765
f 3814//2752 3815//2753 3829//2767
f 3814//2752 3829//2767 3828//2766
f 3815//2753 3816//2754 3830//2768
f 3815//2753 3830//2768 3829//2767
f 3816//2754 3817//2755 3831//2769
f 3816//2754 3831//2769 3830//2768
f 3817//2755 3818//2756 3832//2770
f 3817//2755 3832//2770 3831//2769
f 3818//2756 3819//2757 3833//2771
f 3818//2756 3833//2771 3832//2770
f 3819//2757 3820//2758 3834//2772
f 3819//2757 3834//2772 3833//2771
f 3820//2758 3807//2745 3821//2759
f 3820//2758 3821//2759 3834//2772
f 3821//2759 3822//2760 3836//2774
f 3821//2759 3836//2774 3835//2773
f 3822//2760 3823//2761 3837//2775
f 3822//2760 3837//2775 3836//2774
f 3823//2761 3824//2762 3838//2776
f 3823//2761 3838//2776 3837//2775
f 3824//2762 3825//2763 3839//2777
f 3824//2762 3839//2777 3838//2776
f 3825//2763 3826//2764 3840//2778
f 3825//2763 3840//2778 3839//2777
f 3826//2764 3827//2765 3841//2779
f 3826//2764 3841//2779 3840//2778
f 3827//2765 3828//2766 3842//2780
f 3827//2765 3842//2780 3841//2779
f 3828//2766 3829//2767 3843//2781
f 3828//2766 3843//2781 3842//2780
f 3829//2767 3830//2768 3844//2782
f 3829//2767 3844//2782 3843//2781
f 3830//2768 3831//2769 3845//2783
f 3830//2768 3845//2783 3844//2782
f 3831//2769 3832//2770 3846//2784
f 3831//2769 3846//2784 3845//2783
f 3832//2770 3833//2771 3847//2785
f 3832//2770 3847//2785 3846//2784
f 3833//2771 3834//2772 3848//2786
f 3833//2771 3848//2786 3847//2785
f 3834//2772 3821//2759 3835//2773
f 3834//2772 3835//2773 3848//2786
f 3835//2773 3836//2774 3850//2788
f 3835//2773 3850//2788 3849//2787
f 3836//2774 3837//2775 3851//2789
f 3836//2774 3851//2789 3850//2788
f 3837//2775 3838//2776 3852//2790
f 3837//2775 3852//2790 3851//2789
f 3838//2776 3839//2777 3853//2791
f 3838//2776 3853//2791 3852//2790
f 3839//2777 3840//2778 3854//2792
f 3839//2777 3854//2792 3853//2791
f 3840//2778 3841//2779 3855//2793
f 3840//2778 3855//2793 3854//2792
f 3841//2779 3842//2780 3856//2794
f 3841//2779 3856//2794 3855//2793
f 3842//2780 3843//2781 3857//2795
f 3842//2780 3857//2795 3856//2794
f 3843//2781 3844//2782 3858//2796
f 3843//2781 3858//2796 3857//2795
f 3844//2782 3845//2783 3859//2797
f 3844//2782 3859//2797 3858//2796
f 3845//2783 3846//2784 3860//2798
f 3845//2783 3860//2798 3859//2797
f 3846//2784 3847//2785 3861//2799
f 3846//2784 3861//2799 3860//2798
f 3847//2785 3848//2786 3862//2800
f 3847//2785 3862//2800 3861//2799
f 3848//2786 3835//2773 3849//2787
f 3848//2786 3849//2787 3862//2800
f 3849//2787 3850//2788 3864//2802
f 3849//2787 3864//2802 3863//2801
f 3850//2788 3851//2789 3865//2803
f 3850//2788 3865//2803 3864//2802
f 3851//2789 3852//2790 3866//2804
f 3851//2789 3866//2804 3865//2803
f 3852//2790 3853//2791 3867//2805
f 3852//2790 3867//2805 3866//2804
f 3853//2791 3854//2792 3868//2806
f 3853//2791 3868//2806 3867//2805
f 3854//2792 3855//2793 3869//2807
f 3854//2792 3869//2807 3868//2806
f 3855//2793 3856//2794 3870//2808
f 3855//2793 3870//2808 3869//2807
f 3856//2794 3857//2795 3871//2809
f 3856//2794 3871//2809 3870//2808
f 3857//2795 3858//2796 3872//2810
f 3857//2795 3872//2810 3871//2809
f 3858//2796 3859//2797 3873//2811
f 3858//2796 3873//2811 3872//2810
f 3859//2797 3860//2798 3874//2812
f 3859//2797 3874//2812 3873//2811
f 3860//2798 3861//2799 3875//2813
f 3860//2798 3875//2813 3874//2812
f 3861//2799 3862//2800 3876//2814
f 3861//2799 3876//2814 3875//2813
f 3862//2800 3849//2787 3863//2801
f 3862//2800 3863//2801 3876//2814
f 3863//2801 3864//2802 3878//2816
f 3863//2801 3878//2816 3877//2815
f 3864//2802 3865//2803 3879//2817
f 3864//2802 3879//2817 3878//2816
f 3865//2803 3866//2804 3880//2818
f 3865//2803 3880//2818 3879//2817
f 3866//2804 3867//2805 3881//2819
f 3866//2804 3881//2819 3880//2818
f 3867//2805 3868//2806 3882//2820
f 3867//2805 3882//2820 3881//2819
f 3868//2806 3869//2807 3883//2821
f 3868//2806 3883//2821 3882//2820
f 3869//2807 3870//2808 3884//2822
f 3869//2807 3884//2822 3883//2821
f 3870//2808 3871//2809 3885//2823
f 3870//2808 3885//2823 3884//2822
f 3871//2809 3872//2810 3886//2824
f 3871//2809 3886//2824 3885//2823
f 3872//2810 3873//2811 3887//2825
f 3872//2810 3887//2825 3886//2824
f 3873//2811 3874//2812 3888//2826
f 3873//2811 3888//2826 3887//2825
f 3874//2812 3875//2813 3889//2827
f 3874//2812 3889//2827 3888//2826
f 3875//2813 3876//2814 3890//2828
f 3875//2813 3890//2828 3889//2827
f 3876//2814 3863//2801 3877//2815
f 3876//2814 3877//2815 3890//2828
f 3877//2815 3878//2816 3892//2830
f 3877//2815 3892//2830 3891//2829
f 3878//2816 3879//2817 3893//2831
f 3878//2816 3893//2831 3892//2830
f 3879//2817 3880//2818 3894//2832
f 3879//2817 3894//2832 3893//2831
f 3880//2818 3881//2819 3895//2833
f 3880//2818 3895//2833 3894//2832
f 3881//2819 3882//2820 3896//2834
f 3881//2819 3896//2834 3895//2833
f 3882//2820 3883//2821 3897//2835
f 3882//2820 3897//2835 3896//2834
f 3883//2821 3884//2822 3898//2836
f 3883//2821 3898//2836 3897//2835
f 3884//2822 3885//2823 3899//2837
f 3884//2822 3899//2837 3898//2836
f 3885//2823 3886//2824 3900//2838
f 3885//2823 3900//2838 3899//2837
f 3886//2824 3887//2825 3901//2839
f 3886//2824 3901//2839 3900//2838
f 3887//2825 3888//2826 3902//2840
f 3887//2825 3902//2840 3901//2839
f 3888//2826 3889//2827 3903//2841
f 3888//2826 3903//2841 3902//2840
f 3889//2827 3890//2828 3904//2842
f 3889//2827 3904//2842 3903//2841
f 3890//2828 3877//2815 3891//2829
f 3890//2828 3891//2829 3904//2842
f 3891//2829 3892//2830 3906//2844
f 3891//2829 3906//2844 3905//2843
f 3892//2830 3893//2831 3907//2845
f 3892//2830 3907//2845 3906//2844
f 3893//2831 3894//2832 3908//2846
f 3893//2831 3908//2846 3907//2845
f 3894//2832 3895//2833 3909//2847
f 3894//2832 3909//2847 3908//2846
f 3895//2833 3896//2834 3910//2848
f 3895//2833 3910//2848 3909//2847
f 3896//2834 3897//2835 3911//2849
f 3896//2834 3911//2849 3910//2848
f 3897//2835 3898//2836 3912//2850
f 3897//2835 3912//2850 3911//2849
f 3898//2836 3899//2837 3913//2851
f 3898//2836 3913//2851 3912//2850
f 3899//2837 3900//2838 3914//2852
f 3899//2837 3914//2852 3913//2851
f 3900//2838 3901//2839 3915//2853
f 3900//2838 3915//2853 3914//2852
f 3901//2839 3902//2840 3916//2854
f 3901//2839 3916//2854 3915//2853
f 3902//2840 3903//2841 3917//2855
f 3902//2840 3917//2855 3916//2854
f 3903//2841 3904//2842 3918//2856
f 3903//2841 3918//2856 3917//2855
f 3904//2842 3891//2829 3905//2843
f 3904//2842 3905//2843 3918//2856
f 3905//2843 3906//2844 3920//2858
f 3905//2843 3920//2858 3919//2857
f 3906//2844 3907//2845 3921//2859
f 3906//2844 3921//2859 3920//2858
f 3907//2845 3908//2846 3922//2860
f 3907//2845 3922//2860 3921//2859
f 3908//2846 3909//2847 3923//2861
f 3908//2846 3923//2861 3922//2860
f 3909//2847 3910//2848 3924//2862
f 3909//2847 3924//2862 3923//2861
f 3910//2848 3911//2849 3925//2863
f 3910//2848 3925//2863 3924//2862
f 3911//2849 3912//2850 3926//2864
f 3911//2849 3926//2864 3925//2863
f 3912//2850 3913//2851 3927//2865
f 3912//2850 3927//2865 3926//2864
f 3913//2851 3914//2852 3928//2866
f 3913//2851 3928//2866 3927//2865
f 3914//2852 3915//2853 3929//2867
f 3914//2852 3929//2867 3928//2866
f 3915//2853 3916//2854 3930//2868
f 3915//2853 3930//2868 3929//2867
f 3916//2854 3917//2855 3931//2869
f 3916//2854 3931//2869 3930//2868
f 3917//2855 3918//2856 3932//2870
f 3917//2855 3932//2870 3931//2869
f 3918//2856 3905//2843 3919//2857
f 3918//2856 3919//2857 3932//2870
f 3919//2857 3920//2858 3934//2872
f 3920//2858 3921//2859 3935//2873
f 3921//2859 3922//2860 3936//2874
f 3922//2860 3923//2861 3937//2875
f 3923//2861 3924//2862 3938//2876
f 3924//2862 3925//2863 3939//2877
f 3925//2863 3926//2864 3940//2878
f 3926//2864 3927//2865 3941//2879
f 3927//2865 3928//2866 3942//2880
f 3928//2866 3929//2867 3943//2881
f 3929//2867 3930//2868 3944//2882
f 3930//2868 3931//2869 3945//2883
f 3931//2869 3932//2870 3946//2884
f 3932//2870 3919//2857 3933//2871
f 3947//2885 3948//2885 3949//2885
f 3947//2885 3949//2885 3950//2885
f 3951//2886 3952//2886 3953//2886
f 3951//2886 3953//2886 3954//2886
f 3955//2887 3956//2887 3957//2887
f 3955//2887 3957//2887 3958//2887
f 3959//2888 3960//2888 3961//2888
f 3959//2888 3961//2888 3962//2888
f 3963//2889 3964//2889 3965//2889
f 3963//2889 3965//2889 3966//2889
f 3967//2890 3968//2890 3969//2890
f 3967//2890 3969//2890 3970//2890
f 3971//2891 3972//2891 3973//2891
f 3971//2891 3973//2891 3974//2891
f 3975//2892 3976//2892 3977//2892
f 3975//2892 3977//2892 3978//2892
f 3979//2893 3980//2893 3981//2893
f 3979//2893 3981//2893 3982//2893
f 3983//2894 3984//2894 3985//2894
f 3983//2894 3985//2894 3986//2894
f 3987//2895 3988//2895 3989//2895
f 3987//2895 3989//2895 3990//2895
f 3991//2896 3992//2896 3993//2896
f 3991//2896 3993//2896 3994//2896
f 3995//2897 3996//2897 3997//2897
f 3995//2897 3997//2897 3998//2897
f 3999//2898 4000//2898 4001//2898
f 3999//2898 4001//2898 4002//2898
f 4003//2899 4004//2899 4005//2899
f 4003//2899 4005//2899 4006//2899
f 4007//2900 4008//2900 4009//2900
f 4007//2900 4009//2900 4010//2900
f 4011//2901 4012//2901 4013//2901
f 4011//2901 4013//2901 4014//2901
f 4015//2902 4016//2902 4017//2902
f 4015//2902 4017//2902 4018//2902
f 4019//2903 4020//2903 4021//2903
f 4019//2903 4021//2903 4022//2903
f 4023//2904 4024//2904 4025//2904
f 4023//2904 4025//2904 4026//2904
f 4027//2905 4028//2905 4029//2905
f 4027//2905 4029//2905 4030//2905
f 4031//2906 4032//2906 4033//2906
f 4031//2906 4033//2906 4034//2906
f 4035//2907 4036//2907 4037//2907
f 4035//2907 4037//2907 4038//2907
f 4039//2908 4040//2908 4041//2908
f 4039//2908 4041//2908 4042//2908
f 4043//2909 4044//2909 4045//2909
f 4043//2909 4045//2909 4046//2909
f 4047//2910 4048//2910 4049//2910
f 4047//2910 4049//2910 4050//2910
f 4051//2911 4052//2911 4053//2911
f 4051//2911 4053//2911 4054//2911
f 4055//2912 4056//2912 4057//2912
f 4055//2912 4057//2912 4058//2912
f 4059//2913 4060//2913 4061//2913
f 4059//2913 4061//2913 4062//2913
f 4063//2914 4064//2914 4065//2914
f 4063//2914 4065//2914 4066//2914
f 4067//2915 4068//2915 4069//2915
f 4067//2915 4069//2915 4070//2915
f 4071//2916 4072//2916 4073//2916
f 4071//2916 4073//2916 4074//2916
f 4075//2917 4076//2917 4077//2917
f 4075//2917 4077//2917 4078//2917
f 4079//2918 4080//2918 4081//2918
f 4079//2918 4081//2918 4082//2918
f 4083//2919 4084//2919 4085//2919
f 4083//2919 4085//2919 4086//2919
f 4087//2920 4088//2920 4089//2920
f 4087//2920 4089//2920 4090//2920
f 4091//2921 4092//2921 4093//2921
f 4091//2921 4093//2921 4094//2921
f 4095//2922 4096//2922 4097//2922
f 4095//2922 4097//2922 4098//2922
f 4099//2923 4100//2923 4101//2923
f 4099//2923 4101//2923 4102//2923
f 4103//2924 4104//2924 4105//2924
f 4103//2924 4105//2924 4106//2924
f 4107//2925 4108//2925 4109//2925
f 4107//2925 4109//2925 4110//2925
f 4111//2926 4112//2926 4113//2926
f 4111//2926 4113//2926 4114//2926
f 4115//2927 4116//2927 4117//2927
f 4115//2927 4117//2927 4118//2927
f 4119//2928 4120//2928 4121//2928
f 4119//2928 4121//2928 4122//2928
f 4123//2929 4124//2929 4125//2929
f 4123//2929 4125//2929 4126//2929
f 4127//2930 4128//2930 4129//2930
f 4127//2930 4129//2930 4130//2930
f 4131//2931 4132//2931 4133//2931
f 4131//2931 4133//2931 4134//2931
f 4135//2932 4136//2932 4137//2932
f 4135//2932 4137//2932 4138//2932
f 4139//2933 4140//2933 4141//2933
f 4139//2933 4141//2933 4142//2933
f 4143//2934 4144//2934 4145//2934
f 4143//2934 4145//2934 4146//2934
f 4147//2935 4148//2935 4149//2935
f 4147//2935 4149//2935 4150//2935
f 4151//2936 4152//2936 4153//2936
f 4151//2936 4153//2936 4154//2936
f 4155//2937 4156//2937 4157//2937
f 4155//2937 4157//2937 4158//2937
f 4159//2938 4160//2938 4161//2938
f 4159//2938 4161//2938 4162//2938
f 4163//2939 4164//2939 4165//2939
f 4163//2939 4165//2939 4166//2939
f 4167//2940 4168//2940 4169//2940
f 4167//2940 4169//2940 4170//2940
f 4171//2941 4172//2941 4173//2941
f 4171//2941 4173//2941 4174//2941
f 4175//2942 4176//2942 4177//2942
f 4175//2942 4177//2942 4178//2942
f 4179//2943 4180//2943 4181//2943
f 4179//2943 4181//2943 4182//2943
f 4183//2944 4184//2944 4185//2944
f 4183//2944 4185//2944 4186//2944
f 4187//2945 4188//2945 4189//2945
f 4187//2945 4189//2945 4190//2945
f 4191//2946 4192//2946 4193//2946
f 4191//2946 4193//2946 4194//2946
f 4195//2947 4196//2947 4197//2947
f 4195//2947 4197//2947 4198//2947
f 4199//2948 4200//2948 4201//2948
f 4199//2948 4201//2948 4202//2948
f 4203//2949 4204//2949 4205//2949
f 4203//2949 4205//2949 4206//2949
f 4207//2950 4208//2950 4209//2950
f 4207//2950 4209//2950 4210//2950
f 4211//2951 4226//2966 4225//2965
f 4212//2952 4227//2967 4226//2966
f 4213//2953 4228//2968 4227//2967
f 4214//2954 4229//2969 4228//2968
f 4215//2955 4230//2970 4229//2969
f 4216//2956 4231//2971 4230//2970
f 4217//2957 4232//2972 4231//2971
f 4218//2958 4233//2973 4232//2972
f 4219//2959 4234//2974 4233//2973
f 4220//2960 4235//2975 4234//2974
f 4221//2961 4236//2976 4235//2975
f 4222//2962 4237//2977 4236//2976
f 4223//2963 4238//2978 4237//2977
f 4224//2964 4225//2965 4238//2978
f 4225//2965 4226//2966 4240//2980
f 4225//2965 4240//2980 4239//2979
f 4226//2966 4227//2967 4241//2981
f 4226//2966 4241//2981 4240//2980
f 4227//2967 4228//2968 4242//2982
f 4227//2967 4242//2982 4241//2981
f 4228//2968 4229//2969 4243//2983
f 4228//2968 4243//2983 4242//2982
f 4229//2969 4230//2970 4244//2984
f 4229//2969 4244//2984 4243//2983
f 4230//2970 4231//2971 4245//2985
f 4230//2970 4245//2985 4244//2984
f 4231//2971 4232//2972 4246//2986
f 4231//2971 4246//2986 4245//2985
f 4232//2972 4233//2973 4247//2987
f 4232//2972 4247//2987 4246//2986
f 4233//2973 4234//2974 4248//2988
f 4233//2973 4248//2988 4247//2987
f 4234//2974 4235//2975 4249//2989
f 4234//2974 4249//2989 4248//2988
f 4235//2975 4236//2976 4250//2990
f 4235//2975 4250//2990 4249//2989
f 4236//2976 4237//2977 4251//2991
f 4236//2976 4251//2991 4250//2990
f 4237//2977 4238//2978 4252//2992
f 4237//2977 4252//2992 4251//2991
f 4238//2978 4225//2965 4239//2979
f 4238//2978 4239//2979 4252//2992
f 4239//2979 4240//2980 4254//2994
f 4239//2979 4254//2994 4253//2993
f 4240//2980 4241//2981 4255//2995
f 4240//2980 4255//2995 4254//2994
f 4241//2981 4242//2982 4256//2996
f 4241//2981 4256//2996 4255//2995
f 4242//2982 4243//2983 4257//2997
f 4242//2982 4257//2997 4256//2996
f 4243//2983 4244//2984 4258//2998
f 4243//2983 4258//2998 4257//2997
f 4244//2984 4245//2985 4259//2999
f 4244//2984 4259//2999 4258//2998
f 4245//2985 4246//2986 4260//3000
f 4245//2985 4260//3000 4259//2999
f 4246//2986 4247//2987 4261//3001
f 4246//2986 4261//3001 4260//3000
f 4247//2987 4248//2988 4262//3002
f 4247//2987 4262//3002 4261//3001
f 4248//2988 4249//2989 4263//3003
f 4248//2988 4263//3003 4262//3002
f 4249//2989 4250//2990 4264//3004
f 4249//2989 4264//3004 4263//3003
f 4250//2990 4251//2991 4265//3005
f 4250//2990 4265//3005 4264//3004
f 4251//2991 4252//2992 4266//3006
f 4251//2991 4266//3006 4265//3005
f 4252//2992 4239//2979 4253//2993
f 4252//2992 4253//2993 4266//3006
f 4253//2993 4254//2994 4268//3008
f 4253//2993 4268//3008 4267//3007
f 4254//2994 4255//2995 4269//3009
f 4254//2994 4269//3009 4268//3008
f 4255//2995 4256//2996 4270//3010
f 4255//2995 4270//3010 4269//3009
f 4256//2996 4257//2997 4271//3011
f 4256//2996 4271//3011 4270//3010
f 4257//2997 4258//2998 4272//3012
f 4257//2997 4272//3012 4271//3011
f 4258//2998 4259//2999 4273//3013
f 4258//2998 4273//3013 4272//3012
f 4259//2999 4260//3000 4274//3014
f 4259//2999 4274//3014 4273//3013
f 4260//3000 4261//3001 4275//3015
f 4260//3000 4275//3015 4274//3014
f 4261//3001 4262//3002 4276//3016
f 4261//3001 4276//3016 4275//3015
f 4262//3002 4263//3003 4277//3017
f 4262//3002 4277//3017 4276//3016
f 4263//3003 4264//3004 4278//3018
f 4263//3003 4278//3018 4277//3017
f 4264//3004 4265//3005 4279//3019
f 4264//3004 4279//3019 4278//3018
f 4265//3005 4266//3006 4280//3020
f 4265//3005 4280//3020 4279//3019
f 4266//3006 4253//2993 4267//3007
f 4266//3006 4267//3007 4280//3020
f 4267//3007 4268//3008 4282//3022
f 4267//3007 4282//3022 4281//3021
f 4268//3008 4269//3009 4283//3023
f 4268//3008 4283//3023 4282//3022
f 4269//3009 4270//3010 4284//3024
f 4269//3009 4284//3024 4283//3023
f 4270//3010 4271//3011 4285//3025
f 4270//3010 4285//3025 4284//3024
f 4271//3011 4272//3012 4286//3026
f 4271//3011 4286//3026 4285//3025
f 4272//3012 4273//3013 4287//3027
f 4272//3012 4287//3027 4286//3026
f 4273//3013 4274//3014 4288//3028
f 4273//3013 4288//3028 4287//3027
f 4274//3014 4275//3015 4289//3029
f 4274//3014 4289//3029 4288//3028
f 4275//3015 4276//3016 4290//3030
f 4275//3015 4290//3030 4289//3029
f 4276//3016 4277//3017 4291//3031
f 4276//3016 4291//3031 4290//3030
f 4277//3017 4278//3018 4292//3032
f 4277//3017 4292//3032 4291//3031
f 4278//3018 4279//3019 4293//3033
f 4278//3018 4293//3033 4292//3032
f 4279//3019 4280//3020 4294//3034
f 4279//3019 4294//3034 4293//3033
f 4280//3020 4267//3007 4281//3021
f 4280//3020 4281//3021 4294//3034
f 4281//3021 4282//3022 4296//3036
f 4281//3021 4296//3036 4295//3035
f 4282//3022 4283//3023 4297//3037
f 4282//3022 4297//3037 4296//3036
f 4283//3023 4284//3024 4298//3038
f 4283//3023 4298//3038 4297//3037
f 4284//3024 4285//3025 4299//3039
f 4284//3024 4299//3039 4298//3038
f 4285//3025 4286//3026 4300//3040
f 4285//3025 4300//3040 4299//3039
f 4286//3026 4287//3027 4301//3041
f 4286//3026 4301//3041 4300//3040
f 4287//3027 4288//3028 4302//3042
f 4287//3027 4302//3042 4301//3041
f 4288//3028 4289//3029 4303//3043
f 4288//3028 4303//3043 4302//3042
f 4289//3029 4290//3030 4304//3044
f 4289//3029 4304//3044 4303//3043
f 4290//3030 4291//3031 4305//3045
f 4290//3030 4305//3045 4304//3044
f 4291//3031 4292//3032 4306//3046
f 4291//3031 4306//3046 4305//3045
f 4292//3032 4293//3033 4307//3047
f 4292//3032 4307//3047 4306//3046
f 4293//3033 4294//3034 4308//3048
f 4293//3033 4308//3048 4307//3047
f 4294//3034 4281//3021 4295//3035
f 4294//3034 4295//3035 4308//3048
f 4295//3035 4296//3036 4310//3050
f 4295//3035 4310//3050 4309//3049
f 4296//3036 4297//3037 4311//3051
f 4296//3036 4311//3051 4310//3050
f 4297//3037 4298//3038 4312//3052
f 4297//3037 4312//3052 4311//3051
f 4298//3038 4299//3039 4313//3053
f 4298//3038 4313//3053 4312//3052
f 4299//3039 4300//3040 4314//3054
f 4299//3039 4314//3054 4313//3053
f 4300//3040 4301//3041 4315//3055
f 4300//3040 4315//3055 4314//3054
f 4301//3041 4302//3042 4316//3056
f 4301//3041 4316//3056 4315//3055
f 4302//3042 4303//3043 4317//3057
f 4302//3042 4317//3057 4316//3056
f 4303//3043 4304//3044 4318//3058
f 4303//3043 4318//3058 4317//3057
f 4304//3044 4305//3045 4319//3059
f 4304//3044 4319//3059 4318//3058
f 4305//3045 4306//3046 4320//3060
f 4305//3045 4320//3060 4319//3059
f 4306//3046 4307//3047 4321//3061
f 4306//3046 4321//3061 4320//3060
f 4307//3047 4308//3048 4322//3062
f 4307//3047 4322//3062 4321//3061
f 4308//3048 4295//3035 4309//3049
f 4308//3048 4309//3049 4322//3062
f 4309//3049 4310//3050 4324//3064
f 4309//3049 4324//3064 4323//3063
f 4310//3050 4311//3051 4325//3065
f 4310//3050 4325//3065 4324//3064
f 4311//3051 4312//3052 4326//3066
f 4311//3051 4326//3066 4325//3065
f 4312//3052 4313//3053 4327//3067
f 4312//3052 4327//3067 4326//3066
f 4313//3053 4314//3054 4328//3068
f 4313//3053 4328//3068 4327//3067
f 4314//3054 4315//3055 4329//3069
f 4314//3054 4329//3069 4328//3068
f 4315//3055 4316//3056 4330//3070
f 4315//3055 4330//3070 4329//3069
f 4316//3056 4317//3057 4331//3071
f 4316//3056 4331//3071 4330//3070
f 4317//3057 4318//3058 4332//3072
f 4317//3057 4332//3072 4331//3071
f 4318//3058 4319//3059 4333//3073
f 4318//3058 4333//3073 4332//3072
f 4319//3059 4320//3060 4334//3074
f 4319//3059 4334//3074 4333//3073
f 4320//3060 4321//3061 4335//3075
f 4320//3060 4335//3075 4334//3074
f 4321//3061 4322//3062 4336//3076
f 4321//3061 4336//3076 4335//3075
f 4322//3062 4309//3049 4323//3063
f 4322//3062 4323//3063 4336//3076
f 4323//3063 4324//3064 4338//3078
f 4323//3063 4338//3078 4337//3077
f 4324//3064 4325//3065 4339//3079
f 4324//3064 4339//3079 4338//3078
f 4325//3065 4326//3066 4340//3080
f 4325//3065 4340//3080 4339//3079
f 4326//3066 4327//3067 4341//3081
f 4326//3066 4341//3081 4340//3080
f 4327//3067 4328//3068 4342//3082
f 4327//3067 4342//3082 4341//3081
f 4328//3068 4329//3069 4343//3083
f 4328//3068 4343//3083 4342//3082
f 4329//3069 4330//3070 4344//3084
f 4329//3069 4344//3084 4343//3083
f 4330//3070 4331//3071 4345//3085
f 4330//3070 4345//3085 4344//3084
f 4331//3071 4332//3072 4346//3086
f 4331//3071 4346//3086 4345//3085
f 4332//3072 4333//3073 4347//3087
f 4332//3072 4347//3087 4346//3086
f 4333//3073 4334//3074 4348//3088
f 4333//3073 4348//3088 4347//3087
f 4334//3074 4335//3075 4349//3089
f 4334//3074 4349//3089 4348//3088
f 4335//3075 4336//3076 4350//3090
f 4335//3075 4350//3090 4349//3089
f 4336//3076 4323//3063 4337//3077
f 4336//3076 4337//3077 4350//3090
f 4337//3077 4338//3078 4352//3092
f 4338//3078 4339//3079 4353//3093
f 4339//3079 4340//3080 4354//3094
f 4340//3080 4341//3081 4355//3095
f 4341//3081 4342//3082 4356//3096
f 4342//3082 4343//3083 4357//3097
f 4343//3083 4344//3084 4358//3098
f 4344//3084 4345//3085 4359//3099
f 4345//3085 4346//3086 4360//3100
f 4346//3086 4347//3087 4361//3101
f 4347//3087 4348//3088 4362//3102
f 4348//3088 4349//3089 4363//3103
f 4349//3089 4350//3090 4364//3104
f 4350//3090 4337//3077 4351//3091
f 4365//3105 4366//3105 4367//3105
f 4365//3105 4367//3105 4368//3105
f 4369//3106 4370//3106 4371//3106
f 4369//3106 4371//3106 4372//3106
f 4373//3107 4374//3107 4375//3107
f 4373//3107 4375//3107 4376//3107
f 4377//3108 4378//3108 4379//3108
f 4377//3108 4379//3108 4380//3108
f 4381//3109 4382//3109 4383//3109
f 4381//3109 4383//3109 4384//3109
f 4385//3110 4386//3110 4387//3110
f 4385//3110 4387//3110 4388//3110
f 4389//3111 4390//3111 4391//3111
f 4389//3111 4391//3111 4392//3111
f 4393//3112 4394//3112 4395//3112
f 4393//3112 4395//3112 4396//3112
f 4397//3113 4398//3113 4399//3113
f 4397//3113 4399//3113 4400//3113
f 4401//3114 4402//3114 4403//3114
f 4401//3114 4403//3114 4404//3114
f 4405//3115 4406//3115 4407//3115
f 4405//3115 4407//3115 4408//3115
f 4409//3116 4410//3116 4411//3116
f 4409//3116 4411//3116 4412//3116
f 4413//3117 4414//3117 4415//3117
f 4413//3117 4415//3117 4416//3117
f 4417//3118 4418//3118 4419//3118
f 4417//3118 4419//3118 4420//3118
f 4421//3119 4422//3119 4423//3119
f 4421//3119 4423//3119 4424//3119
f 4425//3120 4426//3120 4427//3120
f 4425//3120 4427//3120 4428//3120
f 4429//3121 4430//3121 4431//3121
f 4429//3121 4431//3121 4432//3121
f 4433//3122 4434//3122 4435//3122
f 4433//3122 4435//3122 4436//3122
f 4437//3123 4438//3123 4439//3123
f 4437//3123 4439//3123 4440//3123
f 4441//3124 4442//3124 4443//3124
f 4441//3124 4443//3124 4444//3124
f 4445//3125 4446//3125 4447//3125
f 4445//3125 4447//3125 4448//3125
f 4449//3126 4450//3126 4451//3126
f 4449//3126 4451//3126 4452//3126
f 4453//3127 4454//3127 4455//3127
f 4453//3127 4455//3127 4456//3127
f 4457//3128 4458//3128 4459//3128
f 4457//3128 4459//3128 4460//3128
f 4461//3129 4462//3129 4463//3129
f 4461//3129 4463//3129 4464//3129
f 4465//3130 4466//3130 4467//3130
f 4465//3130 4467//3130 4468//3130
f 4469//3131 4470//3131 4471//3131
f 4469//3131 4471//3131 4472//3131
f 4473//3132 4474//3132 4475//3132
f 4473//3132 4475//3132 4476//3132
f 4477//3133 4478//3133 4479//3133
f 4477//3133 4479//3133 4480//3133
f 4481//3134 4482//3134 4483//3134
f 4481//3134 4483//3134 4484//3134
f 4485//3135 4486//3135 4487//3135
f 4485//3135 4487//3135 4488//3135
f 4489//3136 4490//3136 4491//3136
f 4489//3136 4491//3136 4492//3136
f 4493//3137 4494//3137 4495//3137
f 4493//3137 4495//3137 4496//3137
f 4497//3138 4498//3138 4499//3138
f 4497//3138 4499//3138 4500//3138
f 4501//3139 4502//3139 4503//3139
f 4501//3139 4503//3139 4504//3139
f 4505//3140 4506//3140 4507//3140
f 4505//3140 4507//3140 4508//3140
f 4509//3141 4510//3141 4511//3141
f 4509//3141 4511//3141 4512//3141
f 4513//3142 4514//3142 4515//3142
f 4513//3142 4515//3142 4516//3142
f 4517//3143 4518//3143 4519//3143
f 4517//3143 4519//3143 4520//3143
f 4521//3144 4522//3144 4523//3144
f 4521//3144 4523//3144 4524//3144
f 4525//3145 4526//3145 4527//3145
f 4525//3145 4527//3145 4528//3145
f 4529//3146 4530//3146 4531//3146
f 4529//3146 4531//3146 4532//3146
f 4533//3147 4534//3147 4535//3147
f 4533//3147 4535//3147 4536//3147
f 4537//3148 4538//3148 4539//3148
f 4537//3148 4539//3148 4540//3148
f 4541//3149 4542//3149 4543//3149
f 4541//3149 4543//3149 4544//3149
f 4545//3150 4546//3150 4547//3150
f 4545//3150 4547//3150 4548//3150
f 4549//3151 4550//3151 4551//3151
f 4549//3151 4551//3151 4552//3151
f 4553//3152 4554//3152 4555//3152
f 4553//3152 4555//3152 4556//3152
f 4557//3153 4558//3153 4559//3153
f 4557//3153 4559//3153 4560//3153
f 4561//3154 4562//3154 4563//3154
f 4561//3154 4563//3154 4564//3154
f 4565//3155 4566//3155 4567//3155
f 4565//3155 4567//3155 4568//3155
f 4569//3156 4570//3156 4571//3156
f 4569//3156 4571//3156 4572//3156
f 4573//3157 4574//3157 4575//3157
f 4573//3157 4575//3157 4576//3157
f 4577//3158 4578//3158 4579//3158
f 4577//3158 4579//3158 4580//3158
f 4581//3159 4582//3159 4583//3159
f 4581//3159 4583//3159 4584//3159
f 4585//3160 4586//3160 4587//3160
f 4585//3160 4587//3160 4588//3160
f 4589//3161 4590//3161 4591//3161
f 4589//3161 4591//3161 4592//3161
f 4593//3162 4594//3162 4595//3162
f 4593//3162 4595//3162 4596//3162
f 4597//3163 4598//3163 4599//3163
f 4597//3163 4599//3163 4600//3163
f 4601//3164 4602//3164 4603//3164
f 4601//3164 4603//3164 4604//3164
f 4605//3165 4606//3165 4607//3165
f 4605//3165 4607//3165 4608//3165
f 4609//3166 4610//3166 4611//3166
f 4609//3166 4611//3166 4612//3166
f 4613//3167 4614//3167 4615//3167
f 4613//3167 4615//3167 4616//3167
f 4617//3168 4618//3168 4619//3168
f 4617//3168 4619//3168 4620//3168
f 4621//3169 4622//3169 4623//3169
f 4621//3169 4623//3169 4624//3169
f 4625//3170 4626//3170 4627//3170
f 4625//3170 4627//3170 4628//3170
f 4629//3171 4644//3186 4643//3185
f 4630//3172 4645//3187 4644//3186
f 4631//3173 4646//3188 4645//3187
f 4632//3174 4647//3189 4646//3188
f 4633//3175 4648//3190 4647//3189
f 4634//3176 4649//3191 4648//3190
f 4635//3177 4650//3192 4649//3191
f 4636//3178 4651//3193 4650//3192
f 4637//3179 4652//3194 4651//3193
f 4638//3180 4653//3195 4652//3194
f 4639//3181 4654//3196 4653//3195
f 4640//3182 4655//3197 4654//3196
f 4641//3183 4656//3198 4655//3197
f 4642//3184 4643//3185 4656//3198
f 4643//3185 4644//3186 4658//3200
f 4643//3185 4658//3200 4657//3199
f 4644//3186 4645//3187 4659//3201
f 4644//3186 4659//3201 4658//3200
f 4645//3187 4646//3188 4660//3202
f 4645//3187 4660//3202 4659//3201
f 4646//3188 4647//3189 4661//3203
f 4646//3188 4661//3203 4660//3202
f 4647//3189 4648//3190 4662//3204
f 4647//3189 4662//3204 4661//3203
f 4648//3190 4649//3191 4663//3205
f 4648//3190 4663//3205 4662//3204
f 4649//3191 4650//3192 4664//3206
f 4649//3191 4664//3206 4663//3205
f 4650//3192 4651//3193 4665//3207
f 4650//3192 4665//3207 4664//3206
f 4651//3193 4652//3194 4666//3208
f 4651//3193 4666//3208 4665//3207
f 4652//3194 4653//3195 4667//3209
f 4652//3194 4667//3209 4666//3208
f 4653//3195 4654//3196 4668//3210
f 4653//3195 4668//3210 4667//3209
f 4654//3196 4655//3197 4669//3211
f 4654//3196 4669//3211 4668//3210
f 4655//3197 4656//3198 4670//3212
f 4655//3197 4670//3212 4669//3211
f 4656//3198 4643//3185 4657//3199
f 4656//3198 4657//3199 4670//3212
f 4657//3199 4658//3200 4672//3214
f 4657//3199 4672//3214 4671//3213
f 4658//3200 4659//3201 4673//3215
f 4658//3200 4673//3215 4672//3214
f 4659//3201 4660//3202 4674//3216
f 4659//3201 4674//3216 4673//3215
f 4660//3202 4661//3203 4675//3217
f 4660//3202 4675//3217 4674//3216
f 4661//3203 4662//3204 4676//3218
f 4661//3203 4676//3218 4675//3217
f 4662//3204 4663//3205 4677//3219
f 4662//3204 4677//3219 4676//3218
f 4663//3205 4664//3206 4678//3220
f 4663//3205 4678//3220 4677//3219
f 4664//3206 4665//3207 4679//3221
f 4664//3206 4679//3221 4678//3220
f 4665//3207 4666//3208 4680//3222
f 4665//3207 4680//3222 4679//3221
f 4666//3208 4667//3209 4681//3223
f 4666//3208 4681//3223 4680//3222
f 4667//3209 4668//3210 4682//3224
f 4667//3209 4682//3224 4681//3223
f 4668//3210 4669//3211 4683//3225
f 4668//3210 4683//3225 4682//3224
f 4669//3211 4670//3212 4684//3226
f 4669//3211 4684//3226 4683//3225
f 4670//3212 4657//3199 4671//3213
f 4670//3212 4671//3213 4684//3226
f 4671//3213 4672//3214 4686//3228
f 4671//3213 4686//3228 4685//3227
f 4672//3214 4673//3215 4687//3229
f 4672//3214 4687//3229 4686//3228
f 4673//3215 4674//3216 4688//3230
f 4673//3215 4688//3230 4687//3229
f 4674//3216 4675//3217 4689//3231
f 4674//3216 4689//3231 4688//3230
f 4675//3217 4676//3218 4690//3232
f 4675//3217 4690//3232 4689//3231
f 4676//3218 4677//3219 4691//3233
f 4676//3218 4691//3233 4690//3232
f 4677//3219 4678//3220 4692//3234
f 4677//3219 4692//3234 4691//3233
f 4678//3220 4679//3221 4693//3235
f 4678//3220 4693//3235 4692//3234
f 4679//3221 4680//3222 4694//3236
f 4679//3221 4694//3236 4693//3235
f 4680//3222 4681//3223 4695//3237
f 4680//3222 4695//3237 4694//3236
f 4681//3223 4682//3224 4696//3238
f 4681//3223 4696//3238 4695//3237
f 4682//3224 4683//3225 4697//3239
f 4682//3224 4697//3239 4696//3238
f 4683//3225 4684//3226 4698//3240
f 4683//3225 4698//3240 4697//3239
f 4684//3226 4671//3213 4685//3227
f 4684//3226 4685//3227 4698//3240
f 4685//3227 4686//3228 4700//3242
f 4685//3227 4700//3242 4699//3241
f 4686//3228 4687//3229 4701//3243
f 4686//3228 4701//3243 4700//3242
f 4687//3229 4688//3230 4702//3244
f 4687//3229 4702//3244 4701//3243
f 4688//3230 4689//3231 4703//3245
f 4688//3230 4703//3245 4702//3244
f 4689//3231 4690//3232 4704//3246
f 4689//3231 4704//3246 4703//3245
f 4690//3232 4691//3233 4705//3247
f 4690//3232 4705//3247 4704//3246
f 4691//3233 4692//3234 4706//3248
f 4691//3233 4706//3248 4705//3247
f 4692//3234 4693//3235 4707//3249
f 4692//3234 4707//3249 4706//3248
f 4693//3235 4694//3236 4708//3250
f 4693//3235 4708//3250 4707//3249
f 4694//3236 4695//3237 4709//3251
f 4694//3236 4709//3251 4708//3250
f 4695//3237 4696//3238 4710//3252
f 4695//3237 4710//3252 4709//3251
f 4696//3238 4697//3239 4711//3253
f 4696//3238 4711//3253 4710//3252
f 4697//3239 4698//3240 4712//3254
f 4697//3239 4712//3254 4711//3253
f 4698//3240 4685//3227 4699//3241
f 4698//3240 4699//3241 4712//3254
f 4699//3241 4700//3242 4714//3256
f 4699//3241 4714//3256 4713//3255
f 4700//3242 4701//3243 4715//3257
f 4700//3242 4715//3257 4714//3256
f 4701//3243 4702//3244 4716//3258
f 4701//3243 4716//3258 4715//3257
f 4702//3244 4703//3245 4717//3259
f 4702//3244 4717//3259 4716//3258
f 4703//3245 4704//3246 4718//3260
f 4703//3245 4718//3260 4717//3259
f 4704//3246 4705//3247 4719//3261
f 4704//3246 4719//3261 4718//3260
f 4705//3247 4706//3248 4720//3262
f 4705//3247 4720//3262 4719//3261
f 4706//3248 4707//3249 4721//3263
f 4706//3248 4721//3263 4720//3262
f 4707//3249 4708//3250 4722//3264
f 4707//3249 4722//3264 4721//3263
f 4708//3250 4709//3251 4723//3265
f 4708//3250 4723//3265 4722//3264
f 4709//3251 4710//3252 4724//3266
f 4709//3251 4724//3266 4723//3265
f 4710//3252 4711//3253 4725//3267
f 4710//3252 4725//3267 4724//3266
f 4711//3253 4712//3254 4726//3268
f 4711//3253 4726//3268 4725//3267
f 4712//3254 4699//3241 4713//3255
f 4712//3254 4713//3255 4726//3268
f 4713//3255 4714//3256 4728//3270
f 4713//3255 4728//3270 4727//3269
f 4714//3256 4715//3257 4729//3271
f 4714//3256 4729//3271 4728//3270
f 4715//3257 4716//3258 4730//3272
f 4715//3257 4730//3272 4729//3271
f 4716//3258 4717//3259 4731//3273
f 4716//3258 4731//3273 4730//3272
f 4717//3259 4718//3260 4732//3274
f 4717//3259 4732//3274 4731//3273
f 4718//3260 4719//3261 4733//3275
f 4718//3260 4733//3275 4732//3274
f 4719//3261 4720//3262 4734//3276
f 4719//3261 4734//3276 4733//3275
f 4720//3262 4721//3263 4735//3277
f 4720//3262 4735//3277 4734//3276
f 4721//3263 4722//3264 4736//3278
f 4721//3263 4736//3278 4735//3277
f 4722//3264 4723//3265 4737//3279
f 4722//3264 4737//3279 4736//3278
f 4723//3265 4724//3266 4738//3280
f 4723//3265 4738//3280 4737//3279
f 4724//3266 4725//3267 4739//3281
f 4724//3266 4739//3281 4738//3280
f 4725//3267 4726//3268 4740//3282
f 4725//3267 4740//3282 4739//3281
f 4726//3268 4713//3255 4727//3269
f 4726//3268 4727//3269 4740//3282
f 4727//3269 4728//3270 4742//3284
f 4727//3269 4742//3284 4741//3283
f 4728//3270 4729//3271 4743//3285
f 4728//3270 4743//3285 4742//3284
f 4729//3271 4730//3272 4744//3286
f 4729//3271 4744//3286 4743//3285
f 4730//3272 4731//3273 4745//3287
f 4730//3272 4745//3287 4744//3286
f 4731//3273 4732//3274 4746//3288
f 4731//3273 4746//3288 4745//3287
f 4732//3274 4733//3275 4747//3289
f 4732//3274 4747//3289 4746//3288
f 4733//3275 4734//3276 4748//3290
f 4733//3275 4748//3290 4747//3289
f 4734//3276 4735//3277 4749//3291
f 4734//3276 4749//3291 4748//3290
f 4735//3277 4736//3278 4750//3292
f 4735//3277 4750//3292 4749//3291
f 4736//3278 4737//3279 4751//3293
f 4736//3278 4751//3293 4750//3292
f 4737//3279 4738//3280 4752//3294
f 4737//3279 4752//3294 4751//3293
f 4738//3280 4739//3281 4753//3295
f 4738//3280 4753//3295 4752//3294
f 4739//3281 4740//3282 4754//3296
f 4739//3281 4754//3296 4753//3295
f 4740//3282 4727//3269 4741//3283
f 4740//3282 4741//3283 4754//3296
f 4741//3283 4742//3284 4756//3298
f 4741//3283 4756//3298 4755//3297
f 4742//3284 4743//3285 4757//3299
f 4742//3284 4757//3299 4756//3298
f 4743//3285 4744//3286 4758//3300
f 4743//3285 4758//3300 4757//3299
f 4744//3286 4745//3287 4759//3301
f 4744//3286 4759//3301 4758//3300
f 4745//3287 4746//3288 4760//3302
f 4745//3287 4760//3302 4759//3301
f 4746//3288 4747//3289 4761//3303
f 4746//3288 4761//3303 4760//3302
f 4747//3289 4748//3290 4762//3304
f 4747//3289 4762//3304 4761//3303
f 4748//3290 4749//3291 4763//3305
f 4748//3290 4763//3305 4762//3304
f 4749//3291 4750//3292 4764//3306
f 4749//3291 4764//3306 4763//3305
f 4750//3292 4751//3293 4765//3307
f 4750//3292 4765//3307 4764//3306
f 4751//3293 4752//3294 4766//3308
f 4751//3293 4766//3308 4765//3307
f 4752//3294 4753//3295 4767//3309
f 4752//3294 4767//3309 4766//3308
f 4753//3295 4754//3296 4768//3310
f 4753//3295 4768//3310 4767//3309
f 4754//3296 4741//3283 4755//3297
f 4754//3296 4755//3297 4768//3310
f 4755//3297 4756//3298 4770//3312
f 4756//3298 4757//3299 4771//3313
f 4757//3299 4758//3300 4772//3314
f 4758//3300 4759//3301 4773//3315
f 4759//3301 4760//3302 4774//3316
f 4760//3302 4761//3303 4775//3317
f 4761//3303 4762//3304 4776//3318
f 4762//3304 4763//3305 4777//3319
f 4763//3305 4764//3306 4778//3320
f 4764//3306 4765//3307 4779//3321
f 4765//3307 4766//3308 4780//3322
f 4766//3308 4767//3309 4781//3323
f 4767//3309 4768//3310 4782//3324
f 4768//3310 4755//3297 4769//3311
f 4783//3325 4784//3325 4785//3325
f 4783//3325 4785//3325 4786//3325
f 4787//3326 4788//3326 4789//3326
f 4787//3326 4789//3326 4790//3326
f 4791//3327 4792//3327 4793//3327
f 4791//3327 4793//3327 4794//3327
f 4795//3328 4796//3328 4797//3328
f 4795//3328 4797//3328 4798//3328
f 4799//3329 4800//3329 4801//3329
f 4799//3329 4801//3329 4802//3329
f 4803//3330 4804//3330 4805//3330
f 4803//3330 4805//3330 4806//3330
f 4807//3331 4808//3331 4809//3331
f 4807//3331 4809//3331 4810//3331
f 4811//3332 4812//3332 4813//3332
f 4811//3332 4813//3332 4814//3332
f 4815//3333 4816//3333 4817//3333
f 4815//3333 4817//3333 4818//3333
f 4819//3334 4820//3334 4821//3334
f 4819//3334 4821//3334 4822//3334
f 4823//3335 4824//3335 4825//3335
f 4823//3335 4825//3335 4826//3335
f 4827//3336 4828//3336 4829//3336
f 4827//3336 4829//3336 4830//3336
f 4831//3337 4832//3337 4833//3337
f 4831//3337 4833//3337 4834//3337
f 4835//3338 4836//3338 4837//3338
f 4835//3338 4837//3338 4838//3338
f 4839//3339 4840//3339 4841//3339
f 4839//3339 4841//3339 4842//3339
f 4843//3340 4844//3340 4845//3340
f 4843//3340 4845//3340 4846//3340
f 4847//3341 4848//3341 4849//3341
f 4847//3341 4849//3341 4850//3341
f 4851//3342 4852//3342 4853//3342
f 4851//3342 4853//3342 4854//3342
f 4855//3343 4856//3343 4857//3343
f 4855//3343 4857//3343 4858//3343
f 4859//3344 4860//3344 4861//3344
f 4859//3344 4861//3344 4862//3344
f 4863//3345 4864//3345 4865//3345
f 4863//3345 4865//3345 4866//3345
f 4867//3346 4868//3346 4869//3346
f 4867//3346 4869//3346 4870//3346
f 4871//3347 4872//3347 4873//3347
f 4871//3347 4873//3347 4874//3347
f 4875//3348 4876//3348 4877//3348
f 4875//3348 4877//3348 4878//3348
f 4879//3349 4880//3349 4881//3349
f 4879//3349 4881//3349 4882//3349
f 4883//3350 4884//3350 4885//3350
f 4883//3350 4885//3350 4886//3350
f 4887//3351 4888//3351 4889//3351
f 4887//3351 4889//3351 4890//3351
f 4891//3352 4892//3352 4893//3352
f 4891//3352 4893//3352 4894//3352
f 4895//3353 4896//3353 4897//3353
f 4895//3353 4897//3353 4898//3353
f 4899//3354 4900//3354 4901//3354
f 4899//3354 4901//3354 4902//3354
f 4903//3355 4904//3355 4905//3355
f 4903//3355 4905//3355 4906//3355
f 4907//3356 4908//3356 4909//3356
f 4907//3356 4909//3356 4910//3356
f 4911//3357 4912//3357 4913//3357
f 4911//3357 4913//3357 4914//3357
f 4915//3358 4916//3358 4917//3358
f 4915//3358 4917//3358 4918//3358
f 4919//3359 4920//3359 4921//3359
f 4919//3359 4921//3359 4922//3359
f 4923//3360 4924//3360 4925//3360
f 4923//3360 4925//3360 4926//3360
f 4927//3361 4928//3361 4929//3361
f 4927//3361 4929//3361 4930//3361
f 4931//3362 4932//3362 4933//3362
f 4931//3362 4933//3362 4934//3362
f 4935//3363 4936//3363 4937//3363
f 4935//3363 4937//3363 4938//3363
f 4939//3364 4940//3364 4941//3364
f 4939//3364 4941//3364 4942//3364
f 4943//3365 4944//3365 4945//3365
f 4943//3365 4945//3365 4946//3365
f 4947//3366 4948//3366 4949//3366
f 4947//3366 4949//3366 4950//3366
f 4951//3367 4952//3367 4953//3367
f 4951//3367 4953//3367 4954//3367
f 4955//3368 4956//3368 4957//3368
f 4955//3368 4957//3368 4958//3368
f 4959//3369 4960//3369 4961//3369
f 4959//3369 4961//3369 4962//3369
f 4963//3370 4964//3370 4965//3370
f 4963//3370 4965//3370 4966//3370
f 4967//3371 4968//3371 4969//3371
f 4967//3371 4969//3371 4970//3371
f 4971//3372 4972//3372 4973//3372
f 4971//3372 4973//3372 4974//3372
f 4975//3373 4976//3373 4977//3373
f 4975//3373 4977//3373 4978//3373
f 4979//3374 4980//3374 4981//3374
f 4979//3374 4981//3374 4982//3374
f 4983//3375 4984//3375 4985//3375
f 4983//3375 4985//3375 4986//3375
f 4987//3376 4988//3376 4989//3376
f 4987//3376 4989//3376 4990//3376
f 4991//3377 4992//3377 4993//3377
f 4991//3377 4993//3377 4994//3377
f 4995//3378 4996//3378 4997//3378
f 4995//3378 4997//3378 4998//3378
f 4999//3379 5000//3379 5001//3379
f 4999//3379 5001//3379 5002//3379
f 5003//3380 5004//3380 5005//3380
f 5003//3380 5005//3380 5006//3380
f 5007//3381 5008//3381 5009//3381
f 5007//3381 5009//3381 5010//3381
f 5011//3382 5012//3382 5013//3382
f 5011//3382 5013//3382 5014//3382
f 5015//3383 5016//3383 5017//3383
f 5015//3383 5017//3383 5018//3383
f 5019//3384 5020//3384 5021//3384
f 5019//3384 5021//3384 5022//3384
f 5023//3385 5024//3385 5025//3385
f 5023//3385 5025//3385 5026//3385
f 5027//3386 5028//3386 5029//3386
f 5027//3386 5029//3386 5030//3386
f 5031//3387 5032//3387 5033//3387
f 5031//3387 5033//3387 5034//3387
f 5035//3388 5036//3388 5037//3388
f 5035//3388 5037//3388 5038//3388
f 5039//3389 5040//3389 5041//3389
f 5039//3389 5041//3389 5042//3389
f 5043//3390 5044//3390 5045//3390
f 5043//3390 5045//3390 5046//3390
f 5047//3391 5062//3406 5061//3405
f 5048//3392 5063//3407 5062//3406
f 5049//3393 5064//3408 5063//3407
f 5050//3394 5065//3409 5064//3408
f 5051//3395 5066//3410 5065//3409
f 5052//3396 5067//3411 5066//3410
f 5053//3397 5068//3412 5067//3411
f 5054//3398 5069//3413 5068//3412
f 5055//3399 5070//3414 5069//3413
f 5056//3400 5071//3415 5070//3414
f 5057//3401 5072//3416 5071//3415
f 5058//3402 5073//3417 5072//3416
f 5059//3403 5074//3418 5073//3417
f 5060//3404 5061//3405 5074//3418
f 5061//3405 5062//3406 5076//3420
f 5061//3405 5076//3420 5075//3419
f 5062//3406 5063//3407 5077//3421
f 5062//3406 5077//3421 5076//3420
f 5063//3407 5064//3408 5078//3422
f 5063//3407 5078//3422 5077//3421
f 5064//3408 5065//3409 5079//3423
f 5064//3408 5079//3423 5078//3422
f 5065//3409 5066//3410 5080//3424
f 5065//3409 5080//3424 5079//3423
f 5066//3410 5067//3411 5081//3425
f 5066//3410 5081//3425 5080//3424
f 5067//3411 5068//3412 5082//3426
f 5067//3411 5082//3426 5081//3425
f 5068//3412 5069//3413 5083//3427
f 5068//3412 5083//3427 5082//3426
f 5069//3413 5070//3414 5084//3428
f 5069//3413 5084//3428 5083//3427
f 5070//3414 5071//3415 5085//3429
f 5070//3414 5085//3429 5084//3428
f 5071//3415 5072//3416 5086//3430
f 5071//3415 5086//3430 5085//3429
f 5072//3416 5073//3417 5087//3431
f 5072//3416 5087//3431 5086//3430
f 5073//3417 5074//3418 5088//3432
f 5073//3417 5088//3432 5087//3431
f 5074//3418 5061//3405 5075//3419
f 5074//3418 5075//3419 5088//3432
f 5075//3419 5076//3420 5090//3434
f 5075//3419 5090//3434 5089//3433
f 5076//3420 5077//3421 5091//3435
f 5076//3420 5091//3435 5090//3434
f 5077//3421 5078//3422 5092//3436
f 5077//3421 5092//3436 5091//3435
f 5078//3422 5079//3423 5093//3437
f 5078//3422 5093//3437 5092//3436
f 5079//3423 5080//3424 5094//3438
f 5079//3423 5094//3438 5093//3437
f 5080//3424 5081//3425 5095//3439
f 5080//3424 5095//3439 5094//3438
f 5081//3425 5082//3426 5096//3440
f 5081//3425 5096//3440 5095//3439
f 5082//3426 5083//3427 5097//3441
f 5082//3426 5097//3441 5096//3440
f 5083//3427 5084//3428 5098//3442
f 5083//3427 5098//3442 5097//3441
f 5084//3428 5085//3429 5099//3443
f 5084//3428 5099//3443 5098//3442
f 5085//3429 5086//3430 5100//3444
f 5085//3429 5100//3444 5099//3443
f 5086//3430 5087//3431 5101//3445
f 5086//3430 5101//3445 5100//3444
f 5087//3431 5088//3432 5102//3446
f 5087//3431 5102//3446 5101//3445
f 5088//3432 5075//3419 5089//3433
f 5088//3432 5089//3433 5102//3446
f 5089//3433 5090//3434 5104//3448
f 5089//3433 5104//3448 5103//3447
f 5090//3434 5091//3435 5105//3449
f 5090//3434 5105//3449 5104//3448
f 5091//3435 5092//3436 5106//3450
f 5091//3435 5106//3450 5105//3449
f 5092//3436 5093//3437 5107//3451
f 5092//3436 5107//3451 5106//3450
f 5093//3437 5094//3438 5108//3452
f 5093//3437 5108//3452 5107//3451
f 5094//3438 5095//3439 5109//3453
f 5094//3438 5109//3453 5108//3452
f 5095//3439 5096//3440 5110//3454
f 5095//3439 5110//3454 5109//3453
f 5096//3440 5097//3441 5111//3455
f 5096//3440 5111//3455 5110//3454
f 5097//3441 5098//3442 5112//3456
f 5097//3441 5112//3456 5111//3455
f 5098//3442 5099//3443 5113//3457
f 5098//3442 5113//3457 5112//3456
f 5099//3443 5100//3444 5114//3458
f 5099//3443 5114//3458 5113//3457
f 5100//3444 5101//3445 5115//3459
f 5100//3444 5115//3459 5114//3458
f 5101//3445 5102//3446 5116//3460
f 5101//3445 5116//3460 5115//3459
f 5102//3446 5089//3433 5103//3447
f 5102//3446 5103//3447 5116//3460
f 5103//3447 5104//3448 5118//3462
f 5103//3447 5118//3462 5117//3461
f 5104//3448 5105//3449 5119//3463
f 5104//3448 5119//3463 5118//3462
f 5105//3449 5106//3450 5120//3464
f 5105//3449 5120//3464 5119//3463
f 5106//3450 5107//3451 5121//3465
f 5106//3450 5121//3465 5120//3464
f 5107//3451 5108//3452 5122//3466
f 5107//3451 5122//3466 5121//3465
f 5108//3452 5109//3453 5123//3467
f 5108//3452 5123//3467 5122//3466
f 5109//3453 5110//3454 5124//3468
f 5109//3453 5124//3468 5123//3467
f 5110//3454 5111//3455 5125//3469
f 5110//3454 5125//3469 5124//3468
f 5111//3455 5112//3456 5126//3470
f 5111//3455 5126//3470 5125//3469
f 5112//3456 5113//3457 5127//3471
f 5112//3456 5127//3471 5126//3470
f 5113//3457 5114//3458 5128//3472
f 5113//3457 5128//3472 5127//3471
f 5114//3458 5115//3459 5129//3473
f 5114//3458 5129//3473 5128//3472
f 5115//3459 5116//3460 5130//3474
f 5115//3459 5130//3474 5129//3473
f 5116//3460 5103//3447 5117//3461
f 5116//3460 5117//3461 5130//3474
f 5117//3461 5118//3462 5132//3476
f 5117//3461 5132//3476 5131//3475
f 5118//3462 5119//3463 5133//3477
f 5118//3462 5133//3477 5132//3476
f 5119//3463 5120//3464 5134//3478
f 5119//3463 5134//3478 5133//3477
f 5120//3464 5121//3465 5135//3479
f 5120//3464 5135//3479 5134//3478
f 5121//3465 5122//3466 5136//3480
f 5121//3465 5136//3480 5135//3479
f 5122//3466 5123//3467 5137//3481
f 5122//3466 5137//3481 5136//3480
f 5123//3467 5124//3468 5138//3482
f 5123//3467 5138//3482 5137//3481
f 5124//3468 5125//3469 5139//3483
f 5124//3468 5139//3483 5138//3482
f 5125//3469 5126//3470 5140//3484
f 5125//3469 5140//3484 5139//3483
f 5126//3470 5127//3471 5141//3485
f 5126//3470 5141//3485 5140//3484
f 5127//3471 5128//3472 5142//3486
f 5127//3471 5142//3486 5141//3485
f 5128//3472 5129//3473 5143//3487
f 5128//3472 5143//3487 5142//3486
f 5129//3473 5130//3474 5144//3488
f 5129//3473 5144//3488 5143//3487
f 5130//3474 5117//3461 5131//3475
f 5130//3474 5131//3475 5144//3488
f 5131//3475 5132//3476 5146//3490
f 5131//3475 5146//3490 5145//3489
f 5132//3476 5133//3477 5147//3491
f 5132//3476 5147//3491 5146//3490
f 5133//3477 5134//3478 5148//3492
f 5133//3477 5148//3492 5147//3491
f 5134//3478 5135//3479 5149//3493
f 5134//3478 5149//3493 5148//3492
f 5135//3479 5136//3480 5150//3494
f 5135//3479 5150//3494 5149//3493
f 5136//3480 5137//3481 5151//3495
f 5136//3480 5151//3495 5150//3494
f 5137//3481 5138//3482 5152//3496
f 5137//3481 5152//3496 5151//3495
f 5138//3482 5139//3483 5153//3497
f 5138//3482 5153//3497 5152//3496
f 5139//3483 5140//3484 5154//3498
f 5139//3483 5154//3498 5153//3497
f 5140//3484 5141//3485 5155//3499
f 5140//3484 5155//3499 5154//3498
f 5141//3485 5142//3486 5156//3500
f 5141//3485 5156//3500 5155//3499
f 5142//3486 5143//3487 5157//3501
f 5142//3486 5157//3501 5156//3500
f 5143//3487 5144//3488 5158//3502
f 5143//3487 5158//3502 5157//3501
f 5144//3488 5131//3475 5145//3489
f 5144//3488 5145//3489 5158//3502
f 5145//3489 5146//3490 5160//3504
f 5145//3489 5160//3504 5159//3503
f 5146//3490 5147//3491 5161//3505
f 5146//3490 5161//3505 5160//3504
f 5147//3491 5148//3492 5162//3506
f 5147//3491 5162//3506 5161//3505
f 5148//3492 5149//3493 5163//3507
f 5148//3492 5163//3507 5162//3506
f 5149//3493 5150//3494 5164//3508
f 5149//3493 5164//3508 5163//3507
f 5150//3494 5151//3495 5165//3509
f 5150//3494 5165//3509 5164//3508
f 5151//3495 5152//3496 5166//3510
f 5151//3495 5166//3510 5165//3509
f 5152//3496 5153//3497 5167//3511
f 5152//3496 5167//3511 5166//3510
f 5153//3497 5154//3498 5168//3512
f 5153//3497 5168//3512 5167//3511
f 5154//3498 5155//3499 5169//3513
f 5154//3498 5169//3513 5168//3512
f 5155//3499 5156//3500 5170//3514
f 5155//3499 5170//3514 5169//3513
f 5156//3500 5157//3501 5171//3515
f 5156//3500 5171//3515 5170//3514
f 5157//3501 5158//3502 5172//3516
f 5157//3501 5172//3516 5171//3515
f 5158//3502 5145//3489 5159//3503
f 5158//3502 5159//3503 5172//3516
f 5159//3503 5160//3504 5174//3518
f 5159//3503 5174//3518 5173//3517
f 5160//3504 5161//3505 5175//3519
f 5160//3504 5175//3519 5174//3518
f 5161//3505 5162//3506 5176//3520
f 5161//3505 5176//3520 5175//3519
f 5162//3506 5163//3507 5177//3521
f 5162//3506 5177//3521 5176//3520
f 5163//3507 5164//3508 5178//3522
f 5163//3507 5178//3522 5177//3521
f 5164//3508 5165//3509 5179//3523
f 5164//3508 5179//3523 5178//3522
f 5165//3509 5166//3510 5180//3524
f 5165//3509 5180//3524 5179//3523
f 5166//3510 5167//3511 5181//3525
f 5166//3510 5181//3525 5180//3524
f 5167//3511 5168//3512 5182//3526
f 5167//3511 5182//3526 5181//3525
f 5168//3512 5169//3513 5183//3527
f 5168//3512 5183//3527 5182//3526
f 5169//3513 5170//3514 5184//3528
f 5169//3513 5184//3528 5183//3527
f 5170//3514 5171//3515 5185//3529
f 5170//3514 5185//3529 5184//3528
f 5171//3515 5172//3516 5186//3530
f 5171//3515 5186//3530 5185//3529
f 5172//3516 5159//3503 5173//3517
f 5172//3516 5173//3517 5186//3530
f 5173//3517 5174//3518 5188//3532
f 5174//3518 5175//3519 5189//3533
f 5175//3519 5176//3520 5190//3534
f 5176//3520 5177//3521 5191//3535
f 5177//3521 5178//3522 5192//3536
f 5178//3522 5179//3523 5193//3537
f 5179//3523 5180//3524 5194//3538
f 5180//3524 5181//3525 5195//3539
f 5181//3525 5182//3526 5196//3540
f 5182//3526 5183//3527 5197//3541
f 5183//3527 5184//3528 5198//3542
f 5184//3528 5185//3529 5199//3543
f 5185//3529 5186//3530 5200//3544
f 5186//3530 5173//3517 5187//3531
f 5201//3545 5202//3545 5203//3545
f 5201//3545 5203//3545 5204//3545
f 5205//3546 5206//3546 5207//3546
f 5205//3546 5207//3546 5208//3546
f 5209//3547 5210//3547 5211//3547
f 5209//3547 5211//3547 5212//3547
f 5213//3548 5214//3548 5215//3548
f 5213//3548 5215//3548 5216//3548
f 5217//3549 5218//3549 5219//3549
f 5217//3549 5219//3549 5220//3549
f 5221//3550 5222//3550 5223//3550
f 5221//3550 5223//3550 5224//3550
f 5225//3551 5226//3551 5227//3551
f 5225//3551 5227//3551 5228//3551
f 5229//3552 5230//3552 5231//3552
f 5229//3552 5231//3552 5232//3552
f 5233//3553 5234//3553 5235//3553
f 5233//3553 5235//3553 5236//3553
f 5237//3554 5238//3554 5239//3554
f 5237//3554 5239//3554 5240//3554
f 5241//3555 5242//3555 5243//3555
f 5241//3555 5243//3555 5244//3555
f 5245//3556 5246//3556 5247//3556
f 5245//3556 5247//3556 5248//3556
f 5249//3557 5250//3557 5251//3557
f 5249//3557 5251//3557 5252//3557
f 5253//3558 5254//3558 5255//3558
f 5253//3558 5255//3558 5256//3558
f 5257//3559 5258//3559 5259//3559
f 5257//3559 5259//3559 5260//3559
f 5261//3560 5262//3560 5263//3560
f 5261//3560 5263//3560 5264//3560
f 5265//3561 5266//3561 5267//3561
f 5265//3561 5267//3561 5268//3561
f 5269//3562 5270//3562 5271//3562
f 5269//3562 5271//3562 5272//3562
f 5273//3563 5274//3563 5275//3563
f 5273//3563 5275//3563 5276//3563
f 5277//3564 5278//3564 5279//3564
f 5277//3564 5279//3564 5280//3564
f 5281//3565 5282//3565 5283//3565
f 5281//3565 5283//3565 5284//3565
f 5285//3566 5286//3566 5287//3566
f 5285//3566 5287//3566 5288//3566
f 5289//3567 5290//3567 5291//3567
f 5289//3567 5291//3567 5292//3567
f 5293//3568 5294//3568 5295//3568
f 5293//3568 5295//3568 5296//3568
f 5297//3569 5298//3569 5299//3569
f 5297//3569 5299//3569 5300//3569
f 5301//3570 5302//3570 5303//3570
f 5301//3570 5303//3570 5304//3570
f 5305//3571 5306//3571 5307//3571
f 5305//3571 5307//3571 5308//3571
f 5309//3572 5310//3572 5311//3572
f 5309//3572 5311//3572 5312//3572
f 5313//3573 5314//3573 5315//3573
f 5313//3573 5315//3573 5316//3573
f 5317//3574 5318//3574 5319//3574
f 5317//3574 5319//3574 5320//3574
f 5321//3575 5322//3575 5323//3575
f 5321//3575 5323//3575 5324//3575
f 5325//3576 5326//3576 5327//3576
f 5325//3576 5327//3576 5328//3576
f 5329//3577 5330//3577 5331//3577
f 5329//3577 5331//3577 5332//3577
f 5333//3578 5334//3578 5335//3578
f 5333//3578 5335//3578 5336//3578
f 5337//3579 5338//3579 5339//3579
f 5337//3579 5339//3579 5340//3579
f 5341//3580 5342//3580 5343//3580
f 5341//3580 5343//3580 5344//3580
f 5345//3581 5346//3581 5347//3581
f 5345//3581 5347//3581 5348//3581
f 5349//3582 5350//3582 5351//3582
f 5349//3582 5351//3582 5352//3582
f 5353//3583 5354//3583 5355//3583
f 5353//3583 5355//3583 5356//3583
f 5357//3584 5358//3584 5359//3584
f 5357//3584 5359//3584 5360//3584
f 5361//3585 5362//3585 5363//3585
f 5361//3585 5363//3585 5364//3585
f 5365//3586 5366//3586 5367//3586
f 5365//3586 5367//3586 5368//3586
f 5369//3587 5370//3587 5371//3587
f 5369//3587 5371//3587 5372//3587
f 5373//3588 5374//3588 5375//3588
f 5373//3588 5375//3588 5376//3588
f 5377//3589 5378//3589 5379//3589
f 5377//3589 5379//3589 5380//3589
f 5381//3590 5382//3590 5383//3590
f 5381//3590 5383//3590 5384//3590
f 5385//3591 5386//3591 5387//3591
f 5385//3591 5387//3591 5388//3591
f 5389//3592 5390//3592 5391//3592
f 5389//3592 5391//3592 5392//3592
f 5393//3593 5394//3593 5395//3593
f 5393//3593 5395//3593 5396//3593
f 5397//3594 5398//3594 5399//3594
f 5397//3594 5399//3594 5400//3594
f 5401//3595 5402//3595 5403//3595
f 5401//3595 5403//3595 5404//3595
f 5405//3596 5406//3596 5407//3596
f 5405//3596 5407//3596 5408//3596
f 5409//3597 5410//3597 5411//3597
f 5409//3597 5411//3597 5412//3597
f 5413//3598 5414//3598 5415//3598
f 5413//3598 5415//3598 5416//3598
f 5417//3599 5432//3614 5431//3613
f 5418//3600 5433//3615 5432//3614
f 5419//3601 5434//3616 5433//3615
f 5420//3602 5435//3617 5434//3616
f 5421//3603 5436//3618 5435//3617
f 5422//3604 5437//3619 5436//3618
f 5423//3605 5438//3620 5437//3619
f 5424//3606 5439//3621 5438//3620
f 5425//3607 5440//3622 5439//3621
f 5426//3608 5441//3623 5440//3622
f 5427//3609 5442//3624 5441//3623
f 5428//3610 5443//3625 5442//3624
f 5429//3611 5444//3626 5443//3625
f 5430//3612 5431//3613 5444//3626
f 5431//3613 5432//3614 5446//3628
f 5431//3613 5446//3628 5445//3627
f 5432//3614 5433//3615 5447//3629
f 5432//3614 5447//3629 5446//3628
f 5433//3615 5434//3616 5448//3630
f 5433//3615 5448//3630 5447//3629
f 5434//3616 5435//3617 5449//3631
f 5434//3616 5449//3631 5448//3630
f 5435//3617 5436//3618 5450//3632
f 5435//3617 5450//3632 5449//3631
f 5436//3618 5437//3619 5451//3633
f 5436//3618 5451//3633 5450//3632
f 5437//3619 5438//3620 5452//3634
f 5437//3619 5452//3634 5451//3633
f 5438//3620 5439//3621 5453//3635
f 5438//3620 5453//3635 5452//3634
f 5439//3621 5440//3622 5454//3636
f 5439//3621 5454//3636 5453//3635
f 5440//3622 5441//3623 5455//3637
f 5440//3622 5455//3637 5454//3636
f 5441//3623 5442//3624 5456//3638
f 5441//3623 5456//3638 5455//3637
f 5442//3624 5443//3625 5457//3639
f 5442//3624 5457//3639 5456//3638
f 5443//3625 5444//3626 5458//3640
f 5443//3625 5458//3640 5457//3639
f 5444//3626 5431//3613 5445//3627
f 5444//3626 5445//3627 5458//3640
f 5445//3627 5446//3628 5460//3642
f 5445//3627 5460//3642 5459//3641
f 5446//3628 5447//3629 5461//3643
f 5446//3628 5461//3643 5460//3642
f 5447//3629 5448//3630 5462//3644
f 5447//3629 5462//3644 5461//3643
f 5448//3630 5449//3631 5463//3645
f 5448//3630 5463//3645 5462//3644
f 5449//3631 5450//3632 5464//3646
f 5449//3631 5464//3646 5463//3645
f 5450//3632 5451//3633 5465//3647
f 5450//3632 5465//3647 5464//3646
f 5451//3633 5452//3634 5466//3648
f 5451//3633 5466//3648 5465//3647
f 5452//3634 5453//3635 5467//3649
f 5452//3634 5467//3649 5466//3648
f 5453//3635 5454//3636 5468//3650
f 5453//3635 5468//3650 5467//3649
f 5454//3636 5455//3637 5469//3651
f 5454//3636 5469//3651 5468//3650
f 5455//3637 5456//3638 5470//3652
f 5455//3637 5470//3652 5469//3651
f 5456//3638 5457//3639 5471//3653
f 5456//3638 5471//3653 5470//3652
f 5457//3639 5458//3640 5472//3654
f 5457//3639 5472//3654 5471//3653
f 5458//3640 5445//3627 5459//3641
f 5458//3640 5459//3641 5472//3654
f 5459//3641 5460//3642 5474//3656
f 5459//3641 5474//3656 5473//3655
f 5460//3642 5461//3643 5475//3657
f 5460//3642 5475//3657 5474//3656
f 5461//3643 5462//3644 5476//3658
f 5461//3643 5476//3658 5475//3657
f 5462//3644 5463//3645 5477//3659
f 5462//3644 5477//3659 5476//3658
f 5463//3645 5464//3646 5478//3660
f 5463//3645 5478//3660 5477//3659
f 5464//3646 5465//3647 5479//3661
f 5464//3646 5479//3661 5478//3660
f 5465//3647 5466//3648 5480//3662
f 5465//3647 5480//3662 5479//3661
f 5466//3648 5467//3649 5481//3663
f 5466//3648 5481//3663 5480//3662
f 5467//3649 5468//3650 5482//3664
f 5467//3649 5482//3664 5481//3663
f 5468//3650 5469//3651 5483//3665
f 5468//3650 5483//3665 5482//3664
f 5469//3651 5470//3652 5484//3666
f 5469//3651 5484//3666 5483//3665
f 5470//3652 5471//3653 5485//3667
f 5470//3652 5485//3667 5484//3666
f 5471//3653 5472//3654 5486//3668
f 5471//3653 5486//3668 5485//3667
f 5472//3654 5459//3641 5473//3655
f 5472//3654 5473//3655 5486//3668
f 5473//3655 5474//3656 5488//3670
f 5473//3655 5488//3670 5487//3669
f 5474//3656 5475//3657 5489//3671
f 5474//3656 5489//3671 5488//3670
f 5475//3657 5476//3658 5490//3672
f 5475//3657 5490//3672 5489//3671
f 5476//3658 5477//3659 5491//3673
f 5476//3658 5491//3673 5490//3672
f 5477//3659 5478//3660 5492//3674
f 5477//3659 5492//3674 5491//3673
f 5478//3660 5479//3661 5493//3675
f 5478//3660 5493//3675 5492//3674
f 5479//3661 5480//3662 5494//3676
f 5479//3661 5494//3676 5493//3675
f 5480//3662 5481//3663 5495//3677
f 5480//3662 5495//3677 5494//3676
f 5481//3663 5482//3664 5496//3678
f 5481//3663 5496//3678 5495//3677
f 5482//3664 5483//3665 5497//3679
f 5482//3664 5497//3679 5496//3678
f 5483//3665 5484//3666 5498//3680
f 5483//3665 5498//3680 5497//3679
f 5484//3666 5485//3667 5499//3681
f 5484//3666 5499//3681 5498//3680
f 5485//3667 5486//3668 5500//3682
f 5485//3667 5500//3682 5499//3681
f 5486//3668 5473//3655 5487//3669
f 5486//3668 5487//3669 5500//3682
f 5487//3669 5488//3670 5502//3684
f 5487//3669 5502//3684 5501//3683
f 5488//3670 5489//3671 5503//3685
f 5488//3670 5503//3685 5502//3684
f 5489//3671 5490//3672 5504//3686
f 5489//3671 5504//3686 5503//3685
f 5490//3672 5491//3673 5505//3687
f 5490//3672 5505//3687 5504//3686
f 5491//3673 5492//3674 5506//3688
f 5491//3673 5506//3688 5505//3687
f 5492//3674 5493//3675 5507//3689
f 5492//3674 5507//3689 5506//3688
f 5493//3675 5494//3676 5508//3690
f 5493//3675 5508//3690 5507//3689
f 5494//3676 5495//3677 5509//3691
f 5494//3676 5509//3691 5508//3690
f 5495//3677 5496//3678 5510//3692
f 5495//3677 5510//3692 5509//3691
f 5496//3678 5497//3679 5511//3693
f 5496//3678 5511//3693 5510//3692
f 5497//3679 5498//3680 5512//3694
f 5497//3679 5512//3694 5511//3693
f 5498//3680 5499//3681 5513//3695
f 5498//3680 5513//3695 5512//3694
f 5499//3681 5500//3682 5514//3696
f 5499//3681 5514//3696 5513//3695
f 5500//3682 5487//3669 5501//3683
f 5500//3682 5501//3683 5514//3696
f 5501//3683 5502//3684 5516//3698
f 5501//3683 5516//3698 5515//3697
f 5502//3684 5503//3685 5517//3699
f 5502//3684 5517//3699 5516//3698
f 5503//3685 5504//3686 5518//3700
f 5503//3685 5518//3700 5517//3699
f 5504//3686 5505//3687 5519//3701
f 5504//3686 5519//3701 5518//3700
f 5505//3687 5506//3688 5520//3702
f 5505//3687 5520//3702 5519//3701
f 5506//3688 5507//3689 5521//3703
f 5506//3688 5521//3703 5520//3702
f 5507//3689 5508//3690 5522//3704
f 5507//3689 5522//3704 5521//3703
f 5508//3690 5509//3691 5523//3705
f 5508//3690 5523//3705 5522//3704
f 5509//3691 5510//3692 5524//3706
f 5509//3691 5524//3706 5523//3705
f 5510//3692 5511//3693 5525//3707
f 5510//3692 5525//3707 5524//3706
f 5511//3693 5512//3694 5526//3708
f 5511//3693 5526//3708 5525//3707
f 5512//3694 5513//3695 5527//3709
f 5512//3694 5527//3709 5526//3708
f 5513//3695 5514//3696 5528//3710
f 5513//3695 5528//3710 5527//3709
f 5514//3696 5501//3683 5515//3697
f 5514//3696 5515//3697 5528//3710
f 5515//3697 5516//3698 5530//3712
f 5516//3698 5517//3699 5531//3713
f 5517//3699 5518//3700 5532//3714
f 5518//3700 5519//3701 5533//3715
f 5519//3701 5520//3702 5534//3716
f 5520//3702 5521//3703 5535//3717
f 5521//3703 5522//3704 5536//3718
f 5522//3704 5523//3705 5537//3719
f 5523//3705 5524//3706 5538//3720
f 5524//3706 5525//3707 5539//3721
f 5525//3707 5526//3708 5540//3722
f 5526//3708 5527//3709 5541//3723
f 5527//3709 5528//3710 5542//3724
f 5528//3710 5515//3697 5529//3711
f 5543//3725 5544//3725 5545//3725
f 5543//3725 5545//3725 5546//3725
f 5547//3726 5548//3726 5549//3726
f 5547//3726 5549//3726 5550//3726
f 5551//3727 5552//3727 5553//3727
f 5551//3727 5553//3727 5554//3727
f 5555//3728 5556//3728 5557//3728
f 5555//3728 5557//3728 5558//3728
f 5559//3729 5560//3729 5561//3729
f 5559//3729 5561//3729 5562//3729
f 5563//3730 5564//3730 5565//3730
f 5563//3730 5565//3730 5566//3730
f 5567//3731 5568//3731 5569//3731
f 5567//3731 5569//3731 5570//3731
f 5571//3732 5572//3732 5573//3732
f 5571//3732 5573//3732 5574//3732
f 5575//3733 5576//3733 5577//3733
f 5575//3733 5577//3733 5578//3733
f 5579//3734 5580//3734 5581//3734
f 5579//3734 5581//3734 5582//3734
f 5583//3735 5584//3735 5585//3735
f 5583//3735 5585//3735 5586//3735
f 5587//3736 5588//3736 5589//3736
f 5587//3736 5589//3736 5590//3736
f 5591//3737 5592//3737 5593//3737
f 5591//3737 5593//3737 5594//3737
f 5595//3738 5596//3738 5597//3738
f 5595//3738 5597//3738 5598//3738
f 5599//3739 5600//3739 5601//3739
f 5599//3739 5601//3739 5602//3739
f 5603//3740 5604//3740 5605//3740
f 5603//3740 5605//3740 5606//3740
f 5607//3741 5608//3741 5609//3741
f 5607//3741 5609//3741 5610//3741
f 5611//3742 5612//3742 5613//3742
f 5611//3742 5613//3742 5614//3742
f 5615//3743 5630//3758 5629//3757
f 5616//3744 5631//3759 5630//3758
f 5617//3745 5632//3760 5631//3759
f 5618//3746 5633//3761 5632//3760
f 5619//3747 5634//3762 5633//3761
f 5620//3748 5635//3763 5634//3762
f 5621//3749 5636//3764 5635//3763
f 5622//3750 5637//3765 5636//3764
f 5623//3751 5638//3766 5637//3765
f 5624//3752 5639//3767 5638//3766
f 5625//3753 5640//3768 5639//3767
f 5626//3754 5641//3769 5640//3768
f 5627//3755 5642//3770 5641//3769
f 5628//3756 5629//3757 5642//3770
f 5629//3757 5630//3758 5644//3772
f 5629//3757 5644//3772 5643//3771
f 5630//3758 5631//3759 5645//3773
f 5630//3758 5645//3773 5644//3772
f 5631//3759 5632//3760 5646//3774
f 5631//3759 5646//3774 5645//3773
f 5632//3760 5633//3761 5647//3775
f 5632//3760 5647//3775 5646//3774
f 5633//3761 5634//3762 5648//3776
f 5633//3761 5648//3776 5647//3775
f 5634//3762 5635//3763 5649//3777
f 5634//3762 5649//3777 5648//3776
f 5635//3763 5636//3764 5650//3778
f 5635//3763 5650//3778 5649//3777
f 5636//3764 5637//3765 5651//3779
f 5636//3764 5651//3779 5650//3778
f 5637//3765 5638//3766 5652//3780
f 5637//3765 5652//3780 5651//3779
f 5638//3766 5639//3767 5653//3781
f 5638//3766 5653//3781 5652//3780
f 5639//3767 5640//3768 5654//3782
f 5639//3767 5654//3782 5653//3781
f 5640//3768 5641//3769 5655//3783
f 5640//3768 5655//3783 5654//3782
f 5641//3769 5642//3770 5656//3784
f 5641//3769 5656//3784 5655//3783
f 5642//3770 5629//3757 5643//3771
f 5642//3770 5643//3771 5656//3784
f 5643//3771 5644//3772 5658//3786
f 5643//3771 5658//3786 5657//3785
f 5644//3772 5645//3773 5659//3787
f 5644//3772 5659//3787 5658//3786
f 5645//3773 5646//3774 5660//3788
f 5645//3773 5660//3788 5659//3787
f 5646//3774 5647//3775 5661//3789
f 5646//3774 5661//3789 5660//3788
f 5647//3775 5648//3776 5662//3790
f 5647//3775 5662//3790 5661//3789
f 5648//3776 5649//3777 5663//3791
f 5648//3776 5663//3791 5662//3790
f 5649//3777 5650//3778 5664//3792
f 5649//3777 5664//3792 5663//3791
f 5650//3778 5651//3779 5665//3793
f 5650//3778 5665//3793 5664//3792
f 5651//3779 5652//3780 5666//3794
f 5651//3779 5666//3794 5665//3793
f 5652//3780 5653//3781 5667//3795
f 5652//3780 5667//3795 5666//3794
f 5653//3781 5654//3782 5668//3796
f 5653//3781 5668//3796 5667//3795
f 5654//3782 5655//3783 5669//3797
f 5654//3782 5669//3797 5668//3796
f 5655//3783 5656//3784 5670//3798
f 5655//3783 5670//3798 5669//3797
f 5656//3784 5643//3771 5657//3785
f 5656//3784 5657//3785 5670//3798
f 5657//3785 5658//3786 5672//3800
f 5657//3785 5672//3800 5671//3799
f 5658//3786 5659//3787 5673//3801
f 5658//3786 5673//3801 5672//3800
f 5659//3787 5660//3788 5674//3802
f 5659//3787 5674//3802 5673//3801
f 5660//3788 5661//3789 5675//3803
f 5660//3788 5675//3803 5674//3802
f 5661//3789 5662//3790 5676//3804
f 5661//3789 5676//3804 5675//3803
f 5662//3790 5663//3791 5677//3805
f 5662//3790 5677//3805 5676//3804
f 5663//3791 5664//3792 5678//3806
f 5663//3791 5678//3806 5677//3805
f 5664//3792 5665//3793 5679//3807
f 5664//3792 5679//3807 5678//3806
f 5665//3793 5666//3794 5680//3808
f 5665//3793 5680//3808 5679//3807
f 5666//3794 5667//3795 5681//3809
f 5666//3794 5681//3809 5680//3808
f 5667//3795 5668//3796 5682//3810
f 5667//3795 5682//3810 5681//3809
f 5668//3796 5669//3797 5683//3811
f 5668//3796 5683//3811 5682//3810
f 5669//3797 5670//3798 5684//3812
f 5669//3797 5684//3812 5683//3811
f 5670//3798 5657//3785 5671//3799
f 5670//3798 5671//3799 5684//3812
f 5671//3799 5672//3800 5686//3814
f 5671//3799 5686//3814 5685//3813
f 5672//3800 5673//3801 5687//3815
f 5672//3800 5687//3815 5686//3814
f 5673//3801 5674//3802 5688//3816
f 5673//3801 5688//3816 5687//3815
f 5674//3802 5675//3803 5689//3817
f 5674//3802 5689//3817 5688//3816
f 5675//3803 5676//3804 5690//3818
f 5675//3803 5690//3818 5689//3817
f 5676//3804 5677//3805 5691//3819
f 5676//3804 5691//3819 5690//3818
f 5677//3805 5678//3806 5692//3820
f 5677//3805 5692//3820 5691//3819
f 5678//3806 5679//3807 5693//3821
f 5678//3806 5693//3821 5692//3820
f 5679//3807 5680//3808 5694//3822
f 5679//3807 5694//3822 5693//3821
f 5680//3808 5681//3809 5695//3823
f 5680//3808 5695//3823 5694//3822
f 5681//3809 5682//3810 5696//3824
f 5681//3809 5696//3824 5695//3823
f 5682//3810 5683//3811 5697//3825
f 5682//3810 5697//3825 5696//3824
f 5683//3811 5684//3812 5698//3826
f 5683//3811 5698//3826 5697//3825
f 5684//3812 5671//3799 5685//3813
f 5684//3812 5685//3813 5698//3826
f 5685//3813 5686//3814 5700//3828
f 5685//3813 5700//3828 5699//3827
f 5686//3814 5687//3815 5701//3829
f 5686//3814 5701//3829 5700//3828
f 5687//3815 5688//3816 5702//3830
f 5687//3815 5702//3830 5701//3829
f 5688//3816 5689//3817 5703//3831
f 5688//3816 5703//3831 5702//3830
f 5689//3817 5690//3818 5704//3832
f 5689//3817 5704//3832 5703//3831
f 5690//3818 5691//3819 5705//3833
f 5690//3818 5705//3833 5704//3832
f 5691//3819 5692//3820 5706//3834
f 5691//3819 5706//3834 5705//3833
f 5692//3820 5693//3821 5707//3835
f 5692//3820 5707//3835 5706//3834
f 5693//3821 5694//3822 5708//3836
f 5693//3821 5708//3836 5707//3835
f 5694//3822 5695//3823 5709//3837
f 5694//3822 5709//3837 5708//3836
f 5695//3823 5696//3824 5710//3838
f 5695//3823 5710//3838 5709//3837
f 5696//3824 5697//3825 5711//3839
f 5696//3824 5711//3839 5710//3838
f 5697//3825 5698//3826 5712//3840
f 5697//3825 5712//3840 5711//3839
f 5698//3826 5685//3813 5699//3827
f 5698//3826 5699//3827 5712//3840
f 5699//3827 5700//3828 5714//3842
f 5699//3827 5714//3842 5713//3841
f 5700//3828 5701//3829 5715//3843
f 5700//3828 5715//3843 5714//3842
f 5701//3829 5702//3830 5716//3844
f 5701//3829 5716//3844 5715//3843
f 5702//3830 5703//3831 5717//3845
f 5702//3830 5717//3845 5716//3844
f 5703//3831 5704//3832 5718//3846
f 5703//3831 5718//3846 5717//3845
f 5704//3832 5705//3833 5719//3847
f 5704//3832 5719//3847 5718//3846
f 5705//3833 5706//3834 5720//3848
f 5705//3833 5720//3848 5719//3847
f 5706//3834 5707//3835 5721//3849
f 5706//3834 5721//3849 5720//3848
f 5707//3835 5708//3836 5722//3850
f 5707//3835 5722//3850 5721//3849
f 5708//3836 5709//3837 5723//3851
f 5708//3836 5723//3851 5722//3850
f 5709//3837 5710//3838 5724//3852
f 5709//3837 5724//3852 5723//3851
f 5710//3838 5711//3839 5725//3853
f 5710//3838 5725//3853 5724//3852
f 5711//3839 5712//3840 5726//3854
f 5711//3839 5726//3854 5725//3853
f 5712//3840 5699//3827 5713//3841
f 5712//3840 5713//3841 5726//3854
f 5713//3841 5714//3842 5728//3856
f 5714//3842 5715//3843 5729//3857
f 5715//3843 5716//3844 5730//3858
f 5716//3844 5717//3845 5731//3859
f 5717//3845 5718//3846 5732//3860
f 5718//3846 5719//3847 5733//3861
f 5719//3847 5720//3848 5734//3862
f 5720//3848 5721//3849 5735//3863
f 5721//3849 5722//3850 5736//3864
f 5722//3850 5723//3851 5737//3865
f 5723//3851 5724//3852 5738//3866
f 5724//3852 5725//3853 5739//3867
f 5725//3853 5726//3854 5740//3868
f 5726//3854 5713//3841 5727//3855
f 5741//3869 5742//3869 5743//3869
f 5741//3869 5743//3869 5744//3869
f 5745//3870 5746//3870 5747//3870
f 5745//3870 5747//3870 5748//3870
f 5749//3871 5750//3871 5751//3871
f 5749//3871 5751//3871 5752//3871
f 5753//3872 5754//3872 5755//3872
f 5753//3872 5755//3872 5756//3872
f 5757//3873 5758//3873 5759//3873
f 5757//3873 5759//3873 5760//3873
f 5761//3874 5762//3874 5763//3874
f 5761//3874 5763//3874 5764//3874
f 5765//3875 5766//3875 5767//3875
f 5765//3875 5767//3875 5768//3875
f 5769//3876 5770//3876 5771//3876
f 5769//3876 5771//3876 5772//3876
f 5773//3877 5774//3877 5775//3877
f 5773//3877 5775//3877 5776//3877
f 5777//3878 5778//3878 5779//3878
f 5777//3878 5779//3878 5780//3878
f 5781//3879 5782//3879 5783//3879
f 5781//3879 5783//3879 5784//3879
f 5785//3880 5786//3880 5787//3880
f 5785//3880 5787//3880 5788//3880
f 5789//3881 5790//3881 5791//3881
f 5789//3881 5791//3881 5792//3881
f 5793//3882 5794//3882 5795//3882
f 5793//3882 5795//3882 5796//3882
f 5797//3883 5798//3883 5799//3883
f 5797//3883 5799//3883 5800//3883
f 5801//3884 5802//3884 5803//3884
f 5801//3884 5803//3884 5804//3884
f 5805//3885 5806//3885 5807//3885
f 5805//3885 5807//3885 5808//3885
f 5809//3886 5810//3886 5811//3886
f 5809//3886 5811//3886 5812//3886
f 5813//3887 5828//3902 5827//3901
f 5814//3888 5829//3903 5828//3902
f 5815//3889 5830//3904 5829//3903
f 5816//3890 5831//3905 5830//3904
f 5817//3891 5832//3906 5831//3905
f 5818//3892 5833//3907 5832//3906
f 5819//3893 5834//3908 5833//3907
f 5820//3894 5835//3909 5834//3908
f 5821//3895 5836//3910 5835//3909
f 5822//3896 5837//3911 5836//3910
f 5823//3897 5838//3912 5837//3911
f 5824//3898 5839//3913 5838//3912
f 5825//3899 5840//3914 5839//3913
f 5826//3900 5827//3901 5840//3914
f 5827//3901 5828//3902 5842//3916
f 5827//3901 5842//3916 5841//3915
f 5828//3902 5829//3903 5843//3917
f 5828//3902 5843//3917 5842//3916
f 5829//3903 5830//3904 5844//3918
f 5829//3903 5844//3918 5843//3917
f 5830//3904 5831//3905 5845//3919
f 5830//3904 5845//3919 5844//3918
f 5831//3905 5832//3906 5846//3920
f 5831//3905 5846//3920 5845//3919
f 5832//3906 5833//3907 5847//3921
f 5832//3906 5847//3921 5846//3920
f 5833//3907 5834//3908 5848//3922
f 5833//3907 5848//3922 5847//3921
f 5834//3908 5835//3909 5849//3923
f 5834//3908 5849//3923 5848//3922
f 5835//3909 5836//3910 5850//3924
f 5835//3909 5850//3924 5849//3923
f 5836//3910 5837//3911 5851//3925
f 5836//3910 5851//3925 5850//3924
f 5837//3911 5838//3912 5852//3926
f 5837//3911 5852//3926 5851//3925
f 5838//3912 5839//3913 5853//3927
f 5838//3912 5853//3927 5852//3926
f 5839//3913 5840//3914 5854//3928
f 5839//3913 5854//3928 5853//3927
f 5840//3914 5827//3901 5841//3915
f 5840//3914 5841//3915 5854//3928
f 5841//3915 5842//3916 5856//3930
f 5841//3915 5856//3930 5855//3929
f 5842//3916 5843//3917 5857//3931
f 5842//3916 5857//3931 5856//3930
f 5843//3917 5844//3918 5858//3932
f 5843//3917 5858//3932 5857//3931
f 5844//3918 5845//3919 5859//3933
f 5844//3918 5859//3933 5858//3932
f 5845//3919 5846//3920 5860//3934
f 5845//3919 5860//3934 5859//3933
f 5846//3920 5847//3921 5861//3935
f 5846//3920 5861//3935 5860//3934
f 5847//3921 5848//3922 5862//3936
f 5847//3921 5862//3936 5861//3935
f 5848//3922 5849//3923 5863//3937
f 5848//3922 5863//3937 5862//3936
f 5849//3923 5850//3924 5864//3938
f 5849//3923 5864//3938 5863//3937
f 5850//3924 5851//3925 5865//3939
f 5850//3924 5865//3939 5864//3938
f 5851//3925 5852//3926 5866//3940
f 5851//3925 5866//3940 5865//3939
f 5852//3926 5853//3927 5867//3941
f 5852//3926 5867//3941 5866//3940
f 5853//3927 5854//3928 5868//3942
f 5853//3927 5868//3942 5867//3941
f 5854//3928 5841//3915 5855//3929
f 5854//3928 5855//3929 5868//3942
f 5855//3929 5856//3930 5870//3944
f 5855//3929 5870//3944 5869//3943
f 5856//3930 5857//3931 5871//3945
f 5856//3930 5871//3945 5870//3944
f 5857//3931 5858//3932 5872//3946
f 5857//3931 5872//3946 5871//3945
f 5858//3932 5859//3933 5873//3947
f 5858//3932 5873//3947 5872//3946
f 5859//3933 5860//3934 5874//3948
f 5859//3933 5874//3948 5873//3947
f 5860//3934 5861//3935 5875//3949
f 5860//3934 5875//3949 5874//3948
f 5861//3935 5862//3936 5876//3950
f 5861//3935 5876//3950 5875//3949
f 5862//3936 5863//3937 5877//3951
f 5862//3936 5877//3951 5876//3950
f 5863//3937 5864//3938 5878//3952
f 5863//3937 5878//3952 5877//3951
f 5864//3938 5865//3939 5879//3953
f 5864//3938 5879//3953 5878//3952
f 5865//3939 5866//3940 5880//3954
f 5865//3939 5880//3954 5879//3953
f 5866//3940 5867//3941 5881//3955
f 5866//3940 5881//3955 5880//3954
f 5867//3941 5868//3942 5882//3956
f 5867//3941 5882//3956 5881//3955
f 5868//3942 5855//3929 5869//3943
f 5868//3942 5869//3943 5882//3956
f 5869//3943 5870//3944 5884//3958
f 5869//3943 5884//3958 5883//3957
f 5870//3944 5871//3945 5885//3959
f 5870//3944 5885//3959 5884//3958
f 5871//3945 5872//3946 5886//3960
f 5871//3945 5886//3960 5885//3959
f 5872//3946 5873//3947 5887//3961
f 5872//3946 5887//3961 5886//3960
f 5873//3947 5874//3948 5888//3962
f 5873//3947 5888//3962 5887//3961
f 5874//3948 5875//3949 5889//3963
f 5874//3948 5889//3963 5888//3962
f 5875//3949 5876//3950 5890//3964
f 5875//3949 5890//3964 5889//3963
f 5876//3950 5877//3951 5891//3965
f 5876//3950 5891//3965 5890//3964
f 5877//3951 5878//3952 5892//3966
f 5877//3951 5892//3966 5891//3965
f 5878//3952 5879//3953 5893//3967
f 5878//3952 5893//3967 5892//3966
f 5879//3953 5880//3954 5894//3968
f 5879//3953 5894//3968 5893//3967
f 5880//3954 5881//3955 5895//3969
f 5880//3954 5895//3969 5894//3968
f 5881//3955 5882//3956 5896//3970
f 5881//3955 5896//3970 5895//3969
f 5882//3956 5869//3943 5883//3957
f 5882//3956 5883//3957 5896//3970
f 5883//3957 5884//3958 5898//3972
f 5883//3957 5898//3972 5897//3971
f 5884//3958 5885//3959 5899//3973
f 5884//3958 5899//3973 5898//3972
f 5885//3959 5886//3960 5900//3974
f 5885//3959 5900//3974 5899//3973
f 5886//3960 5887//3961 5901//3975
f 5886//3960 5901//3975 5900//3974
f 5887//3961 5888//3962 5902//3976
f 5887//3961 5902//3976 5901//3975
f 5888//3962 5889//3963 5903//3977
f 5888//3962 5903//3977 5902//3976
f 5889//3963 5890//3964 5904//3978
f 5889//3963 5904//3978 5903//3977
f 5890//3964 5891//3965 5905//3979
f 5890//3964 5905//3979 5904//3978
f 5891//3965 5892//3966 5906//3980
f 5891//3965 5906//3980 5905//3979
f 5892//3966 5893//3967 5907//3981
f 5892//3966 5907//3981 5906//3980
f 5893//3967 5894//3968 5908//3982
f 5893//3967 5908//3982 5907//3981
f 5894//3968 5895//3969 5909//3983
f 5894//3968 5909//3983 5908//3982
f 5895//3969 5896//3970 5910//3984
f 5895//3969 5910//3984 5909//3983
f 5896//3970 5883//3957 5897//3971
f 5896//3970 5897//3971 5910//3984
f 5897//3971 5898//3972 5912//3986
f 5897//3971 5912//3986 5911//3985
f 5898//3972 5899//3973 5913//3987
f 5898//3972 5913//3987 5912//3986
f 5899//3973 5900//3974 5914//3988
f 5899//3973 5914//3988 5913//3987
f 5900//3974 5901//3975 5915//3989
f 5900//3974 5915//3989 5914//3988
f 5901//3975 5902//3976 5916//3990
f 5901//3975 5916//3990 5915//3989
f 5902//3976 5903//3977 5917//3991
f 5902//3976 5917//3991 5916//3990
f 5903//3977 5904//3978 5918//3992
f 5903//3977 5918//3992 5917//3991
f 5904//3978 5905//3979 5919//3993
f 5904//3978 5919//3993 5918//3992
f 5905//3979 5906//3980 5920//3994
f 5905//3979 5920//3994 5919//3993
f 5906//3980 5907//3981 5921//3995
f 5906//3980 5921//3995 5920//3994
f 5907//3981 5908//3982 5922//3996
f 5907//3981 5922//3996 5921//3995
f 5908//3982 5909//3983 5923//3997
f 5908//3982 5923//3997 5922//3996
f 5909//3983 5910//3984 5924//3998
f 5909//3983 5924//3998 5923//3997
f 5910//3984 5897//3971 5911//3985
f 5910//3984 5911//3985 5924//3998
f 5911//3985 5912//3986 5926//4000
f 5912//3986 5913//3987 5927//4001
f 5913//3987 5914//3988 5928//4002
f 5914//3988 5915//3989 5929//4003
f 5915//3989 5916//3990 5930//4004
f 5916//3990 5917//3991 5931//4005
f 5917//3991 5918//3992 5932//4006
f 5918//3992 5919//3993 5933//4007
f 5919//3993 5920//3994 5934//4008
f 5920//3994 5921//3995 5935//4009
f 5921//3995 5922//3996 5936//4010
f 5922//3996 5923//3997 5937//4011
f 5923//3997 5924//3998 5938//4012
f 5924//3998 5911//3985 5925//3999
f 5939//4013 5940//4013 5941//4013
f 5939//4013 5941//4013 5942//4013
f 5943//4014 5944//4014 5945//4014
f 5943//4014 5945//4014 5946//4014
f 5947//4015 5948//4015 5949//4015
f 5947//4015 5949//4015 5950//4015
f 5951//4016 5952//4016 5953//4016
f 5951//4016 5953//4016 5954//4016
f 5955//4017 5956//4017 5957//4017
f 5955//4017 5957//4017 5958//4017
f 5959//4018 5960//4018 5961//4018
f 5959//4018 5961//4018 5962//4018
f 5963//4019 5964//4019 5965//4019
f 5963//4019 5965//4019 5966//4019
f 5967//4020 5968//4020 5969//4020
f 5967//4020 5969//4020 5970//4020
f 5971//4021 5972//4021 5973//4021
f 5971//4021 5973//4021 5974//4021
f 5975//4022 5976//4022 5977//4022
f 5975//4022 5977//4022 5978//4022
f 5979//4023 5980//4023 5981//4023
f 5979//4023 5981//4023 5982//4023
f 5983//4024 5984//4024 5985//4024
f 5983//4024 5985//4024 5986//4024
f 5987//4025 5988//4025 5989//4025
f 5987//4025 5989//4025 5990//4025
f 5991//4026 5992//4026 5993//4026
f 5991//4026 5993//4026 5994//4026
f 5995//4027 5996//4027 5997//4027
f 5995//4027 5997//4027 5998//4027
f 5999//4028 6000//4028 6001//4028
f 5999//4028 6001//4028 6002//4028
f 6003//4029 6004//4029 6005//4029
f 6003//4029 6005//4029 6006//4029
f 6007//4030 6008//4030 6009//4030
f 6007//4030 6009//4030 6010//4030
f 6011//4031 6012//4031 6013//4031
f 6011//4031 6013//4031 6014//4031
f 6015//4032 6016//4032 6017//4032
f 6015//4032 6017//4032 6018//4032
f 6019//4033 6020//4033 6021//4033
f 6019//4033 6021//4033 6022//4033
f 6023//4034 6024//4034 6025//4034
f 6023//4034 6025//4034 6026//4034
f 6027//4035 6028//4035 6029//4035
f 6027//4035 6029//4035 6030//4035
f 6031//4036 6032//4036 6033//4036
f 6031//4036 6033//4036 6034//4036
f 6035//4037 6036//4037 6037//4037
f 6035//4037 6037//4037 6038//4037
f 6039//4038 6040//4038 6041//4038
f 6039//4038 6041//4038 6042//4038
f 6043//4039 6044//4039 6045//4039
f 6043//4039 6045//4039 6046//4039
f 6047//4040 6048//4040 6049//4040
f 6047//4040 6049//4040 6050//4040
f 6051//4041 6052//4041 6053//4041
f 6051//4041 6053//4041 6054//4041
f 6055//4042 6056//4042 6057//4042
f 6055//4042 6057//4042 6058//4042
f 6059//4043 6060//4043 6061//4043
f 6059//4043 6061//4043 6062//4043
f 6063//4044 6064//4044 6065//4044
f 6063//4044 6065//4044 6066//4044
f 6067//4045 6068//4045 6069//4045
f 6067//4045 6069//4045 6070//4045
f 6071//4046 6072//4046 6073//4046
f 6071//4046 6073//4046 6074//4046
f 6075//4047 6076//4047 6077//4047
f 6075//4047 6077//4047 6078//4047
f 6079//4048 6080//4048 6081//4048
f 6079//4048 6081//4048 6082//4048
f 6083//4049 6098//4064 6097//4063
f 6084//4050 6099//4065 6098//4064
f 6085//4051 6100//4066 6099//4065
f 6086//4052 6101//4067 6100//4066
f 6087//4053 6102//4068 6101//4067
f 6088//4054 6103//4069 6102//4068
f 6089//4055 6104//4070 6103//4069
f 6090//4056 6105//4071 6104//4070
f 6091//4057 6106//4072 6105//4071
f 6092//4058 6107//4073 6106//4072
f 6093//4059 6108//4074 6107//4073
f 6094//4060 6109//4075 6108//4074
f 6095//4061 6110//4076 6109//4075
f 6096//4062 6097//4063 6110//4076
f 6097//4063 6098//4064 6112//4078
f 6097//4063 6112//4078 6111//4077
f 6098//4064 6099//4065 6113//4079
f 6098//4064 6113//4079 6112//4078
f 6099//4065 6100//4066 6114//4080
f 6099//4065 6114//4080 6113//4079
f 6100//4066 6101//4067 6115//4081
f 6100//4066 6115//4081 6114//4080
f 6101//4067 6102//4068 6116//4082
f 6101//4067 6116//4082 6115//4081
f 6102//4068 6103//4069 6117//4083
f 6102//4068 6117//4083 6116//4082
f 6103//4069 6104//4070 6118//4084
f 6103//4069 6118//4084 6117//4083
f 6104//4070 6105//4071 6119//4085
f 6104//4070 6119//4085 6118//4084
f 6105//4071 6106//4072 6120//4086
f 6105//4071 6120//4086 6119//4085
f 6106//4072 6107//4073 6121//4087
f 6106//4072 6121//4087 6120//4086
f 6107//4073 6108//4074 6122//4088
f 6107//4073 6122//4088 6121//4087
f 6108//4074 6109//4075 6123//4089
f 6108//4074 6123//4089 6122//4088
f 6109//4075 6110//4076 6124//4090
f 6109//4075 6124//4090 6123//4089
f 6110//4076 6097//4063 6111//4077
f 6110//4076 6111//4077 6124//4090
f 6111//4077 6112//4078 6126//4092
f 6111//4077 6126//4092 6125//4091
f 6112//4078 6113//4079 6127//4093
f 6112//4078 6127//4093 6126//4092
f 6113//4079 6114//4080 6128//4094
f 6113//4079 6128//4094 6127//4093
f 6114//4080 6115//4081 6129//4095
f 6114//4080 6129//4095 6128//4094
f 6115//4081 6116//4082 6130//4096
f 6115//4081 6130//4096 6129//4095
f 6116//4082 6117//4083 6131//4097
f 6116//4082 6131//4097 6130//4096
f 6117//4083 6118//4084 6132//4098
f 6117//4083 6132//4098 6131//4097
f 6118//4084 6119//4085 6133//4099
f 6118//4084 6133//4099 6132//4098
f 6119//4085 6120//4086 6134//4100
f 6119//4085 6134//4100 6133//4099
f 6120//4086 6121//4087 6135//4101
f 6120//4086 6135//4101 6134//4100
f 6121//4087 6122//4088 6136//4102
f 6121//4087 6136//4102 6135//4101
f 6122//4088 6123//4089 6137//4103
f 6122//4088 6137//4103 6136//4102
f 6123//4089 6124//4090 6138//4104
f 6123//4089 6138//4104 6137//4103
f 6124//4090 6111//4077 6125//4091
f 6124//4090 6125//4091 6138//4104
f 6125//4091 6126//4092 6140//4106
f 6125//4091 6140//4106 6139//4105
f 6126//4092 6127//4093 6141//4107
f 6126//4092 6141//4107 6140//4106
f 6127//4093 6128//4094 6142//4108
f 6127//4093 6142//4108 6141//4107
f 6128//4094 6129//4095 6143//4109
f 6128//4094 6143//4109 6142//4108
f 6129//4095 6130//4096 6144//4110
f 6129//4095 6144//4110 6143//4109
f 6130//4096 6131//4097 6145//4111
f 6130//4096 6145//4111 6144//4110
f 6131//4097 6132//4098 6146//4112
f 6131//4097 6146//4112 6145//4111
f 6132//4098 6133//4099 6147//4113
f 6132//4098 6147//4113 6146//4112
f 6133//4099 6134//4100 6148//4114
f 6133//4099 6148//4114 6147//4113
f 6134//4100 6135//4101 6149//4115
f 6134//4100 6149//4115 6148//4114
f 6135//4101 6136//4102 6150//4116
f 6135//4101 6150//4116 6149//4115
f 6136//4102 6137//4103 6151//4117
f 6136//4102 6151//4117 6150//4116
f 6137//4103 6138//4104 6152//4118
f 6137//4103 6152//4118 6151//4117
f 6138//4104 6125//4091 6139//4105
f 6138//4104 6139//4105 6152//4118
f 6139//4105 6140//4106 6154//4120
f 6139//4105 6154//4120 6153//4119
f 6140//4106 6141//4107 6155//4121
f 6140//4106 6155//4121 6154//4120
f 6141//4107 6142//4108 6156//4122
f 6141//4107 6156//4122 6155//4121
f 6142//4108 6143//4109 6157//4123
f 6142//4108 6157//4123 6156//4122
f 6143//4109 6144//4110 6158//4124
f 6143//4109 6158//4124 6157//4123
f 6144//4110 6145//4111 6159//4125
f 6144//4110 6159//4125 6158//4124
f 6145//4111 6146//4112 6160//4126
f 6145//4111 6160//4126 6159//4125
f 6146//4112 6147//4113 6161//4127
f 6146//4112 6161//4127 6160//4126
f 6147//4113 6148//4114 6162//4128
f 6147//4113 6162//4128 6161//4127
f 6148//4114 6149//4115 6163//4129
f 6148//4114 6163//4129 6162//4128
f 6149//4115 6150//4116 6164//4130
f 6149//4115 6164//4130 6163//4129
f 6150//4116 6151//4117 6165//4131
f 6150//4116 6165//4131 6164//4130
f 6151//4117 6152//4118 6166//4132
f 6151//4117 6166//4132 6165//4131
f 6152//4118 6139//4105 6153//4119
f 6152//4118 6153//4119 6166//4132
f 6153//4119 6154//4120 6168//4134
f 6153//4119 6168//4134 6167//4133
f 6154//4120 6155//4121 6169//4135
f 6154//4120 6169//4135 6168//4134
f 6155//4121 6156//4122 6170//4136
f 6155//4121 6170//4136 6169//4135
f 6156//4122 6157//4123 6171//4137
f 6156//4122 6171//4137 6170//4136
f 6157//4123 6158//4124 6172//4138
f 6157//4123 6172//4138 6171//4137
f 6158//4124 6159//4125 6173//4139
f 6158//4124 6173//4139 6172//4138
f 6159//4125 6160//4126 6174//4140
f 6159//4125 6174//4140 6173//4139
f 6160//4126 6161//4127 6175//4141
f 6160//4126 6175//4141 6174//4140
f 6161//4127 6162//4128 6176//4142
f 6161//4127 6176//4142 6175//4141
f 6162//4128 6163//4129 6177//4143
f 6162//4128 6177//4143 6176//4142
f 6163//4129 6164//4130 6178//4144
f 6163//4129 6178//4144 6177//4143
f 6164//4130 6165//4131 6179//4145
f 6164//4130 6179//4145 6178//4144
f 6165//4131 6166//4132 6180//4146
f 6165//4131 6180//4146 6179//4145
f 6166//4132 6153//4119 6167//4133
f 6166//4132 6167//4133 6180//4146
f 6167//4133 6168//4134 6182//4148
f 6167//4133 6182//4148 6181//4147
f 6168//4134 6169//4135 6183//4149
f 6168//4134 6183//4149 6182//4148
f 6169//4135 6170//4136 6184//4150
f 6169//4135 6184//4150 6183//4149
f 6170//4136 6171//4137 6185//4151
f 6170//4136 6185//4151 6184//4150
f 6171//4137 6172//4138 6186//4152
f 6171//4137 6186//4152 6185//4151
f 6172//4138 6173//4139 6187//4153
f 6172//4138 6187//4153 6186//4152
f 6173//4139 6174//4140 6188//4154
f 6173//4139 6188//4154 6187//4153
f 6174//4140 6175//4141 6189//4155
f 6174//4140 6189//4155 6188//4154
f 6175//4141 6176//4142 6190//4156
f 6175//4141 6190//4156 6189//4155
f 6176//4142 6177//4143 6191//4157
f 6176//4142 6191//4157 6190//4156
f 6177//4143 6178//4144 6192//4158
f 6177//4143 6192//4158 6191//4157
f 6178//4144 6179//4145 6193//4159
f 6178//4144 6193//4159 6192//4158
f 6179//4145 6180//4146 6194//4160
f 6179//4145 6194//4160 6193//4159
f 6180//4146 6167//4133 6181//4147
f 6180//4146 6181//4147 6194//4160
f 6181//4147 6182//4148 6196//4162
f 6181//4147 6196//4162 6195//4161
f 6182//4148 6183//4149 6197//4163
f 6182//4148 6197//4163 6196//4162
f 6183//4149 6184//4150 6198//4164
f 6183//4149 6198//4164 6197//4163
f 6184//4150 6185//4151 6199//4165
f 6184//4150 6199//4165 6198//4164
f 6185//4151 6186//4152 6200//4166
f 6185//4151 6200//4166 6199//4165
f 6186//4152 6187//4153 6201//4167
f 6186//4152 6201//4167 6200//4166
f 6187//4153 6188//4154 6202//4168
f 6187//4153 6202//4168 6201//4167
f 6188//4154 6189//4155 6203//4169
f 6188//4154 6203//4169 6202//4168
f 6189//4155 6190//4156 6204//4170
f 6189//4155 6204//4170 6203//4169
f 6190//4156 6191//4157 6205//4171
f 6190//4156 6205//4171 6204//4170
f 6191//4157 6192//4158 6206//4172
f 6191//4157 6206//4172 6205//4171
f 6192//4158 6193//4159 6207//4173
f 6192//4158 6207//4173 6206//4172
f 6193//4159 6194//4160 6208//4174
f 6193//4159 6208//4174 6207//4173
f 6194//4160 6181//4147 6195//4161
f 6194//4160 6195//4161 6208//4174
f 6195//4161 6196//4162 6210//4176
f 6195//4161 6210//4176 6209//4175
f 6196//4162 6197//4163 6211//4177
f 6196//4162 6211//4177 6210//4176
f 6197//4163 6198//4164 6212//4178
f 6197//4163 6212//4178 6211//4177
f 6198//4164 6199//4165 6213//4179
f 6198//4164 6213//4179 6212//4178
f 6199//4165 6200//4166 6214//4180
f 6199//4165 6214//4180 6213//4179
f 6200//4166 6201//4167 6215//4181
f 6200//4166 6215//4181 6214//4180
f 6201//4167 6202//4168 6216//4182
f 6201//4167 6216//4182 6215//4181
f 6202//4168 6203//4169 6217//4183
f 6202//4168 6217//4183 6216//4182
f 6203//4169 6204//4170 6218//4184
f 6203//4169 6218//4184 6217//4183
f 6204//4170 6205//4171 6219//4185
f 6204//4170 6219//4185 6218//4184
f 6205//4171 6206//4172 6220//4186
f 6205//4171 6220//4186 6219//4185
f 6206//4172 6207//4173 6221//4187
f 6206//4172 6221//4187 6220//4186
f 6207//4173 6208//4174 6222//4188
f 6207//4173 6222//4188 6221//4187
f 6208//4174 6195//4161 6209//4175
f 6208//4174 6209//4175 6222//4188
f 6209//4175 6210//4176 6224//4190
f 6210//4176 6211//4177 6225//4191
f 6211//4177 6212//4178 6226//4192
f 6212//4178 6213//4179 6227//4193
f 6213//4179 6214//4180 6228//4194
f 6214//4180 6215//4181 6229//4195
f 6215//4181 6216//4182 6230//4196
f 6216//4182 6217//4183 6231//4197
f 6217//4183 6218//4184 6232//4198
f 6218//4184 6219//4185 6233//4199
f 6219//4185 6220//4186 6234//4200
f 6220//4186 6221//4187 6235//4201
f 6221//4187 6222//4188 6236//4202
f 6222//4188 6209//4175 6223//4189
f 6237//4203 6238//4203 6239//4203
f 6237//4203 6239//4203 6240//4203
f 6241//4204 6242//4204 6243//4204
f 6241//4204 6243//4204 6244//4204
f 6245//4205 6246//4205 6247//4205
f 6245//4205 6247//4205 6248//4205
f 6249//4206 6250//4206 6251//4206
f 6249//4206 6251//4206 6252//4206
f 6253//4207 6254//4207 6255//4207
f 6253//4207 6255//4207 6256//4207
f 6257//4208 6258//4208 6259//4208
f 6257//4208 6259//4208 6260//4208
f 6261//4209 6270//4218 6269//4217
f 6262//4210 6271//4219 6270//4218
f 6263//4211 6272//4220 6271//4219
f 6264//4212 6273//4221 6272//4220
f 6265//4213 6274//4222 6273//4221
f 6266//4214 6275//4223 6274//4222
f 6267//4215 6276//4224 6275//4223
f 6268//4216 6269//4217 6276//4224
f 6269//4217 6270//4218 6278//4226
f 6269//4217 6278//4226 6277//4225
f 6270//4218 6271//4219 6279//4227
f 6270//4218 6279//4227 6278//4226
f 6271//4219 6272//4220 6280//4228
f 6271//4219 6280//4228 6279//4227
f 6272//4220 6273//4221 6281//4229
f 6272//4220 6281//4229 6280//4228
f 6273//4221 6274//4222 6282//4230
f 6273//4221 6282//4230 6281//4229
f 6274//4222 6275//4223 6283//4231
f 6274//4222 6283//4231 6282//4230
f 6275//4223 6276//4224 6284//4232
f 6275//4223 6284//4232 6283//4231
f 6276//4224 6269//4217 6277//4225
f 6276//4224 6277//4225 6284//4232
f 6277//4225 6278//4226 6286//4234
f 6277//4225 6286//4234 6285//4233
f 6278//4226 6279//4227 6287//4235
f 6278//4226 6287//4235 6286//4234
f 6279//4227 6280//4228 6288//4236
f 6279//4227 6288//4236 6287//4235
f 6280//4228 6281//4229 6289//4237
f 6280//4228 6289//4237 6288//4236
f 6281//4229 6282//4230 6290//4238
f 6281//4229 6290//4238 6289//4237
f 6282//4230 6283//4231 6291//4239
f 6282//4230 6291//4239 6290//4238
f 6283//4231 6284//4232 6292//4240
f 6283//4231 6292//4240 6291//4239
f 6284//4232 6277//4225 6285//4233
f 6284//4232 6285//4233 6292//4240
f 6285//4233 6286//4234 6294//4242
f 6286//4234 6287//4235 6295//4243
f 6287//4235 6288//4236 6296//4244
f 6288//4236 6289//4237 6297//4245
f 6289//4237 6290//4238 6298//4246
f 6290//4238 6291//4239 6299//4247
f 6291//4239 6292//4240 6300//4248
f 6292//4240 6285//4233 6293//4241
f 6301//4249 6310//4258 6309//4257
f 6302//4250 6311//4259 6310//4258
f 6303//4251 6312//4260 6311//4259
f 6304//4252 6313//4261 6312//4260
f 6305//4253 6314//4262 6313//4261
f 6306//4254 6315//4263 6314//4262
f 6307//4255 6316//4264 6315//4263
f 6308//4256 6309//4257 6316//4264
f 6309//4257 6310//4258 6318//4266
f 6309//4257 6318//4266 6317//4265
f 6310//4258 6311//4259 6319//4267
f 6310//4258 6319//4267 6318//4266
f 6311//4259 6312//4260 6320//4268
f 6311//4259 6320//4268 6319//4267
f 6312//4260 6313//4261 6321//4269
f 6312//4260 6321//4269 6320//4268
f 6313//4261 6314//4262 6322//4270
f 6313//4261 6322//4270 6321//4269
f 6314//4262 6315//4263 6323//4271
f 6314//4262 6323//4271 6322//4270
f 6315//4263 6316//4264 6324//4272
f 6315//4263 6324//4272 6323//4271
f 6316//4264 6309//4257 6317//4265
f 6316//4264 6317//4265 6324//4272
f 6317//4265 6318//4266 6326//4274
f 6317//4265 6326//4274 6325//4273
f 6318//4266 6319//4267 6327//4275
f 6318//4266 6327//4275 6326//4274
f 6319//4267 6320//4268 6328//4276
f 6319//4267 6328//4276 6327//4275
f 6320//4268 6321//4269 6329//4277
f 6320//4268 6329//4277 6328//4276
f 6321//4269 6322//4270 6330//4278
f 6321//4269 6330//4278 6329//4277
f 6322//4270 6323//4271 6331//4279
f 6322//4270 6331//4279 6330//4278
f 6323//4271 6324//4272 6332//4280
f 6323//4271 6332//4280 6331//4279
f 6324//4272 6317//4265 6325//4273
f 6324//4272 6325//4273 6332//4280
f 6325//4273 6326//4274 6334//4282
f 6326//4274 6327//4275 6335//4283
f 6327//4275 6328//4276 6336//4284
f 6328//4276 6329//4277 6337//4285
f 6329//4277 6330//4278 6338//4286
f 6330//4278 6331//4279 6339//4287
f 6331//4279 6332//4280 6340//4288
f 6332//4280 6325//4273 6333//4281
f 6341//4289 6350//4298 6349//4297
f 6342//4290 6351//4299 6350//4298
f 6343//4291 6352//4300 6351//4299
f 6344//4292 6353//4301 6352//4300
f 6345//4293 6354//4302 6353//4301
f 6346//4294 6355//4303 6354//4302
f 6347//4295 6356//4304 6355//4303
f 6348//4296 6349//4297 6356//4304
f 6349//4297 6350//4298 6358//4306
f 6349//4297 6358//4306 6357//4305
f 6350//4298 6351//4299 6359//4307
f 6350//4298 6359//4307 6358//4306
f 6351//4299 6352//4300 6360//4308
f 6351//4299 6360//4308 6359//4307
f 6352//4300 6353//4301 6361//4309
f 6352//4300 6361//4309 6360//4308
f 6353//4301 6354//4302 6362//4310
f 6353//4301 6362//4310 6361//4309
f 6354//4302 6355//4303 6363//4311
f 6354//4302 6363//4311 6362//4310
f 6355//4303 6356//4304 6364//4312
f 6355//4303 6364//4312 6363//4311
f 6356//4304 6349//4297 6357//4305
f 6356//4304 6357//4305 6364//4312
f 6357//4305 6358//4306 6366//4314
f 6357//4305 6366//4314 6365//4313
f 6358//4306 6359//4307 6367//4315
f 6358//4306 6367//4315 6366//4314
f 6359//4307 6360//4308 6368//4316
f 6359//4307 6368//4316 6367//4315
f 6360//4308 6361//4309 6369//4317
f 6360//4308 6369//4317 6368//4316
f 6361//4309 6362//4310 6370//4318
f 6361//4309 6370//4318 6369//4317
f 6362//4310 6363//4311 6371//4319
f 6362//4310 6371//4319 6370//4318
f 6363//4311 6364//4312 6372//4320
f 6363//4311 6372//4320 6371//4319
f 6364//4312 6357//4305 6365//4313
f 6364//4312 6365//4313 6372//4320
f 6365//4313 6366//4314 6374//4322
f 6366//4314 6367//4315 6375//4323
f 6367//4315 6368//4316 6376//4324
f 6368//4316 6369//4317 6377//4325
f 6369//4317 6370//4318 6378//4326
f 6370//4318 6371//4319 6379//4327
f 6371//4319 6372//4320 6380//4328
f 6372//4320 6365//4313 6373//4321
f 6381//4329 6382//4329 6383//4329
f 6381//4329 6383//4329 6384//4329
f 6385//4330 6386//4330 6387//4330
f 6385//4330 6387//4330 6388//4330
f 6389//4331 6390//4331 6391//4331
f 6389//4331 6391//4331 6392//4331
f 6393//4332 6394//4332 6395//4332
f 6393//4332 6395//4332 6396//4332
f 6397//4333 6398//4333 6399//4333
f 6397//4333 6399//4333 6400//4333
f 6401//4334 6402//4334 6403//4334
f 6401//4334 6403//4334 6404//4334
f 6405//4335 6406//4335 6407//4335
f 6405//4335 6407//4335 6408//4335
f 6409//4336 6410//4336 6411//4336
f 6409//4336 6411//4336 6412//4336
f 6413//4337 6414//4337 6415//4337
f 6413//4337 6415//4337 6416//4337
f 6417//4338 6418//4338 6419//4338
f 6417//4338 6419//4338 6420//4338
f 6421//4339 6422//4339 6423//4339
f 6421//4339 6423//4339 6424//4339
f 6425//4340 6426//4340 6427//4340
f 6425//4340 6427//4340 6428//4340
f 6429//4341 6430//4341 6431//4341
f 6429//4341 6431//4341 6432//4341
f 6433//4342 6434//4342 6435//4342
f 6433//4342 6435//4342 6436//4342
f 6437//4343 6438//4343 6439//4343
f 6437//4343 6439//4343 6440//4343
f 6441//4344 6442//4344 6443//4344
f 6441//4344 6443//4344 6444//4344
f 6445//4345 6446//4345 6447//4345
f 6445//4345 6447//4345 6448//4345
f 6449//4346 6450//4346 6451//4346
f 6449//4346 6451//4346 6452//4346
f 6453//4347 6454//4347 6455//4347
f 6453//4347 6455//4347 6456//4347
f 6457//4348 6458//4348 6459//4348
f 6457//4348 6459//4348 6460//4348
f 6461//4349 6462//4349 6463//4349
f 6461//4349 6463//4349 6464//4349
f 6465//4350 6466//4350 6467//4350
f 6465//4350 6467//4350 6468//4350
f 6469//4351 6470//4351 6471//4351
f 6469//4351 6471//4351 6472//4351
f 6473//4352 6474//4352 6475//4352
f 6473//4352 6475//4352 6476//4352
f 6477//4353 6478//4353 6479//4353
f 6477//4353 6479//4353 6480//4353
f 6481//4354 6482//4354 6483//4354
f 6481//4354 6483//4354 6484//4354
f 6485//4355 6486//4355 6487//4355
f 6485//4355 6487//4355 6488//4355
f 6489//4356 6490//4356 6491//4356
f 6489//4356 6491//4356 6492//4356
f 6493//4357 6494//4357 6495//4357
f 6493//4357 6495//4357 6496//4357
f 6497//4358 6498//4358 6499//4358
f 6497//4358 6499//4358 6500//4358
f 6501//4359 6516//4374 6515//4373
f 6502//4360 6517//4375 6516//4374
f 6503//4361 6518//4376 6517//4375
f 6504//4362 6519//4377 6518//4376
f 6505//4363 6520//4378 6519//4377
f 6506//4364 6521//4379 6520//4378
f 6507//4365 6522//4380 6521//4379
f 6508//4366 6523//4381 6522//4380
f 6509//4367 6524//4382 6523//4381
f 6510//4368 6525//4383 6524//4382
f 6511//4369 6526//4384 6525//4383
f 6512//4370 6527//4385 6526//4384
f 6513//4371 6528//4386 6527//4385
f 6514//4372 6515//4373 6528//4386
f 6515//4373 6516//4374 6530//4388
f 6515//4373 6530//4388 6529//4387
f 6516//4374 6517//4375 6531//4389
f 6516//4374 6531//4389 6530//4388
f 6517//4375 6518//4376 6532//4390
f 6517//4375 6532//4390 6531//4389
f 6518//4376 6519//4377 6533//4391
f 6518//4376 6533//4391 6532//4390
f 6519//4377 6520//4378 6534//4392
f 6519//4377 6534//4392 6533//4391
f 6520//4378 6521//4379 6535//4393
f 6520//4378 6535//4393 6534//4392
f 6521//4379 6522//4380 6536//4394
f 6521//4379 6536//4394 6535//4393
f 6522//4380 6523//4381 6537//4395
f 6522//4380 6537//4395 6536//4394
f 6523//4381 6524//4382 6538//4396
f 6523//4381 6538//4396 6537//4395
f 6524//4382 6525//4383 6539//4397
f 6524//4382 6539//4397 6538//4396
f 6525//4383 6526//4384 6540//4398
f 6525//4383 6540//4398 6539//4397
f 6526//4384 6527//4385 6541//4399
f 6526//4384 6541//4399 6540//4398
f 6527//4385 6528//4386 6542//4400
f 6527//4385 6542//4400 6541//4399
f 6528//4386 6515//4373 6529//4387
f 6528//4386 6529//4387 6542//4400
f 6529//4387 6530//4388 6544//4402
f 6529//4387 6544//4402 6543//4401
f 6530//4388 6531//4389 6545//4403
f 6530//4388 6545//4403 6544//4402
f 6531//4389 6532//4390 6546//4404
f 6531//4389 6546//4404 6545//4403
f 6532//4390 6533//4391 6547//4405
f 6532//4390 6547//4405 6546//4404
f 6533//4391 6534//4392 6548//4406
f 6533//4391 6548//4406 6547//4405
f 6534//4392 6535//4393 6549//4407
f 6534//4392 6549//4407 6548//4406
f 6535//4393 6536//4394 6550//4408
f 6535//4393 6550//4408 6549//4407
f 6536//4394 6537//4395 6551//4409
f 6536//4394 6551//4409 6550//4408
f 6537//4395 6538//4396 6552//4410
f 6537//4395 6552//4410 6551//4409
f 6538//4396 6539//4397 6553//4411
f 6538//4396 6553//4411 6552//4410
f 6539//4397 6540//4398 6554//4412
f 6539//4397 6554//4412 6553//4411
f 6540//4398 6541//4399 6555//4413
f 6540//4398 6555//4413 6554//4412
f 6541//4399 6542//4400 6556//4414
f 6541//4399 6556//4414 6555//4413
f 6542//4400 6529//4387 6543//4401
f 6542//4400 6543//4401 6556//4414
f 6543//4401 6544//4402 6558//4416
f 6543//4401 6558//4416 6557//4415
f 6544//4402 6545//4403 6559//4417
f 6544//4402 6559//4417 6558//4416
f 6545//4403 6546//4404 6560//4418
f 6545//4403 6560//4418 6559//4417
f 6546//4404 6547//4405 6561//4419
f 6546//4404 6561//4419 6560//4418
f 6547//4405 6548//4406 6562//4420
f 6547//4405 6562//4420 6561//4419
f 6548//4406 6549//4407 6563//4421
f 6548//4406 6563//4421 6562//4420
f 6549//4407 6550//4408 6564//4422
f 6549//4407 6564//4422 6563//4421
f 6550//4408 6551//4409 6565//4423
f 6550//4408 6565//4423 6564//4422
f 6551//4409 6552//4410 6566//4424
f 6551//4409 6566//4424 6565//4423
f 6552//4410 6553//4411 6567//4425
f 6552//4410 6567//4425 6566//4424
f 6553//4411 6554//4412 6568//4426
f 6553//4411 6568//4426 6567//4425
f 6554//4412 6555//4413 6569//4427
f 6554//4412 6569//4427 6568//4426
f 6555//4413 6556//4414 6570//4428
f 6555//4413 6570//4428 6569//4427
f 6556//4414 6543//4401 6557//4415
f 6556//4414 6557//4415 6570//4428
f 6557//4415 6558//4416 6572//4430
f 6557//4415 6572//4430 6571//4429
f 6558//4416 6559//4417 6573//4431
f 6558//4416 6573//4431 6572//4430
f 6559//4417 6560//4418 6574//4432
f 6559//4417 6574//4432 6573//4431
f 6560//4418 6561//4419 6575//4433
f 6560//4418 6575//4433 6574//4432
f 6561//4419 6562//4420 6576//4434
f 6561//4419 6576//4434 6575//4433
f 6562//4420 6563//4421 6577//4435
f 6562//4420 6577//4435 6576//4434
f 6563//4421 6564//4422 6578//4436
f 6563//4421 6578//4436 6577//4435
f 6564//4422 6565//4423 6579//4437
f 6564//4422 6579//4437 6578//4436
f 6565//4423 6566//4424 6580//4438
f 6565//4423 6580//4438 6579//4437
f 6566//4424 6567//4425 6581//4439
f 6566//4424 6581//4439 6580//4438
f 6567//4425 6568//4426 6582//4440
f 6567//4425 6582//4440 6581//4439
f 6568//4426 6569//4427 6583//4441
f 6568//4426 6583//4441 6582//4440
f 6569//4427 6570//4428 6584//4442
f 6569//4427 6584//4442 6583//4441
f 6570//4428 6557//4415 6571//4429
f 6570//4428 6571//4429 6584//4442
f 6571//4429 6572//4430 6586//4444
f 6571//4429 6586//4444 6585//4443
f 6572//4430 6573//4431 6587//4445
f 6572//4430 6587//4445 6586//4444
f 6573//4431 6574//4432 6588//4446
f 6573//4431 6588//4446 6587//4445
f 6574//4432 6575//4433 6589//4447
f 6574//4432 6589//4447 6588//4446
f 6575//4433 6576//4434 6590//4448
f 6575//4433 6590//4448 6589//4447
f 6576//4434 6577//4435 6591//4449
f 6576//4434 6591//4449 6590//4448
f 6577//4435 6578//4436 6592//4450
f 6577//4435 6592//4450 6591//4449
f 6578//4436 6579//4437 6593//4451
f 6578//4436 6593//4451 6592//4450
f 6579//4437 6580//4438 6594//4452
f 6579//4437 6594//4452 6593//4451
f 6580//4438 6581//4439 6595//4453
f 6580//4438 6595//4453 6594//4452
f 6581//4439 6582//4440 6596//4454
f 6581//4439 6596//4454 6595//4453
f 6582//4440 6583//4441 6597//4455
f 6582//4440 6597//4455 6596//4454
f 6583//4441 6584//4442 6598//4456
f 6583//4441 6598//4456 6597//4455
f 6584//4442 6571//4429 6585//4443
f 6584//4442 6585//4443 6598//4456
f 6585//4443 6586//4444 6600//4458
f 6585//4443 6600//4458 6599//4457
f 6586//4444 6587//4445 6601//4459
f 6586//4444 6601//4459 6600//4458
f 6587//4445 6588//4446 6602//4460
f 6587//4445 6602//4460 6601//4459
f 6588//4446 6589//4447 6603//4461
f 6588//4446 6603//4461 6602//4460
f 6589//4447 6590//4448 6604//4462
f 6589//4447 6604//4462 6603//4461
f 6590//4448 6591//4449 6605//4463
f 6590//4448 6605//4463 6604//4462
f 6591//4449 6592//4450 6606//4464
f 6591//4449 6606//4464 6605//4463
f 6592//4450 6593//4451 6607//4465
f 6592//4450 6607//4465 6606//4464
f 6593//4451 6594//4452 6608//4466
f 6593//4451 6608//4466 6607//4465
f 6594//4452 6595//4453 6609//4467
f 6594//4452 6609//4467 6608//4466
f 6595//4453 6596//4454 6610//4468
f 6595//4453 6610//4468 6609//4467
f 6596//4454 6597//4455 6611//4469
f 6596//4454 6611//4469 6610//4468
f 6597//4455 6598//4456 6612//4470
f 6597//4455 6612//4470 6611//4469
f 6598//4456 6585//4443 6599//4457
f 6598//4456 6599//4457 6612//4470
f 6599//4457 6600//4458 6614//4472
f 6599//4457 6614//4472 6613//4471
f 6600//4458 6601//4459 6615//4473
f 6600//4458 6615//4473 6614//4472
f 6601//4459 6602//4460 6616//4474
f 6601//4459 6616//4474 6615//4473
f 6602//4460 6603//4461 6617//4475
f 6602//4460 6617//4475 6616//4474
f 6603//4461 6604//4462 6618//4476
f 6603//4461 6618//4476 6617//4475
f 6604//4462 6605//4463 6619//4477
f 6604//4462 6619//4477 6618//4476
f 6605//4463 6606//4464 6620//4478
f 6605//4463 6620//4478 6619//4477
f 6606//4464 6607//4465 6621//4479
f 6606//4464 6621//4479 6620//4478
f 6607//4465 6608//4466 6622//4480
f 6607//4465 6622//4480 6621//4479
f 6608//4466 6609//4467 6623//4481
f 6608//4466 6623//4481 6622//4480
f 6609//4467 6610//4468 6624//4482
f 6609//4467 6624//4482 6623//4481
f 6610//4468 6611//4469 6625//4483
f 6610//4468 6625//4483 6624//4482
f 6611//4469 6612//4470 6626//4484
f 6611//4469 6626//4484 6625//4483
f 6612//4470 6599//4457 6613//4471
f 6612//4470 6613//4471 6626//4484
f 6613//4471 6614//4472 6628//4486
f 6613//4471 6628//4486 6627//4485
f 6614//4472 6615//4473 6629//4487
f 6614//4472 6629//4487 6628//4486
f 6615//4473 6616//4474 6630//4488
f 6615//4473 6630//4488 6629//4487
f 6616//4474 6617//4475 6631//4489
f 6616//4474 6631//4489 6630//4488
f 6617//4475 6618//4476 6632//4490
f 6617//4475 6632//4490 6631//4489
f 6618//4476 6619//4477 6633//4491
f 6618//4476 6633//4491 6632//4490
f 6619//4477 6620//4478 6634//4492
f 6619//4477 6634//4492 6633//4491
f 6620//4478 6621//4479 6635//4493
f 6620//4478 6635//4493 6634//4492
f 6621//4479 6622//4480 6636//4494
f 6621//4479 6636//4494 6635//4493
f 6622//4480 6623//4481 6637//4495
f 6622//4480 6637//4495 6636//4494
f 6623//4481 6624//4482 6638//4496
f 6623//4481 6638//4496 6637//4495
f 6624//4482 6625//4483 6639//4497
f 6624//4482 6639//4497 6638//4496
f 6625//4483 6626//4484 6640//4498
f 6625//4483 6640//4498 6639//4497
f 6626//4484 6613//4471 6627//4485
f 6626//4484 6627//4485 6640//4498
f 6627//4485 6628//4486 6642//4500
f 6628//4486 6629//4487 6643//4501
f 6629//4487 6630//4488 6644//4502
f 6630//4488 6631//4489 6645//4503
f 6631//4489 6632//4490 6646//4504
f 6632//4490 6633//4491 6647//4505
f 6633//4491 6634//4492 6648//4506
f 6634//4492 6635//4493 6649//4507
f 6635//4493 6636//4494 6650//4508
f 6636//4494 6637//4495 6651//4509
f 6637//4495 6638//4496 6652//4510
f 6638//4496 6639//4497 6653//4511
f 6639//4497 6640//4498 6654//4512
f 6640//4498 6627//4485 6641//4499
f 6655//4513 6656//4513 6657//4513
f 6655//4513 6657//4513 6658//4513
f 6659//4514 6660//4514 6661//4514
f 6659//4514 6661//4514 6662//4514
f 6663//4515 6664//4515 6665//4515
f 6663//4515 6665//4515 6666//4515
f 6667//4516 6668//4516 6669//4516
f 6667//4516 6669//4516 6670//4516
f 6671//4517 6672//4517 6673//4517
f 6671//4517 6673//4517 6674//4517
f 6675//4518 6676//4518 6677//4518
f 6675//4518 6677//4518 6678//4518
f 6679//4519 6688//4528 6687//4527
f 6680//4520 6689//4529 6688//4528
f 6681//4521 6690//4530 6689//4529
f 6682//4522 6691//4531 6690//4530
f 6683//4523 6692//4532 6691//4531
f 6684//4524 6693//4533 6692//4532
f 6685//4525 6694//4534 6693//4533
f 6686//4526 6687//4527 6694//4534
f 6687//4527 6688//4528 6696//4536
f 6687//4527 6696//4536 6695//4535
f 6688//4528 6689//4529 6697//4537
f 6688//4528 6697//4537 6696//4536
f 6689//4529 6690//4530 6698//4538
f 6689//4529 6698//4538 6697//4537
f 6690//4530 6691//4531 6699//4539
f 6690//4530 6699//4539 6698//4538
f 6691//4531 6692//4532 6700//4540
f 6691//4531 6700//4540 6699//4539
f 6692//4532 6693//4533 6701//4541
f 6692//4532 6701//4541 6700//4540
f 6693//4533 6694//4534 6702//4542
f 6693//4533 6702//4542 6701//4541
f 6694//4534 6687//4527 6695//4535
f 6694//4534 6695//4535 6702//4542
f 6695//4535 6696//4536 6704//4544
f 6695//4535 6704//4544 6703//4543
f 6696//4536 6697//4537 6705//4545
f 6696//4536 6705//4545 6704//4544
f 6697//4537 6698//4538 6706//4546
f 6697//4537 6706//4546 6705//4545
f 6698//4538 6699//4539 6707//4547
f 6698//4538 6707//4547 6706//4546
f 6699//4539 6700//4540 6708//4548
f 6699//4539 6708//4548 6707//4547
f 6700//4540 6701//4541 6709//4549
f 6700//4540 6709//4549 6708//4548
f 6701//4541 6702//4542 6710//4550
f 6701//4541 6710//4550 6709//4549
f 6702//4542 6695//4535 6703//4543
f 6702//4542 6703//4543 6710//4550
f 6703//4543 6704//4544 6712//4552
f 6704//4544 6705//4545 6713//4553
f 6705//4545 6706//4546 6714//4554
f 6706//4546 6707//4547 6715//4555
f 6707//4547 6708//4548 6716//4556
f 6708//4548 6709//4549 6717//4557
f 6709//4549 6710//4550 6718//4558
f 6710//4550 6703//4543 6711//4551
f 6719//4559 6728//4568 6727//4567
f 6720//4560 6729//4569 6728//4568
f 6721//4561 6730//4570 6729//4569
f 6722//4562 6731//4571 6730//4570
f 6723//4563 6732//4572 6731//4571
f 6724//4564 6733//4573 6732//4572
f 6725//4565 6734//4574 6733//4573
f 6726//4566 6727//4567 6734//4574
f 6727//4567 6728//4568 6736//4576
f 6727//4567 6736//4576 6735//4575
f 6728//4568 6729//4569 6737//4577
f 6728//4568 6737//4577 6736//4576
f 6729//4569 6730//4570 6738//4578
f 6729//4569 6738//4578 6737//4577
f 6730//4570 6731//4571 6739//4579
f 6730//4570 6739//4579 6738//4578
f 6731//4571 6732//4572 6740//4580
f 6731//4571 6740//4580 6739//4579
f 6732//4572 6733//4573 6741//4581
f 6732//4572 6741//4581 6740//4580
f 6733//4573 6734//4574 6742//4582
f 6733//4573 6742//4582 6741//4581
f 6734//4574 6727//4567 6735//4575
f 6734//4574 6735//4575 6742//4582
f 6735//4575 6736//4576 6744//4584
f 6735//4575 6744//4584 6743//4583
f 6736//4576 6737//4577 6745//4585
f 6736//4576 6745//4585 6744//4584
f 6737//4577 6738//4578 6746//4586
f 6737//4577 6746//4586 6745//4585
f 6738//4578 6739//4579 6747//4587
f 6738//4578 6747//4587 6746//4586
f 6739//4579 6740//4580 6748//4588
f 6739//4579 6748//4588 6747//4587
f 6740//4580 6741//4581 6749//4589
f 6740//4580 6749//4589 6748//4588
f 6741//4581 6742//4582 6750//4590
f 6741//4581 6750//4590 6749//4589
f 6742//4582 6735//4575 6743//4583
f 6742//4582 6743//4583 6750//4590
f 6743//4583 6744//4584 6752//4592
f 6744//4584 6745//4585 6753//4593
f 6745//4585 6746//4586 6754//4594
f 6746//4586 6747//4587 6755//4595
f 6747//4587 6748//4588 6756//4596
f 6748//4588 6749//4589 6757//4597
f 6749//4589 6750//4590 6758//4598
f 6750//4590 6743//4583 6751//4591
f 6759//4599 6768//4608 6767//4607
f 6760//4600 6769//4609 6768//4608
f 6761//4601 6770//4610 6769//4609
f 6762//4602 6771//4611 6770//4610
f 6763//4603 6772//4612 6771//4611
f 6764//4604 6773//4613 6772//4612
f 6765//4605 6774//4614 6773//4613
f 6766//4606 6767//4607 6774//4614
f 6767//4607 6768//4608 6776//4616
f 6767//4607 6776//4616 6775//4615
f 6768//4608 6769//4609 6777//4617
f 6768//4608 6777//4617 6776//4616
f 6769//4609 6770//4610 6778//4618
f 6769//4609 6778//4618 6777//4617
f 6770//4610 6771//4611 6779//4619
f 6770//4610 6779//4619 6778//4618
f 6771//4611 6772//4612 6780//4620
f 6771//4611 6780//4620 6779//4619
f 6772//4612 6773//4613 6781//4621
f 6772//4612 6781//4621 6780//4620
f 6773//4613 6774//4614 6782//4622
f 6773//4613 6782//4622 6781//4621
f 6774//4614 6767//4607 6775//4615
f 6774//4614 6775//4615 6782//4622
f 6775//4615 6776//4616 6784//4624
f 6775//4615 6784//4624 6783//4623
f 6776//4616 6777//4617 6785//4625
f 6776//4616 6785//4625 6784//4624
f 6777//4617 6778//4618 6786//4626
f 6777//4617 6786//4626 6785//4625
f 6778//4618 6779//4619 6787//4627
f 6778//4618 6787//4627 6786//4626
f 6779//4619 6780//4620 6788//4628
f 6779//4619 6788//4628 6787//4627
f 6780//4620 6781//4621 6789//4629
f 6780//4620 6789//4629 6788//4628
f 6781//4621 6782//4622 6790//4630
f 6781//4621 6790//4630 6789//4629
f 6782//4622 6775//4615 6783//4623
f 6782//4622 6783//4623 6790//4630
f 6783//4623 6784//4624 6792//4632
f 6784//4624 6785//4625 6793//4633
f 6785//4625 6786//4626 6794//4634
f 6786//4626 6787//4627 6795//4635
f 6787//4627 6788//4628 6796//4636
f 6788//4628 6789//4629 6797//4637
f 6789//4629 6790//4630 6798//4638
f 6790//4630 6783//4623 6791//4631
f 6799//4639 6800//4639 6801//4639
f 6799//4639 6801//4639 6802//4639
f 6803//4640 6804//4640 6805//4640
f 6803//4640 6805//4640 6806//4640
f 6807//4641 6808//4641 6809//4641
f 6807//4641 6809//4641 6810//4641
f 6811//4642 6812//4642 6813//4642
f 6811//4642 6813//4642 6814//4642
f 6815//4643 6816//4643 6817//4643
f 6815//4643 6817//4643 6818//4643
f 6819//4644 6820//4644 6821//4644
f 6819//4644 6821//4644 6822//4644
f 6823//4645 6824//4645 6825//4645
f 6823//4645 6825//4645 6826//4645
f 6827//4646 6828//4646 6829//4646
f 6827//4646 6829//4646 6830//4646
f 6831//4647 6832//4647 6833//4647
f 6831//4647 6833//4647 6834//4647
f 6835//4648 6836//4648 6837//4648
f 6835//4648 6837//4648 6838//4648
f 6839//4649 6840//4649 6841//4649
f 6839//4649 6841//4649 6842//4649
f 6843//4650 6844//4650 6845//4650
f 6843//4650 6845//4650 6846//4650
f 6847//4651 6848//4651 6849//4651
f 6847//4651 6849//4651 6850//4651
f 6851//4652 6852//4652 6853//4652
f 6851//4652 6853//4652 6854//4652
f 6855//4653 6856//4653 6857//4653
f 6855//4653 6857//4653 6858//4653
f 6859//4654 6860//4654 6861//4654
f 6859//4654 6861//4654 6862//4654
f 6863//4655 6864//4655 6865//4655
f 6863//4655 6865//4655 6866//4655
f 6867//4656 6868//4656 6869//4656
f 6867//4656 6869//4656 6870//4656
f 6871//4657 6886//4672 6885//4671
f 6872//4658 6887//4673 6886//4672
f 6873//4659 6888//4674 6887//4673
f 6874//4660 6889//4675 6888//4674
f 6875//4661 6890//4676 6889//4675
f 6876//4662 6891//4677 6890//4676
f 6877//4663 6892//4678 6891//4677
f 6878//4664 6893//4679 6892//4678
f 6879//4665 6894//4680 6893//4679
f 6880//4666 6895//4681 6894//4680
f 6881//4667 6896//4682 6895//4681
f 6882//4668 6897//4683 6896//4682
f 6883//4669 6898//4684 6897//4683
f 6884//4670 6885//4671 6898//4684
f 6885//4671 6886//4672 6900//4686
f 6885//4671 6900//4686 6899//4685
f 6886//4672 6887//4673 6901//4687
f 6886//4672 6901//4687 6900//4686
f 6887//4673 6888//4674 6902//4688
f 6887//4673 6902//4688 6901//4687
f 6888//4674 6889//4675 6903//4689
f 6888//4674 6903//4689 6902//4688
f 6889//4675 6890//4676 6904//4690
f 6889//4675 6904//4690 6903//4689
f 6890//4676 6891//4677 6905//4691
f 6890//4676 6905//4691 6904//4690
f 6891//4677 6892//4678 6906//4692
f 6891//4677 6906//4692 6905//4691
f 6892//4678 6893//4679 6907//4693
f 6892//4678 6907//4693 6906//4692
f 6893//4679 6894//4680 6908//4694
f 6893//4679 6908//4694 6907//4693
f 6894//4680 6895//4681 6909//4695
f 6894//4680 6909//4695 6908//4694
f 6895//4681 6896//4682 6910//4696
f 6895//4681 6910//4696 6909//4695
f 6896//4682 6897//4683 6911//4697
f 6896//4682 6911//4697 6910//4696
f 6897//4683 6898//4684 6912//4698
f 6897//4683 6912//4698 6911//4697
f 6898//4684 6885//4671 6899//4685
f 6898//4684 6899//4685 6912//4698
f 6899//4685 6900//4686 6914//4700
f 6899//4685 6914//4700 6913//4699
f 6900//4686 6901//4687 6915//4701
f 6900//4686 6915//4701 6914//4700
f 6901//4687 6902//4688 6916//4702
f 6901//4687 6916//4702 6915//4701
f 6902//4688 6903//4689 6917//4703
f 6902//4688 6917//4703 6916//4702
f 6903//4689 6904//4690 6918//4704
f 6903//4689 6918//4704 6917//4703
f 6904//4690 6905//4691 6919//4705
f 6904//4690 6919//4705 6918//4704
f 6905//4691 6906//4692 6920//4706
f 6905//4691 6920//4706 6919//4705
f 6906//4692 6907//4693 6921//4707
f 6906//4692 6921//4707 6920//4706
f 6907//4693 6908//4694 6922//4708
f 6907//4693 6922//4708 6921//4707
f 6908//4694 6909//4695 6923//4709
f 6908//4694 6923//4709 6922//4708
f 6909//4695 6910//4696 6924//4710
f 6909//4695 6924//4710 6923//4709
f 6910//4696 6911//4697 6925//4711
f 6910//4696 6925//4711 6924//4710
f 6911//4697 6912//4698 6926//4712
f 6911//4697 6926//4712 6925//4711
f 6912//4698 6899//4685 6913//4699
f 6912//4698 6913//4699 6926//4712
f 6913//4699 6914//4700 6928//4714
f 6913//4699 6928//4714 6927//4713
f 6914//4700 6915//4701 6929//4715
f 6914//4700 6929//4715 6928//4714
f 6915//4701 6916//4702 6930//4716
f 6915//4701 6930//4716 6929//4715
f 6916//4702 6917//4703 6931//4717
f 6916//4702 6931//4717 6930//4716
f 6917//4703 6918//4704 6932//4718
f 6917//4703 6932//4718 6931//4717
f 6918//4704 6919//4705 6933//4719
f 6918//4704 6933//4719 6932//4718
f 6919//4705 6920//4706 6934//4720
f 6919//4705 6934//4720 6933//4719
f 6920//4706 6921//4707 6935//4721
f 6920//4706 6935//4721 6934//4720
f 6921//4707 6922//4708 6936//4722
f 6921//4707 6936//4722 6935//4721
f 6922//4708 6923//4709 6937//4723
f 6922//4708 6937//4723 6936//4722
f 6923//4709 6924//4710 6938//4724
f 6923//4709 6938//4724 6937//4723
f 6924//4710 6925//4711 6939//4725
f 6924//4710 6939//4725 6938//4724
f 6925//4711 6926//4712 6940//4726
f 6925//4711 6940//4726 6939//4725
f 6926//4712 6913//4699 6927//4713
f 6926//4712 6927//4713 6940//4726
f 6927//4713 6928//4714 6942//4728
f 6927//4713 6942//4728 6941//4727
f 6928//4714 6929//4715 6943//4729
f 6928//4714 6943//4729 6942//4728
f 6929//4715 6930//4716 6944//4730
f 6929//4715 6944//4730 6943//4729
f 6930//4716 6931//4717 6945//4731
f 6930//4716 6945//4731 6944//4730
f 6931//4717 6932//4718 6946//4732
f 6931//4717 6946//4732 6945//4731
f 6932//4718 6933//4719 6947//4733
f 6932//4718 6947//4733 6946//4732
f 6933//4719 6934//4720 6948//4734
f 6933//4719 6948//4734 6947//4733
f 6934//4720 6935//4721 6949//4735
f 6934//4720 6949//4735 6948//4734
f 6935//4721 6936//4722 6950//4736
f 6935//4721 6950//4736 6949//4735
f 6936//4722 6937//4723 6951//4737
f 6936//4722 6951//4737 6950//4736
f 6937//4723 6938//4724 6952//4738
f 6937//4723 6952//4738 6951//4737
f 6938//4724 6939//4725 6953//4739
f 6938//4724 6953//4739 6952//4738
f 6939//4725 6940//4726 6954//4740
f 6939//4725 6954//4740 6953//4739
f 6940//4726 6927//4713 6941//4727
f 6940//4726 6941//4727 6954//4740
f 6941//4727 6942//4728 6956//4742
f 6941//4727 6956//4742 6955//4741
f 6942//4728 6943//4729 6957//4743
f 6942//4728 6957//4743 6956//4742
f 6943//4729 6944//4730 6958//4744
f 6943//4729 6958//4744 6957//4743
f 6944//4730 6945//4731 6959//4745
f 6944//4730 6959//4745 6958//4744
f 6945//4731 6946//4732 6960//4746
f 6945//4731 6960//4746 6959//4745
f 6946//4732 6947//4733 6961//4747
f 6946//4732 6961//4747 6960//4746
f 6947//4733 6948//4734 6962//4748
f 6947//4733 6962//4748 6961//4747
f 6948//4734 6949//4735 6963//4749
f 6948//4734 6963//4749 6962//4748
f 6949//4735 6950//4736 6964//4750
f 6949//4735 6964//4750 6963//4749
f 6950//4736 6951//4737 6965//4751
f 6950//4736 6965//4751 6964//4750
f 6951//4737 6952//4738 6966//4752
f 6951//4737 6966//4752 6965//4751
f 6952//4738 6953//4739 6967//4753
f 6952//4738 6967//4753 6966//4752
f 6953//4739 6954//4740 6968//4754
f 6953//4739 6968//4754 6967//4753
f 6954//4740 6941//4727 6955//4741
f 6954//4740 6955//4741 6968//4754
f 6955//4741 6956//4742 6970//4756
f 6955//4741 6970//4756 6969//4755
f 6956//4742 6957//4743 6971//4757
f 6956//4742 6971//4757 6970//4756
f 6957//4743 6958//4744 6972//4758
f 6957//4743 6972//4758 6971//4757
f 6958//4744 6959//4745 6973//4759
f 6958//4744 6973//4759 6972//4758
f 6959//4745 6960//4746 6974//4760
f 6959//4745 6974//4760 6973//4759
f 6960//4746 6961//4747 6975//4761
f 6960//4746 6975//4761 6974//4760
f 6961//4747 6962//4748 6976//4762
f 6961//4747 6976//4762 6975//4761
f 6962//4748 6963//4749 6977//4763
f 6962//4748 6977//4763 6976//4762
f 6963//4749 6964//4750 6978//4764
f 6963//4749 6978//4764 6977//4763
f 6964//4750 6965//4751 6979//4765
f 6964//4750 6979//4765 6978//4764
f 6965//4751 6966//4752 6980//4766
f 6965//4751 6980//4766 6979//4765
f 6966//4752 6967//4753 6981//4767
f 6966//4752 6981//4767 6980//4766
f 6967//4753 6968//4754 6982//4768
f 6967//4753 6982//4768 6981//4767
f 6968//4754 6955//4741 6969//4755
f 6968//4754 6969//4755 6982//4768
f 6969//4755 6970//4756 6984//4770
f 6969//4755 6984//4770 6983//4769
f 6970//4756 6971//4757 6985//4771
f 6970//4756 6985//4771 6984//4770
f 6971//4757 6972//4758 6986//4772
f 6971//4757 6986//4772 6985//4771
f 6972//4758 6973//4759 6987//4773
f 6972//4758 6987//4773 6986//4772
f 6973//4759 6974//4760 6988//4774
f 6973//4759 6988//4774 6987//4773
f 6974//4760 6975//4761 6989//4775
f 6974//4760 6989//4775 6988//4774
f 6975//4761 6976//4762 6990//4776
f 6975//4761 6990//4776 6989//4775
f 6976//4762 6977//4763 6991//4777
f 6976//4762 6991//4777 6990//4776
f 6977//4763 6978//4764 6992//4778
f 6977//4763 6992//4778 6991//4777
f 6978//4764 6979//4765 6993//4779
f 6978//4764 6993//4779 6992//4778
f 6979//4765 6980//4766 6994//4780
f 6979//4765 6994//4780 6993//4779
f 6980//4766 6981//4767 6995//4781
f 6980//4766 6995//4781 6994//4780
f 6981//4767 6982//4768 6996//4782
f 6981//4767 6996//4782 6995//4781
f 6982//4768 6969//4755 6983//4769
f 6982//4768 6983//4769 6996//4782
f 6983//4769 6984//4770 6998//4784
f 6983//4769 6998//4784 6997//4783
f 6984//4770 6985//4771 6999//4785
f 6984//4770 6999//4785 6998//4784
f 6985//4771 6986//4772 7000//4786
f 6985//4771 7000//4786 6999//4785
f 6986//4772 6987//4773 7001//4787
f 6986//4772 7001//4787 7000//4786
f 6987//4773 6988//4774 7002//4788
f 6987//4773 7002//4788 7001//4787
f 6988//4774 6989//4775 7003//4789
f 6988//4774 7003//4789 7002//4788
f 6989//4775 6990//4776 7004//4790
f 6989//4775 7004//4790 7003//4789
f 6990//4776 6991//4777 7005//4791
f 6990//4776 7005//4791 7004//4790
f 6991//4777 6992//4778 7006//4792
f 6991//4777 7006//4792 7005//4791
f 6992//4778 6993//4779 7007//4793
f 6992//4778 7007//4793 7006//4792
f 6993//4779 6994//4780 7008//4794
f 6993//4779 7008//4794 7007//4793
f 6994//4780 6995//4781 7009//4795
f 6994//4780 7009//4795 7008//4794
f 6995//4781 6996//4782 7010//4796
f 6995//4781 7010//4796 7009//4795
f 6996//4782 6983//4769 6997//4783
f 6996//4782 6997//4783 7010//4796
f 6997//4783 6998//4784 7012//4798
f 6998//4784 6999//4785 7013//4799
f 6999//4785 7000//4786 7014//4800
f 7000//4786 7001//4787 7015//4801
f 7001//4787 7002//4788 7016//4802
f 7002//4788 7003//4789 7017//4803
f 7003//4789 7004//4790 7018//4804
f 7004//4790 7005//4791 7019//4805
f 7005//4791 7006//4792 7020//4806
f 7006//4792 7007//4793 7021//4807
f 7007//4793 7008//4794 7022//4808
f 7008//4794 7009//4795 7023//4809
f 7009//4795 7010//4796 7024//4810
f 7010//4796 6997//4783 7011//4797
f 7025//4811 7034//4820 7033//4819
f 7026//4812 7035//4821 7034//4820
f 7027//4813 7036//4822 7035//4821
f 7028//4814 7037//4823 7036//4822
f 7029//4815 7038//4824 7037//4823
f 7030//4816 7039//4825 7038//4824
f 7031//4817 7040//4826 7039//4825
f 7032//4818 7033//4819 7040//4826
f 7033//4819 7034//4820 7042//4828
f 7033//4819 7042//4828 7041//4827
f 7034//4820 7035//4821 7043//4829
f 7034//4820 7043//4829 7042//4828
f 7035//4821 7036//4822 7044//4830
f 7035//4821 7044//4830 7043//4829
f 7036//4822 7037//4823 7045//4831
f 7036//4822 7045//4831 7044//4830
f 7037//4823 7038//4824 7046//4832
f 7037//4823 7046//4832 7045//4831
f 7038//4824 7039//4825 7047//4833
f 7038//4824 7047//4833 7046//4832
f 7039//4825 7040//4826 7048//4834
f 7039//4825 7048//4834 7047//4833
f 7040//4826 7033//4819 7041//4827
f 7040//4826 7041//4827 7048//4834
f 7041//4827 7042//4828 7050//4836
f 7041//4827 7050//4836 7049//4835
f 7042//4828 7043//4829 7051//4837
f 7042//4828 7051//4837 7050//4836
f 7043//4829 7044//4830 7052//4838
f 7043//4829 7052//4838 7051//4837
f 7044//4830 7045//4831 7053//4839
f 7044//4830 7053//4839 7052//4838
f 7045//4831 7046//4832 7054//4840
f 7045//4831 7054//4840 7053//4839
f 7046//4832 7047//4833 7055//4841
f 7046//4832 7055//4841 7054//4840
f 7047//4833 7048//4834 7056//4842
f 7047//4833 7056//4842 7055//4841
f 7048//4834 7041//4827 7049//4835
f 7048//4834 7049//4835 7056//4842
f 7049//4835 7050//4836 7058//4844
f 7049//4835 7058//4844 7057//4843
f 7050//4836 7051//4837 7059//4845
f 7050//4836 7059//4845 7058//4844
f 7051//4837 7052//4838 7060//4846
f 7051//4837 7060//4846 7059//4845
f 7052//4838 7053//4839 7061//4847
f 7052//4838 7061//4847 7060//4846
f 7053//4839 7054//4840 7062//4848
f 7053//4839 7062//4848 7061//4847
f 7054//4840 7055//4841 7063//4849
f 7054//4840 7063//4849 7062//4848
f 7055//4841 7056//4842 7064//4850
f 7055//4841 7064//4850 7063//4849
f 7056//4842 7049//4835 7057//4843
f 7056//4842 7057//4843 7064//4850
f 7057//4843 7058//4844 7066//4852
f 7058//4844 7059//4845 7067//4853
f 7059//4845 7060//4846 7068//4854
f 7060//4846 7061//4847 7069//4855
f 7061//4847 7062//4848 7070//4856
f 7062//4848 7063//4849 7071//4857
f 7063//4849 7064//4850 7072//4858
f 7064//4850 7057//4843 7065//4851
f 7073//4859 7082//4868 7081//4867
f 7074//4860 7083//4869 7082//4868
f 7075//4861 7084//4870 7083//4869
f 7076//4862 7085//4871 7084//4870
f 7077//4863 7086//4872 7085//4871
f 7078//4864 7087//4873 7086//4872
f 7079//4865 7088//4874 7087//4873
f 7080//4866 7081//4867 7088//4874
f 7081//4867 7082//4868 7090//4876
f 7081//4867 7090//4876 7089//4875
f 7082//4868 7083//4869 7091//4877
f 7082//4868 7091//4877 7090//4876
f 7083//4869 7084//4870 7092//4878
f 7083//4869 7092//4878 7091//4877
f 7084//4870 7085//4871 7093//4879
f 7084//4870 7093//4879 7092//4878
f 7085//4871 7086//4872 7094//4880
f 7085//4871 7094//4880 7093//4879
f 7086//4872 7087//4873 7095//4881
f 7086//4872 7095//4881 7094//4880
f 7087//4873 7088//4874 7096//4882
f 7087//4873 7096//4882 7095//4881
f 7088//4874 7081//4867 7089//4875
f 7088//4874 7089//4875 7096//4882
f 7089//4875 7090//4876 7098//4884
f 7089//4875 7098//4884 7097//4883
f 7090//4876 7091//4877 7099//4885
f 7090//4876 7099//4885 7098//4884
f 7091//4877 7092//4878 7100//4886
f 7091//4877 7100//4886 7099//4885
f 7092//4878 7093//4879 7101//4887
f 7092//4878 7101//4887 7100//4886
f 7093//4879 7094//4880 7102//4888
f 7093//4879 7102//4888 7101//4887
f 7094//4880 7095//4881 7103//4889
f 7094//4880 7103//4889 7102//4888
f 7095//4881 7096//4882 7104//4890
f 7095//4881 7104//4890 7103//4889
f 7096//4882 7089//4875 7097//4883
f 7096//4882 7097//4883 7104//4890
f 7097//4883 7098//4884 7106//4892
f 7097//4883 7106//4892 7105//4891
f 7098//4884 7099//4885 7107//4893
f 7098//4884 7107//4893 7106//4892
f 7099//4885 7100//4886 7108//4894
f 7099//4885 7108//4894 7107//4893
f 7100//4886 7101//4887 7109//4895
f 7100//4886 7109//4895 7108//4894
f 7101//4887 7102//4888 7110//4896
f 7101//4887 7110//4896 7109//4895
f 7102//4888 7103//4889 7111//4897
f 7102//4888 7111//4897 7110//4896
f 7103//4889 7104//4890 7112//4898
f 7103//4889 7112//4898 7111//4897
f 7104//4890 7097//4883 7105//4891
f 7104//4890 7105//4891 7112//4898
f 7105//4891 7106//4892 7114//4900
f 7106//4892 7107//4893 7115//4901
f 7107//4893 7108//4894 7116//4902
f 7108//4894 7109//4895 7117//4903
f 7109//4895 7110//4896 7118//4904
f 7110//4896 7111//4897 7119//4905
f 7111//4897 7112//4898 7120//4906
f 7112//4898 7105//4891 7113//4899
f 7121//4907 7130//4916 7129//4915
f 7122//4908 7131//4917 7130//4916
f 7123//4909 7132//4918 7131//4917
f 7124//4910 7133//4919 7132//4918
f 7125//4911 7134//4920 7133//4919
f 7126//4912 7135//4921 7134//4920
f 7127//4913 7136//4922 7135//4921
f 7128//4914 7129//4915 7136//4922
f 7129//4915 7130//4916 7138//4924
f 7129//4915 7138//4924 7137//4923
f 7130//4916 7131//4917 7139//4925
f 7130//4916 7139//4925 7138//4924
f 7131//4917 7132//4918 7140//4926
f 7131//4917 7140//4926 7139//4925
f 7132//4918 7133//4919 7141//4927
f 7132//4918 7141//4927 7140//4926
f 7133//4919 7134//4920 7142//4928
f 7133//4919 7142//4928 7141//4927
f 7134//4920 7135//4921 7143//4929
f 7134//4920 7143//4929 7142//4928
f 7135//4921 7136//4922 7144//4930
f 7135//4921 7144//4930 7143//4929
f 7136//4922 7129//4915 7137//4923
f 7136//4922 7137//4923 7144//4930
f 7137//4923 7138//4924 7146//4932
f 7137//4923 7146//4932 7145//4931
f 7138//4924 7139//4925 7147//4933
f 7138//4924 7147//4933 7146//4932
f 7139//4925 7140//4926 7148//4934
f 7139//4925 7148//4934 7147//4933
f 7140//4926 7141//4927 7149//4935
f 7140//4926 7149//4935 7148//4934
f 7141//4927 7142//4928 7150//4936
f 7141//4927 7150//4936 7149//4935
f 7142//4928 7143//4929 7151//4937
f 7142//4928 7151//4937 7150//4936
f 7143//4929 7144//4930 7152//4938
f 7143//4929 7152//4938 7151//4937
f 7144//4930 7137//4923 7145//4931
f 7144//4930 7145//4931 7152//4938
f 7145//4931 7146//4932 7154//4940
f 7145//4931 7154//4940 7153//4939
f 7146//4932 7147//4933 7155//4941
f 7146//4932 7155//4941 7154//4940
f 7147//4933 7148//4934 7156//4942
f 7147//4933 7156//4942 7155//4941
f 7148//4934 7149//4935 7157//4943
f 7148//4934 7157//4943 7156//4942
f 7149//4935 7150//4936 7158//4944
f 7149//4935 7158//4944 7157//4943
f 7150//4936 7151//4937 7159//4945
f 7150//4936 7159//4945 7158//4944
f 7151//4937 7152//4938 7160//4946
f 7151//4937 7160//4946 7159//4945
f 7152//4938 7145//4931 7153//4939
f 7152//4938 7153//4939 7160//4946
f 7153//4939 7154//4940 7162//4948
f 7154//4940 7155//4941 7163//4949
f 7155//4941 7156//4942 7164//4950
f 7156//4942 7157//4943 7165//4951
f 7157//4943 7158//4944 7166//4952
f 7158//4944 7159//4945 7167//4953
f 7159//4945 7160//4946 7168//4954
f 7160//4946 7153//4939 7161//4947
f 7169//4955 7170//4955 7171//4955
f 7169//4955 7171//4955 7172//4955
f 7173//4956 7174//4956 7175//4956
f 7173//4956 7175//4956 7176//4956
f 7177//4957 7178//4957 7179//4957
f 7177//4957 7179//4957 7180//4957
f 7181//4958 7182//4958 7183//4958
f 7181//4958 7183//4958 7184//4958
f 7185//4959 7186//4959 7187//4959
f 7185//4959 7187//4959 7188//4959
f 7189//4960 7190//4960 7191//4960
f 7189//4960 7191//4960 7192//4960
f 7193//4961 7194//4961 7195//4961
f 7193//4961 7195//4961 7196//4961
f 7197//4962 7198//4962 7199//4962
f 7197//4962 7199//4962 7200//4962
f 7201//4963 7202//4963 7203//4963
f 7201//4963 7203//4963 7204//4963
f 7205//4964 7206//4964 7207//4964
f 7205//4964 7207//4964 7208//4964
f 7209//4965 7210//4965 7211//4965
f 7209//4965 7211//4965 7212//4965
f 7213//4966 7214//4966 7215//4966
f 7213//4966 7215//4966 7216//4966
f 7217//4967 7218//4967 7219//4967
f 7217//4967 7219//4967 7220//4967
f 7221//4968 7222//4968 7223//4968
f 7221//4968 7223//4968 7224//4968
f 7225//4969 7226//4969 7227//4969
f 7225//4969 7227//4969 7228//4969
f 7229//4970 7230//4970 7231//4970
f 7229//4970 7231//4970 7232//4970
f 7233//4971 7234//4971 7235//4971
f 7233//4971 7235//4971 7236//4971
f 7237//4972 7238//4972 7239//4972
f 7237//4972 7239//4972 7240//4972
f 7241//4973 7242//4973 7243//4973
f 7241//4973 7243//4973 7244//4973
f 7245//4974 7246//4974 7247//4974
f 7245//4974 7247//4974 7248//4974
f 7249//4975 7250//4975 7251//4975
f 7249//4975 7251//4975 7252//4975
f 7253//4976 7254//4976 7255//4976
f 7253//4976 7255//4976 7256//4976
f 7257//4977 7258//4977 7259//4977
f 7257//4977 7259//4977 7260//4977
f 7261//4978 7262//4978 7263//4978
f 7261//4978 7263//4978 7264//4978
f 7265//4979 7266//4979 7267//4979
f 7265//4979 7267//4979 7268//4979
f 7269//4980 7270//4980 7271//4980
f 7269//4980 7271//4980 7272//4980
f 7273//4981 7274//4981 7275//4981
f 7273//4981 7275//4981 7276//4981
f 7277//4982 7278//4982 7279//4982
f 7277//4982 7279//4982 7280//4982
f 7281//4983 7282//4983 7283//4983
f 7281//4983 7283//4983 7284//4983
f 7285//4984 7286//4984 7287//4984
f 7285//4984 7287//4984 7288//4984
f 7289//4985 7304//5000 7303//4999
f 7290//4986 7305//5001 7304//5000
f 7291//4987 7306//5002 7305//5001
f 7292//4988 7307//5003 7306//5002
f 7293//4989 7308//5004 7307//5003
f 7294//4990 7309//5005 7308//5004
f 7295//4991 7310//5006 7309//5005
f 7296//4992 7311//5007 7310//5006
f 7297//4993 7312//5008 7311//5007
f 7298//4994 7313//5009 7312//5008
f 7299//4995 7314//5010 7313//5009
f 7300//4996 7315//5011 7314//5010
f 7301//4997 7316//5012 7315//5011
f 7302//4998 7303//4999 7316//5012
f 7303//4999 7304//5000 7318//5014
f 7303//4999 7318//5014 7317//5013
f 7304//5000 7305//5001 7319//5015
f 7304//5000 7319//5015 7318//5014
f 7305//5001 7306//5002 7320//5016
f 7305//5001 7320//5016 7319//5015
f 7306//5002 7307//5003 7321//5017
f 7306//5002 7321//5017 7320//5016
f 7307//5003 7308//5004 7322//5018
f 7307//5003 7322//5018 7321//5017
f 7308//5004 7309//5005 7323//5019
f 7308//5004 7323//5019 7322//5018
f 7309//5005 7310//5006 7324//5020
f 7309//5005 7324//5020 7323//5019
f 7310//5006 7311//5007 7325//5021
f 7310//5006 7325//5021 7324//5020
f 7311//5007 7312//5008 7326//5022
f 7311//5007 7326//5022 7325//5021
f 7312//5008 7313//5009 7327//5023
f 7312//5008 7327//5023 7326//5022
f 7313//5009 7314//5010 7328//5024
f 7313//5009 7328//5024 7327//5023
f 7314//5010 7315//5011 7329//5025
f 7314//5010 7329//5025 7328//5024
f 7315//5011 7316//5012 7330//5026
f 7315//5011 7330//5026 7329//5025
f 7316//5012 7303//4999 7317//5013
f 7316//5012 7317//5013 7330//5026
f 7317//5013 7318//5014 7332//5028
f 7317//5013 7332//5028 7331//5027
f 7318//5014 7319//5015 7333//5029
f 7318//5014 7333//5029 7332//5028
f 7319//5015 7320//5016 7334//5030
f 7319//5015 7334//5030 7333//5029
f 7320//5016 7321//5017 7335//5031
f 7320//5016 7335//5031 7334//5030
f 7321//5017 7322//5018 7336//5032
f 7321//5017 7336//5032 7335//5031
f 7322//5018 7323//5019 7337//5033
f 7322//5018 7337//5033 7336//5032
f 7323//5019 7324//5020 7338//5034
f 7323//5019 7338//5034 7337//5033
f 7324//5020 7325//5021 7339//5035
f 7324//5020 7339//5035 7338//5034
f 7325//5021 7326//5022 7340//5036
f 7325//5021 7340//5036 7339//5035
f 7326//5022 7327//5023 7341//5037
f 7326//5022 7341//5037 7340//5036
f 7327//5023 7328//5024 7342//5038
f 7327//5023 7342//5038 7341//5037
f 7328//5024 7329//5025 7343//5039
f 7328//5024 7343//5039 7342//5038
f 7329//5025 7330//5026 7344//5040
f 7329//5025 7344//5040 7343//5039
f 7330//5026 7317//5013 7331//5027
f 7330//5026 7331//5027 7344//5040
f 7331//5027 7332//5028 7346//5042
f 7331//5027 7346//5042 7345//5041
f 7332//5028 7333//5029 7347//5043
f 7332//5028 7347//5043 7346//5042
f 7333//5029 7334//5030 7348//5044
f 7333//5029 7348//5044 7347//5043
f 7334//5030 7335//5031 7349//5045
f 7334//5030 7349//5045 7348//5044
f 7335//5031 7336//5032 7350//5046
f 7335//5031 7350//5046 7349//5045
f 7336//5032 7337//5033 7351//5047
f 7336//5032 7351//5047 7350//5046
f 7337//5033 7338//5034 7352//5048
f 7337//5033 7352//5048 7351//5047
f 7338//5034 7339//5035 7353//5049
f 7338//5034 7353//5049 7352//5048
f 7339//5035 7340//5036 7354//5050
f 7339//5035 7354//5050 7353//5049
f 7340//5036 7341//5037 7355//5051
f 7340//5036 7355//5051 7354//5050
f 7341//5037 7342//5038 7356//5052
f 7341//5037 7356//5052 7355//5051
f 7342//5038 7343//5039 7357//5053
f 7342//5038 7357//5053 7356//5052
f 7343//5039 7344//5040 7358//5054
f 7343//5039 7358//5054 7357//5053
f 7344//5040 7331//5027 7345//5041
f 7344//5040 7345//5041 7358//5054
f 7345//5041 7346//5042 7360//5056
f 7345//5041 7360//5056 7359//5055
f 7346//5042 7347//5043 7361//5057
f 7346//5042 7361//5057 7360//5056
f 7347//5043 7348//5044 7362//5058
f 7347//5043 7362//5058 7361//5057
f 7348//5044 7349//5045 7363//5059
f 7348//5044 7363//5059 7362//5058
f 7349//5045 7350//5046 7364//5060
f 7349//5045 7364//5060 7363//5059
f 7350//5046 7351//5047 7365//5061
f 7350//5046 7365//5061 7364//5060
f 7351//5047 7352//5048 7366//5062
f 7351//5047 7366//5062 7365//5061
f 7352//5048 7353//5049 7367//5063
f 7352//5048 7367//5063 7366//5062
f 7353//5049 7354//5050 7368//5064
f 7353//5049 7368//5064 7367//5063
f 7354//5050 7355//5051 7369//5065
f 7354//5050 7369//5065 7368//5064
f 7355//5051 7356//5052 7370//5066
f 7355//5051 7370//5066 7369//5065
f 7356//5052 7357//5053 7371//5067
f 7356//5052 7371//5067 7370//5066
f 7357//5053 7358//5054 7372//5068
f 7357//5053 7372//5068 7371//5067
f 7358//5054 7345//5041 7359//5055
f 7358//5054 7359//5055 7372//5068
f 7359//5055 7360//5056 7374//5070
f 7359//5055 7374//5070 7373//5069
f 7360//5056 7361//5057 7375//5071
f 7360//5056 7375//5071 7374//5070
f 7361//5057 7362//5058 7376//5072
f 7361//5057 7376//5072 7375//5071
f 7362//5058 7363//5059 7377//5073
f 7362//5058 7377//5073 7376//5072
f 7363//5059 7364//5060 7378//5074
f 7363//5059 7378//5074 7377//5073
f 7364//5060 7365//5061 7379//5075
f 7364//5060 7379//5075 7378//5074
f 7365//5061 7366//5062 7380//5076
f 7365//5061 7380//5076 7379//5075
f 7366//5062 7367//5063 7381//5077
f 7366//5062 7381//5077 7380//5076
f 7367//5063 7368//5064 7382//5078
f 7367//5063 7382//5078 7381//5077
f 7368//5064 7369//5065 7383//5079
f 7368//5064 7383//5079 7382//5078
f 7369//5065 7370//5066 7384//5080
f 7369//5065 7384//5080 7383//5079
f 7370//5066 7371//5067 7385//5081
f 7370//5066 7385//5081 7384//5080
f 7371//5067 7372//5068 7386//5082
f 7371//5067 7386//5082 7385//5081
f 7372//5068 7359//5055 7373//5069
f 7372//5068 7373//5069 7386//5082
f 7373//5069 7374//5070 7388//5084
f 7373//5069 7388//5084 7387//5083
f 7374//5070 7375//5071 7389//5085
f 7374//5070 7389//5085 7388//5084
f 7375//5071 7376//5072 7390//5086
f 7375//5071 7390//5086 7389//5085
f 7376//5072 7377//5073 7391//5087
f 7376//5072 7391//5087 7390//5086
f 7377//5073 7378//5074 7392//5088
f 7377//5073 7392//5088 7391//5087
f 7378//5074 7379//5075 7393//5089
f 7378//5074 7393//5089 7392//5088
f 7379//5075 7380//5076 7394//5090
f 7379//5075 7394//5090 7393//5089
f 7380//5076 7381//5077 7395//5091
f 7380//5076 7395//5091 7394//5090
f 7381//5077 7382//5078 7396//5092
f 7381//5077 7396//5092 7395//5091
f 7382//5078 7383//5079 7397//5093
f 7382//5078 7397//5093 7396//5092
f 7383//5079 7384//5080 7398//5094
f 7383//5079 7398//5094 7397//5093
f 7384//5080 7385//5081 7399//5095
f 7384//5080 7399//5095 7398//5094
f 7385//5081 7386//5082 7400//5096
f 7385//5081 7400//5096 7399//5095
f 7386//5082 7373//5069 7387//5083
f 7386//5082 7387//5083 7400//5096
f 7387//5083 7388//5084 7402//5098
f 7387//5083 7402//5098 7401//5097
f 7388//5084 7389//5085 7403//5099
f 7388//5084 7403//5099 7402//5098
f 7389//5085 7390//5086 7404//5100
f 7389//5085 7404//5100 7403//5099
f 7390//5086 7391//5087 7405//5101
f 7390//5086 7405//5101 7404//5100
f 7391//5087 7392//5088 7406//5102
f 7391//5087 7406//5102 7405//5101
f 7392//5088 7393//5089 7407//5103
f 7392//5088 7407//5103 7406//5102
f 7393//5089 7394//5090 7408//5104
f 7393//5089 7408//5104 7407//5103
f 7394//5090 7395//5091 7409//5105
f 7394//5090 7409//5105 7408//5104
f 7395//5091 7396//5092 7410//5106
f 7395//5091 7410//5106 7409//5105
f 7396//5092 7397//5093 7411//5107
f 7396//5092 7411//5107 7410//5106
f 7397//5093 7398//5094 7412//5108
f 7397//5093 7412//5108 7411//5107
f 7398//5094 7399//5095 7413//5109
f 7398//5094 7413//5109 7412//5108
f 7399//5095 7400//5096 7414//5110
f 7399//5095 7414//5110 7413//5109
f 7400//5096 7387//5083 7401//5097
f 7400//5096 7401//5097 7414//5110
f 7401//5097 7402//5098 7416//5112
f 7401//5097 7416//5112 7415//5111
f 7402//5098 7403//5099 7417//5113
f 7402//5098 7417//5113 7416//5112
f 7403//5099 7404//5100 7418//5114
f 7403//5099 7418//5114 7417//5113
f 7404//5100 7405//5101 7419//5115
f 7404//5100 7419//5115 7418//5114
f 7405//5101 7406//5102 7420//5116
f 7405//5101 7420//5116 7419//5115
f 7406//5102 7407//5103 7421//5117
f 7406//5102 7421//5117 7420//5116
f 7407//5103 7408//5104 7422//5118
f 7407//5103 7422//5118 7421//5117
f 7408//5104 7409//5105 7423//5119
f 7408//5104 7423//5119 7422//5118
f 7409//5105 7410//5106 7424//5120
f 7409//5105 7424//5120 7423//5119
f 7410//5106 7411//5107 7425//5121
f 7410//5106 7425//5121 7424//5120
f 7411//5107 7412//5108 7426//5122
f 7411//5107 7426//5122 7425//5121
f 7412//5108 7413//5109 7427//5123
f 7412//5108 7427//5123 7426//5122
f 7413//5109 7414//5110 7428//5124
f 7413//5109 7428//5124 7427//5123
f 7414//5110 7401//5097 7415//5111
f 7414//5110 7415//5111 7428//5124
f 7415//5111 7416//5112 7430//5126
f 7416//5112 7417//5113 7431//5127
f 7417//5113 7418//5114 7432//5128
f 7418//5114 7419//5115 7433//5129
f 7419//5115 7420//5116 7434//5130
f 7420//5116 7421//5117 7435//5131
f 7421//5117 7422//5118 7436//5132
f 7422//5118 7423//5119 7437//5133
f 7423//5119 7424//5120 7438//5134
f 7424//5120 7425//5121 7439//5135
f 7425//5121 7426//5122 7440//5136
f 7426//5122 7427//5123 7441//5137
f 7427//5123 7428//5124 7442//5138
f 7428//5124 7415//5111 7429//5125
f 7443//5139 7452//5148 7451//5147
f 7444//5140 7453//5149 7452//5148
f 7445//5141 7454//5150 7453//5149
f 7446//5142 7455//5151 7454//5150
f 7447//5143 7456//5152 7455//5151
f 7448//5144 7457//5153 7456//5152
f 7449//5145 7458//5154 7457//5153
f 7450//5146 7451//5147 7458//5154
f 7451//5147 7452//5148 7460//5156
f 7451//5147 7460//5156 7459//5155
f 7452//5148 7453//5149 7461//5157
f 7452//5148 7461//5157 7460//5156
f 7453//5149 7454//5150 7462//5158
f 7453//5149 7462//5158 7461//5157
f 7454//5150 7455//5151 7463//5159
f 7454//5150 7463//5159 7462//5158
f 7455//5151 7456//5152 7464//5160
f 7455//5151 7464//5160 7463//5159
f 7456//5152 7457//5153 7465//5161
f 7456//5152 7465//5161 7464//5160
f 7457//5153 7458//5154 7466//5162
f 7457//5153 7466//5162 7465//5161
f 7458//5154 7451//5147 7459//5155
f 7458//5154 7459//5155 7466//5162
f 7459//5155 7460//5156 7468//5164
f 7459//5155 7468//5164 7467//5163
f 7460//5156 7461//5157 7469//5165
f 7460//5156 7469//5165 7468//5164
f 7461//5157 7462//5158 7470//5166
f 7461//5157 7470//5166 7469//5165
f 7462//5158 7463//5159 7471//5167
f 7462//5158 7471//5167 7470//5166
f 7463//5159 7464//5160 7472//5168
f 7463//5159 7472//5168 7471//5167
f 7464//5160 7465//5161 7473//5169
f 7464//5160 7473//5169 7472//5168
f 7465//5161 7466//5162 7474//5170
f 7465//5161 7474//5170 7473//5169
f 7466//5162 7459//5155 7467//5163
f 7466//5162 7467//5163 7474//5170
f 7467//5163 7468//5164 7476//5172
f 7467//5163 7476//5172 7475//5171
f 7468//5164 7469//5165 7477//5173
f 7468//5164 7477//5173 7476//5172
f 7469//5165 7470//5166 7478//5174
f 7469//5165 7478//5174 7477//5173
f 7470//5166 7471//5167 7479//5175
f 7470//5166 7479//5175 7478//5174
f 7471//5167 7472//5168 7480//5176
f 7471//5167 7480//5176 7479//5175
f 7472//5168 7473//5169 7481//5177
f 7472//5168 7481//5177 7480//5176
f 7473//5169 7474//5170 7482//5178
f 7473//5169 7482//5178 7481//5177
f 7474//5170 7467//5163 7475//5171
f 7474//5170 7475//5171 7482//5178
f 7475//5171 7476//5172 7484//5180
f 7476//5172 7477//5173 7485//5181
f 7477//5173 7478//5174 7486//5182
f 7478//5174 7479//5175 7487//5183
f 7479//5175 7480//5176 7488//5184
f 7480//5176 7481//5177 7489//5185
f 7481//5177 7482//5178 7490//5186
f 7482//5178 7475//5171 7483//5179
f 7491//5187 7500//5196 7499//5195
f 7492//5188 7501//5197 7500//5196
f 7493//5189 7502//5198 7501//5197
f 7494//5190 7503//5199 7502//5198
f 7495//5191 7504//5200 7503//5199
f 7496//5192 7505//5201 7504//5200
f 7497//5193 7506//5202 7505//5201
f 7498//5194 7499//5195 7506//5202
f 7499//5195 7500//5196 7508//5204
f 7499//5195 7508//5204 7507//5203
f 7500//5196 7501//5197 7509//5205
f 7500//5196 7509//5205 7508//5204
f 7501//5197 7502//5198 7510//5206
f 7501//5197 7510//5206 7509//5205
f 7502//5198 7503//5199 7511//5207
f 7502//5198 7511//5207 7510//5206
f 7503//5199 7504//5200 7512//5208
f 7503//5199 7512//5208 7511//5207
f 7504//5200 7505//5201 7513//5209
f 7504//5200 7513//5209 7512//5208
f 7505//5201 7506//5202 7514//5210
f 7505//5201 7514//5210 7513//5209
f 7506//5202 7499//5195 7507//5203
f 7506//5202 7507//5203 7514//5210
f 7507//5203 7508//5204 7516//5212
f 7507//5203 7516//5212 7515//5211
f 7508//5204 7509//5205 7517//5213
f 7508//5204 7517//5213 7516//5212
f 7509//5205 7510//5206 7518//5214
f 7509//5205 7518//5214 7517//5213
f 7510//5206 7511//5207 7519//5215
f 7510//5206 7519//5215 7518//5214
f 7511//5207 7512//5208 7520//5216
f 7511//5207 7520//5216 7519//5215
f 7512//5208 7513//5209 7521//5217
f 7512//5208 7521//5217 7520//5216
f 7513//5209 7514//5210 7522//5218
f 7513//5209 7522//5218 7521//5217
f 7514//5210 7507//5203 7515//5211
f 7514//5210 7515//5211 7522//5218
f 7515//5211 7516//5212 7524//5220
f 7515//5211 7524//5220 7523//5219
f 7516//5212 7517//5213 7525//5221
f 7516//5212 7525//5221 7524//5220
f 7517//5213 7518//5214 7526//5222
f 7517//5213 7526//5222 7525//5221
f 7518//5214 7519//5215 7527//5223
f 7518//5214 7527//5223 7526//5222
f 7519//5215 7520//5216 7528//5224
f 7519//5215 7528//5224 7527//5223
f 7520//5216 7521//5217 7529//5225
f 7520//5216 7529//5225 7528//5224
f 7521//5217 7522//5218 7530//5226
f 7521//5217 7530//5226 7529//5225
f 7522//5218 7515//5211 7523//5219
f 7522//5218 7523//5219 7530//5226
f 7523//5219 7524//5220 7532//5228
f 7524//5220 7525//5221 7533//5229
f 7525//5221 7526//5222 7534//5230
f 7526//5222 7527//5223 7535//5231
f 7527//5223 7528//5224 7536//5232
f 7528//5224 7529//5225 7537//5233
f 7529//5225 7530//5226 7538//5234
f 7530//5226 7523//5219 7531//5227
f 7539//5235 7548//5244 7547//5243
f 7540//5236 7549//5245 7548//5244
f 7541//5237 7550//5246 7549//5245
f 7542//5238 7551//5247 7550//5246
f 7543//5239 7552//5248 7551//5247
f 7544//5240 7553//5249 7552//5248
f 7545//5241 7554//5250 7553//5249
f 7546//5242 7547//5243 7554//5250
f 7547//5243 7548//5244 7556//5252
f 7547//5243 7556//5252 7555//5251
f 7548//5244 7549//5245 7557//5253
f 7548//5244 7557//5253 7556//5252
f 7549//5245 7550//5246 7558//5254
f 7549//5245 7558//5254 7557//5253
f 7550//5246 7551//5247 7559//5255
f 7550//5246 7559//5255 7558//5254
f 7551//5247 7552//5248 7560//5256
f 7551//5247 7560//5256 7559//5255
f 7552//5248 7553//5249 7561//5257
f 7552//5248 7561//5257 7560//5256
f 7553//5249 7554//5250 7562//5258
f 7553//5249 7562//5258 7561//5257
f 7554//5250 7547//5243 7555//5251
f 7554//5250 7555//5251 7562//5258
f 7555//5251 7556//5252 7564//5260
f 7555//5251 7564//5260 7563//5259
f 7556//5252 7557//5253 7565//5261
f 7556//5252 7565//5261 7564//5260
f 7557//5253 7558//5254 7566//5262
f 7557//5253 7566//5262 7565//5261
f 7558//5254 7559//5255 7567//5263
f 7558//5254 7567//5263 7566//5262
f 7559//5255 7560//5256 7568//5264
f 7559//5255 7568//5264 7567//5263
f 7560//5256 7561//5257 7569//5265
f 7560//5256 7569//5265 7568//5264
f 7561//5257 7562//5258 7570//5266
f 7561//5257 7570//5266 7569//5265
f 7562//5258 7555//5251 7563//5259
f 7562//5258 7563//5259 7570//5266
f 7563//5259 7564//5260 7572//5268
f 7563//5259 7572//5268 7571//5267
f 7564//5260 7565//5261 7573//5269
f 7564//5260 7573//5269 7572//5268
f 7565//5261 7566//5262 7574//5270
f 7565//5261 7574//5270 7573//5269
f 7566//5262 7567//5263 7575//5271
f 7566//5262 7575//5271 7574//5270
f 7567//5263 7568//5264 7576//5272
f 7567//5263 7576//5272 7575//5271
f 7568//5264 7569//5265 7577//5273
f 7568//5264 7577//5273 7576//5272
f 7569//5265 7570//5266 7578//5274
f 7569//5265 7578//5274 7577//5273
f 7570//5266 7563//5259 7571//5267
f 7570//5266 7571//5267 7578//5274
f 7571//5267 7572//5268 7580//5276
f 7572//5268 7573//5269 7581//5277
f 7573//5269 7574//5270 7582//5278
f 7574//5270 7575//5271 7583//5279
f 7575//5271 7576//5272 7584//5280
f 7576//5272 7577//5273 7585//5281
f 7577//5273 7578//5274 7586//5282
f 7578//5274 7571//5267 7579//5275
f 7587//5283 7588//5283 7589//5283
f 7587//5283 7589//5283 7590//5283
f 7591//5284 7592//5284 7593//5284
f 7591//5284 7593//5284 7594//5284
f 7595//5285 7596//5285 7597//5285
f 7595//5285 7597//5285 7598//5285
f 7599//5286 7600//5286 7601//5286
f 7599//5286 7601//5286 7602//5286
f 7603//5287 7604//5287 7605//5287
f 7603//5287 7605//5287 7606//5287
f 7607//5288 7608//5288 7609//5288
f 7607//5288 7609//5288 7610//5288
f 7611//5289 7612//5289 7613//5289
f 7611//5289 7613//5289 7614//5289
f 7615//5290 7616//5290 7617//5290
f 7615//5290 7617//5290 7618//5290
f 7619//5291 7620//5291 7621//5291
f 7619//5291 7621//5291 7622//5291
f 7623//5292 7624//5292 7625//5292
f 7623//5292 7625//5292 7626//5292
f 7627//5293 7628//5293 7629//5293
f 7627//5293 7629//5293 7630//5293
f 7631//5294 7632//5294 7633//5294
f 7631//5294 7633//5294 7634//5294
f 7635//5295 7636//5295 7637//5295
f 7635//5295 7637//5295 7638//5295
f 7639//5296 7640//5296 7641//5296
f 7639//5296 7641//5296 7642//5296
f 7643//5297 7644//5297 7645//5297
f 7643//5297 7645//5297 7646//5297
f 7647//5298 7648//5298 7649//5298
f 7647//5298 7649//5298 7650//5298
f 7651//5299 7652//5299 7653//5299
f 7651//5299 7653//5299 7654//5299
f 7655//5300 7656//5300 7657//5300
f 7655//5300 7657//5300 7658//5300
f 7659//5301 7660//5301 7661//5301
f 7659//5301 7661//5301 7662//5301
f 7663//5302 7664//5302 7665//5302
f 7663//5302 7665//5302 7666//5302
f 7667//5303 7668//5303 7669//5303
f 7667//5303 7669//5303 7670//5303
f 7671//5304 7672//5304 7673//5304
f 7671//5304 7673//5304 7674//5304
f 7675//5305 7676//5305 7677//5305
f 7675//5305 7677//5305 7678//5305
f 7679//5306 7680//5306 7681//5306
f 7679//5306 7681//5306 7682//5306
f 7683//5307 7694//5318 7693//5317
f 7684//5308 7695//5319 7694//5318
f 7685//5309 7696//5320 7695//5319
f 7686//5310 7697//5321 7696//5320
f 7687//5311 7698//5322 7697//5321
f 7688//5312 7699//5323 7698//5322
f 7689//5313 7700//5324 7699//5323
f 7690//5314 7701//5325 7700//5324
f 7691//5315 7702//5326 7701//5325
f 7692//5316 7693//5317 7702//5326
f 7693//5317 7694//5318 7704//5328
f 7693//5317 7704//5328 7703//5327
f 7694//5318 7695//5319 7705//5329
f 7694//5318 7705//5329 7704//5328
f 7695//5319 7696//5320 7706//5330
f 7695//5319 7706//5330 7705//5329
f 7696//5320 7697//5321 7707//5331
f 7696//5320 7707//5331 7706//5330
f 7697//5321 7698//5322 7708//5332
f 7697//5321 7708//5332 7707//5331
f 7698//5322 7699//5323 7709//5333
f 7698//5322 7709//5333 7708//5332
f 7699//5323 7700//5324 7710//5334
f 7699//5323 7710//5334 7709//5333
f 7700//5324 7701//5325 7711//5335
f 7700//5324 7711//5335 7710//5334
f 7701//5325 7702//5326 7712//5336
f 7701//5325 7712//5336 7711//5335
f 7702//5326 7693//5317 7703//5327
f 7702//5326 7703//5327 7712//5336
f 7703//5327 7704//5328 7714//5338
f 7703//5327 7714//5338 7713//5337
f 7704//5328 7705//5329 7715//5339
f 7704//5328 7715//5339 7714//5338
f 7705//5329 7706//5330 7716//5340
f 7705//5329 7716//5340 7715//5339
f 7706//5330 7707//5331 7717//5341
f 7706//5330 7717//5341 7716//5340
f 7707//5331 7708//5332 7718//5342
f 7707//5331 7718//5342 7717//5341
f 7708//5332 7709//5333 7719//5343
f 7708//5332 7719//5343 7718//5342
f 7709//5333 7710//5334 7720//5344
f 7709//5333 7720//5344 7719//5343
f 7710//5334 7711//5335 7721//5345
f 7710//5334 7721//5345 7720//5344
f 7711//5335 7712//5336 7722//5346
f 7711//5335 7722//5346 7721//5345
f 7712//5336 7703//5327 7713//5337
f 7712//5336 7713//5337 7722//5346
f 7713//5337 7714//5338 7724//5348
f 7713//5337 7724//5348 7723//5347
f 7714//5338 7715//5339 7725//5349
f 7714//5338 7725//5349 7724//5348
f 7715//5339 7716//5340 7726//5350
f 7715//5339 7726//5350 7725//5349
f 7716//5340 7717//5341 7727//5351
f 7716//5340 7727//5351 7726//5350
f 7717//5341 7718//5342 7728//5352
f 7717//5341 7728//5352 7727//5351
f 7718//5342 7719//5343 7729//5353
f 7718//5342 7729//5353 7728//5352
f 7719//5343 7720//5344 7730//5354
f 7719//5343 7730//5354 7729//5353
f 7720//5344 7721//5345 7731//5355
f 7720//5344 7731//5355 7730//5354
f 7721//5345 7722//5346 7732//5356
f 7721//5345 7732//5356 7731//5355
f 7722//5346 7713//5337 7723//5347
f 7722//5346 7723//5347 7732//5356
f 7723//5347 7724//5348 7734//5358
f 7723//5347 7734//5358 7733//5357
f 7724//5348 7725//5349 7735//5359
f 7724//5348 7735//5359 7734//5358
f 7725//5349 7726//5350 7736//5360
f 7725//5349 7736//5360 7735//5359
f 7726//5350 7727//5351 7737//5361
f 7726//5350 7737//5361 7736//5360
f 7727//5351 7728//5352 7738//5362
f 7727//5351 7738//5362 7737//5361
f 7728//5352 7729//5353 7739//5363
f 7728//5352 7739//5363 7738//5362
f 7729//5353 7730//5354 7740//5364
f 7729//5353 7740//5364 7739//5363
f 7730//5354 7731//5355 7741//5365
f 7730//5354 7741//5365 7740//5364
f 7731//5355 7732//5356 7742//5366
f 7731//5355 7742//5366 7741//5365
f 7732//5356 7723//5347 7733//5357
f 7732//5356 7733//5357 7742//5366
f 7733//5357 7734//5358 7744//5368
f 7734//5358 7735//5359 7745//5369
f 7735//5359 7736//5360 7746//5370
f 7736//5360 7737//5361 7747//5371
f 7737//5361 7738//5362 7748//5372
f 7738//5362 7739//5363 7749//5373
f 7739//5363 7740//5364 7750//5374
f 7740//5364 7741//5365 7751//5375
f 7741//5365 7742//5366 7752//5376
f 7742//5366 7733//5357 7743//5367
f 7753//5377 7764//5388 7763//5387
f 7754//5378 7765//5389 7764//5388
f 7755//5379 7766//5390 7765//5389
f 7756//5380 7767//5391 7766//5390
f 7757//5381 7768//5392 7767//5391
f 7758//5382 7769//5393 7768//5392
f 7759//5383 7770//5394 7769//5393
f 7760//5384 7771//5395 7770//5394
f 7761//5385 7772//5396 7771//5395
f 7762//5386 7763//5387 7772//5396
f 7763//5387 7764//5388 7774//5398
f 7763//5387 7774//5398 7773//5397
f 7764//5388 7765//5389 7775//5399
f 7764//5388 7775//5399 7774//5398
f 7765//5389 7766//5390 7776//5400
f 7765//5389 7776//5400 7775//5399
f 7766//5390 7767//5391 7777//5401
f 7766//5390 7777//5401 7776//5400
f 7767//5391 7768//5392 7778//5402
f 7767//5391 7778//5402 7777//5401
f 7768//5392 7769//5393 7779//5403
f 7768//5392 7779//5403 7778//5402
f 7769//5393 7770//5394 7780//5404
f 7769//5393 7780//5404 7779//5403
f 7770//5394 7771//5395 7781//5405
f 7770//5394 7781//5405 7780//5404
f 7771//5395 7772//5396 7782//5406
f 7771//5395 7782//5406 7781//5405
f 7772//5396 7763//5387 7773//5397
f 7772//5396 7773//5397 7782//5406
f 7773//5397 7774//5398 7784//5408
f 7773//5397 7784//5408 7783//5407
f 7774//5398 7775//5399 7785//5409
f 7774//5398 7785//5409 7784//5408
f 7775//5399 7776//5400 7786//5410
f 7775//5399 7786//5410 7785//5409
f 7776//5400 7777//5401 7787//5411
f 7776//5400 7787//5411 7786//5410
f 7777//5401 7778//5402 7788//5412
f 7777//5401 7788//5412 7787//5411
f 7778//5402 7779//5403 7789//5413
f 7778//5402 7789//5413 7788//5412
f 7779//5403 7780//5404 7790//5414
f 7779//5403 7790//5414 7789//5413
f 7780//5404 7781//5405 7791//5415
f 7780//5404 7791//5415 7790//5414
f 7781//5405 7782//5406 7792//5416
f 7781//5405 7792//5416 7791//5415
f 7782//5406 7773//5397 7783//5407
f 7782//5406 7783//5407 7792//5416
f 7783//5407 7784//5408 7794//5418
f 7783//5407 7794//5418 7793//5417
f 7784//5408 7785//5409 7795//5419
f 7784//5408 7795//5419 7794//5418
f 7785//5409 7786//5410 7796//5420
f 7785//5409 7796//5420 7795//5419
f 7786//5410 7787//5411 7797//5421
f 7786//5410 7797//5421 7796//5420
f 7787//5411 7788//5412 7798//5422
f 7787//5411 7798//5422 7797//5421
f 7788//5412 7789//5413 7799//5423
f 7788//5412 7799//5423 7798//5422
f 7789//5413 7790//5414 7800//5424
f 7789//5413 7800//5424 7799//5423
f 7790//5414 7791//5415 7801//5425
f 7790//5414 7801//5425 7800//5424
f 7791//5415 7792//5416 7802//5426
f 7791//5415 7802//5426 7801//5425
f 7792//5416 7783//5407 7793//5417
f 7792//5416 7793//5417 7802//5426
f 7793//5417 7794//5418 7804//5428
f 7793//5417 7804//5428 7803//5427
f 7794//5418 7795//5419 7805//5429
f 7794//5418 7805//5429 7804//5428
f 7795//5419 7796//5420 7806//5430
f 7795//5419 7806//5430 7805//5429
f 7796//5420 7797//5421 7807//5431
f 7796//5420 7807//5431 7806//5430
f 7797//5421 7798//5422 7808//5432
f 7797//5421 7808//5432 7807//5431
f 7798//5422 7799//5423 7809//5433
f 7798//5422 7809//5433 7808//5432
f 7799//5423 7800//5424 7810//5434
f 7799//5423 7810//5434 7809//5433
f 7800//5424 7801//5425 7811//5435
f 7800//5424 7811//5435 7810//5434
f 7801//5425 7802//5426 7812//5436
f 7801//5425 7812//5436 7811//5435
f 7802//5426 7793//5417 7803//5427
f 7802//5426 7803//5427 7812//5436
f 7803//5427 7804//5428 7814//5438
f 7804//5428 7805//5429 7815//5439
f 7805//5429 7806//5430 7816//5440
f 7806//5430 7807//5431 7817//5441
f 7807//5431 7808//5432 7818//5442
f 7808//5432 7809//5433 7819//5443
f 7809//5433 7810//5434 7820//5444
f 7810//5434 7811//5435 7821//5445
f 7811//5435 7812//5436 7822//5446
f 7812//5436 7803//5427 7813//5437
f 7823//5447 7834//5458 7833//5457
f 7824//5448 7835//5459 7834//5458
f 7825//5449 7836//5460 7835//5459
f 7826//5450 7837//5461 7836//5460
f 7827//5451 7838//5462 7837//5461
f 7828//5452 7839//5463 7838//5462
f 7829//5453 7840//5464 7839//5463
f 7830//5454 7841//5465 7840//5464
f 7831//5455 7842//5466 7841//5465
f 7832//5456 7833//5457 7842//5466
f 7833//5457 7834//5458 7844//5468
f 7833//5457 7844//5468 7843//5467
f 7834//5458 7835//5459 7845//5469
f 7834//5458 7845//5469 7844//5468
f 7835//5459 7836//5460 7846//5470
f 7835//5459 7846//5470 7845//5469
f 7836//5460 7837//5461 7847//5471
f 7836//5460 7847//5471 7846//5470
f 7837//5461 7838//5462 7848//5472
f 7837//5461 7848//5472 7847//5471
f 7838//5462 7839//5463 7849//5473
f 7838//5462 7849//5473 7848//5472
f 7839//5463 7840//5464 7850//5474
f 7839//5463 7850//5474 7849//5473
f 7840//5464 7841//5465 7851//5475
f 7840//5464 7851//5475 7850//5474
f 7841//5465 7842//5466 7852//5476
f 7841//5465 7852//5476 7851//5475
f 7842//5466 7833//5457 7843//5467
f 7842//5466 7843//5467 7852//5476
f 7843//5467 7844//5468 7854//5478
f 7843//5467 7854//5478 7853//5477
f 7844//5468 7845//5469 7855//5479
f 7844//5468 7855//5479 7854//5478
f 7845//5469 7846//5470 7856//5480
f 7845//5469 7856//5480 7855//5479
f 7846//5470 7847//5471 7857//5481
f 7846//5470 7857//5481 7856//5480
f 7847//5471 7848//5472 7858//5482
f 7847//5471 7858//5482 7857//5481
f 7848//5472 7849//5473 7859//5483
f 7848//5472 7859//5483 7858//5482
f 7849//5473 7850//5474 7860//5484
f 7849//5473 7860//5484 7859//5483
f 7850//5474 7851//5475 7861//5485
f 7850//5474 7861//5485 7860//5484
f 7851//5475 7852//5476 7862//5486
f 7851//5475 7862//5486 7861//5485
f 7852//5476 7843//5467 7853//5477
f 7852//5476 7853//5477 7862//5486
f 7853//5477 7854//5478 7864//5488
f 7853//5477 7864//5488 7863//5487
f 7854//5478 7855//5479 7865//5489
f 7854//5478 7865//5489 7864//5488
f 7855//5479 7856//5480 7866//5490
f 7855//5479 7866//5490 7865//5489
f 7856//5480 7857//5481 7867//5491
f 7856//5480 7867//5491 7866//5490
f 7857//5481 7858//5482 7868//5492
f 7857//5481 7868//5492 7867//5491
f 7858//5482 7859//5483 7869//5493
f 7858//5482 7869//5493 7868//5492
f 7859//5483 7860//5484 7870//5494
f 7859//5483 7870//5494 7869//5493
f 7860//5484 7861//5485 7871//5495
f 7860//5484 7871//5495 7870//5494
f 7861//5485 7862//5486 7872//5496
f 7861//5485 7872//5496 7871//5495
f 7862//5486 7853//5477 7863//5487
f 7862//5486 7863//5487 7872//5496
f 7863//5487 7864//5488 7874//5498
f 7863//5487 7874//5498 7873//5497
f 7864//5488 7865//5489 7875//5499
f 7864//5488 7875//5499 7874//5498
f 7865//5489 7866//5490 7876//5500
f 7865//5489 7876//5500 7875//5499
f 7866//5490 7867//5491 7877//5501
f 7866//5490 7877//5501 7876//5500
f 7867//5491 7868//5492 7878//5502
f 7867//5491 7878//5502 7877//5501
f 7868//5492 7869//5493 7879//5503
f 7868//5492 7879//5503 7878//5502
f 7869//5493 7870//5494 7880//5504
f 7869//5493 7880//5504 7879//5503
f 7870//5494 7871//5495 7881//5505
f 7870//5494 7881//5505 7880//5504
f 7871//5495 7872//5496 7882//5506
f 7871//5495 7882//5506 7881//5505
f 7872//5496 7863//5487 7873//5497
f 7872//5496 7873//5497 7882//5506
f 7873//5497 7874//5498 7884//5508
f 7874//5498 7875//5499 7885//5509
f 7875//5499 7876//5500 7886//5510
f 7876//5500 7877//5501 7887//5511
f 7877//5501 7878//5502 7888//5512
f 7878//5502 7879//5503 7889//5513
f 7879//5503 7880//5504 7890//5514
f 7880//5504 7881//5505 7891//5515
f 7881//5505 7882//5506 7892//5516
f 7882//5506 7873//5497 7883//5507
f 7893//5517 7904//5528 7903//5527
f 7894//5518 7905//5529 7904//5528
f 7895//5519 7906//5530 7905//5529
f 7896//5520 7907//5531 7906//5530
f 7897//5521 7908//5532 7907//5531
f 7898//5522 7909//5533 7908//5532
f 7899//5523 7910//5534 7909//5533
f 7900//5524 7911//5535 7910//5534
f 7901//5525 7912//5536 7911//5535
f 7902//5526 7903//5527 7912//5536
f 7903//5527 7904//5528 7914//5538
f 7903//5527 7914//5538 7913//5537
f 7904//5528 7905//5529 7915//5539
f 7904//5528 7915//5539 7914//5538
f 7905//5529 7906//5530 7916//5540
f 7905//5529 7916//5540 7915//5539
f 7906//5530 7907//5531 7917//5541
f 7906//5530 7917//5541 7916//5540
f 7907//5531 7908//5532 7918//5542
f 7907//5531 7918//5542 7917//5541
f 7908//5532 7909//5533 7919//5543
f 7908//5532 7919//5543 7918//5542
f 7909//5533 7910//5534 7920//5544
f 7909//5533 7920//5544 7919//5543
f 7910//5534 7911//5535 7921//5545
f 7910//5534 7921//5545 7920//5544
f 7911//5535 7912//5536 7922//5546
f 7911//5535 7922//5546 7921//5545
f 7912//5536 7903//5527 7913//5537
f 7912//5536 7913//5537 7922//5546
f 7913//5537 7914//5538 7924//5548
f 7913//5537 7924//5548 7923//5547
f 7914//5538 7915//5539 7925//5549
f 7914//5538 7925//5549 7924//5548
f 7915//5539 7916//5540 7926//5550
f 7915//5539 7926//5550 7925//5549
f 7916//5540 7917//5541 7927//5551
f 7916//5540 7927//5551 7926//5550
f 7917//5541 7918//5542 7928//5552
f 7917//5541 7928//5552 7927//5551
f 7918//5542 7919//5543 7929//5553
f 7918//5542 7929//5553 7928//5552
f 7919//5543 7920//5544 7930//5554
f 7919//5543 7930//5554 7929//5553
f 7920//5544 7921//5545 7931//5555
f 7920//5544 7931//5555 7930//5554
f 7921//5545 7922//5546 7932//5556
f 7921//5545 7932//5556 7931//5555
f 7922//5546 7913//5537 7923//5547
f 7922//5546 7923//5547 7932//5556
f 7923//5547 7924//5548 7934//5558
f 7923//5547 7934//5558 7933//5557
f 7924//5548 7925//5549 7935//5559
f 7924//5548 7935//5559 7934//5558
f 7925//5549 7926//5550 7936//5560
f 7925//5549 7936//5560 7935//5559
f 7926//5550 7927//5551 7937//5561
f 7926//5550 7937//5561 7936//5560
f 7927//5551 7928//5552 7938//5562
f 7927//5551 7938//5562 7937//5561
f 7928//5552 7929//5553 7939//5563
f 7928//5552 7939//5563 7938//5562
f 7929//5553 7930//5554 7940//5564
f 7929//5553 7940//5564 7939//5563
f 7930//5554 7931//5555 7941//5565
f 7930//5554 7941//5565 7940//5564
f 7931//5555 7932//5556 7942//5566
f 7931//5555 7942//5566 7941//5565
f 7932//5556 7923//5547 7933//5557
f 7932//5556 7933//5557 7942//5566
f 7933//5557 7934//5558 7944//5568
f 7933//5557 7944//5568 7943//5567
f 7934//5558 7935//5559 7945//5569
f 7934//5558 7945//5569 7944//5568
f 7935//5559 7936//5560 7946//5570
f 7935//5559 7946//5570 7945//5569
f 7936//5560 7937//5561 7947//5571
f 7936//5560 7947//5571 7946//5570
f 7937//5561 7938//5562 7948//5572
f 7937//5561 7948//5572 7947//5571
f 7938//5562 7939//5563 7949//5573
f 7938//5562 7949//5573 7948//5572
f 7939//5563 7940//5564 7950//5574
f 7939//5563 7950//5574 7949//5573
f 7940//5564 7941//5565 7951//5575
f 7940//5564 7951//5575 7950//5574
f 7941//5565 7942//5566 7952//5576
f 7941//5565 7952//5576 7951//5575
f 7942//5566 7933//5557 7943//5567
f 7942//5566 7943//5567 7952//5576
f 7943//5567 7944//5568 7954//5578
f 7944//5568 7945//5569 7955//5579
f 7945//5569 7946//5570 7956//5580
f 7946//5570 7947//5571 7957//5581
f 7947//5571 7948//5572 7958//5582
f 7948//5572 7949//5573 7959//5583
f 7949//5573 7950//5574 7960//5584
f 7950//5574 7951//5575 7961//5585
f 7951//5575 7952//5576 7962//5586
f 7952//5576 7943//5567 7953//5577
f 7963//5587 7974//5598 7973//5597
f 7964//5588 7975//5599 7974//5598
f 7965//5589 7976//5600 7975//5599
f 7966//5590 7977//5601 7976//5600
f 7967//5591 7978//5602 7977//5601
f 7968//5592 7979//5603 7978//5602
f 7969//5593 7980//5604 7979//5603
f 7970//5594 7981//5605 7980//5604
f 7971//5595 7982//5606 7981//5605
f 7972//5596 7973//5597 7982//5606
f 7973//5597 7974//5598 7984//5608
f 7973//5597 7984//5608 7983//5607
f 7974//5598 7975//5599 7985//5609
f 7974//5598 7985//5609 7984//5608
f 7975//5599 7976//5600 7986//5610
f 7975//5599 7986//5610 7985//5609
f 7976//5600 7977//5601 7987//5611
f 7976//5600 7987//5611 7986//5610
f 7977//5601 7978//5602 7988//5612
f 7977//5601 7988//5612 7987//5611
f 7978//5602 7979//5603 7989//5613
f 7978//5602 7989//5613 7988//5612
f 7979//5603 7980//5604 7990//5614
f 7979//5603 7990//5614 7989//5613
f 7980//5604 7981//5605 7991//5615
f 7980//5604 7991//5615 7990//5614
f 7981//5605 7982//5606 7992//5616
f 7981//5605 7992//5616 7991//5615
f 7982//5606 7973//5597 7983//5607
f 7982//5606 7983//5607 7992//5616
f 7983//5607 7984//5608 7994//5618
f 7983//5607 7994//5618 7993//5617
f 7984//5608 7985//5609 7995//5619
f 7984//5608 7995//5619 7994//5618
f 7985//5609 7986//5610 7996//5620
f 7985//5609 7996//5620 7995//5619
f 7986//5610 7987//5611 7997//5621
f 7986//5610 7997//5621 7996//5620
f 7987//5611 7988//5612 7998//5622
f 7987//5611 7998//5622 7997//5621
f 7988//5612 7989//5613 7999//5623
f 7988//5612 7999//5623 7998//5622
f 7989//5613 7990//5614 8000//5624
f 7989//5613 8000//5624 7999//5623
f 7990//5614 7991//5615 8001//5625
f 7990//5614 8001//5625 8000//5624
f 7991//5615 7992//5616 8002//5626
f 7991//5615 8002//5626 8001//5625
f 7992//5616 7983//5607 7993//5617
f 7992//5616 7993//5617 8002//5626
f 7993//5617 7994//5618 8004//5628
f 7993//5617 8004//5628 8003//5627
f 7994//5618 7995//5619 8005//5629
f 7994//5618 8005//5629 8004//5628
f 7995//5619 7996//5620 8006//5630
f 7995//5619 8006//5630 8005//5629
f 7996//5620 7997//5621 8007//5631
f 7996//5620 8007//5631 8006//5630
f 7997//5621 7998//5622 8008//5632
f 7997//5621 8008//5632 8007//5631
f 7998//5622 7999//5623 8009//5633
f 7998//5622 8009//5633 8008//5632
f 7999//5623 8000//5624 8010//5634
f 7999//5623 8010//5634 8009//5633
f 8000//5624 8001//5625 8011//5635
f 8000//5624 8011//5635 8010//5634
f 8001//5625 8002//5626 8012//5636
f 8001//5625 8012//5636 8011//5635
f 8002//5626 7993//5617 8003//5627
f 8002//5626 8003//5627 8012//5636
f 8003//5627 8004//5628 8014//5638
f 8003//5627 8014//5638 8013//5637
f 8004//5628 8005//5629 8015//5639
f 8004//5628 8015//5639 8014//5638
f 8005//5629 8006//5630 8016//5640
f 8005//5629 8016//5640 8015//5639
f 8006//5630 8007//5631 8017//5641
f 8006//5630 8017//5641 8016//5640
f 8007//5631 8008//5632 8018//5642
f 8007//5631 8018//5642 8017//5641
f 8008//5632 8009//5633 8019//5643
f 8008//5632 8019//5643 8018//5642
f 8009//5633 8010//5634 8020//5644
f 8009//5633 8020//5644 8019//5643
f 8010//5634 8011//5635 8021//5645
f 8010//5634 8021//5645 8020//5644
f 8011//5635 8012//5636 8022//5646
f 8011//5635 8022//5646 8021//5645
f 8012//5636 8003//5627 8013//5637
f 8012//5636 8013//5637 8022//5646
f 8013//5637 8014//5638 8024//5648
f 8014//5638 8015//5639 8025//5649
f 8015//5639 8016//5640 8026//5650
f 8016//5640 8017//5641 8027//5651
f 8017//5641 8018//5642 8028//5652
f 8018//5642 8019//5643 8029//5653
f 8019//5643 8020//5644 8030//5654
f 8020//5644 8021//5645 8031//5655
f 8021//5645 8022//5646 8032//5656
f 8022//5646 8013//5637 8023//5647
f 8033//5657 8044//5668 8043//5667
f 8034//5658 8045//5669 8044//5668
f 8035//5659 8046//5670 8045//5669
f 8036//5660 8047//5671 8046//5670
f 8037//5661 8048//5672 8047//5671
f 8038//5662 8049//5673 8048//5672
f 8039//5663 8050//5674 8049//5673
f 8040//5664 8051//5675 8050//5674
f 8041//5665 8052//5676 8051//5675
f 8042//5666 8043//5667 8052//5676
f 8043//5667 8044//5668 8054//5678
f 8043//5667 8054//5678 8053//5677
f 8044//5668 8045//5669 8055//5679
f 8044//5668 8055//5679 8054//5678
f 8045//5669 8046//5670 8056//5680
f 8045//5669 8056//5680 8055//5679
f 8046//5670 8047//5671 8057//5681
f 8046//5670 8057//5681 8056//5680
f 8047//5671 8048//5672 8058//5682
f 8047//5671 8058//5682 8057//5681
f 8048//5672 8049//5673 8059//5683
f 8048//5672 8059//5683 8058//5682
f 8049//5673 8050//5674 8060//5684
f 8049//5673 8060//5684 8059//5683
f 8050//5674 8051//5675 8061//5685
f 8050//5674 8061//5685 8060//5684
f 8051//5675 8052//5676 8062//5686
f 8051//5675 8062//5686 8061//5685
f 8052//5676 8043//5667 8053//5677
f 8052//5676 8053//5677 8062//5686
f 8053//5677 8054//5678 8064//5688
f 8053//5677 8064//5688 8063//5687
f 8054//5678 8055//5679 8065//5689
f 8054//5678 8065//5689 8064//5688
f 8055//5679 8056//5680 8066//5690
f 8055//5679 8066//5690 8065//5689
f 8056//5680 8057//5681 8067//5691
f 8056//5680 8067//5691 8066//5690
f 8057//5681 8058//5682 8068//5692
f 8057//5681 8068//5692 8067//5691
f 8058//5682 8059//5683 8069//5693
f 8058//5682 8069//5693 8068//5692
f 8059//5683 8060//5684 8070//5694
f 8059//5683 8070//5694 8069//5693
f 8060//5684 8061//5685 8071//5695
f 8060//5684 8071//5695 8070//5694
f 8061//5685 8062//5686 8072//5696
f 8061//5685 8072//5696 8071//5695
f 8062//5686 8053//5677 8063//5687
f 8062//5686 8063//5687 8072//5696
f 8063//5687 8064//5688 8074//5698
f 8063//5687 8074//5698 8073//5697
f 8064//5688 8065//5689 8075//5699
f 8064//5688 8075//5699 8074//5698
f 8065//5689 8066//5690 8076//5700
f 8065//5689 8076//5700 8075//5699
f 8066//5690 8067//5691 8077//5701
f 8066//5690 8077//5701 8076//5700
f 8067//5691 8068//5692 8078//5702
f 8067//5691 8078//5702 8077//5701
f 8068//5692 8069//5693 8079//5703
f 8068//5692 8079//5703 8078//5702
f 8069//5693 8070//5694 8080//5704
f 8069//5693 8080//5704 8079//5703
f 8070//5694 8071//5695 8081//5705
f 8070//5694 8081//5705 8080//5704
f 8071//5695 8072//5696 8082//5706
f 8071//5695 8082//5706 8081//5705
f 8072//5696 8063//5687 8073//5697
f 8072//5696 8073//5697 8082//5706
f 8073//5697 8074//5698 8084//5708
f 8073//5697 8084//5708 8083//5707
f 8074//5698 8075//5699 8085//5709
f 8074//5698 8085//5709 8084//5708
f 8075//5699 8076//5700 8086//5710
f 8075//5699 8086//5710 8085//5709
f 8076//5700 8077//5701 8087//5711
f 8076//5700 8087//5711 8086//5710
f 8077//5701 8078//5702 8088//5712
f 8077//5701 8088//5712 8087//5711
f 8078//5702 8079//5703 8089//5713
f 8078//5702 8089//5713 8088//5712
f 8079//5703 8080//5704 8090//5714
f 8079//5703 8090//5714 8089//5713
f 8080//5704 8081//5705 8091//5715
f 8080//5704 8091//5715 8090//5714
f 8081//5705 8082//5706 8092//5716
f 8081//5705 8092//5716 8091//5715
f 8082//5706 8073//5697 8083//5707
f 8082//5706 8083//5707 8092//5716
f 8083//5707 8084//5708 8094//5718
f 8084//5708 8085//5709 8095//5719
f 8085//5709 8086//5710 8096//5720
f 8086//5710 8087//5711 8097//5721
f 8087//5711 8088//5712 8098//5722
f 8088//5712 8089//5713 8099//5723
f 8089//5713 8090//5714 8100//5724
f 8090//5714 8091//5715 8101//5725
f 8091//5715 8092//5716 8102//5726
f 8092//5716 8083//5707 8093//5717
f 8103//5727 8112//5736 8111//5735
f 8104//5728 8113//5737 8112//5736
f 8105//5729 8114//5738 8113//5737
f 8106//5730 8115//5739 8114//5738
f 8107//5731 8116//5740 8115//5739
f 8108//5732 8117//5741 8116//5740
f 8109//5733 8118//5742 8117//5741
f 8110//5734 8111//5735 8118//5742
f 8111//5735 8112//5736 8120//5744
f 8111//5735 8120//5744 8119//5743
f 8112//5736 8113//5737 8121//5745
f 8112//5736 8121//5745 8120//5744
f 8113//5737 8114//5738 8122//5746
f 8113//5737 8122//5746 8121//5745
f 8114//5738 8115//5739 8123//5747
f 8114//5738 8123//5747 8122//5746
f 8115//5739 8116//5740 8124//5748
f 8115//5739 8124//5748 8123//5747
f 8116//5740 8117//5741 8125//5749
f 8116//5740 8125//5749 8124//5748
f 8117//5741 8118//5742 8126//5750
f 8117//5741 8126//5750 8125//5749
f 8118//5742 8111//5735 8119//5743
f 8118//5742 8119//5743 8126//5750
f 8119//5743 8120//5744 8128//5752
f 8119//5743 8128//5752 8127//5751
f 8120//5744 8121//5745 8129//5753
f 8120//5744 8129//5753 8128//5752
f 8121//5745 8122//5746 8130//5754
f 8121//5745 8130//5754 8129//5753
f 8122//5746 8123//5747 8131//5755
f 8122//5746 8131//5755 8130//5754
f 8123//5747 8124//5748 8132//5756
f 8123//5747 8132//5756 8131//5755
f 8124//5748 8125//5749 8133//5757
f 8124//5748 8133//5757 8132//5756
f 8125//5749 8126//5750 8134//5758
f 8125//5749 8134//5758 8133//5757
f 8126//5750 8119//5743 8127//5751
f 8126//5750 8127//5751 8134//5758
f 8127//5751 8128//5752 8136//5760
f 8127//5751 8136//5760 8135//5759
f 8128//5752 8129//5753 8137//5761
f 8128//5752 8137//5761 8136//5760
f 8129//5753 8130//5754 8138//5762
f 8129//5753 8138//5762 8137//5761
f 8130//5754 8131//5755 8139//5763
f 8130//5754 8139//5763 8138//5762
f 8131//5755 8132//5756 8140//5764
f 8131//5755 8140//5764 8139//5763
f 8132//5756 8133//5757 8141//5765
f 8132//5756 8141//5765 8140//5764
f 8133//5757 8134//5758 8142//5766
f 8133//5757 8142//5766 8141//5765
f 8134//5758 8127//5751 8135//5759
f 8134//5758 8135//5759 8142//5766
f 8135//5759 8136//5760 8144//5768
f 8136//5760 8137//5761 8145//5769
f 8137//5761 8138//5762 8146//5770
f 8138//5762 8139//5763 8147//5771
f 8139//5763 8140//5764 8148//5772
f 8140//5764 8141//5765 8149//5773
f 8141//5765 8142//5766 8150//5774
f 8142//5766 8135//5759 8143//5767
f 8151//5775 8160//5784 8159//5783
f 8152//5776 8161//5785 8160//5784
f 8153//5777 8162//5786 8161//5785
f 8154//5778 8163//5787 8162//5786
f 8155//5779 8164//5788 8163//5787
f 8156//5780 8165//5789 8164//5788
f 8157//5781 8166//5790 8165//5789
f 8158//5782 8159//5783 8166//5790
f 8159//5783 8160//5784 8168//5792
f 8159//5783 8168//5792 8167//5791
f 8160//5784 8161//5785 8169//5793
f 8160//5784 8169//5793 8168//5792
f 8161//5785 8162//5786 8170//5794
f 8161//5785 8170//5794 8169//5793
f 8162//5786 8163//5787 8171//5795
f 8162//5786 8171//5795 8170//5794
f 8163//5787 8164//5788 8172//5796
f 8163//5787 8172//5796 8171//5795
f 8164//5788 8165//5789 8173//5797
f 8164//5788 8173//5797 8172//5796
f 8165//5789 8166//5790 8174//5798
f 8165//5789 8174//5798 8173//5797
f 8166//5790 8159//5783 8167//5791
f 8166//5790 8167//5791 8174//5798
f 8167//5791 8168//5792 8176//5800
f 8167//5791 8176//5800 8175//5799
f 8168//5792 8169//5793 8177//5801
f 8168//5792 8177//5801 8176//5800
f 8169//5793 8170//5794 8178//5802
f 8169//5793 8178//5802 8177//5801
f 8170//5794 8171//5795 8179//5803
f 8170//5794 8179//5803 8178//5802
f 8171//5795 8172//5796 8180//5804
f 8171//5795 8180//5804 8179//5803
f 8172//5796 8173//5797 8181//5805
f 8172//5796 8181//5805 8180//5804
f 8173//5797 8174//5798 8182//5806
f 8173//5797 8182//5806 8181//5805
f 8174//5798 8167//5791 8175//5799
f 8174//5798 8175//5799 8182//5806
f 8175//5799 8176//5800 8184//5808
f 8175//5799 8184//5808 8183//5807
f 8176//5800 8177//5801 8185//5809
f 8176//5800 8185//5809 8184//5808
f 8177//5801 8178//5802 8186//5810
f 8177//5801 8186//5810 8185//5809
f 8178//5802 8179//5803 8187//5811
f 8178//5802 8187//5811 8186//5810
f 8179//5803 8180//5804 8188//5812
f 8179//5803 8188//5812 8187//5811
f 8180//5804 8181//5805 8189//5813
f 8180//5804 8189//5813 8188//5812
f 8181//5805 8182//5806 8190//5814
f 8181//5805 8190//5814 8189//5813
f 8182//5806 8175//5799 8183//5807
f 8182//5806 8183//5807 8190//5814
f 8183//5807 8184//5808 8192//5816
f 8184//5808 8185//5809 8193//5817
f 8185//5809 8186//5810 8194//5818
f 8186//5810 8187//5811 8195//5819
f 8187//5811 8188//5812 8196//5820
f 8188//5812 8189//5813 8197//5821
f 8189//5813 8190//5814 8198//5822
f 8190//5814 8183//5807 8191//5815
f 8199//5823 8210//5834 8209//5833
f 8200//5824 8211//5835 8210//5834
f 8201//5825 8212//5836 8211//5835
f 8202//5826 8213//5837 8212//5836
f 8203//5827 8214//5838 8213//5837
f 8204//5828 8215//5839 8214//5838
f 8205//5829 8216//5840 8215//5839
f 8206//5830 8217//5841 8216//5840
f 8207//5831 8218//5842 8217//5841
f 8208//5832 8209//5833 8218//5842
f 8209//5833 8210//5834 8220//5844
f 8209//5833 8220//5844 8219//5843
f 8210//5834 8211//5835 8221//5845
f 8210//5834 8221//5845 8220//5844
f 8211//5835 8212//5836 8222//5846
f 8211//5835 8222//5846 8221//5845
f 8212//5836 8213//5837 8223//5847
f 8212//5836 8223//5847 8222//5846
f 8213//5837 8214//5838 8224//5848
f 8213//5837 8224//5848 8223//5847
f 8214//5838 8215//5839 8225//5849
f 8214//5838 8225//5849 8224//5848
f 8215//5839 8216//5840 8226//5850
f 8215//5839 8226//5850 8225//5849
f 8216//5840 8217//5841 8227//5851
f 8216//5840 8227//5851 8226//5850
f 8217//5841 8218//5842 8228//5852
f 8217//5841 8228//5852 8227//5851
f 8218//5842 8209//5833 8219//5843
f 8218//5842 8219//5843 8228//5852
f 8219//5843 8220//5844 8230//5854
f 8219//5843 8230//5854 8229//5853
f 8220//5844 8221//5845 8231//5855
f 8220//5844 8231//5855 8230//5854
f 8221//5845 8222//5846 8232//5856
f 8221//5845 8232//5856 8231//5855
f 8222//5846 8223//5847 8233//5857
f 8222//5846 8233//5857 8232//5856
f 8223//5847 8224//5848 8234//5858
f 8223//5847 8234//5858 8233//5857
f 8224//5848 8225//5849 8235//5859
f 8224//5848 8235//5859 8234//5858
f 8225//5849 8226//5850 8236//5860
f 8225//5849 8236//5860 8235//5859
f 8226//5850 8227//5851 8237//5861
f 8226//5850 8237//5861 8236//5860
f 8227//5851 8228//5852 8238//5862
f 8227//5851 8238//5862 8237//5861
f 8228//5852 8219//5843 8229//5853
f 8228//5852 8229//5853 8238//5862
f 8229//5853 8230//5854 8240//5864
f 8229//5853 8240//5864 8239//5863
f 8230//5854 8231//5855 8241//5865
f 8230//5854 8241//5865 8240//5864
f 8231//5855 8232//5856 8242//5866
f 8231//5855 8242//5866 8241//5865
f 8232//5856 8233//5857 8243//5867
f 8232//5856 8243//5867 8242//5866
f 8233//5857 8234//5858 8244//5868
f 8233//5857 8244//5868 8243//5867
f 8234//5858 8235//5859 8245//5869
f 8234//5858 8245//5869 8244//5868
f 8235//5859 8236//5860 8246//5870
f 8235//5859 8246//5870 8245//5869
f 8236//5860 8237//5861 8247//5871
f 8236//5860 8247//5871 8246//5870
f 8237//5861 8238//5862 8248//5872
f 8237//5861 8248//5872 8247//5871
f 8238//5862 8229//5853 8239//5863
f 8238//5862 8239//5863 8248//5872
f 8239//5863 8240//5864 8250//5874
f 8239//5863 8250//5874 8249//5873
f 8240//5864 8241//5865 8251//5875
f 8240//5864 8251//5875 8250//5874
f 8241//5865 8242//5866 8252//5876
f 8241//5865 8252//5876 8251//5875
f 8242//5866 8243//5867 8253//5877
f 8242//5866 8253//5877 8252//5876
f 8243//5867 8244//5868 8254//5878
f 8243//5867 8254//5878 8253//5877
f 8244//5868 8245//5869 8255//5879
f 8244//5868 8255//5879 8254//5878
f 8245//5869 8246//5870 8256//5880
f 8245//5869 8256//5880 8255//5879
f 8246//5870 8247//5871 8257//5881
f 8246//5870 8257//5881 8256//5880
f 8247//5871 8248//5872 8258//5882
f 8247//5871 8258//5882 8257//5881
f 8248//5872 8239//5863 8249//5873
f 8248//5872 8249//5873 8258//5882
f 8249//5873 8250//5874 8260//5884
f 8250//5874 8251//5875 8261//5885
f 8251//5875 8252//5876 8262//5886
f 8252//5876 8253//5877 8263//5887
f 8253//5877 8254//5878 8264//5888
f 8254//5878 8255//5879 8265//5889
f 8255//5879 8256//5880 8266//5890
f 8256//5880 8257//5881 8267//5891
f 8257//5881 8258//5882 8268//5892
f 8258//5882 8249//5873 8259//5883
f 8269//5893 8280//5904 8279//5903
f 8270//5894 8281//5905 8280//5904
f 8271//5895 8282//5906 8281//5905
f 8272//5896 8283//5907 8282//5906
f 8273//5897 8284//5908 8283//5907
f 8274//5898 8285//5909 8284//5908
f 8275//5899 8286//5910 8285//5909
f 8276//5900 8287//5911 8286//5910
f 8277//5901 8288//5912 8287//5911
f 8278//5902 8279//5903 8288//5912
f 8279//5903 8280//5904 8290//5914
f 8279//5903 8290//5914 8289//5913
f 8280//5904 8281//5905 8291//5915
f 8280//5904 8291//5915 8290//5914
f 8281//5905 8282//5906 8292//5916
f 8281//5905 8292//5916 8291//5915
f 8282//5906 8283//5907 8293//5917
f 8282//5906 8293//5917 8292//5916
f 8283//5907 8284//5908 8294//5918
f 8283//5907 8294//5918 8293//5917
f 8284//5908 8285//5909 8295//5919
f 8284//5908 8295//5919 8294//5918
f 8285//5909 8286//5910 8296//5920
f 8285//5909 8296//5920 8295//5919
f 8286//5910 8287//5911 8297//5921
f 8286//5910 8297//5921 8296//5920
f 8287//5911 8288//5912 8298//5922
f 8287//5911 8298//5922 8297//5921
f 8288//5912 8279//5903 8289//5913
f 8288//5912 8289//5913 8298//5922
f 8289//5913 8290//5914 8300//5924
f 8289//5913 8300//5924 8299//5923
f 8290//5914 8291//5915 8301//5925
f 8290//5914 8301//5925 8300//5924
f 8291//5915 8292//5916 8302//5926
f 8291//5915 8302//5926 8301//5925
f 8292//5916 8293//5917 8303//5927
f 8292//5916 8303//5927 8302//5926
f 8293//5917 8294//5918 8304//5928
f 8293//5917 8304//5928 8303//5927
f 8294//5918 8295//5919 8305//5929
f 8294//5918 8305//5929 8304//5928
f 8295//5919 8296//5920 8306//5930
f 8295//5919 8306//5930 8305//5929
f 8296//5920 8297//5921 8307//5931
f 8296//5920 8307//5931 8306//5930
f 8297//5921 8298//5922 8308//5932
f 8297//5921 8308//5932 8307//5931
f 8298//5922 8289//5913 8299//5923
f 8298//5922 8299//5923 8308//5932
f 8299//5923 8300//5924 8310//5934
f 8299//5923 8310//5934 8309//5933
f 8300//5924 8301//5925 8311//5935
f 8300//5924 8311//5935 8310//5934
f 8301//5925 8302//5926 8312//5936
f 8301//5925 8312//5936 8311//5935
f 8302//5926 8303//5927 8313//5937
f 8302//5926 8313//5937 8312//5936
f 8303//5927 8304//5928 8314//5938
f 8303//5927 8314//5938 8313//5937
f 8304//5928 8305//5929 8315//5939
f 8304//5928 8315//5939 8314//5938
f 8305//5929 8306//5930 8316//5940
f 8305//5929 8316//5940 8315//5939
f 8306//5930 8307//5931 8317//5941
f 8306//5930 8317//5941 8316//5940
f 8307//5931 8308//5932 8318//5942
f 8307//5931 8318//5942 8317//5941
f 8308//5932 8299//5923 8309//5933
f 8308//5932 8309//5933 8318//5942
f 8309//5933 8310//5934 8320//5944
f 8309//5933 8320//5944 8319//5943
f 8310//5934 8311//5935 8321//5945
f 8310//5934 8321//5945 8320//5944
f 8311//5935 8312//5936 8322//5946
f 8311//5935 8322//5946 8321//5945
f 8312//5936 8313//5937 8323//5947
f 8312//5936 8323//5947 8322//5946
f 8313//5937 8314//5938 8324//5948
f 8313//5937 8324//5948 8323//5947
f 8314//5938 8315//5939 8325//5949
f 8314//5938 8325//5949 8324//5948
f 8315//5939 8316//5940 8326//5950
f 8315//5939 8326//5950 8325//5949
f 8316//5940 8317//5941 8327//5951
f 8316//5940 8327//5951 8326//5950
f 8317//5941 8318//5942 8328//5952
f 8317//5941 8328//5952 8327//5951
f 8318//5942 8309//5933 8319//5943
f 8318//5942 8319//5943 8328//5952
f 8319//5943 8320//5944 8330//5954
f 8320//5944 8321//5945 8331//5955
f 8321//5945 8322//5946 8332//5956
f 8322//5946 8323//5947 8333//5957
f 8323//5947 8324//5948 8334//5958
f 8324//5948 8325//5949 8335//5959
f 8325//5949 8326//5950 8336//5960
f 8326//5950 8327//5951 8337//5961
f 8327//5951 8328//5952 8338//5962
f 8328//5952 8319//5943 8329//5953
f 8339//5963 8350//5974 8349//5973
f 8340//5964 8351//5975 8350//5974
f 8341//5965 8352//5976 8351//5975
f 8342//5966 8353//5977 8352//5976
f 8343//5967 8354//5978 8353//5977
f 8344//5968 8355//5979 8354//5978
f 8345//5969 8356//5980 8355//5979
f 8346//5970 8357//5981 8356//5980
f 8347//5971 8358//5982 8357//5981
f 8348//5972 8349//5973 8358//5982
f 8349//5973 8350//5974 8360//5984
f 8349//5973 8360//5984 8359//5983
f 8350//5974 8351//5975 8361//5985
f 8350//5974 8361//5985 8360//5984
f 8351//5975 8352//5976 8362//5986
f 8351//5975 8362//5986 8361//5985
f 8352//5976 8353//5977 8363//5987
f 8352//5976 8363//5987 8362//5986
f 8353//5977 8354//5978 8364//5988
f 8353//5977 8364//5988 8363//5987
f 8354//5978 8355//5979 8365//5989
f 8354//5978 8365//5989 8364//5988
f 8355//5979 8356//5980 8366//5990
f 8355//5979 8366//5990 8365//5989
f 8356//5980 8357//5981 8367//5991
f 8356//5980 8367//5991 8366//5990
f 8357//5981 8358//5982 8368//5992
f 8357//5981 8368//5992 8367//5991
f 8358//5982 8349//5973 8359//5983
f 8358//5982 8359//5983 8368//5992
f 8359//5983 8360//5984 8370//5994
f 8359//5983 8370//5994 8369//5993
f 8360//5984 8361//5985 8371//5995
f 8360//5984 8371//5995 8370//5994
f 8361//5985 8362//5986 8372//5996
f 8361//5985 8372//5996 8371//5995
f 8362//5986 8363//5987 8373//5997
f 8362//5986 8373//5997 8372//5996
f 8363//5987 8364//5988 8374//5998
f 8363//5987 8374//5998 8373//5997
f 8364//5988 8365//5989 8375//5999
f 8364//5988 8375//5999 8374//5998
f 8365//5989 8366//5990 8376//6000
f 8365//5989 8376//6000 8375//5999
f 8366//5990 8367//5991 8377//6001
f 8366//5990 8377//6001 8376//6000
f 8367//5991 8368//5992 8378//6002
f 8367//5991 8378//6002 8377//6001
f 8368//5992 8359//5983 8369//5993
f 8368//5992 8369//5993 8378//6002
f 8369//5993 8370//5994 8380//6004
f 8369//5993 8380//6004 8379//6003
f 8370//5994 8371//5995 8381//6005
f 8370//5994 8381//6005 8380//6004
f 8371//5995 8372//5996 8382//6006
f 8371//5995 8382//6006 8381//6005
f 8372//5996 8373//5997 8383//6007
f 8372//5996 8383//6007 8382//6006
f 8373//5997 8374//5998 8384//6008
f 8373//5997 8384//6008 8383//6007
f 8374//5998 8375//5999 8385//6009
f 8374//5998 8385//6009 8384//6008
f 8375//5999 8376//6000 8386//6010
f 8375//5999 8386//6010 8385//6009
f 8376//6000 8377//6001 8387//6011
f 8376//6000 8387//6011 8386//6010
f 8377//6001 8378//6002 8388//6012
f 8377//6001 8388//6012 8387//6011
f 8378//6002 8369//5993 8379//6003
f 8378//6002 8379//6003 8388//6012
f 8379//6003 8380//6004 8390//6014
f 8379//6003 8390//6014 8389//6013
f 8380//6004 8381//6005 8391//6015
f 8380//6004 8391//6015 8390//6014
f 8381//6005 8382//6006 8392//6016
f 8381//6005 8392//6016 8391//6015
f 8382//6006 8383//6007 8393//6017
f 8382//6006 8393//6017 8392//6016
f 8383//6007 8384//6008 8394//6018
f 8383//6007 8394//6018 8393//6017
f 8384//6008 8385//6009 8395//6019
f 8384//6008 8395//6019 8394//6018
f 8385//6009 8386//6010 8396//6020
f 8385//6009 8396//6020 8395//6019
f 8386//6010 8387//6011 8397//6021
f 8386//6010 8397//6021 8396//6020
f 8387//6011 8388//6012 8398//6022
f 8387//6011 8398//6022 8397//6021
f 8388//6012 8379//6003 8389//6013
f 8388//6012 8389//6013 8398//6022
f 8389//6013 8390//6014 8400//6024
f 8390//6014 8391//6015 8401//6025
f 8391//6015 8392//6016 8402//6026
f 8392//6016 8393//6017 8403//6027
f 8393//6017 8394//6018 8404//6028
f 8394//6018 8395//6019 8405//6029
f 8395//6019 8396//6020 8406//6030
f 8396//6020 8397//6021 8407//6031
f 8397//6021 8398//6022 8408//6032
f 8398//6022 8389//6013 8399//6023
f 8409//6033 8418//6042 8417//6041
f 8410//6034 8419//6043 8418//6042
f 8411//6035 8420//6044 8419//6043
f 8412//6036 8421//6045 8420//6044
f 8413//6037 8422//6046 8421//6045
f 8414//6038 8423//6047 8422//6046
f 8415//6039 8424//6048 8423//6047
f 8416//6040 8417//6041 8424//6048
f 8417//6041 8418//6042 8426//6050
f 8417//6041 8426//6050 8425//6049
f 8418//6042 8419//6043 8427//6051
f 8418//6042 8427//6051 8426//6050
f 8419//6043 8420//6044 8428//6052
f 8419//6043 8428//6052 8427//6051
f 8420//6044 8421//6045 8429//6053
f 8420//6044 8429//6053 8428//6052
f 8421//6045 8422//6046 8430//6054
f 8421//6045 8430//6054 8429//6053
f 8422//6046 8423//6047 8431//6055
f 8422//6046 8431//6055 8430//6054
f 8423//6047 8424//6048 8432//6056
f 8423//6047 8432//6056 8431//6055
f 8424//6048 8417//6041 8425//6049
f 8424//6048 8425//6049 8432//6056
f 8425//6049 8426//6050 8434//6058
f 8425//6049 8434//6058 8433//6057
f 8426//6050 8427//6051 8435//6059
f 8426//6050 8435//6059 8434//6058
f 8427//6051 8428//6052 8436//6060
f 8427//6051 8436//6060 8435//6059
f 8428//6052 8429//6053 8437//6061
f 8428//6052 8437//6061 8436//6060
f 8429//6053 8430//6054 8438//6062
f 8429//6053 8438//6062 8437//6061
f 8430//6054 8431//6055 8439//6063
f 8430//6054 8439//6063 8438//6062
f 8431//6055 8432//6056 8440//6064
f 8431//6055 8440//6064 8439//6063
f 8432//6056 8425//6049 8433//6057
f 8432//6056 8433//6057 8440//6064
f 8433//6057 8434//6058 8442//6066
f 8433//6057 8442//6066 8441//6065
f 8434//6058 8435//6059 8443//6067
f 8434//6058 8443//6067 8442//6066
f 8435//6059 8436//6060 8444//6068
f 8435//6059 8444//6068 8443//6067
f 8436//6060 8437//6061 8445//6069
f 8436//6060 8445//6069 8444//6068
f 8437//6061 8438//6062 8446//6070
f 8437//6061 8446//6070 8445//6069
f 8438//6062 8439//6063 8447//6071
f 8438//6062 8447//6071 8446//6070
f 8439//6063 8440//6064 8448//6072
f 8439//6063 8448//6072 8447//6071
f 8440//6064 8433//6057 8441//6065
f 8440//6064 8441//6065 8448//6072
f 8441//6065 8442//6066 8450//6074
f 8442//6066 8443//6067 8451//6075
f 8443//6067 8444//6068 8452//6076
f 8444//6068 8445//6069 8453//6077
f 8445//6069 8446//6070 8454//6078
f 8446//6070 8447//6071 8455//6079
f 8447//6071 8448//6072 8456//6080
f 8448//6072 8441//6065 8449//6073
f 8457//6081 8466//6090 8465//6089
f 8458//6082 8467//6091 8466//6090
f 8459//6083 8468//6092 8467//6091
f 8460//6084 8469//6093 8468//6092
f 8461//6085 8470//6094 8469//6093
f 8462//6086 8471//6095 8470//6094
f 8463//6087 8472//6096 8471//6095
f 8464//6088 8465//6089 8472//6096
f 8465//6089 8466//6090 8474//6098
f 8465//6089 8474//6098 8473//6097
f 8466//6090 8467//6091 8475//6099
f 8466//6090 8475//6099 8474//6098
f 8467//6091 8468//6092 8476//6100
f 8467//6091 8476//6100 8475//6099
f 8468//6092 8469//6093 8477//6101
f 8468//6092 8477//6101 8476//6100
f 8469//6093 8470//6094 8478//6102
f 8469//6093 8478//6102 8477//6101
f 8470//6094 8471//6095 8479//6103
f 8470//6094 8479//6103 8478//6102
f 8471//6095 8472//6096 8480//6104
f 8471//6095 8480//6104 8479//6103
f 8472//6096 8465//6089 8473//6097
f 8472//6096 8473//6097 8480//6104
f 8473//6097 8474//6098 8482//6106
f 8473//6097 8482//6106 8481//6105
f 8474//6098 8475//6099 8483//6107
f 8474//6098 8483//6107 8482//6106
f 8475//6099 8476//6100 8484//6108
f 8475//6099 8484//6108 8483//6107
f 8476//6100 8477//6101 8485//6109
f 8476//6100 8485//6109 8484//6108
f 8477//6101 8478//6102 8486//6110
f 8477//6101 8486//6110 8485//6109
f 8478//6102 8479//6103 8487//6111
f 8478//6102 8487//6111 8486//6110
f 8479//6103 8480//6104 8488//6112
f 8479//6103 8488//6112 8487//6111
f 8480//6104 8473//6097 8481//6105
f 8480//6104 8481//6105 8488//6112
f 8481//6105 8482//6106 8490//6114
f 8481//6105 8490//6114 8489//6113
f 8482//6106 8483//6107 8491//6115
f 8482//6106 8491//6115 8490//6114
f 8483//6107 8484//6108 8492//6116
f 8483//6107 8492//6116 8491//6115
f 8484//6108 8485//6109 8493//6117
f 8484//6108 8493//6117 8492//6116
f 8485//6109 8486//6110 8494//6118
f 8485//6109 8494//6118 8493//6117
f 8486//6110 8487//6111 8495//6119
f 8486//6110 8495//6119 8494//6118
f 8487//6111 8488//6112 8496//6120
f 8487//6111 8496//6120 8495//6119
f 8488//6112 8481//6105 8489//6113
f 8488//6112 8489//6113 8496//6120
f 8489//6113 8490//6114 8498//6122
f 8490//6114 8491//6115 8499//6123
f 8491//6115 8492//6116 8500//6124
f 8492//6116 8493//6117 8501//6125
f 8493//6117 8494//6118 8502//6126
f 8494//6118 8495//6119 8503//6127
f 8495//6119 8496//6120 8504//6128
f 8496//6120 8489//6113 8497//6121
f 8505//6129 8516//6140 8515//6139
f 8506//6130 8517//6141 8516//6140
f 8507//6131 8518//6142 8517//6141
f 8508//6132 8519//6143 8518//6142
f 8509//6133 8520//6144 8519//6143
f 8510//6134 8521//6145 8520//6144
f 8511//6135 8522//6146 8521//6145
f 8512//6136 8523//6147 8522//6146
f 8513//6137 8524//6148 8523//6147
f 8514//6138 8515//6139 8524//6148
f 8515//6139 8516//6140 8526//6150
f 8515//6139 8526//6150 8525//6149
f 8516//6140 8517//6141 8527//6151
f 8516//6140 8527//6151 8526//6150
f 8517//6141 8518//6142 8528//6152
f 8517//6141 8528//6152 8527//6151
f 8518//6142 8519//6143 8529//6153
f 8518//6142 8529//6153 8528//6152
f 8519//6143 8520//6144 8530//6154
f 8519//6143 8530//6154 8529//6153
f 8520//6144 8521//6145 8531//6155
f 8520//6144 8531//6155 8530//6154
f 8521//6145 8522//6146 8532//6156
f 8521//6145 8532//6156 8531//6155
f 8522//6146 8523//6147 8533//6157
f 8522//6146 8533//6157 8532//6156
f 8523//6147 8524//6148 8534//6158
f 8523//6147 8534//6158 8533//6157
f 8524//6148 8515//6139 8525//6149
f 8524//6148 8525//6149 8534//6158
f 8525//6149 8526//6150 8536//6160
f 8525//6149 8536//6160 8535//6159
f 8526//6150 8527//6151 8537//6161
f 8526//6150 8537//6161 8536//6160
f 8527//6151 8528//6152 8538//6162
f 8527//6151 8538//6162 8537//6161
f 8528//6152 8529//6153 8539//6163
f 8528//6152 8539//6163 8538//6162
f 8529//6153 8530//6154 8540//6164
f 8529//6153 8540//6164 8539//6163
f 8530//6154 8531//6155 8541//6165
f 8530//6154 8541//6165 8540//6164
f 8531//6155 8532//6156 8542//6166
f 8531//6155 8542//6166 8541//6165
f 8532//6156 8533//6157 8543//6167
f 8532//6156 8543//6167 8542//6166
f 8533//6157 8534//6158 8544//6168
f 8533//6157 8544//6168 8543//6167
f 8534//6158 8525//6149 8535//6159
f 8534//6158 8535//6159 8544//6168
f 8535//6159 8536//6160 8546//6170
f 8535//6159 8546//6170 8545//6169
f 8536//6160 8537//6161 8547//6171
f 8536//6160 8547//6171 8546//6170
f 8537//6161 8538//6162 8548//6172
f 8537//6161 8548//6172 8547//6171
f 8538//6162 8539//6163 8549//6173
f 8538//6162 8549//6173 8548//6172
f 8539//6163 8540//6164 8550//6174
f 8539//6163 8550//6174 8549//6173
f 8540//6164 8541//6165 8551//6175
f 8540//6164 8551//6175 8550//6174
f 8541//6165 8542//6166 8552//6176
f 8541//6165 8552//6176 8551//6175
f 8542//6166 8543//6167 8553//6177
f 8542//6166 8553//6177 8552//6176
f 8543//6167 8544//6168 8554//6178
f 8543//6167 8554//6178 8553//6177
f 8544//6168 8535//6159 8545//6169
f 8544//6168 8545//6169 8554//6178
f 8545//6169 8546//6170 8556//6180
f 8545//6169 8556//6180 8555//6179
f 8546//6170 8547//6171 8557//6181
f 8546//6170 8557//6181 8556//6180
f 8547//6171 8548//6172 8558//6182
f 8547//6171 8558//6182 8557//6181
f 8548//6172 8549//6173 8559//6183
f 8548//6172 8559//6183 8558//6182
f 8549//6173 8550//6174 8560//6184
f 8549//6173 8560//6184 8559//6183
f 8550//6174 8551//6175 8561//6185
f 8550//6174 8561//6185 8560//6184
f 8551//6175 8552//6176 8562//6186
f 8551//6175 8562//6186 8561//6185
f 8552//6176 8553//6177 8563//6187
f 8552//6176 8563//6187 8562//6186
f 8553//6177 8554//6178 8564//6188
f 8553//6177 8564//6188 8563//6187
f 8554//6178 8545//6169 8555//6179
f 8554//6178 8555//6179 8564//6188
f 8555//6179 8556//6180 8566//6190
f 8556//6180 8557//6181 8567//6191
f 8557//6181 8558//6182 8568//6192
f 8558//6182 8559//6183 8569//6193
f 8559//6183 8560//6184 8570//6194
f 8560//6184 8561//6185 8571//6195
f 8561//6185 8562//6186 8572//6196
f 8562//6186 8563//6187 8573//6197
f 8563//6187 8564//6188 8574//6198
f 8564//6188 8555//6179 8565//6189
f 8575//6199 8586//6210 8585//6209
f 8576//6200 8587//6211 8586//6210
f 8577//6201 8588//6212 8587//6211
f 8578//6202 8589//6213 8588//6212
f 8579//6203 8590//6214 8589//6213
f 8580//6204 8591//6215 8590//6214
f 8581//6205 8592//6216 8591//6215
f 8582//6206 8593//6217 8592//6216
f 8583//6207 8594//6218 8593//6217
f 8584//6208 8585//6209 8594//6218
f 8585//6209 8586//6210 8596//6220
f 8585//6209 8596//6220 8595//6219
f 8586//6210 8587//6211 8597//6221
f 8586//6210 8597//6221 8596//6220
f 8587//6211 8588//6212 8598//6222
f 8587//6211 8598//6222 8597//6221
f 8588//6212 8589//6213 8599//6223
f 8588//6212 8599//6223 8598//6222
f 8589//6213 8590//6214 8600//6224
f 8589//6213 8600//6224 8599//6223
f 8590//6214 8591//6215 8601//6225
f 8590//6214 8601//6225 8600//6224
f 8591//6215 8592//6216 8602//6226
f 8591//6215 8602//6226 8601//6225
f 8592//6216 8593//6217 8603//6227
f 8592//6216 8603//6227 8602//6226
f 8593//6217 8594//6218 8604//6228
f 8593//6217 8604//6228 8603//6227
f 8594//6218 8585//6209 8595//6219
f 8594//6218 8595//6219 8604//6228
f 8595//6219 8596//6220 8606//6230
f 8595//6219 8606//6230 8605//6229
f 8596//6220 8597//6221 8607//6231
f 8596//6220 8607//6231 8606//6230
f 8597//6221 8598//6222 8608//6232
f 8597//6221 8608//6232 8607//6231
f 8598//6222 8599//6223 8609//6233
f 8598//6222 8609//6233 8608//6232
f 8599//6223 8600//6224 8610//6234
f 8599//6223 8610//6234 8609//6233
f 8600//6224 8601//6225 8611//6235
f 8600//6224 8611//6235 8610//6234
f 8601//6225 8602//6226 8612//6236
f 8601//6225 8612//6236 8611//6235
f 8602//6226 8603//6227 8613//6237
f 8602//6226 8613//6237 8612//6236
f 8603//6227 8604//6228 8614//6238
f 8603//6227 8614//6238 8613//6237
f 8604//6228 8595//6219 8605//6229
f 8604//6228 8605//6229 8614//6238
f 8605//6229 8606//6230 8616//6240
f 8605//6229 8616//6240 8615//6239
f 8606//6230 8607//6231 8617//6241
f 8606//6230 8617//6241 8616//6240
f 8607//6231 8608//6232 8618//6242
f 8607//6231 8618//6242 8617//6241
f 8608//6232 8609//6233 8619//6243
f 8608//6232 8619//6243 8618//6242
f 8609//6233 8610//6234 8620//6244
f 8609//6233 8620//6244 8619//6243
f 8610//6234 8611//6235 8621//6245
f 8610//6234 8621//6245 8620//6244
f 8611//6235 8612//6236 8622//6246
f 8611//6235 8622//6246 8621//6245
f 8612//6236 8613//6237 8623//6247
f 8612//6236 8623//6247 8622//6246
f 8613//6237 8614//6238 8624//6248
f 8613//6237 8624//6248 8623//6247
f 8614//6238 8605//6229 8615//6239
f 8614//6238 8615//6239 8624//6248
f 8615//6239 8616//6240 8626//6250
f 8615//6239 8626//6250 8625//6249
f 8616//6240 8617//6241 8627//6251
f 8616//6240 8627//6251 8626//6250
f 8617//6241 8618//6242 8628//6252
f 8617//6241 8628//6252 8627//6251
f 8618//6242 8619//6243 8629//6253
f 8618//6242 8629//6253 8628//6252
f 8619//6243 8620//6244 8630//6254
f 8619//6243 8630//6254 8629//6253
f 8620//6244 8621//6245 8631//6255
f 8620//6244 8631//6255 8630//6254
f 8621//6245 8622//6246 8632//6256
f 8621//6245 8632//6256 8631//6255
f 8622//6246 8623//6247 8633//6257
f 8622//6246 8633//6257 8632//6256
f 8623//6247 8624//6248 8634//6258
f 8623//6247 8634//6258 8633//6257
f 8624//6248 8615//6239 8625//6249
f 8624//6248 8625//6249 8634//6258
f 8625//6249 8626//6250 8636//6260
f 8626//6250 8627//6251 8637//6261
f 8627//6251 8628//6252 8638//6262
f 8628//6252 8629//6253 8639//6263
f 8629//6253 8630//6254 8640//6264
f 8630//6254 8631//6255 8641//6265
f 8631//6255 8632//6256 8642//6266
f 8632//6256 8633//6257 8643//6267
f 8633//6257 8634//6258 8644//6268
f 8634//6258 8625//6249 8635//6259
f 8645//6269 8656//6280 8655//6279
f 8646//6270 8657//6281 8656//6280
f 8647//6271 8658//6282 8657//6281
f 8648//6272 8659//6283 8658//6282
f 8649//6273 8660//6284 8659//6283
f 8650//6274 8661//6285 8660//6284
f 8651//6275 8662//6286 8661//6285
f 8652//6276 8663//6287 8662//6286
f 8653//6277 8664//6288 8663//6287
f 8654//6278 8655//6279 8664//6288
f 8655//6279 8656//6280 8666//6290
f 8655//6279 8666//6290 8665//6289
f 8656//6280 8657//6281 8667//6291
f 8656//6280 8667//6291 8666//6290
f 8657//6281 8658//6282 8668//6292
f 8657//6281 8668//6292 8667//6291
f 8658//6282 8659//6283 8669//6293
f 8658//6282 8669//6293 8668//6292
f 8659//6283 8660//6284 8670//6294
f 8659//6283 8670//6294 8669//6293
f 8660//6284 8661//6285 8671//6295
f 8660//6284 8671//6295 8670//6294
f 8661//6285 8662//6286 8672//6296
f 8661//6285 8672//6296 8671//6295
f 8662//6286 8663//6287 8673//6297
f 8662//6286 8673//6297 8672//6296
f 8663//6287 8664//6288 8674//6298
f 8663//6287 8674//6298 8673//6297
f 8664//6288 8655//6279 8665//6289
f 8664//6288 8665//6289 8674//6298
f 8665//6289 8666//6290 8676//6300
f 8665//6289 8676//6300 8675//6299
f 8666//6290 8667//6291 8677//6301
f 8666//6290 8677//6301 8676//6300
f 8667//6291 8668//6292 8678//6302
f 8667//6291 8678//6302 8677//6301
f 8668//6292 8669//6293 8679//6303
f 8668//6292 8679//6303 8678//6302
f 8669//6293 8670//6294 8680//6304
f 8669//6293 8680//6304 8679//6303
f 8670//6294 8671//6295 8681//6305
f 8670//6294 8681//6305 8680//6304
f 8671//6295 8672//6296 8682//6306
f 8671//6295 8682//6306 8681//6305
f 8672//6296 8673//6297 8683//6307
f 8672//6296 8683//6307 8682//6306
f 8673//6297 8674//6298 8684//6308
f 8673//6297 8684//6308 8683//6307
f 8674//6298 8665//6289 8675//6299
f 8674//6298 8675//6299 8684//6308
f 8675//6299 8676//6300 8686//6310
f 8675//6299 8686//6310 8685//6309
f 8676//6300 8677//6301 8687//6311
f 8676//6300 8687//6311 8686//6310
f 8677//6301 8678//6302 8688//6312
f 8677//6301 8688//6312 8687//6311
f 8678//6302 8679//6303 8689//6313
f 8678//6302 8689//6313 8688//6312
f 8679//6303 8680//6304 8690//6314
f 8679//6303 8690//6314 8689//6313
f 8680//6304 8681//6305 8691//6315
f 8680//6304 8691//6315 8690//6314
f 8681//6305 8682//6306 8692//6316
f 8681//6305 8692//6316 8691//6315
f 8682//6306 8683//6307 8693//6317
f 8682//6306 8693//6317 8692//6316
f 8683//6307 8684//6308 8694//6318
f 8683//6307 8694//6318 8693//6317
f 8684//6308 8675//6299 8685//6309
f 8684//6308 8685//6309 8694//6318
f 8685//6309 8686//6310 8696//6320
f 8685//6309 8696//6320 8695//6319
f 8686//6310 8687//6311 8697//6321
f 8686//6310 8697//6321 8696//6320
f 8687//6311 8688//6312 8698//6322
f 8687//6311 8698//6322 8697//6321
f 8688//6312 8689//6313 8699//6323
f 8688//6312 8699//6323 8698//6322
f 8689//6313 8690//6314 8700//6324
f 8689//6313 8700//6324 8699//6323
f 8690//6314 8691//6315 8701//6325
f 8690//6314 8701//6325 8700//6324
f 8691//6315 8692//6316 8702//6326
f 8691//6315 8702//6326 8701//6325
f 8692//6316 8693//6317 8703//6327
f 8692//6316 8703//6327 8702//6326
f 8693//6317 8694//6318 8704//6328
f 8693//6317 8704//6328 8703//6327
f 8694//6318 8685//6309 8695//6319
f 8694//6318 8695//6319 8704//6328
f 8695//6319 8696//6320 8706//6330
f 8696//6320 8697//6321 8707//6331
f 8697//6321 8698//6322 8708//6332
f 8698//6322 8699//6323 8709//6333
f 8699//6323 8700//6324 8710//6334
f 8700//6324 8701//6325 8711//6335
f 8701//6325 8702//6326 8712//6336
f 8702//6326 8703//6327 8713//6337
f 8703//6327 8704//6328 8714//6338
f 8704//6328 8695//6319 8705//6329
f 8715//6339 8724//6348 8723//6347
f 8716//6340 8725//6349 8724//6348
f 8717//6341 8726//6350 8725//6349
f 8718//6342 8727//6351 8726//6350
f 8719//6343 8728//6352 8727//6351
f 8720//6344 8729//6353 8728//6352
f 8721//6345 8730//6354 8729//6353
f 8722//6346 8723//6347 8730//6354
f 8723//6347 8724//6348 8732//6356
f 8723//6347 8732//6356 8731//6355
f 8724//6348 8725//6349 8733//6357
f 8724//6348 8733//6357 8732//6356
f 8725//6349 8726//6350 8734//6358
f 8725//6349 8734//6358 8733//6357
f 8726//6350 8727//6351 8735//6359
f 8726//6350 8735//6359 8734//6358
f 8727//6351 8728//6352 8736//6360
f 8727//6351 8736//6360 8735//6359
f 8728//6352 8729//6353 8737//6361
f 8728//6352 8737//6361 8736//6360
f 8729//6353 8730//6354 8738//6362
f 8729//6353 8738//6362 8737//6361
f 8730//6354 8723//6347 8731//6355
f 8730//6354 8731//6355 8738//6362
f 8731//6355 8732//6356 8740//6364
f 8731//6355 8740//6364 8739//6363
f 8732//6356 8733//6357 8741//6365
f 8732//6356 8741//6365 8740//6364
f 8733//6357 8734//6358 8742//6366
f 8733//6357 8742//6366 8741//6365
f 8734//6358 8735//6359 8743//6367
f 8734//6358 8743//6367 8742//6366
f 8735//6359 8736//6360 8744//6368
f 8735//6359 8744//6368 8743//6367
f 8736//6360 8737//6361 8745//6369
f 8736//6360 8745//6369 8744//6368
f 8737//6361 8738//6362 8746//6370
f 8737//6361 8746//6370 8745//6369
f 8738//6362 8731//6355 8739//6363
f 8738//6362 8739//6363 8746//6370
f 8739//6363 8740//6364 8748//6372
f 8739//6363 8748//6372 8747//6371
f 8740//6364 8741//6365 8749//6373
f 8740//6364 8749//6373 8748//6372
f 8741//6365 8742//6366 8750//6374
f 8741//6365 8750//6374 8749//6373
f 8742//6366 8743//6367 8751//6375
f 8742//6366 8751//6375 8750//6374
f 8743//6367 8744//6368 8752//6376
f 8743//6367 8752//6376 8751//6375
f 8744//6368 8745//6369 8753//6377
f 8744//6368 8753//6377 8752//6376
f 8745//6369 8746//6370 8754//6378
f 8745//6369 8754//6378 8753//6377
f 8746//6370 8739//6363 8747//6371
f 8746//6370 8747//6371 8754//6378
f 8747//6371 8748//6372 8756//6380
f 8748//6372 8749//6373 8757//6381
f 8749//6373 8750//6374 8758//6382
f 8750//6374 8751//6375 8759//6383
f 8751//6375 8752//6376 8760//6384
f 8752//6376 8753//6377 8761//6385
f 8753//6377 8754//6378 8762//6386
f 8754//6378 8747//6371 8755//6379
f 8763//6387 8772//6396 8771//6395
f 8764//6388 8773//6397 8772//6396
f 8765//6389 8774//6398 8773//6397
f 8766//6390 8775//6399 8774//6398
f 8767//6391 8776//6400 8775//6399
f 8768//6392 8777//6401 8776//6400
f 8769//6393 8778//6402 8777//6401
f 8770//6394 8771//6395 8778//6402
f 8771//6395 8772//6396 8780//6404
f 8771//6395 8780//6404 8779//6403
f 8772//6396 8773//6397 8781//6405
f 8772//6396 8781//6405 8780//6404
f 8773//6397 8774//6398 8782//6406
f 8773//6397 8782//6406 8781//6405
f 8774//6398 8775//6399 8783//6407
f 8774//6398 8783//6407 8782//6406
f 8775//6399 8776//6400 8784//6408
f 8775//6399 8784//6408 8783//6407
f 8776//6400 8777//6401 8785//6409
f 8776//6400 8785//6409 8784//6408
f 8777//6401 8778//6402 8786//6410
f 8777//6401 8786//6410 8785//6409
f 8778//6402 8771//6395 8779//6403
f 8778//6402 8779//6403 8786//6410
f 8779//6403 8780//6404 8788//6412
f 8779//6403 8788//6412 8787//6411
f 8780//6404 8781//6405 8789//6413
f 8780//6404 8789//6413 8788//6412
f 8781//6405 8782//6406 8790//6414
f 8781//6405 8790//6414 8789//6413
f 8782//6406 8783//6407 8791//6415
f 8782//6406 8791//6415 8790//6414
f 8783//6407 8784//6408 8792//6416
f 8783//6407 8792//6416 8791//6415
f 8784//6408 8785//6409 8793//6417
f 8784//6408 8793//6417 8792//6416
f 8785//6409 8786//6410 8794//6418
f 8785//6409 8794//6418 8793//6417
f 8786//6410 8779//6403 8787//6411
f 8786//6410 8787//6411 8794//6418
f 8787//6411 8788//6412 8796//6420
f 8787//6411 8796//6420 8795//6419
f 8788//6412 8789//6413 8797//6421
f 8788//6412 8797//6421 8796//6420
f 8789//6413 8790//6414 8798//6422
f 8789//6413 8798//6422 8797//6421
f 8790//6414 8791//6415 8799//6423
f 8790//6414 8799//6423 8798//6422
f 8791//6415 8792//6416 8800//6424
f 8791//6415 8800//6424 8799//6423
f 8792//6416 8793//6417 8801//6425
f 8792//6416 8801//6425 8800//6424
f 8793//6417 8794//6418 8802//6426
f 8793//6417 8802//6426 8801//6425
f 8794//6418 8787//6411 8795//6419
f 8794//6418 8795//6419 8802//6426
f 8795//6419 8796//6420 8804//6428
f 8796//6420 8797//6421 8805//6429
f 8797//6421 8798//6422 8806//6430
f 8798//6422 8799//6423 8807//6431
f 8799//6423 8800//6424 8808//6432
f 8800//6424 8801//6425 8809//6433
f 8801//6425 8802//6426 8810//6434
f 8802//6426 8795//6419 8803//6427
f 8811//6435 8822//6446 8821//6445
f 8812//6436 8823//6447 8822//6446
f 8813//6437 8824//6448 8823//6447
f 8814//6438 8825//6449 8824//6448
f 8815//6439 8826//6450 8825//6449
f 8816//6440 8827//6451 8826//6450
f 8817//6441 8828//6452 8827//6451
f 8818//6442 8829//6453 8828//6452
f 8819//6443 8830//6454 8829//6453
f 8820//6444 8821//6445 8830//6454
f 8821//6445 8822//6446 8832//6456
f 8821//6445 8832//6456 8831//6455
f 8822//6446 8823//6447 8833//6457
f 8822//6446 8833//6457 8832//6456
f 8823//6447 8824//6448 8834//6458
f 8823//6447 8834//6458 8833//6457
f 8824//6448 8825//6449 8835//6459
f 8824//6448 8835//6459 8834//6458
f 8825//6449 8826//6450 8836//6460
f 8825//6449 8836//6460 8835//6459
f 8826//6450 8827//6451 8837//6461
f 8826//6450 8837//6461 8836//6460
f 8827//6451 8828//6452 8838//6462
f 8827//6451 8838//6462 8837//6461
f 8828//6452 8829//6453 8839//6463
f 8828//6452 8839//6463 8838//6462
f 8829//6453 8830//6454 8840//6464
f 8829//6453 8840//6464 8839//6463
f 8830//6454 8821//6445 8831//6455
f 8830//6454 8831//6455 8840//6464
f 8831//6455 8832//6456 8842//6466
f 8831//6455 8842//6466 8841//6465
f 8832//6456 8833//6457 8843//6467
f 8832//6456 8843//6467 8842//6466
f 8833//6457 8834//6458 8844//6468
f 8833//6457 8844//6468 8843//6467
f 8834//6458 8835//6459 8845//6469
f 8834//6458 8845//6469 8844//6468
f 8835//6459 8836//6460 8846//6470
f 8835//6459 8846//6470 8845//6469
f 8836//6460 8837//6461 8847//6471
f 8836//6460 8847//6471 8846//6470
f 8837//6461 8838//6462 8848//6472
f 8837//6461 8848//6472 8847//6471
f 8838//6462 8839//6463 8849//6473
f 8838//6462 8849//6473 8848//6472
f 8839//6463 8840//6464 8850//6474
f 8839//6463 8850//6474 8849//6473
f 8840//6464 8831//6455 8841//6465
f 8840//6464 8841//6465 8850//6474
f 8841//6465 8842//6466 8852//6476
f 8841//6465 8852//6476 8851//6475
f 8842//6466 8843//6467 8853//6477
f 8842//6466 8853//6477 8852//6476
f 8843//6467 8844//6468 8854//6478
f 8843//6467 8854//6478 8853//6477
f 8844//6468 8845//6469 8855//6479
f 8844//6468 8855//6479 8854//6478
f 8845//6469 8846//6470 8856//6480
f 8845//6469 8856//6480 8855//6479
f 8846//6470 8847//6471 8857//6481
f 8846//6470 8857//6481 8856//6480
f 8847//6471 8848//6472 8858//6482
f 8847//6471 8858//6482 8857//6481
f 8848//6472 8849//6473 8859//6483
f 8848//6472 8859//6483 8858//6482
f 8849//6473 8850//6474 8860//6484
f 8849//6473 8860//6484 8859//6483
f 8850//6474 8841//6465 8851//6475
f 8850//6474 8851//6475 8860//6484
f 8851//6475 8852//6476 8862//6486
f 8851//6475 8862//6486 8861//6485
f 8852//6476 8853//6477 8863//6487
f 8852//6476 8863//6487 8862//6486
f 8853//6477 8854//6478 8864//6488
f 8853//6477 8864//6488 8863//6487
f 8854//6478 8855//6479 8865//6489
f 8854//6478 8865//6489 8864//6488
f 8855//6479 8856//6480 8866//6490
f 8855//6479 8866//6490 8865//6489
f 8856//6480 8857//6481 8867//6491
f 8856//6480 8867//6491 8866//6490
f 8857//6481 8858//6482 8868//6492
f 8857//6481 8868//6492 8867//6491
f 8858//6482 8859//6483 8869//6493
f 8858//6482 8869//6493 8868//6492
f 8859//6483 8860//6484 8870//6494
f 8859//6483 8870//6494 8869//6493
f 8860//6484 8851//6475 8861//6485
f 8860//6484 8861//6485 8870//6494
f 8861//6485 8862//6486 8872//6496
f 8862//6486 8863//6487 8873//6497
f 8863//6487 8864//6488 8874//6498
f 8864//6488 8865//6489 8875//6499
f 8865//6489 8866//6490 8876//6500
f 8866//6490 8867//6491 8877//6501
f 8867//6491 8868//6492 8878//6502
f 8868//6492 8869//6493 8879//6503
f 8869//6493 8870//6494 8880//6504
f 8870//6494 8861//6485 8871//6495
f 8881//6505 8892//6516 8891//6515
f 8882//6506 8893//6517 8892//6516
f 8883//6507 8894//6518 8893//6517
f 8884//6508 8895//6519 8894//6518
f 8885//6509 8896//6520 8895//6519
f 8886//6510 8897//6521 8896//6520
f 8887//6511 8898//6522 8897//6521
f 8888//6512 8899//6523 8898//6522
f 8889//6513 8900//6524 8899//6523
f 8890//6514 8891//6515 8900//6524
f 8891//6515 8892//6516 8902//6526
f 8891//6515 8902//6526 8901//6525
f 8892//6516 8893//6517 8903//6527
f 8892//6516 8903//6527 8902//6526
f 8893//6517 8894//6518 8904//6528
f 8893//6517 8904//6528 8903//6527
f 8894//6518 8895//6519 8905//6529
f 8894//6518 8905//6529 8904//6528
f 8895//6519 8896//6520 8906//6530
f 8895//6519 8906//6530 8905//6529
f 8896//6520 8897//6521 8907//6531
f 8896//6520 8907//6531 8906//6530
f 8897//6521 8898//6522 8908//6532
f 8897//6521 8908//6532 8907//6531
f 8898//6522 8899//6523 8909//6533
f 8898//6522 8909//6533 8908//6532
f 8899//6523 8900//6524 8910//6534
f 8899//6523 8910//6534 8909//6533
f 8900//6524 8891//6515 8901//6525
f 8900//6524 8901//6525 8910//6534
f 8901//6525 8902//6526 8912//6536
f 8901//6525 8912//6536 8911//6535
f 8902//6526 8903//6527 8913//6537
f 8902//6526 8913//6537 8912//6536
f 8903//6527 8904//6528 8914//6538
f 8903//6527 8914//6538 8913//6537
f 8904//6528 8905//6529 8915//6539
f 8904//6528 8915//6539 8914//6538
f 8905//6529 8906//6530 8916//6540
f 8905//6529 8916//6540 8915//6539
f 8906//6530 8907//6531 8917//6541
f 8906//6530 8917//6541 8916//6540
f 8907//6531 8908//6532 8918//6542
f 8907//6531 8918//6542 8917//6541
f 8908//6532 8909//6533 8919//6543
f 8908//6532 8919//6543 8918//6542
f 8909//6533 8910//6534 8920//6544
f 8909//6533 8920//6544 8919//6543
f 8910//6534 8901//6525 8911//6535
f 8910//6534 8911//6535 8920//6544
f 8911//6535 8912//6536 8922//6546
f 8911//6535 8922//6546 8921//6545
f 8912//6536 8913//6537 8923//6547
f 8912//6536 8923//6547 8922//6546
f 8913//6537 8914//6538 8924//6548
f 8913//6537 8924//6548 8923//6547
f 8914//6538 8915//6539 8925//6549
f 8914//6538 8925//6549 8924//6548
f 8915//6539 8916//6540 8926//6550
f 8915//6539 8926//6550 8925//6549
f 8916//6540 8917//6541 8927//6551
f 8916//6540 8927//6551 8926//6550
f 8917//6541 8918//6542 8928//6552
f 8917//6541 8928//6552 8927//6551
f 8918//6542 8919//6543 8929//6553
f 8918//6542 8929//6553 8928//6552
f 8919//6543 8920//6544 8930//6554
f 8919//6543 8930//6554 8929//6553
f 8920//6544 8911//6535 8921//6545
f 8920//6544 8921//6545 8930//6554
f 8921//6545 8922//6546 8932//6556
f 8921//6545 8932//6556 8931//6555
f 8922//6546 8923//6547 8933//6557
f 8922//6546 8933//6557 8932//6556
f 8923//6547 8924//6548 8934//6558
f 8923//6547 8934//6558 8933//6557
f 8924//6548 8925//6549 8935//6559
f 8924//6548 8935//6559 8934//6558
f 8925//6549 8926//6550 8936//6560
f 8925//6549 8936//6560 8935//6559
f 8926//6550 8927//6551 8937//6561
f 8926//6550 8937//6561 8936//6560
f 8927//6551 8928//6552 8938//6562
f 8927//6551 8938//6562 8937//6561
f 8928//6552 8929//6553 8939//6563
f 8928//6552 8939//6563 8938//6562
f 8929//6553 8930//6554 8940//6564
f 8929//6553 8940//6564 8939//6563
f 8930//6554 8921//6545 8931//6555
f 8930//6554 8931//6555 8940//6564
f 8931//6555 8932//6556 8942//6566
f 8932//6556 8933//6557 8943//6567
f 8933//6557 8934//6558 8944//6568
f 8934//6558 8935//6559 8945//6569
f 8935//6559 8936//6560 8946//6570
f 8936//6560 8937//6561 8947//6571
f 8937//6561 8938//6562 8948//6572
f 8938//6562 8939//6563 8949//6573
f 8939//6563 8940//6564 8950//6574
f 8940//6564 8931//6555 8941//6565
f 8951//6575 8962//6586 8961//6585
f 8952//6576 8963//6587 8962//6586
f 8953//6577 8964//6588 8963//6587
f 8954//6578 8965//6589 8964//6588
f 8955//6579 8966//6590 8965//6589
f 8956//6580 8967//6591 8966//6590
f 8957//6581 8968//6592 8967//6591
f 8958//6582 8969//6593 8968//6592
f 8959//6583 8970//6594 8969//6593
f 8960//6584 8961//6585 8970//6594
f 8961//6585 8962//6586 8972//6596
f 8961//6585 8972//6596 8971//6595
f 8962//6586 8963//6587 8973//6597
f 8962//6586 8973//6597 8972//6596
f 8963//6587 8964//6588 8974//6598
f 8963//6587 8974//6598 8973//6597
f 8964//6588 8965//6589 8975//6599
f 8964//6588 8975//6599 8974//6598
f 8965//6589 8966//6590 8976//6600
f 8965//6589 8976//6600 8975//6599
f 8966//6590 8967//6591 8977//6601
f 8966//6590 8977//6601 8976//6600
f 8967//6591 8968//6592 8978//6602
f 8967//6591 8978//6602 8977//6601
f 8968//6592 8969//6593 8979//6603
f 8968//6592 8979//6603 8978//6602
f 8969//6593 8970//6594 8980//6604
f 8969//6593 8980//6604 8979//6603
f 8970//6594 8961//6585 8971//6595
f 8970//6594 8971//6595 8980//6604
f 8971//6595 8972//6596 8982//6606
f 8971//6595 8982//6606 8981//6605
f 8972//6596 8973//6597 8983//6607
f 8972//6596 8983//6607 8982//6606
f 8973//6597 8974//6598 8984//6608
f 8973//6597 8984//6608 8983//6607
f 8974//6598 8975//6599 8985//6609
f 8974//6598 8985//6609 8984//6608
f 8975//6599 8976//6600 8986//6610
f 8975//6599 8986//6610 8985//6609
f 8976//6600 8977//6601 8987//6611
f 8976//6600 8987//6611 8986//6610
f 8977//6601 8978//6602 8988//6612
f 8977//6601 8988//6612 8987//6611
f 8978//6602 8979//6603 8989//6613
f 8978//6602 8989//6613 8988//6612
f 8979//6603 8980//6604 8990//6614
f 8979//6603 8990//6614 8989//6613
f 8980//6604 8971//6595 8981//6605
f 8980//6604 8981//6605 8990//6614
f 8981//6605 8982//6606 8992//6616
f 8981//6605 8992//6616 8991//6615
f 8982//6606 8983//6607 8993//6617
f 8982//6606 8993//6617 8992//6616
f 8983//6607 8984//6608 8994//6618
f 8983//6607 8994//6618 8993//6617
f 8984//6608 8985//6609 8995//6619
f 8984//6608 8995//6619 8994//6618
f 8985//6609 8986//6610 8996//6620
f 8985//6609 8996//6620 8995//6619
f 8986//6610 8987//6611 8997//6621
f 8986//6610 8997//6621 8996//6620
f 8987//6611 8988//6612 8998//6622
f 8987//6611 8998//6622 8997//6621
f 8988//6612 8989//6613 8999//6623
f 8988//6612 8999//6623 8998//6622
f 8989//6613 8990//6614 9000//6624
f 8989//6613 9000//6624 8999//6623
f 8990//6614 8981//6605 8991//6615
f 8990//6614 8991//6615 9000//6624
f 8991//6615 8992//6616 9002//6626
f 8991//6615 9002//6626 9001//6625
f 8992//6616 8993//6617 9003//6627
f 8992//6616 9003//6627 9002//6626
f 8993//6617 8994//6618 9004//6628
f 8993//6617 9004//6628 9003//6627
f 8994//6618 8995//6619 9005//6629
f 8994//6618 9005//6629 9004//6628
f 8995//6619 8996//6620 9006//6630
f 8995//6619 9006//6630 9005//6629
f 8996//6620 8997//6621 9007//6631
f 8996//6620 9007//6631 9006//6630
f 8997//6621 8998//6622 9008//6632
f 8997//6621 9008//6632 9007//6631
f 8998//6622 8999//6623 9009//6633
f 8998//6622 9009//6633 9008//6632
f 8999//6623 9000//6624 9010//6634
f 8999//6623 9010//6634 9009//6633
f 9000//6624 8991//6615 9001//6625
f 9000//6624 9001//6625 9010//6634
f 9001//6625 9002//6626 9012//6636
f 9002//6626 9003//6627 9013//6637
f 9003//6627 9004//6628 9014//6638
f 9004//6628 9005//6629 9015//6639
f 9005//6629 9006//6630 9016//6640
f 9006//6630 9007//6631 9017//6641
f 9007//6631 9008//6632 9018//6642
f 9008//6632 9009//6633 9019//6643
f 9009//6633 9010//6634 9020//6644
f 9010//6634 9001//6625 9011//6635
f 9021//6645 9030//6654 9029//6653
f 9022//6646 9031//6655 9030//6654
f 9023//6647 9032//6656 9031//6655
f 9024//6648 9033//6657 9032//6656
f 9025//6649 9034//6658 9033//6657
f 9026//6650 9035//6659 9034//6658
f 9027//6651 9036//6660 9035//6659
f 9028//6652 9029//6653 9036//6660
f 9029//6653 9030//6654 9038//6662
f 9029//6653 9038//6662 9037//6661
f 9030//6654 9031//6655 9039//6663
f 9030//6654 9039//6663 9038//6662
f 9031//6655 9032//6656 9040//6664
f 9031//6655 9040//6664 9039//6663
f 9032//6656 9033//6657 9041//6665
f 9032//6656 9041//6665 9040//6664
f 9033//6657 9034//6658 9042//6666
f 9033//6657 9042//6666 9041//6665
f 9034//6658 9035//6659 9043//6667
f 9034//6658 9043//6667 9042//6666
f 9035//6659 9036//6660 9044//6668
f 9035//6659 9044//6668 9043//6667
f 9036//6660 9029//6653 9037//6661
f 9036//6660 9037//6661 9044//6668
f 9037//6661 9038//6662 9046//6670
f 9037//6661 9046//6670 9045//6669
f 9038//6662 9039//6663 9047//6671
f 9038//6662 9047//6671 9046//6670
f 9039//6663 9040//6664 9048//6672
f 9039//6663 9048//6672 9047//6671
f 9040//6664 9041//6665 9049//6673
f 9040//6664 9049//6673 9048//6672
f 9041//6665 9042//6666 9050//6674
f 9041//6665 9050//6674 9049//6673
f 9042//6666 9043//6667 9051//6675
f 9042//6666 9051//6675 9050//6674
f 9043//6667 9044//6668 9052//6676
f 9043//6667 9052//6676 9051//6675
f 9044//6668 9037//6661 9045//6669
f 9044//6668 9045//6669 9052//6676
f 9045//6669 9046//6670 9054//6678
f 9045//6669 9054//6678 9053//6677
f 9046//6670 9047//6671 9055//6679
f 9046//6670 9055//6679 9054//6678
f 9047//6671 9048//6672 9056//6680
f 9047//6671 9056//6680 9055//6679
f 9048//6672 9049//6673 9057//6681
f 9048//6672 9057//6681 9056//6680
f 9049//6673 9050//6674 9058//6682
f 9049//6673 9058//6682 9057//6681
f 9050//6674 9051//6675 9059//6683
f 9050//6674 9059//6683 9058//6682
f 9051//6675 9052//6676 9060//6684
f 9051//6675 9060//6684 9059//6683
f 9052//6676 9045//6669 9053//6677
f 9052//6676 9053//6677 9060//6684
f 9053//6677 9054//6678 9062//6686
f 9054//6678 9055//6679 9063//6687
f 9055//6679 9056//6680 9064//6688
f 9056//6680 9057//6681 9065//6689
f 9057//6681 9058//6682 9066//6690
f 9058//6682 9059//6683 9067//6691
f 9059//6683 9060//6684 9068//6692
f 9060//6684 9053//6677 9061//6685
f 9069//6693 9078//6702 9077//6701
f 9070//6694 9079//6703 9078//6702
f 9071//6695 9080//6704 9079//6703
f 9072//6696 9081//6705 9080//6704
f 9073//6697 9082//6706 9081//6705
f 9074//6698 9083//6707 9082//6706
f 9075//6699 9084//6708 9083//6707
f 9076//6700 9077//6701 9084//6708
f 9077//6701 9078//6702 9086//6710
f 9077//6701 9086//6710 9085//6709
f 9078//6702 9079//6703 9087//6711
f 9078//6702 9087//6711 9086//6710
f 9079//6703 9080//6704 9088//6712
f 9079//6703 9088//6712 9087//6711
f 9080//6704 9081//6705 9089//6713
f 9080//6704 9089//6713 9088//6712
f 9081//6705 9082//6706 9090//6714
f 9081//6705 9090//6714 9089//6713
f 9082//6706 9083//6707 9091//6715
f 9082//6706 9091//6715 9090//6714
f 9083//6707 9084//6708 9092//6716
f 9083//6707 9092//6716 9091//6715
f 9084//6708 9077//6701 9085//6709
f 9084//6708 9085//6709 9092//6716
f 9085//6709 9086//6710 9094//6718
f 9085//6709 9094//6718 9093//6717
f 9086//6710 9087//6711 9095//6719
f 9086//6710 9095//6719 9094//6718
f 9087//6711 9088//6712 9096//6720
f 9087//6711 9096//6720 9095//6719
f 9088//6712 9089//6713 9097//6721
f 9088//6712 9097//6721 9096//6720
f 9089//6713 9090//6714 9098//6722
f 9089//6713 9098//6722 9097//6721
f 9090//6714 9091//6715 9099//6723
f 9090//6714 9099//6723 9098//6722
f 9091//6715 9092//6716 9100//6724
f 9091//6715 9100//6724 9099//6723
f 9092//6716 9085//6709 9093//6717
f 9092//6716 9093//6717 9100//6724
f 9093//6717 9094//6718 9102//6726
f 9093//6717 9102//6726 9101//6725
f 9094//6718 9095//6719 9103//6727
f 9094//6718 9103//6727 9102//6726
f 9095//6719 9096//6720 9104//6728
f 9095//6719 9104//6728 9103//6727
f 9096//6720 9097//6721 9105//6729
f 9096//6720 9105//6729 9104//6728
f 9097//6721 9098//6722 9106//6730
f 9097//6721 9106//6730 9105//6729
f 9098//6722 9099//6723 9107//6731
f 9098//6722 9107//6731 9106//6730
f 9099//6723 9100//6724 9108//6732
f 9099//6723 9108//6732 9107//6731
f 9100//6724 9093//6717 9101//6725
f 9100//6724 9101//6725 9108//6732
f 9101//6725 9102//6726 9110//6734
f 9102//6726 9103//6727 9111//6735
f 9103//6727 9104//6728 9112//6736
f 9104//6728 9105//6729 9113//6737
f 9105//6729 9106//6730 9114//6738
f 9106//6730 9107//6731 9115//6739
f 9107//6731 9108//6732 9116//6740
f 9108//6732 9101//6725 9109//6733
