# Mario World Scene
o Scene

v -30.00000 -2.50000 15.00000 0.250 0.720 0.180
v 30.00000 -2.50000 15.00000 0.250 0.720 0.180
v 30.00000 -2.00000 15.00000 0.250 0.720 0.180
v -30.00000 -2.00000 15.00000 0.250 0.720 0.180
v 30.00000 -2.50000 -5.00000 0.250 0.720 0.180
v -30.00000 -2.50000 -5.00000 0.250 0.720 0.180
v -30.00000 -2.00000 -5.00000 0.250 0.720 0.180
v 30.00000 -2.00000 -5.00000 0.250 0.720 0.180
v -30.00000 -2.00000 15.00000 0.250 0.720 0.180
v 30.00000 -2.00000 15.00000 0.250 0.720 0.180
v 30.00000 -2.00000 -5.00000 0.250 0.720 0.180
v -30.00000 -2.00000 -5.00000 0.250 0.720 0.180
v -30.00000 -2.50000 -5.00000 0.250 0.720 0.180
v 30.00000 -2.50000 -5.00000 0.250 0.720 0.180
v 30.00000 -2.50000 15.00000 0.250 0.720 0.180
v -30.00000 -2.50000 15.00000 0.250 0.720 0.180
v 30.00000 -2.50000 15.00000 0.250 0.720 0.180
v 30.00000 -2.50000 -5.00000 0.250 0.720 0.180
v 30.00000 -2.00000 -5.00000 0.250 0.720 0.180
v 30.00000 -2.00000 15.00000 0.250 0.720 0.180
v -30.00000 -2.50000 -5.00000 0.250 0.720 0.180
v -30.00000 -2.50000 15.00000 0.250 0.720 0.180
v -30.00000 -2.00000 15.00000 0.250 0.720 0.180
v -30.00000 -2.00000 -5.00000 0.250 0.720 0.180
v -30.00000 -5.00000 15.00000 0.550 0.350 0.150
v 30.00000 -5.00000 15.00000 0.550 0.350 0.150
v 30.00000 -2.50000 15.00000 0.550 0.350 0.150
v -30.00000 -2.50000 15.00000 0.550 0.350 0.150
v 30.00000 -5.00000 -5.00000 0.550 0.350 0.150
v -30.00000 -5.00000 -5.00000 0.550 0.350 0.150
v -30.00000 -2.50000 -5.00000 0.550 0.350 0.150
v 30.00000 -2.50000 -5.00000 0.550 0.350 0.150
v -30.00000 -2.50000 15.00000 0.550 0.350 0.150
v 30.00000 -2.50000 15.00000 0.550 0.350 0.150
v 30.00000 -2.50000 -5.00000 0.550 0.350 0.150
v -30.00000 -2.50000 -5.00000 0.550 0.350 0.150
v -30.00000 -5.00000 -5.00000 0.550 0.350 0.150
v 30.00000 -5.00000 -5.00000 0.550 0.350 0.150
v 30.00000 -5.00000 15.00000 0.550 0.350 0.150
v -30.00000 -5.00000 15.00000 0.550 0.350 0.150
v 30.00000 -5.00000 15.00000 0.550 0.350 0.150
v 30.00000 -5.00000 -5.00000 0.550 0.350 0.150
v 30.00000 -2.50000 -5.00000 0.550 0.350 0.150
v 30.00000 -2.50000 15.00000 0.550 0.350 0.150
v -30.00000 -5.00000 -5.00000 0.550 0.350 0.150
v -30.00000 -5.00000 15.00000 0.550 0.350 0.150
v -30.00000 -2.50000 15.00000 0.550 0.350 0.150
v -30.00000 -2.50000 -5.00000 0.550 0.350 0.150
v -12.00000 3.00000 -3.00000 0.300 0.780 0.200
v -12.00000 3.00000 -3.00000 0.300 0.780 0.200
v -12.00000 3.00000 -3.00000 0.300 0.780 0.200
v -12.00000 3.00000 -3.00000 0.300 0.780 0.200
v -12.00000 3.00000 -3.00000 0.300 0.780 0.200
v -12.00000 3.00000 -3.00000 0.300 0.780 0.200
v -12.00000 3.00000 -3.00000 0.300 0.780 0.200
v -12.00000 3.00000 -3.00000 0.300 0.780 0.200
v -12.00000 3.00000 -3.00000 0.300 0.780 0.200
v -12.00000 3.00000 -3.00000 0.300 0.780 0.200
v -12.00000 3.00000 -3.00000 0.300 0.780 0.200
v -12.00000 3.00000 -3.00000 0.300 0.780 0.200
v -12.00000 3.00000 -3.00000 0.300 0.780 0.200
v -12.00000 3.00000 -3.00000 0.300 0.780 0.200
v -12.00000 3.00000 -3.00000 0.300 0.780 0.200
v -12.00000 3.00000 -3.00000 0.300 0.780 0.200
v -12.00000 3.00000 -3.00000 0.300 0.780 0.200
v -12.00000 3.00000 -3.00000 0.300 0.780 0.200
v -10.45492 2.75528 -3.00000 0.300 0.780 0.200
v -10.54810 2.75528 -2.47155 0.300 0.780 0.200
v -10.81640 2.75528 -2.00684 0.300 0.780 0.200
v -11.22746 2.75528 -1.66192 0.300 0.780 0.200
v -11.73170 2.75528 -1.47839 0.300 0.780 0.200
v -12.26830 2.75528 -1.47839 0.300 0.780 0.200
v -12.77254 2.75528 -1.66192 0.300 0.780 0.200
v -13.18360 2.75528 -2.00684 0.300 0.780 0.200
v -13.45190 2.75528 -2.47155 0.300 0.780 0.200
v -13.54508 2.75528 -3.00000 0.300 0.780 0.200
v -13.45190 2.75528 -3.52845 0.300 0.780 0.200
v -13.18360 2.75528 -3.99316 0.300 0.780 0.200
v -12.77254 2.75528 -4.33808 0.300 0.780 0.200
v -12.26830 2.75528 -4.52161 0.300 0.780 0.200
v -11.73170 2.75528 -4.52161 0.300 0.780 0.200
v -11.22746 2.75528 -4.33808 0.300 0.780 0.200
v -10.81640 2.75528 -3.99316 0.300 0.780 0.200
v -10.54810 2.75528 -3.52845 0.300 0.780 0.200
v -9.06107 2.04508 -3.00000 0.300 0.780 0.200
v -9.23831 2.04508 -1.99483 0.300 0.780 0.200
v -9.74865 2.04508 -1.11089 0.300 0.780 0.200
v -10.53054 2.04508 -0.45482 0.300 0.780 0.200
v -11.48966 2.04508 -0.10572 0.300 0.780 0.200
v -12.51034 2.04508 -0.10572 0.300 0.780 0.200
v -13.46946 2.04508 -0.45482 0.300 0.780 0.200
v -14.25135 2.04508 -1.11089 0.300 0.780 0.200
v -14.76169 2.04508 -1.99483 0.300 0.780 0.200
v -14.93893 2.04508 -3.00000 0.300 0.780 0.200
v -14.76169 2.04508 -4.00517 0.300 0.780 0.200
v -14.25135 2.04508 -4.88911 0.300 0.780 0.200
v -13.46946 2.04508 -5.54518 0.300 0.780 0.200
v -12.51034 2.04508 -5.89428 0.300 0.780 0.200
v -11.48966 2.04508 -5.89428 0.300 0.780 0.200
v -10.53054 2.04508 -5.54518 0.300 0.780 0.200
v -9.74865 2.04508 -4.88911 0.300 0.780 0.200
v -9.23831 2.04508 -4.00517 0.300 0.780 0.200
v -7.95492 0.93893 -3.00000 0.300 0.780 0.200
v -8.19886 0.93893 -1.61650 0.300 0.780 0.200
v -8.90129 0.93893 -0.39987 0.300 0.780 0.200
v -9.97746 0.93893 0.50315 0.300 0.780 0.200
v -11.29758 0.93893 0.98363 0.300 0.780 0.200
v -12.70242 0.93893 0.98363 0.300 0.780 0.200
v -14.02254 0.93893 0.50315 0.300 0.780 0.200
v -15.09871 0.93893 -0.39987 0.300 0.780 0.200
v -15.80114 0.93893 -1.61650 0.300 0.780 0.200
v -16.04508 0.93893 -3.00000 0.300 0.780 0.200
v -15.80114 0.93893 -4.38350 0.300 0.780 0.200
v -15.09871 0.93893 -5.60013 0.300 0.780 0.200
v -14.02254 0.93893 -6.50315 0.300 0.780 0.200
v -12.70242 0.93893 -6.98363 0.300 0.780 0.200
v -11.29758 0.93893 -6.98363 0.300 0.780 0.200
v -9.97746 0.93893 -6.50315 0.300 0.780 0.200
v -8.90129 0.93893 -5.60013 0.300 0.780 0.200
v -8.19886 0.93893 -4.38350 0.300 0.780 0.200
v -7.24472 -0.45492 -3.00000 0.300 0.780 0.200
v -7.53150 -0.45492 -1.37360 0.300 0.780 0.200
v -8.35724 -0.45492 0.05664 0.300 0.780 0.200
v -9.62236 -0.45492 1.11820 0.300 0.780 0.200
v -11.17425 -0.45492 1.68304 0.300 0.780 0.200
v -12.82575 -0.45492 1.68304 0.300 0.780 0.200
v -14.37764 -0.45492 1.11820 0.300 0.780 0.200
v -15.64276 -0.45492 0.05664 0.300 0.780 0.200
v -16.46850 -0.45492 -1.37360 0.300 0.780 0.200
v -16.75528 -0.45492 -3.00000 0.300 0.780 0.200
v -16.46850 -0.45492 -4.62640 0.300 0.780 0.200
v -15.64276 -0.45492 -6.05664 0.300 0.780 0.200
v -14.37764 -0.45492 -7.11820 0.300 0.780 0.200
v -12.82575 -0.45492 -7.68304 0.300 0.780 0.200
v -11.17425 -0.45492 -7.68304 0.300 0.780 0.200
v -9.62236 -0.45492 -7.11820 0.300 0.780 0.200
v -8.35724 -0.45492 -6.05664 0.300 0.780 0.200
v -7.53150 -0.45492 -4.62640 0.300 0.780 0.200
v -7.00000 -2.00000 -3.00000 0.300 0.780 0.200
v -7.30154 -2.00000 -1.28990 0.300 0.780 0.200
v -8.16978 -2.00000 0.21394 0.300 0.780 0.200
v -9.50000 -2.00000 1.33013 0.300 0.780 0.200
v -11.13176 -2.00000 1.92404 0.300 0.780 0.200
v -12.86824 -2.00000 1.92404 0.300 0.780 0.200
v -14.50000 -2.00000 1.33013 0.300 0.780 0.200
v -15.83022 -2.00000 0.21394 0.300 0.780 0.200
v -16.69846 -2.00000 -1.28990 0.300 0.780 0.200
v -17.00000 -2.00000 -3.00000 0.300 0.780 0.200
v -16.69846 -2.00000 -4.71010 0.300 0.780 0.200
v -15.83022 -2.00000 -6.21394 0.300 0.780 0.200
v -14.50000 -2.00000 -7.33013 0.300 0.780 0.200
v -12.86824 -2.00000 -7.92404 0.300 0.780 0.200
v -11.13176 -2.00000 -7.92404 0.300 0.780 0.200
v -9.50000 -2.00000 -7.33013 0.300 0.780 0.200
v -8.16978 -2.00000 -6.21394 0.300 0.780 0.200
v -7.30154 -2.00000 -4.71010 0.300 0.780 0.200
v -7.24472 -3.54508 -3.00000 0.300 0.780 0.200
v -7.53150 -3.54508 -1.37360 0.300 0.780 0.200
v -8.35724 -3.54508 0.05664 0.300 0.780 0.200
v -9.62236 -3.54508 1.11820 0.300 0.780 0.200
v -11.17425 -3.54508 1.68304 0.300 0.780 0.200
v -12.82575 -3.54508 1.68304 0.300 0.780 0.200
v -14.37764 -3.54508 1.11820 0.300 0.780 0.200
v -15.64276 -3.54508 0.05664 0.300 0.780 0.200
v -16.46850 -3.54508 -1.37360 0.300 0.780 0.200
v -16.75528 -3.54508 -3.00000 0.300 0.780 0.200
v -16.46850 -3.54508 -4.62640 0.300 0.780 0.200
v -15.64276 -3.54508 -6.05664 0.300 0.780 0.200
v -14.37764 -3.54508 -7.11820 0.300 0.780 0.200
v -12.82575 -3.54508 -7.68304 0.300 0.780 0.200
v -11.17425 -3.54508 -7.68304 0.300 0.780 0.200
v -9.62236 -3.54508 -7.11820 0.300 0.780 0.200
v -8.35724 -3.54508 -6.05664 0.300 0.780 0.200
v -7.53150 -3.54508 -4.62640 0.300 0.780 0.200
v -7.95492 -4.93893 -3.00000 0.300 0.780 0.200
v -8.19886 -4.93893 -1.61650 0.300 0.780 0.200
v -8.90129 -4.93893 -0.39987 0.300 0.780 0.200
v -9.97746 -4.93893 0.50315 0.300 0.780 0.200
v -11.29758 -4.93893 0.98363 0.300 0.780 0.200
v -12.70242 -4.93893 0.98363 0.300 0.780 0.200
v -14.02254 -4.93893 0.50315 0.300 0.780 0.200
v -15.09871 -4.93893 -0.39987 0.300 0.780 0.200
v -15.80114 -4.93893 -1.61650 0.300 0.780 0.200
v -16.04508 -4.93893 -3.00000 0.300 0.780 0.200
v -15.80114 -4.93893 -4.38350 0.300 0.780 0.200
v -15.09871 -4.93893 -5.60013 0.300 0.780 0.200
v -14.02254 -4.93893 -6.50315 0.300 0.780 0.200
v -12.70242 -4.93893 -6.98363 0.300 0.780 0.200
v -11.29758 -4.93893 -6.98363 0.300 0.780 0.200
v -9.97746 -4.93893 -6.50315 0.300 0.780 0.200
v -8.90129 -4.93893 -5.60013 0.300 0.780 0.200
v -8.19886 -4.93893 -4.38350 0.300 0.780 0.200
v -9.06107 -6.04508 -3.00000 0.300 0.780 0.200
v -9.23831 -6.04508 -1.99483 0.300 0.780 0.200
v -9.74865 -6.04508 -1.11089 0.300 0.780 0.200
v -10.53054 -6.04508 -0.45482 0.300 0.780 0.200
v -11.48966 -6.04508 -0.10572 0.300 0.780 0.200
v -12.51034 -6.04508 -0.10572 0.300 0.780 0.200
v -13.46946 -6.04508 -0.45482 0.300 0.780 0.200
v -14.25135 -6.04508 -1.11089 0.300 0.780 0.200
v -14.76169 -6.04508 -1.99483 0.300 0.780 0.200
v -14.93893 -6.04508 -3.00000 0.300 0.780 0.200
v -14.76169 -6.04508 -4.00517 0.300 0.780 0.200
v -14.25135 -6.04508 -4.88911 0.300 0.780 0.200
v -13.46946 -6.04508 -5.54518 0.300 0.780 0.200
v -12.51034 -6.04508 -5.89428 0.300 0.780 0.200
v -11.48966 -6.04508 -5.89428 0.300 0.780 0.200
v -10.53054 -6.04508 -5.54518 0.300 0.780 0.200
v -9.74865 -6.04508 -4.88911 0.300 0.780 0.200
v -9.23831 -6.04508 -4.00517 0.300 0.780 0.200
v -10.45492 -6.75528 -3.00000 0.300 0.780 0.200
v -10.54810 -6.75528 -2.47155 0.300 0.780 0.200
v -10.81640 -6.75528 -2.00684 0.300 0.780 0.200
v -11.22746 -6.75528 -1.66192 0.300 0.780 0.200
v -11.73170 -6.75528 -1.47839 0.300 0.780 0.200
v -12.26830 -6.75528 -1.47839 0.300 0.780 0.200
v -12.77254 -6.75528 -1.66192 0.300 0.780 0.200
v -13.18360 -6.75528 -2.00684 0.300 0.780 0.200
v -13.45190 -6.75528 -2.47155 0.300 0.780 0.200
v -13.54508 -6.75528 -3.00000 0.300 0.780 0.200
v -13.45190 -6.75528 -3.52845 0.300 0.780 0.200
v -13.18360 -6.75528 -3.99316 0.300 0.780 0.200
v -12.77254 -6.75528 -4.33808 0.300 0.780 0.200
v -12.26830 -6.75528 -4.52161 0.300 0.780 0.200
v -11.73170 -6.75528 -4.52161 0.300 0.780 0.200
v -11.22746 -6.75528 -4.33808 0.300 0.780 0.200
v -10.81640 -6.75528 -3.99316 0.300 0.780 0.200
v -10.54810 -6.75528 -3.52845 0.300 0.780 0.200
v -12.00000 -7.00000 -3.00000 0.300 0.780 0.200
v -12.00000 -7.00000 -3.00000 0.300 0.780 0.200
v -12.00000 -7.00000 -3.00000 0.300 0.780 0.200
v -12.00000 -7.00000 -3.00000 0.300 0.780 0.200
v -12.00000 -7.00000 -3.00000 0.300 0.780 0.200
v -12.00000 -7.00000 -3.00000 0.300 0.780 0.200
v -12.00000 -7.00000 -3.00000 0.300 0.780 0.200
v -12.00000 -7.00000 -3.00000 0.300 0.780 0.200
v -12.00000 -7.00000 -3.00000 0.300 0.780 0.200
v -12.00000 -7.00000 -3.00000 0.300 0.780 0.200
v -12.00000 -7.00000 -3.00000 0.300 0.780 0.200
v -12.00000 -7.00000 -3.00000 0.300 0.780 0.200
v -12.00000 -7.00000 -3.00000 0.300 0.780 0.200
v -12.00000 -7.00000 -3.00000 0.300 0.780 0.200
v -12.00000 -7.00000 -3.00000 0.300 0.780 0.200
v -12.00000 -7.00000 -3.00000 0.300 0.780 0.200
v -12.00000 -7.00000 -3.00000 0.300 0.780 0.200
v -12.00000 -7.00000 -3.00000 0.300 0.780 0.200
v -6.00000 1.00000 -3.00000 0.300 0.780 0.200
v -6.00000 1.00000 -3.00000 0.300 0.780 0.200
v -6.00000 1.00000 -3.00000 0.300 0.780 0.200
v -6.00000 1.00000 -3.00000 0.300 0.780 0.200
v -6.00000 1.00000 -3.00000 0.300 0.780 0.200
v -6.00000 1.00000 -3.00000 0.300 0.780 0.200
v -6.00000 1.00000 -3.00000 0.300 0.780 0.200
v -6.00000 1.00000 -3.00000 0.300 0.780 0.200
v -6.00000 1.00000 -3.00000 0.300 0.780 0.200
v -6.00000 1.00000 -3.00000 0.300 0.780 0.200
v -6.00000 1.00000 -3.00000 0.300 0.780 0.200
v -6.00000 1.00000 -3.00000 0.300 0.780 0.200
v -6.00000 1.00000 -3.00000 0.300 0.780 0.200
v -6.00000 1.00000 -3.00000 0.300 0.780 0.200
v -6.00000 1.00000 -3.00000 0.300 0.780 0.200
v -6.00000 1.00000 -3.00000 0.300 0.780 0.200
v -6.00000 1.00000 -3.00000 0.300 0.780 0.200
v -6.00000 1.00000 -3.00000 0.300 0.780 0.200
v -5.07295 0.85317 -3.00000 0.300 0.780 0.200
v -5.12886 0.85317 -2.68293 0.300 0.780 0.200
v -5.28984 0.85317 -2.40410 0.300 0.780 0.200
v -5.53647 0.85317 -2.19715 0.300 0.780 0.200
v -5.83902 0.85317 -2.08703 0.300 0.780 0.200
v -6.16098 0.85317 -2.08703 0.300 0.780 0.200
v -6.46353 0.85317 -2.19715 0.300 0.780 0.200
v -6.71016 0.85317 -2.40410 0.300 0.780 0.200
v -6.87114 0.85317 -2.68293 0.300 0.780 0.200
v -6.92705 0.85317 -3.00000 0.300 0.780 0.200
v -6.87114 0.85317 -3.31707 0.300 0.780 0.200
v -6.71016 0.85317 -3.59590 0.300 0.780 0.200
v -6.46353 0.85317 -3.80285 0.300 0.780 0.200
v -6.16098 0.85317 -3.91297 0.300 0.780 0.200
v -5.83902 0.85317 -3.91297 0.300 0.780 0.200
v -5.53647 0.85317 -3.80285 0.300 0.780 0.200
v -5.28984 0.85317 -3.59590 0.300 0.780 0.200
v -5.12886 0.85317 -3.31707 0.300 0.780 0.200
v -4.23664 0.42705 -3.00000 0.300 0.780 0.200
v -4.34299 0.42705 -2.39690 0.300 0.780 0.200
v -4.64919 0.42705 -1.86654 0.300 0.780 0.200
v -5.11832 0.42705 -1.47289 0.300 0.780 0.200
v -5.69380 0.42705 -1.26343 0.300 0.780 0.200
v -6.30620 0.42705 -1.26343 0.300 0.780 0.200
v -6.88168 0.42705 -1.47289 0.300 0.780 0.200
v -7.35081 0.42705 -1.86654 0.300 0.780 0.200
v -7.65701 0.42705 -2.39690 0.300 0.780 0.200
v -7.76336 0.42705 -3.00000 0.300 0.780 0.200
v -7.65701 0.42705 -3.60310 0.300 0.780 0.200
v -7.35081 0.42705 -4.13346 0.300 0.780 0.200
v -6.88168 0.42705 -4.52711 0.300 0.780 0.200
v -6.30620 0.42705 -4.73657 0.300 0.780 0.200
v -5.69380 0.42705 -4.73657 0.300 0.780 0.200
v -5.11832 0.42705 -4.52711 0.300 0.780 0.200
v -4.64919 0.42705 -4.13346 0.300 0.780 0.200
v -4.34299 0.42705 -3.60310 0.300 0.780 0.200
v -3.57295 -0.23664 -3.00000 0.300 0.780 0.200
v -3.71932 -0.23664 -2.16990 0.300 0.780 0.200
v -4.14077 -0.23664 -1.43992 0.300 0.780 0.200
v -4.78647 -0.23664 -0.89811 0.300 0.780 0.200
v -5.57855 -0.23664 -0.60982 0.300 0.780 0.200
v -6.42145 -0.23664 -0.60982 0.300 0.780 0.200
v -7.21353 -0.23664 -0.89811 0.300 0.780 0.200
v -7.85923 -0.23664 -1.43992 0.300 0.780 0.200
v -8.28068 -0.23664 -2.16990 0.300 0.780 0.200
v -8.42705 -0.23664 -3.00000 0.300 0.780 0.200
v -8.28068 -0.23664 -3.83010 0.300 0.780 0.200
v -7.85923 -0.23664 -4.56008 0.300 0.780 0.200
v -7.21353 -0.23664 -5.10189 0.300 0.780 0.200
v -6.42145 -0.23664 -5.39018 0.300 0.780 0.200
v -5.57855 -0.23664 -5.39018 0.300 0.780 0.200
v -4.78647 -0.23664 -5.10189 0.300 0.780 0.200
v -4.14077 -0.23664 -4.56008 0.300 0.780 0.200
v -3.71932 -0.23664 -3.83010 0.300 0.780 0.200
v -3.14683 -1.07295 -3.00000 0.300 0.780 0.200
v -3.31890 -1.07295 -2.02416 0.300 0.780 0.200
v -3.81435 -1.07295 -1.16602 0.300 0.780 0.200
v -4.57342 -1.07295 -0.52908 0.300 0.780 0.200
v -5.50455 -1.07295 -0.19018 0.300 0.780 0.200
v -6.49545 -1.07295 -0.19018 0.300 0.780 0.200
v -7.42658 -1.07295 -0.52908 0.300 0.780 0.200
v -8.18565 -1.07295 -1.16602 0.300 0.780 0.200
v -8.68110 -1.07295 -2.02416 0.300 0.780 0.200
v -8.85317 -1.07295 -3.00000 0.300 0.780 0.200
v -8.68110 -1.07295 -3.97584 0.300 0.780 0.200
v -8.18565 -1.07295 -4.83398 0.300 0.780 0.200
v -7.42658 -1.07295 -5.47092 0.300 0.780 0.200
v -6.49545 -1.07295 -5.80982 0.300 0.780 0.200
v -5.50455 -1.07295 -5.80982 0.300 0.780 0.200
v -4.57342 -1.07295 -5.47092 0.300 0.780 0.200
v -3.81435 -1.07295 -4.83398 0.300 0.780 0.200
v -3.31890 -1.07295 -3.97584 0.300 0.780 0.200
v -3.00000 -2.00000 -3.00000 0.300 0.780 0.200
v -3.18092 -2.00000 -1.97394 0.300 0.780 0.200
v -3.70187 -2.00000 -1.07164 0.300 0.780 0.200
v -4.50000 -2.00000 -0.40192 0.300 0.780 0.200
v -5.47906 -2.00000 -0.04558 0.300 0.780 0.200
v -6.52094 -2.00000 -0.04558 0.300 0.780 0.200
v -7.50000 -2.00000 -0.40192 0.300 0.780 0.200
v -8.29813 -2.00000 -1.07164 0.300 0.780 0.200
v -8.81908 -2.00000 -1.97394 0.300 0.780 0.200
v -9.00000 -2.00000 -3.00000 0.300 0.780 0.200
v -8.81908 -2.00000 -4.02606 0.300 0.780 0.200
v -8.29813 -2.00000 -4.92836 0.300 0.780 0.200
v -7.50000 -2.00000 -5.59808 0.300 0.780 0.200
v -6.52094 -2.00000 -5.95442 0.300 0.780 0.200
v -5.47906 -2.00000 -5.95442 0.300 0.780 0.200
v -4.50000 -2.00000 -5.59808 0.300 0.780 0.200
v -3.70187 -2.00000 -4.92836 0.300 0.780 0.200
v -3.18092 -2.00000 -4.02606 0.300 0.780 0.200
v -3.14683 -2.92705 -3.00000 0.300 0.780 0.200
v -3.31890 -2.92705 -2.02416 0.300 0.780 0.200
v -3.81435 -2.92705 -1.16602 0.300 0.780 0.200
v -4.57342 -2.92705 -0.52908 0.300 0.780 0.200
v -5.50455 -2.92705 -0.19018 0.300 0.780 0.200
v -6.49545 -2.92705 -0.19018 0.300 0.780 0.200
v -7.42658 -2.92705 -0.52908 0.300 0.780 0.200
v -8.18565 -2.92705 -1.16602 0.300 0.780 0.200
v -8.68110 -2.92705 -2.02416 0.300 0.780 0.200
v -8.85317 -2.92705 -3.00000 0.300 0.780 0.200
v -8.68110 -2.92705 -3.97584 0.300 0.780 0.200
v -8.18565 -2.92705 -4.83398 0.300 0.780 0.200
v -7.42658 -2.92705 -5.47092 0.300 0.780 0.200
v -6.49545 -2.92705 -5.80982 0.300 0.780 0.200
v -5.50455 -2.92705 -5.80982 0.300 0.780 0.200
v -4.57342 -2.92705 -5.47092 0.300 0.780 0.200
v -3.81435 -2.92705 -4.83398 0.300 0.780 0.200
v -3.31890 -2.92705 -3.97584 0.300 0.780 0.200
v -3.57295 -3.76336 -3.00000 0.300 0.780 0.200
v -3.71932 -3.76336 -2.16990 0.300 0.780 0.200
v -4.14077 -3.76336 -1.43992 0.300 0.780 0.200
v -4.78647 -3.76336 -0.89811 0.300 0.780 0.200
v -5.57855 -3.76336 -0.60982 0.300 0.780 0.200
v -6.42145 -3.76336 -0.60982 0.300 0.780 0.200
v -7.21353 -3.76336 -0.89811 0.300 0.780 0.200
v -7.85923 -3.76336 -1.43992 0.300 0.780 0.200
v -8.28068 -3.76336 -2.16990 0.300 0.780 0.200
v -8.42705 -3.76336 -3.00000 0.300 0.780 0.200
v -8.28068 -3.76336 -3.83010 0.300 0.780 0.200
v -7.85923 -3.76336 -4.56008 0.300 0.780 0.200
v -7.21353 -3.76336 -5.10189 0.300 0.780 0.200
v -6.42145 -3.76336 -5.39018 0.300 0.780 0.200
v -5.57855 -3.76336 -5.39018 0.300 0.780 0.200
v -4.78647 -3.76336 -5.10189 0.300 0.780 0.200
v -4.14077 -3.76336 -4.56008 0.300 0.780 0.200
v -3.71932 -3.76336 -3.83010 0.300 0.780 0.200
v -4.23664 -4.42705 -3.00000 0.300 0.780 0.200
v -4.34299 -4.42705 -2.39690 0.300 0.780 0.200
v -4.64919 -4.42705 -1.86654 0.300 0.780 0.200
v -5.11832 -4.42705 -1.47289 0.300 0.780 0.200
v -5.69380 -4.42705 -1.26343 0.300 0.780 0.200
v -6.30620 -4.42705 -1.26343 0.300 0.780 0.200
v -6.88168 -4.42705 -1.47289 0.300 0.780 0.200
v -7.35081 -4.42705 -1.86654 0.300 0.780 0.200
v -7.65701 -4.42705 -2.39690 0.300 0.780 0.200
v -7.76336 -4.42705 -3.00000 0.300 0.780 0.200
v -7.65701 -4.42705 -3.60310 0.300 0.780 0.200
v -7.35081 -4.42705 -4.13346 0.300 0.780 0.200
v -6.88168 -4.42705 -4.52711 0.300 0.780 0.200
v -6.30620 -4.42705 -4.73657 0.300 0.780 0.200
v -5.69380 -4.42705 -4.73657 0.300 0.780 0.200
v -5.11832 -4.42705 -4.52711 0.300 0.780 0.200
v -4.64919 -4.42705 -4.13346 0.300 0.780 0.200
v -4.34299 -4.42705 -3.60310 0.300 0.780 0.200
v -5.07295 -4.85317 -3.00000 0.300 0.780 0.200
v -5.12886 -4.85317 -2.68293 0.300 0.780 0.200
v -5.28984 -4.85317 -2.40410 0.300 0.780 0.200
v -5.53647 -4.85317 -2.19715 0.300 0.780 0.200
v -5.83902 -4.85317 -2.08703 0.300 0.780 0.200
v -6.16098 -4.85317 -2.08703 0.300 0.780 0.200
v -6.46353 -4.85317 -2.19715 0.300 0.780 0.200
v -6.71016 -4.85317 -2.40410 0.300 0.780 0.200
v -6.87114 -4.85317 -2.68293 0.300 0.780 0.200
v -6.92705 -4.85317 -3.00000 0.300 0.780 0.200
v -6.87114 -4.85317 -3.31707 0.300 0.780 0.200
v -6.71016 -4.85317 -3.59590 0.300 0.780 0.200
v -6.46353 -4.85317 -3.80285 0.300 0.780 0.200
v -6.16098 -4.85317 -3.91297 0.300 0.780 0.200
v -5.83902 -4.85317 -3.91297 0.300 0.780 0.200
v -5.53647 -4.85317 -3.80285 0.300 0.780 0.200
v -5.28984 -4.85317 -3.59590 0.300 0.780 0.200
v -5.12886 -4.85317 -3.31707 0.300 0.780 0.200
v -6.00000 -5.00000 -3.00000 0.300 0.780 0.200
v -6.00000 -5.00000 -3.00000 0.300 0.780 0.200
v -6.00000 -5.00000 -3.00000 0.300 0.780 0.200
v -6.00000 -5.00000 -3.00000 0.300 0.780 0.200
v -6.00000 -5.00000 -3.00000 0.300 0.780 0.200
v -6.00000 -5.00000 -3.00000 0.300 0.780 0.200
v -6.00000 -5.00000 -3.00000 0.300 0.780 0.200
v -6.00000 -5.00000 -3.00000 0.300 0.780 0.200
v -6.00000 -5.00000 -3.00000 0.300 0.780 0.200
v -6.00000 -5.00000 -3.00000 0.300 0.780 0.200
v -6.00000 -5.00000 -3.00000 0.300 0.780 0.200
v -6.00000 -5.00000 -3.00000 0.300 0.780 0.200
v -6.00000 -5.00000 -3.00000 0.300 0.780 0.200
v -6.00000 -5.00000 -3.00000 0.300 0.780 0.200
v -6.00000 -5.00000 -3.00000 0.300 0.780 0.200
v -6.00000 -5.00000 -3.00000 0.300 0.780 0.200
v -6.00000 -5.00000 -3.00000 0.300 0.780 0.200
v -6.00000 -5.00000 -3.00000 0.300 0.780 0.200
v 14.00000 3.50000 -3.00000 0.300 0.780 0.200
v 14.00000 3.50000 -3.00000 0.300 0.780 0.200
v 14.00000 3.50000 -3.00000 0.300 0.780 0.200
v 14.00000 3.50000 -3.00000 0.300 0.780 0.200
v 14.00000 3.50000 -3.00000 0.300 0.780 0.200
v 14.00000 3.50000 -3.00000 0.300 0.780 0.200
v 14.00000 3.50000 -3.00000 0.300 0.780 0.200
v 14.00000 3.50000 -3.00000 0.300 0.780 0.200
v 14.00000 3.50000 -3.00000 0.300 0.780 0.200
v 14.00000 3.50000 -3.00000 0.300 0.780 0.200
v 14.00000 3.50000 -3.00000 0.300 0.780 0.200
v 14.00000 3.50000 -3.00000 0.300 0.780 0.200
v 14.00000 3.50000 -3.00000 0.300 0.780 0.200
v 14.00000 3.50000 -3.00000 0.300 0.780 0.200
v 14.00000 3.50000 -3.00000 0.300 0.780 0.200
v 14.00000 3.50000 -3.00000 0.300 0.780 0.200
v 14.00000 3.50000 -3.00000 0.300 0.780 0.200
v 14.00000 3.50000 -3.00000 0.300 0.780 0.200
v 15.69959 3.23081 -3.00000 0.300 0.780 0.200
v 15.59710 3.23081 -2.41870 0.300 0.780 0.200
v 15.30196 3.23081 -1.90752 0.300 0.780 0.200
v 14.84980 3.23081 -1.52811 0.300 0.780 0.200
v 14.29513 3.23081 -1.32623 0.300 0.780 0.200
v 13.70487 3.23081 -1.32623 0.300 0.780 0.200
v 13.15020 3.23081 -1.52811 0.300 0.780 0.200
v 12.69804 3.23081 -1.90752 0.300 0.780 0.200
v 12.40290 3.23081 -2.41870 0.300 0.780 0.200
v 12.30041 3.23081 -3.00000 0.300 0.780 0.200
v 12.40290 3.23081 -3.58130 0.300 0.780 0.200
v 12.69804 3.23081 -4.09248 0.300 0.780 0.200
v 13.15020 3.23081 -4.47189 0.300 0.780 0.200
v 13.70487 3.23081 -4.67377 0.300 0.780 0.200
v 14.29513 3.23081 -4.67377 0.300 0.780 0.200
v 14.84980 3.23081 -4.47189 0.300 0.780 0.200
v 15.30196 3.23081 -4.09248 0.300 0.780 0.200
v 15.59710 3.23081 -3.58130 0.300 0.780 0.200
v 17.23282 2.44959 -3.00000 0.300 0.780 0.200
v 17.03786 2.44959 -1.89431 0.300 0.780 0.200
v 16.47648 2.44959 -0.92198 0.300 0.780 0.200
v 15.61641 2.44959 -0.20030 0.300 0.780 0.200
v 14.56137 2.44959 0.18371 0.300 0.780 0.200
v 13.43863 2.44959 0.18371 0.300 0.780 0.200
v 12.38359 2.44959 -0.20030 0.300 0.780 0.200
v 11.52352 2.44959 -0.92198 0.300 0.780 0.200
v 10.96214 2.44959 -1.89431 0.300 0.780 0.200
v 10.76718 2.44959 -3.00000 0.300 0.780 0.200
v 10.96214 2.44959 -4.10569 0.300 0.780 0.200
v 11.52352 2.44959 -5.07802 0.300 0.780 0.200
v 12.38359 2.44959 -5.79970 0.300 0.780 0.200
v 13.43863 2.44959 -6.18371 0.300 0.780 0.200
v 14.56137 2.44959 -6.18371 0.300 0.780 0.200
v 15.61641 2.44959 -5.79970 0.300 0.780 0.200
v 16.47648 2.44959 -5.07802 0.300 0.780 0.200
v 17.03786 2.44959 -4.10569 0.300 0.780 0.200
v 18.44959 1.23282 -3.00000 0.300 0.780 0.200
v 18.18125 1.23282 -1.47815 0.300 0.780 0.200
v 17.40859 1.23282 -0.13986 0.300 0.780 0.200
v 16.22480 1.23282 0.85346 0.300 0.780 0.200
v 14.77266 1.23282 1.38199 0.300 0.780 0.200
v 13.22734 1.23282 1.38199 0.300 0.780 0.200
v 11.77520 1.23282 0.85346 0.300 0.780 0.200
v 10.59141 1.23282 -0.13986 0.300 0.780 0.200
v 9.81875 1.23282 -1.47815 0.300 0.780 0.200
v 9.55041 1.23282 -3.00000 0.300 0.780 0.200
v 9.81875 1.23282 -4.52185 0.300 0.780 0.200
v 10.59141 1.23282 -5.86014 0.300 0.780 0.200
v 11.77520 1.23282 -6.85346 0.300 0.780 0.200
v 13.22734 1.23282 -7.38199 0.300 0.780 0.200
v 14.77266 1.23282 -7.38199 0.300 0.780 0.200
v 16.22480 1.23282 -6.85346 0.300 0.780 0.200
v 17.40859 1.23282 -5.86014 0.300 0.780 0.200
v 18.18125 1.23282 -4.52185 0.300 0.780 0.200
v 19.23081 -0.30041 -3.00000 0.300 0.780 0.200
v 18.91535 -0.30041 -1.21096 0.300 0.780 0.200
v 18.00703 -0.30041 0.36230 0.300 0.780 0.200
v 16.61541 -0.30041 1.53002 0.300 0.780 0.200
v 14.90832 -0.30041 2.15134 0.300 0.780 0.200
v 13.09168 -0.30041 2.15134 0.300 0.780 0.200
v 11.38459 -0.30041 1.53002 0.300 0.780 0.200
v 9.99297 -0.30041 0.36230 0.300 0.780 0.200
v 9.08465 -0.30041 -1.21096 0.300 0.780 0.200
v 8.76919 -0.30041 -3.00000 0.300 0.780 0.200
v 9.08465 -0.30041 -4.78904 0.300 0.780 0.200
v 9.99297 -0.30041 -6.36230 0.300 0.780 0.200
v 11.38459 -0.30041 -7.53002 0.300 0.780 0.200
v 13.09168 -0.30041 -8.15134 0.300 0.780 0.200
v 14.90832 -0.30041 -8.15134 0.300 0.780 0.200
v 16.61541 -0.30041 -7.53002 0.300 0.780 0.200
v 18.00703 -0.30041 -6.36230 0.300 0.780 0.200
v 18.91535 -0.30041 -4.78904 0.300 0.780 0.200
v 19.50000 -2.00000 -3.00000 0.300 0.780 0.200
v 19.16831 -2.00000 -1.11889 0.300 0.780 0.200
v 18.21324 -2.00000 0.53533 0.300 0.780 0.200
v 16.75000 -2.00000 1.76314 0.300 0.780 0.200
v 14.95506 -2.00000 2.41644 0.300 0.780 0.200
v 13.04494 -2.00000 2.41644 0.300 0.780 0.200
v 11.25000 -2.00000 1.76314 0.300 0.780 0.200
v 9.78676 -2.00000 0.53533 0.300 0.780 0.200
v 8.83169 -2.00000 -1.11889 0.300 0.780 0.200
v 8.50000 -2.00000 -3.00000 0.300 0.780 0.200
v 8.83169 -2.00000 -4.88111 0.300 0.780 0.200
v 9.78676 -2.00000 -6.53533 0.300 0.780 0.200
v 11.25000 -2.00000 -7.76314 0.300 0.780 0.200
v 13.04494 -2.00000 -8.41644 0.300 0.780 0.200
v 14.95506 -2.00000 -8.41644 0.300 0.780 0.200
v 16.75000 -2.00000 -7.76314 0.300 0.780 0.200
v 18.21324 -2.00000 -6.53533 0.300 0.780 0.200
v 19.16831 -2.00000 -4.88111 0.300 0.780 0.200
v 19.23081 -3.69959 -3.00000 0.300 0.780 0.200
v 18.91535 -3.69959 -1.21096 0.300 0.780 0.200
v 18.00703 -3.69959 0.36230 0.300 0.780 0.200
v 16.61541 -3.69959 1.53002 0.300 0.780 0.200
v 14.90832 -3.69959 2.15134 0.300 0.780 0.200
v 13.09168 -3.69959 2.15134 0.300 0.780 0.200
v 11.38459 -3.69959 1.53002 0.300 0.780 0.200
v 9.99297 -3.69959 0.36230 0.300 0.780 0.200
v 9.08465 -3.69959 -1.21096 0.300 0.780 0.200
v 8.76919 -3.69959 -3.00000 0.300 0.780 0.200
v 9.08465 -3.69959 -4.78904 0.300 0.780 0.200
v 9.99297 -3.69959 -6.36230 0.300 0.780 0.200
v 11.38459 -3.69959 -7.53002 0.300 0.780 0.200
v 13.09168 -3.69959 -8.15134 0.300 0.780 0.200
v 14.90832 -3.69959 -8.15134 0.300 0.780 0.200
v 16.61541 -3.69959 -7.53002 0.300 0.780 0.200
v 18.00703 -3.69959 -6.36230 0.300 0.780 0.200
v 18.91535 -3.69959 -4.78904 0.300 0.780 0.200
v 18.44959 -5.23282 -3.00000 0.300 0.780 0.200
v 18.18125 -5.23282 -1.47815 0.300 0.780 0.200
v 17.40859 -5.23282 -0.13986 0.300 0.780 0.200
v 16.22480 -5.23282 0.85346 0.300 0.780 0.200
v 14.77266 -5.23282 1.38199 0.300 0.780 0.200
v 13.22734 -5.23282 1.38199 0.300 0.780 0.200
v 11.77520 -5.23282 0.85346 0.300 0.780 0.200
v 10.59141 -5.23282 -0.13986 0.300 0.780 0.200
v 9.81875 -5.23282 -1.47815 0.300 0.780 0.200
v 9.55041 -5.23282 -3.00000 0.300 0.780 0.200
v 9.81875 -5.23282 -4.52185 0.300 0.780 0.200
v 10.59141 -5.23282 -5.86014 0.300 0.780 0.200
v 11.77520 -5.23282 -6.85346 0.300 0.780 0.200
v 13.22734 -5.23282 -7.38199 0.300 0.780 0.200
v 14.77266 -5.23282 -7.38199 0.300 0.780 0.200
v 16.22480 -5.23282 -6.85346 0.300 0.780 0.200
v 17.40859 -5.23282 -5.86014 0.300 0.780 0.200
v 18.18125 -5.23282 -4.52185 0.300 0.780 0.200
v 17.23282 -6.44959 -3.00000 0.300 0.780 0.200
v 17.03786 -6.44959 -1.89431 0.300 0.780 0.200
v 16.47648 -6.44959 -0.92198 0.300 0.780 0.200
v 15.61641 -6.44959 -0.20030 0.300 0.780 0.200
v 14.56137 -6.44959 0.18371 0.300 0.780 0.200
v 13.43863 -6.44959 0.18371 0.300 0.780 0.200
v 12.38359 -6.44959 -0.20030 0.300 0.780 0.200
v 11.52352 -6.44959 -0.92198 0.300 0.780 0.200
v 10.96214 -6.44959 -1.89431 0.300 0.780 0.200
v 10.76718 -6.44959 -3.00000 0.300 0.780 0.200
v 10.96214 -6.44959 -4.10569 0.300 0.780 0.200
v 11.52352 -6.44959 -5.07802 0.300 0.780 0.200
v 12.38359 -6.44959 -5.79970 0.300 0.780 0.200
v 13.43863 -6.44959 -6.18371 0.300 0.780 0.200
v 14.56137 -6.44959 -6.18371 0.300 0.780 0.200
v 15.61641 -6.44959 -5.79970 0.300 0.780 0.200
v 16.47648 -6.44959 -5.07802 0.300 0.780 0.200
v 17.03786 -6.44959 -4.10569 0.300 0.780 0.200
v 15.69959 -7.23081 -3.00000 0.300 0.780 0.200
v 15.59710 -7.23081 -2.41870 0.300 0.780 0.200
v 15.30196 -7.23081 -1.90752 0.300 0.780 0.200
v 14.84980 -7.23081 -1.52811 0.300 0.780 0.200
v 14.29513 -7.23081 -1.32623 0.300 0.780 0.200
v 13.70487 -7.23081 -1.32623 0.300 0.780 0.200
v 13.15020 -7.23081 -1.52811 0.300 0.780 0.200
v 12.69804 -7.23081 -1.90752 0.300 0.780 0.200
v 12.40290 -7.23081 -2.41870 0.300 0.780 0.200
v 12.30041 -7.23081 -3.00000 0.300 0.780 0.200
v 12.40290 -7.23081 -3.58130 0.300 0.780 0.200
v 12.69804 -7.23081 -4.09248 0.300 0.780 0.200
v 13.15020 -7.23081 -4.47189 0.300 0.780 0.200
v 13.70487 -7.23081 -4.67377 0.300 0.780 0.200
v 14.29513 -7.23081 -4.67377 0.300 0.780 0.200
v 14.84980 -7.23081 -4.47189 0.300 0.780 0.200
v 15.30196 -7.23081 -4.09248 0.300 0.780 0.200
v 15.59710 -7.23081 -3.58130 0.300 0.780 0.200
v 14.00000 -7.50000 -3.00000 0.300 0.780 0.200
v 14.00000 -7.50000 -3.00000 0.300 0.780 0.200
v 14.00000 -7.50000 -3.00000 0.300 0.780 0.200
v 14.00000 -7.50000 -3.00000 0.300 0.780 0.200
v 14.00000 -7.50000 -3.00000 0.300 0.780 0.200
v 14.00000 -7.50000 -3.00000 0.300 0.780 0.200
v 14.00000 -7.50000 -3.00000 0.300 0.780 0.200
v 14.00000 -7.50000 -3.00000 0.300 0.780 0.200
v 14.00000 -7.50000 -3.00000 0.300 0.780 0.200
v 14.00000 -7.50000 -3.00000 0.300 0.780 0.200
v 14.00000 -7.50000 -3.00000 0.300 0.780 0.200
v 14.00000 -7.50000 -3.00000 0.300 0.780 0.200
v 14.00000 -7.50000 -3.00000 0.300 0.780 0.200
v 14.00000 -7.50000 -3.00000 0.300 0.780 0.200
v 14.00000 -7.50000 -3.00000 0.300 0.780 0.200
v 14.00000 -7.50000 -3.00000 0.300 0.780 0.200
v 14.00000 -7.50000 -3.00000 0.300 0.780 0.200
v 14.00000 -7.50000 -3.00000 0.300 0.780 0.200
v 8.00000 0.80000 -3.00000 0.300 0.780 0.200
v 8.00000 0.80000 -3.00000 0.300 0.780 0.200
v 8.00000 0.80000 -3.00000 0.300 0.780 0.200
v 8.00000 0.80000 -3.00000 0.300 0.780 0.200
v 8.00000 0.80000 -3.00000 0.300 0.780 0.200
v 8.00000 0.80000 -3.00000 0.300 0.780 0.200
v 8.00000 0.80000 -3.00000 0.300 0.780 0.200
v 8.00000 0.80000 -3.00000 0.300 0.780 0.200
v 8.00000 0.80000 -3.00000 0.300 0.780 0.200
v 8.00000 0.80000 -3.00000 0.300 0.780 0.200
v 8.00000 0.80000 -3.00000 0.300 0.780 0.200
v 8.00000 0.80000 -3.00000 0.300 0.780 0.200
v 8.00000 0.80000 -3.00000 0.300 0.780 0.200
v 8.00000 0.80000 -3.00000 0.300 0.780 0.200
v 8.00000 0.80000 -3.00000 0.300 0.780 0.200
v 8.00000 0.80000 -3.00000 0.300 0.780 0.200
v 8.00000 0.80000 -3.00000 0.300 0.780 0.200
v 8.00000 0.80000 -3.00000 0.300 0.780 0.200
v 8.86525 0.66296 -3.00000 0.300 0.780 0.200
v 8.81307 0.66296 -2.70407 0.300 0.780 0.200
v 8.66282 0.66296 -2.44383 0.300 0.780 0.200
v 8.43262 0.66296 -2.25067 0.300 0.780 0.200
v 8.15025 0.66296 -2.14790 0.300 0.780 0.200
v 7.84975 0.66296 -2.14790 0.300 0.780 0.200
v 7.56738 0.66296 -2.25067 0.300 0.780 0.200
v 7.33718 0.66296 -2.44383 0.300 0.780 0.200
v 7.18693 0.66296 -2.70407 0.300 0.780 0.200
v 7.13475 0.66296 -3.00000 0.300 0.780 0.200
v 7.18693 0.66296 -3.29593 0.300 0.780 0.200
v 7.33718 0.66296 -3.55617 0.300 0.780 0.200
v 7.56738 0.66296 -3.74933 0.300 0.780 0.200
v 7.84975 0.66296 -3.85210 0.300 0.780 0.200
v 8.15025 0.66296 -3.85210 0.300 0.780 0.200
v 8.43262 0.66296 -3.74933 0.300 0.780 0.200
v 8.66282 0.66296 -3.55617 0.300 0.780 0.200
v 8.81307 0.66296 -3.29593 0.300 0.780 0.200
v 9.64580 0.26525 -3.00000 0.300 0.780 0.200
v 9.54654 0.26525 -2.43710 0.300 0.780 0.200
v 9.26075 0.26525 -1.94210 0.300 0.780 0.200
v 8.82290 0.26525 -1.57470 0.300 0.780 0.200
v 8.28579 0.26525 -1.37920 0.300 0.780 0.200
v 7.71421 0.26525 -1.37920 0.300 0.780 0.200
v 7.17710 0.26525 -1.57470 0.300 0.780 0.200
v 6.73925 0.26525 -1.94210 0.300 0.780 0.200
v 6.45346 0.26525 -2.43710 0.300 0.780 0.200
v 6.35420 0.26525 -3.00000 0.300 0.780 0.200
v 6.45346 0.26525 -3.56290 0.300 0.780 0.200
v 6.73925 0.26525 -4.05790 0.300 0.780 0.200
v 7.17710 0.26525 -4.42530 0.300 0.780 0.200
v 7.71421 0.26525 -4.62080 0.300 0.780 0.200
v 8.28579 0.26525 -4.62080 0.300 0.780 0.200
v 8.82290 0.26525 -4.42530 0.300 0.780 0.200
v 9.26075 0.26525 -4.05790 0.300 0.780 0.200
v 9.54654 0.26525 -3.56290 0.300 0.780 0.200
v 10.26525 -0.35420 -3.00000 0.300 0.780 0.200
v 10.12864 -0.35420 -2.22524 0.300 0.780 0.200
v 9.73528 -0.35420 -1.54393 0.300 0.780 0.200
v 9.13262 -0.35420 -1.03824 0.300 0.780 0.200
v 8.39336 -0.35420 -0.76917 0.300 0.780 0.200
v 7.60664 -0.35420 -0.76917 0.300 0.780 0.200
v 6.86738 -0.35420 -1.03824 0.300 0.780 0.200
v 6.26472 -0.35420 -1.54393 0.300 0.780 0.200
v 5.87136 -0.35420 -2.22524 0.300 0.780 0.200
v 5.73475 -0.35420 -3.00000 0.300 0.780 0.200
v 5.87136 -0.35420 -3.77476 0.300 0.780 0.200
v 6.26472 -0.35420 -4.45607 0.300 0.780 0.200
v 6.86738 -0.35420 -4.96176 0.300 0.780 0.200
v 7.60664 -0.35420 -5.23083 0.300 0.780 0.200
v 8.39336 -0.35420 -5.23083 0.300 0.780 0.200
v 9.13262 -0.35420 -4.96176 0.300 0.780 0.200
v 9.73528 -0.35420 -4.45607 0.300 0.780 0.200
v 10.12864 -0.35420 -3.77476 0.300 0.780 0.200
v 10.66296 -1.13475 -3.00000 0.300 0.780 0.200
v 10.50236 -1.13475 -2.08921 0.300 0.780 0.200
v 10.03994 -1.13475 -1.28828 0.300 0.780 0.200
v 9.33148 -1.13475 -0.69381 0.300 0.780 0.200
v 8.46242 -1.13475 -0.37750 0.300 0.780 0.200
v 7.53758 -1.13475 -0.37750 0.300 0.780 0.200
v 6.66852 -1.13475 -0.69381 0.300 0.780 0.200
v 5.96006 -1.13475 -1.28828 0.300 0.780 0.200
v 5.49764 -1.13475 -2.08921 0.300 0.780 0.200
v 5.33704 -1.13475 -3.00000 0.300 0.780 0.200
v 5.49764 -1.13475 -3.91079 0.300 0.780 0.200
v 5.96006 -1.13475 -4.71172 0.300 0.780 0.200
v 6.66852 -1.13475 -5.30619 0.300 0.780 0.200
v 7.53758 -1.13475 -5.62250 0.300 0.780 0.200
v 8.46242 -1.13475 -5.62250 0.300 0.780 0.200
v 9.33148 -1.13475 -5.30619 0.300 0.780 0.200
v 10.03994 -1.13475 -4.71172 0.300 0.780 0.200
v 10.50236 -1.13475 -3.91079 0.300 0.780 0.200
v 10.80000 -2.00000 -3.00000 0.300 0.780 0.200
v 10.63114 -2.00000 -2.04234 0.300 0.780 0.200
v 10.14492 -2.00000 -1.20019 0.300 0.780 0.200
v 9.40000 -2.00000 -0.57513 0.300 0.780 0.200
v 8.48621 -2.00000 -0.24254 0.300 0.780 0.200
v 7.51379 -2.00000 -0.24254 0.300 0.780 0.200
v 6.60000 -2.00000 -0.57513 0.300 0.780 0.200
v 5.85508 -2.00000 -1.20019 0.300 0.780 0.200
v 5.36886 -2.00000 -2.04234 0.300 0.780 0.200
v 5.20000 -2.00000 -3.00000 0.300 0.780 0.200
v 5.36886 -2.00000 -3.95766 0.300 0.780 0.200
v 5.85508 -2.00000 -4.79981 0.300 0.780 0.200
v 6.60000 -2.00000 -5.42487 0.300 0.780 0.200
v 7.51379 -2.00000 -5.75746 0.300 0.780 0.200
v 8.48621 -2.00000 -5.75746 0.300 0.780 0.200
v 9.40000 -2.00000 -5.42487 0.300 0.780 0.200
v 10.14492 -2.00000 -4.79981 0.300 0.780 0.200
v 10.63114 -2.00000 -3.95766 0.300 0.780 0.200
v 10.66296 -2.86525 -3.00000 0.300 0.780 0.200
v 10.50236 -2.86525 -2.08921 0.300 0.780 0.200
v 10.03994 -2.86525 -1.28828 0.300 0.780 0.200
v 9.33148 -2.86525 -0.69381 0.300 0.780 0.200
v 8.46242 -2.86525 -0.37750 0.300 0.780 0.200
v 7.53758 -2.86525 -0.37750 0.300 0.780 0.200
v 6.66852 -2.86525 -0.69381 0.300 0.780 0.200
v 5.96006 -2.86525 -1.28828 0.300 0.780 0.200
v 5.49764 -2.86525 -2.08921 0.300 0.780 0.200
v 5.33704 -2.86525 -3.00000 0.300 0.780 0.200
v 5.49764 -2.86525 -3.91079 0.300 0.780 0.200
v 5.96006 -2.86525 -4.71172 0.300 0.780 0.200
v 6.66852 -2.86525 -5.30619 0.300 0.780 0.200
v 7.53758 -2.86525 -5.62250 0.300 0.780 0.200
v 8.46242 -2.86525 -5.62250 0.300 0.780 0.200
v 9.33148 -2.86525 -5.30619 0.300 0.780 0.200
v 10.03994 -2.86525 -4.71172 0.300 0.780 0.200
v 10.50236 -2.86525 -3.91079 0.300 0.780 0.200
v 10.26525 -3.64580 -3.00000 0.300 0.780 0.200
v 10.12864 -3.64580 -2.22524 0.300 0.780 0.200
v 9.73528 -3.64580 -1.54393 0.300 0.780 0.200
v 9.13262 -3.64580 -1.03824 0.300 0.780 0.200
v 8.39336 -3.64580 -0.76917 0.300 0.780 0.200
v 7.60664 -3.64580 -0.76917 0.300 0.780 0.200
v 6.86738 -3.64580 -1.03824 0.300 0.780 0.200
v 6.26472 -3.64580 -1.54393 0.300 0.780 0.200
v 5.87136 -3.64580 -2.22524 0.300 0.780 0.200
v 5.73475 -3.64580 -3.00000 0.300 0.780 0.200
v 5.87136 -3.64580 -3.77476 0.300 0.780 0.200
v 6.26472 -3.64580 -4.45607 0.300 0.780 0.200
v 6.86738 -3.64580 -4.96176 0.300 0.780 0.200
v 7.60664 -3.64580 -5.23083 0.300 0.780 0.200
v 8.39336 -3.64580 -5.23083 0.300 0.780 0.200
v 9.13262 -3.64580 -4.96176 0.300 0.780 0.200
v 9.73528 -3.64580 -4.45607 0.300 0.780 0.200
v 10.12864 -3.64580 -3.77476 0.300 0.780 0.200
v 9.64580 -4.26525 -3.00000 0.300 0.780 0.200
v 9.54654 -4.26525 -2.43710 0.300 0.780 0.200
v 9.26075 -4.26525 -1.94210 0.300 0.780 0.200
v 8.82290 -4.26525 -1.57470 0.300 0.780 0.200
v 8.28579 -4.26525 -1.37920 0.300 0.780 0.200
v 7.71421 -4.26525 -1.37920 0.300 0.780 0.200
v 7.17710 -4.26525 -1.57470 0.300 0.780 0.200
v 6.73925 -4.26525 -1.94210 0.300 0.780 0.200
v 6.45346 -4.26525 -2.43710 0.300 0.780 0.200
v 6.35420 -4.26525 -3.00000 0.300 0.780 0.200
v 6.45346 -4.26525 -3.56290 0.300 0.780 0.200
v 6.73925 -4.26525 -4.05790 0.300 0.780 0.200
v 7.17710 -4.26525 -4.42530 0.300 0.780 0.200
v 7.71421 -4.26525 -4.62080 0.300 0.780 0.200
v 8.28579 -4.26525 -4.62080 0.300 0.780 0.200
v 8.82290 -4.26525 -4.42530 0.300 0.780 0.200
v 9.26075 -4.26525 -4.05790 0.300 0.780 0.200
v 9.54654 -4.26525 -3.56290 0.300 0.780 0.200
v 8.86525 -4.66296 -3.00000 0.300 0.780 0.200
v 8.81307 -4.66296 -2.70407 0.300 0.780 0.200
v 8.66282 -4.66296 -2.44383 0.300 0.780 0.200
v 8.43262 -4.66296 -2.25067 0.300 0.780 0.200
v 8.15025 -4.66296 -2.14790 0.300 0.780 0.200
v 7.84975 -4.66296 -2.14790 0.300 0.780 0.200
v 7.56738 -4.66296 -2.25067 0.300 0.780 0.200
v 7.33718 -4.66296 -2.44383 0.300 0.780 0.200
v 7.18693 -4.66296 -2.70407 0.300 0.780 0.200
v 7.13475 -4.66296 -3.00000 0.300 0.780 0.200
v 7.18693 -4.66296 -3.29593 0.300 0.780 0.200
v 7.33718 -4.66296 -3.55617 0.300 0.780 0.200
v 7.56738 -4.66296 -3.74933 0.300 0.780 0.200
v 7.84975 -4.66296 -3.85210 0.300 0.780 0.200
v 8.15025 -4.66296 -3.85210 0.300 0.780 0.200
v 8.43262 -4.66296 -3.74933 0.300 0.780 0.200
v 8.66282 -4.66296 -3.55617 0.300 0.780 0.200
v 8.81307 -4.66296 -3.29593 0.300 0.780 0.200
v 8.00000 -4.80000 -3.00000 0.300 0.780 0.200
v 8.00000 -4.80000 -3.00000 0.300 0.780 0.200
v 8.00000 -4.80000 -3.00000 0.300 0.780 0.200
v 8.00000 -4.80000 -3.00000 0.300 0.780 0.200
v 8.00000 -4.80000 -3.00000 0.300 0.780 0.200
v 8.00000 -4.80000 -3.00000 0.300 0.780 0.200
v 8.00000 -4.80000 -3.00000 0.300 0.780 0.200
v 8.00000 -4.80000 -3.00000 0.300 0.780 0.200
v 8.00000 -4.80000 -3.00000 0.300 0.780 0.200
v 8.00000 -4.80000 -3.00000 0.300 0.780 0.200
v 8.00000 -4.80000 -3.00000 0.300 0.780 0.200
v 8.00000 -4.80000 -3.00000 0.300 0.780 0.200
v 8.00000 -4.80000 -3.00000 0.300 0.780 0.200
v 8.00000 -4.80000 -3.00000 0.300 0.780 0.200
v 8.00000 -4.80000 -3.00000 0.300 0.780 0.200
v 8.00000 -4.80000 -3.00000 0.300 0.780 0.200
v 8.00000 -4.80000 -3.00000 0.300 0.780 0.200
v 8.00000 -4.80000 -3.00000 0.300 0.780 0.200
v -8.30000 -2.00000 -0.70000 0.420 0.240 0.060
v -7.70000 -2.00000 -0.70000 0.420 0.240 0.060
v -7.70000 1.50000 -0.70000 0.420 0.240 0.060
v -8.30000 1.50000 -0.70000 0.420 0.240 0.060
v -7.70000 -2.00000 -1.30000 0.420 0.240 0.060
v -8.30000 -2.00000 -1.30000 0.420 0.240 0.060
v -8.30000 1.50000 -1.30000 0.420 0.240 0.060
v -7.70000 1.50000 -1.30000 0.420 0.240 0.060
v -8.30000 1.50000 -0.70000 0.420 0.240 0.060
v -7.70000 1.50000 -0.70000 0.420 0.240 0.060
v -7.70000 1.50000 -1.30000 0.420 0.240 0.060
v -8.30000 1.50000 -1.30000 0.420 0.240 0.060
v -8.30000 -2.00000 -1.30000 0.420 0.240 0.060
v -7.70000 -2.00000 -1.30000 0.420 0.240 0.060
v -7.70000 -2.00000 -0.70000 0.420 0.240 0.060
v -8.30000 -2.00000 -0.70000 0.420 0.240 0.060
v -7.70000 -2.00000 -0.70000 0.420 0.240 0.060
v -7.70000 -2.00000 -1.30000 0.420 0.240 0.060
v -7.70000 1.50000 -1.30000 0.420 0.240 0.060
v -7.70000 1.50000 -0.70000 0.420 0.240 0.060
v -8.30000 -2.00000 -1.30000 0.420 0.240 0.060
v -8.30000 -2.00000 -0.70000 0.420 0.240 0.060
v -8.30000 1.50000 -0.70000 0.420 0.240 0.060
v -8.30000 1.50000 -1.30000 0.420 0.240 0.060
v -8.00000 3.60000 -1.00000 0.150 0.600 0.100
v -8.00000 3.60000 -1.00000 0.150 0.600 0.100
v -8.00000 3.60000 -1.00000 0.150 0.600 0.100
v -8.00000 3.60000 -1.00000 0.150 0.600 0.100
v -8.00000 3.60000 -1.00000 0.150 0.600 0.100
v -8.00000 3.60000 -1.00000 0.150 0.600 0.100
v -8.00000 3.60000 -1.00000 0.150 0.600 0.100
v -8.00000 3.60000 -1.00000 0.150 0.600 0.100
v -8.00000 3.60000 -1.00000 0.150 0.600 0.100
v -8.00000 3.60000 -1.00000 0.150 0.600 0.100
v -8.00000 3.60000 -1.00000 0.150 0.600 0.100
v -8.00000 3.60000 -1.00000 0.150 0.600 0.100
v -7.46424 3.49343 -1.00000 0.150 0.600 0.100
v -7.53602 3.49343 -0.73212 0.150 0.600 0.100
v -7.73212 3.49343 -0.53602 0.150 0.600 0.100
v -8.00000 3.49343 -0.46424 0.150 0.600 0.100
v -8.26788 3.49343 -0.53602 0.150 0.600 0.100
v -8.46398 3.49343 -0.73212 0.150 0.600 0.100
v -8.53576 3.49343 -1.00000 0.150 0.600 0.100
v -8.46398 3.49343 -1.26788 0.150 0.600 0.100
v -8.26788 3.49343 -1.46398 0.150 0.600 0.100
v -8.00000 3.49343 -1.53576 0.150 0.600 0.100
v -7.73212 3.49343 -1.46398 0.150 0.600 0.100
v -7.53602 3.49343 -1.26788 0.150 0.600 0.100
v -7.01005 3.18995 -1.00000 0.150 0.600 0.100
v -7.14268 3.18995 -0.50503 0.150 0.600 0.100
v -7.50503 3.18995 -0.14268 0.150 0.600 0.100
v -8.00000 3.18995 -0.01005 0.150 0.600 0.100
v -8.49497 3.18995 -0.14268 0.150 0.600 0.100
v -8.85732 3.18995 -0.50503 0.150 0.600 0.100
v -8.98995 3.18995 -1.00000 0.150 0.600 0.100
v -8.85732 3.18995 -1.49497 0.150 0.600 0.100
v -8.49497 3.18995 -1.85732 0.150 0.600 0.100
v -8.00000 3.18995 -1.98995 0.150 0.600 0.100
v -7.50503 3.18995 -1.85732 0.150 0.600 0.100
v -7.14268 3.18995 -1.49497 0.150 0.600 0.100
v -6.70657 2.73576 -1.00000 0.150 0.600 0.100
v -6.87986 2.73576 -0.35328 0.150 0.600 0.100
v -7.35328 2.73576 0.12014 0.150 0.600 0.100
v -8.00000 2.73576 0.29343 0.150 0.600 0.100
v -8.64672 2.73576 0.12014 0.150 0.600 0.100
v -9.12014 2.73576 -0.35328 0.150 0.600 0.100
v -9.29343 2.73576 -1.00000 0.150 0.600 0.100
v -9.12014 2.73576 -1.64672 0.150 0.600 0.100
v -8.64672 2.73576 -2.12014 0.150 0.600 0.100
v -8.00000 2.73576 -2.29343 0.150 0.600 0.100
v -7.35328 2.73576 -2.12014 0.150 0.600 0.100
v -6.87986 2.73576 -1.64672 0.150 0.600 0.100
v -6.60000 2.20000 -1.00000 0.150 0.600 0.100
v -6.78756 2.20000 -0.30000 0.150 0.600 0.100
v -7.30000 2.20000 0.21244 0.150 0.600 0.100
v -8.00000 2.20000 0.40000 0.150 0.600 0.100
v -8.70000 2.20000 0.21244 0.150 0.600 0.100
v -9.21244 2.20000 -0.30000 0.150 0.600 0.100
v -9.40000 2.20000 -1.00000 0.150 0.600 0.100
v -9.21244 2.20000 -1.70000 0.150 0.600 0.100
v -8.70000 2.20000 -2.21244 0.150 0.600 0.100
v -8.00000 2.20000 -2.40000 0.150 0.600 0.100
v -7.30000 2.20000 -2.21244 0.150 0.600 0.100
v -6.78756 2.20000 -1.70000 0.150 0.600 0.100
v -6.70657 1.66424 -1.00000 0.150 0.600 0.100
v -6.87986 1.66424 -0.35328 0.150 0.600 0.100
v -7.35328 1.66424 0.12014 0.150 0.600 0.100
v -8.00000 1.66424 0.29343 0.150 0.600 0.100
v -8.64672 1.66424 0.12014 0.150 0.600 0.100
v -9.12014 1.66424 -0.35328 0.150 0.600 0.100
v -9.29343 1.66424 -1.00000 0.150 0.600 0.100
v -9.12014 1.66424 -1.64672 0.150 0.600 0.100
v -8.64672 1.66424 -2.12014 0.150 0.600 0.100
v -8.00000 1.66424 -2.29343 0.150 0.600 0.100
v -7.35328 1.66424 -2.12014 0.150 0.600 0.100
v -6.87986 1.66424 -1.64672 0.150 0.600 0.100
v -7.01005 1.21005 -1.00000 0.150 0.600 0.100
v -7.14268 1.21005 -0.50503 0.150 0.600 0.100
v -7.50503 1.21005 -0.14268 0.150 0.600 0.100
v -8.00000 1.21005 -0.01005 0.150 0.600 0.100
v -8.49497 1.21005 -0.14268 0.150 0.600 0.100
v -8.85732 1.21005 -0.50503 0.150 0.600 0.100
v -8.98995 1.21005 -1.00000 0.150 0.600 0.100
v -8.85732 1.21005 -1.49497 0.150 0.600 0.100
v -8.49497 1.21005 -1.85732 0.150 0.600 0.100
v -8.00000 1.21005 -1.98995 0.150 0.600 0.100
v -7.50503 1.21005 -1.85732 0.150 0.600 0.100
v -7.14268 1.21005 -1.49497 0.150 0.600 0.100
v -7.46424 0.90657 -1.00000 0.150 0.600 0.100
v -7.53602 0.90657 -0.73212 0.150 0.600 0.100
v -7.73212 0.90657 -0.53602 0.150 0.600 0.100
v -8.00000 0.90657 -0.46424 0.150 0.600 0.100
v -8.26788 0.90657 -0.53602 0.150 0.600 0.100
v -8.46398 0.90657 -0.73212 0.150 0.600 0.100
v -8.53576 0.90657 -1.00000 0.150 0.600 0.100
v -8.46398 0.90657 -1.26788 0.150 0.600 0.100
v -8.26788 0.90657 -1.46398 0.150 0.600 0.100
v -8.00000 0.90657 -1.53576 0.150 0.600 0.100
v -7.73212 0.90657 -1.46398 0.150 0.600 0.100
v -7.53602 0.90657 -1.26788 0.150 0.600 0.100
v -8.00000 0.80000 -1.00000 0.150 0.600 0.100
v -8.00000 0.80000 -1.00000 0.150 0.600 0.100
v -8.00000 0.80000 -1.00000 0.150 0.600 0.100
v -8.00000 0.80000 -1.00000 0.150 0.600 0.100
v -8.00000 0.80000 -1.00000 0.150 0.600 0.100
v -8.00000 0.80000 -1.00000 0.150 0.600 0.100
v -8.00000 0.80000 -1.00000 0.150 0.600 0.100
v -8.00000 0.80000 -1.00000 0.150 0.600 0.100
v -8.00000 0.80000 -1.00000 0.150 0.600 0.100
v -8.00000 0.80000 -1.00000 0.150 0.600 0.100
v -8.00000 0.80000 -1.00000 0.150 0.600 0.100
v -8.00000 0.80000 -1.00000 0.150 0.600 0.100
v -8.00000 4.30000 -1.00000 0.150 0.650 0.100
v -8.00000 4.30000 -1.00000 0.150 0.650 0.100
v -8.00000 4.30000 -1.00000 0.150 0.650 0.100
v -8.00000 4.30000 -1.00000 0.150 0.650 0.100
v -8.00000 4.30000 -1.00000 0.150 0.650 0.100
v -8.00000 4.30000 -1.00000 0.150 0.650 0.100
v -8.00000 4.30000 -1.00000 0.150 0.650 0.100
v -8.00000 4.30000 -1.00000 0.150 0.650 0.100
v -8.00000 4.30000 -1.00000 0.150 0.650 0.100
v -8.00000 4.30000 -1.00000 0.150 0.650 0.100
v -8.00000 4.30000 -1.00000 0.150 0.650 0.100
v -8.00000 4.30000 -1.00000 0.150 0.650 0.100
v -7.57905 4.21627 -1.00000 0.150 0.650 0.100
v -7.63545 4.21627 -0.78952 0.150 0.650 0.100
v -7.78952 4.21627 -0.63545 0.150 0.650 0.100
v -8.00000 4.21627 -0.57905 0.150 0.650 0.100
v -8.21048 4.21627 -0.63545 0.150 0.650 0.100
v -8.36455 4.21627 -0.78952 0.150 0.650 0.100
v -8.42095 4.21627 -1.00000 0.150 0.650 0.100
v -8.36455 4.21627 -1.21048 0.150 0.650 0.100
v -8.21048 4.21627 -1.36455 0.150 0.650 0.100
v -8.00000 4.21627 -1.42095 0.150 0.650 0.100
v -7.78952 4.21627 -1.36455 0.150 0.650 0.100
v -7.63545 4.21627 -1.21048 0.150 0.650 0.100
v -7.22218 3.97782 -1.00000 0.150 0.650 0.100
v -7.32639 3.97782 -0.61109 0.150 0.650 0.100
v -7.61109 3.97782 -0.32639 0.150 0.650 0.100
v -8.00000 3.97782 -0.22218 0.150 0.650 0.100
v -8.38891 3.97782 -0.32639 0.150 0.650 0.100
v -8.67361 3.97782 -0.61109 0.150 0.650 0.100
v -8.77782 3.97782 -1.00000 0.150 0.650 0.100
v -8.67361 3.97782 -1.38891 0.150 0.650 0.100
v -8.38891 3.97782 -1.67361 0.150 0.650 0.100
v -8.00000 3.97782 -1.77782 0.150 0.650 0.100
v -7.61109 3.97782 -1.67361 0.150 0.650 0.100
v -7.32639 3.97782 -1.38891 0.150 0.650 0.100
v -6.98373 3.62095 -1.00000 0.150 0.650 0.100
v -7.11989 3.62095 -0.49187 0.150 0.650 0.100
v -7.49187 3.62095 -0.11989 0.150 0.650 0.100
v -8.00000 3.62095 0.01627 0.150 0.650 0.100
v -8.50813 3.62095 -0.11989 0.150 0.650 0.100
v -8.88011 3.62095 -0.49187 0.150 0.650 0.100
v -9.01627 3.62095 -1.00000 0.150 0.650 0.100
v -8.88011 3.62095 -1.50813 0.150 0.650 0.100
v -8.50813 3.62095 -1.88011 0.150 0.650 0.100
v -8.00000 3.62095 -2.01627 0.150 0.650 0.100
v -7.49187 3.62095 -1.88011 0.150 0.650 0.100
v -7.11989 3.62095 -1.50813 0.150 0.650 0.100
v -6.90000 3.20000 -1.00000 0.150 0.650 0.100
v -7.04737 3.20000 -0.45000 0.150 0.650 0.100
v -7.45000 3.20000 -0.04737 0.150 0.650 0.100
v -8.00000 3.20000 0.10000 0.150 0.650 0.100
v -8.55000 3.20000 -0.04737 0.150 0.650 0.100
v -8.95263 3.20000 -0.45000 0.150 0.650 0.100
v -9.10000 3.20000 -1.00000 0.150 0.650 0.100
v -8.95263 3.20000 -1.55000 0.150 0.650 0.100
v -8.55000 3.20000 -1.95263 0.150 0.650 0.100
v -8.00000 3.20000 -2.10000 0.150 0.650 0.100
v -7.45000 3.20000 -1.95263 0.150 0.650 0.100
v -7.04737 3.20000 -1.55000 0.150 0.650 0.100
v -6.98373 2.77905 -1.00000 0.150 0.650 0.100
v -7.11989 2.77905 -0.49187 0.150 0.650 0.100
v -7.49187 2.77905 -0.11989 0.150 0.650 0.100
v -8.00000 2.77905 0.01627 0.150 0.650 0.100
v -8.50813 2.77905 -0.11989 0.150 0.650 0.100
v -8.88011 2.77905 -0.49187 0.150 0.650 0.100
v -9.01627 2.77905 -1.00000 0.150 0.650 0.100
v -8.88011 2.77905 -1.50813 0.150 0.650 0.100
v -8.50813 2.77905 -1.88011 0.150 0.650 0.100
v -8.00000 2.77905 -2.01627 0.150 0.650 0.100
v -7.49187 2.77905 -1.88011 0.150 0.650 0.100
v -7.11989 2.77905 -1.50813 0.150 0.650 0.100
v -7.22218 2.42218 -1.00000 0.150 0.650 0.100
v -7.32639 2.42218 -0.61109 0.150 0.650 0.100
v -7.61109 2.42218 -0.32639 0.150 0.650 0.100
v -8.00000 2.42218 -0.22218 0.150 0.650 0.100
v -8.38891 2.42218 -0.32639 0.150 0.650 0.100
v -8.67361 2.42218 -0.61109 0.150 0.650 0.100
v -8.77782 2.42218 -1.00000 0.150 0.650 0.100
v -8.67361 2.42218 -1.38891 0.150 0.650 0.100
v -8.38891 2.42218 -1.67361 0.150 0.650 0.100
v -8.00000 2.42218 -1.77782 0.150 0.650 0.100
v -7.61109 2.42218 -1.67361 0.150 0.650 0.100
v -7.32639 2.42218 -1.38891 0.150 0.650 0.100
v -7.57905 2.18373 -1.00000 0.150 0.650 0.100
v -7.63545 2.18373 -0.78952 0.150 0.650 0.100
v -7.78952 2.18373 -0.63545 0.150 0.650 0.100
v -8.00000 2.18373 -0.57905 0.150 0.650 0.100
v -8.21048 2.18373 -0.63545 0.150 0.650 0.100
v -8.36455 2.18373 -0.78952 0.150 0.650 0.100
v -8.42095 2.18373 -1.00000 0.150 0.650 0.100
v -8.36455 2.18373 -1.21048 0.150 0.650 0.100
v -8.21048 2.18373 -1.36455 0.150 0.650 0.100
v -8.00000 2.18373 -1.42095 0.150 0.650 0.100
v -7.78952 2.18373 -1.36455 0.150 0.650 0.100
v -7.63545 2.18373 -1.21048 0.150 0.650 0.100
v -8.00000 2.10000 -1.00000 0.150 0.650 0.100
v -8.00000 2.10000 -1.00000 0.150 0.650 0.100
v -8.00000 2.10000 -1.00000 0.150 0.650 0.100
v -8.00000 2.10000 -1.00000 0.150 0.650 0.100
v -8.00000 2.10000 -1.00000 0.150 0.650 0.100
v -8.00000 2.10000 -1.00000 0.150 0.650 0.100
v -8.00000 2.10000 -1.00000 0.150 0.650 0.100
v -8.00000 2.10000 -1.00000 0.150 0.650 0.100
v -8.00000 2.10000 -1.00000 0.150 0.650 0.100
v -8.00000 2.10000 -1.00000 0.150 0.650 0.100
v -8.00000 2.10000 -1.00000 0.150 0.650 0.100
v -8.00000 2.10000 -1.00000 0.150 0.650 0.100
v -8.00000 4.70000 -1.00000 0.180 0.700 0.120
v -8.00000 4.70000 -1.00000 0.180 0.700 0.120
v -8.00000 4.70000 -1.00000 0.180 0.700 0.120
v -8.00000 4.70000 -1.00000 0.180 0.700 0.120
v -8.00000 4.70000 -1.00000 0.180 0.700 0.120
v -8.00000 4.70000 -1.00000 0.180 0.700 0.120
v -8.00000 4.70000 -1.00000 0.180 0.700 0.120
v -8.00000 4.70000 -1.00000 0.180 0.700 0.120
v -8.00000 4.70000 -1.00000 0.180 0.700 0.120
v -8.00000 4.70000 -1.00000 0.180 0.700 0.120
v -7.65000 4.60622 -1.00000 0.180 0.700 0.120
v -7.71684 4.60622 -0.79428 0.180 0.700 0.120
v -7.89184 4.60622 -0.66713 0.180 0.700 0.120
v -8.10816 4.60622 -0.66713 0.180 0.700 0.120
v -8.28316 4.60622 -0.79428 0.180 0.700 0.120
v -8.35000 4.60622 -1.00000 0.180 0.700 0.120
v -8.28316 4.60622 -1.20572 0.180 0.700 0.120
v -8.10816 4.60622 -1.33287 0.180 0.700 0.120
v -7.89184 4.60622 -1.33287 0.180 0.700 0.120
v -7.71684 4.60622 -1.20572 0.180 0.700 0.120
v -7.39378 4.35000 -1.00000 0.180 0.700 0.120
v -7.50956 4.35000 -0.64367 0.180 0.700 0.120
v -7.81267 4.35000 -0.42345 0.180 0.700 0.120
v -8.18733 4.35000 -0.42345 0.180 0.700 0.120
v -8.49044 4.35000 -0.64367 0.180 0.700 0.120
v -8.60622 4.35000 -1.00000 0.180 0.700 0.120
v -8.49044 4.35000 -1.35633 0.180 0.700 0.120
v -8.18733 4.35000 -1.57655 0.180 0.700 0.120
v -7.81267 4.35000 -1.57655 0.180 0.700 0.120
v -7.50956 4.35000 -1.35633 0.180 0.700 0.120
v -7.30000 4.00000 -1.00000 0.180 0.700 0.120
v -7.43369 4.00000 -0.58855 0.180 0.700 0.120
v -7.78369 4.00000 -0.33426 0.180 0.700 0.120
v -8.21631 4.00000 -0.33426 0.180 0.700 0.120
v -8.56631 4.00000 -0.58855 0.180 0.700 0.120
v -8.70000 4.00000 -1.00000 0.180 0.700 0.120
v -8.56631 4.00000 -1.41145 0.180 0.700 0.120
v -8.21631 4.00000 -1.66574 0.180 0.700 0.120
v -7.78369 4.00000 -1.66574 0.180 0.700 0.120
v -7.43369 4.00000 -1.41145 0.180 0.700 0.120
v -7.39378 3.65000 -1.00000 0.180 0.700 0.120
v -7.50956 3.65000 -0.64367 0.180 0.700 0.120
v -7.81267 3.65000 -0.42345 0.180 0.700 0.120
v -8.18733 3.65000 -0.42345 0.180 0.700 0.120
v -8.49044 3.65000 -0.64367 0.180 0.700 0.120
v -8.60622 3.65000 -1.00000 0.180 0.700 0.120
v -8.49044 3.65000 -1.35633 0.180 0.700 0.120
v -8.18733 3.65000 -1.57655 0.180 0.700 0.120
v -7.81267 3.65000 -1.57655 0.180 0.700 0.120
v -7.50956 3.65000 -1.35633 0.180 0.700 0.120
v -7.65000 3.39378 -1.00000 0.180 0.700 0.120
v -7.71684 3.39378 -0.79428 0.180 0.700 0.120
v -7.89184 3.39378 -0.66713 0.180 0.700 0.120
v -8.10816 3.39378 -0.66713 0.180 0.700 0.120
v -8.28316 3.39378 -0.79428 0.180 0.700 0.120
v -8.35000 3.39378 -1.00000 0.180 0.700 0.120
v -8.28316 3.39378 -1.20572 0.180 0.700 0.120
v -8.10816 3.39378 -1.33287 0.180 0.700 0.120
v -7.89184 3.39378 -1.33287 0.180 0.700 0.120
v -7.71684 3.39378 -1.20572 0.180 0.700 0.120
v -8.00000 3.30000 -1.00000 0.180 0.700 0.120
v -8.00000 3.30000 -1.00000 0.180 0.700 0.120
v -8.00000 3.30000 -1.00000 0.180 0.700 0.120
v -8.00000 3.30000 -1.00000 0.180 0.700 0.120
v -8.00000 3.30000 -1.00000 0.180 0.700 0.120
v -8.00000 3.30000 -1.00000 0.180 0.700 0.120
v -8.00000 3.30000 -1.00000 0.180 0.700 0.120
v -8.00000 3.30000 -1.00000 0.180 0.700 0.120
v -8.00000 3.30000 -1.00000 0.180 0.700 0.120
v -8.00000 3.30000 -1.00000 0.180 0.700 0.120
v -6.30000 -2.00000 -2.20000 0.420 0.240 0.060
v -5.70000 -2.00000 -2.20000 0.420 0.240 0.060
v -5.70000 1.50000 -2.20000 0.420 0.240 0.060
v -6.30000 1.50000 -2.20000 0.420 0.240 0.060
v -5.70000 -2.00000 -2.80000 0.420 0.240 0.060
v -6.30000 -2.00000 -2.80000 0.420 0.240 0.060
v -6.30000 1.50000 -2.80000 0.420 0.240 0.060
v -5.70000 1.50000 -2.80000 0.420 0.240 0.060
v -6.30000 1.50000 -2.20000 0.420 0.240 0.060
v -5.70000 1.50000 -2.20000 0.420 0.240 0.060
v -5.70000 1.50000 -2.80000 0.420 0.240 0.060
v -6.30000 1.50000 -2.80000 0.420 0.240 0.060
v -6.30000 -2.00000 -2.80000 0.420 0.240 0.060
v -5.70000 -2.00000 -2.80000 0.420 0.240 0.060
v -5.70000 -2.00000 -2.20000 0.420 0.240 0.060
v -6.30000 -2.00000 -2.20000 0.420 0.240 0.060
v -5.70000 -2.00000 -2.20000 0.420 0.240 0.060
v -5.70000 -2.00000 -2.80000 0.420 0.240 0.060
v -5.70000 1.50000 -2.80000 0.420 0.240 0.060
v -5.70000 1.50000 -2.20000 0.420 0.240 0.060
v -6.30000 -2.00000 -2.80000 0.420 0.240 0.060
v -6.30000 -2.00000 -2.20000 0.420 0.240 0.060
v -6.30000 1.50000 -2.20000 0.420 0.240 0.060
v -6.30000 1.50000 -2.80000 0.420 0.240 0.060
v -6.00000 3.60000 -2.50000 0.150 0.600 0.100
v -6.00000 3.60000 -2.50000 0.150 0.600 0.100
v -6.00000 3.60000 -2.50000 0.150 0.600 0.100
v -6.00000 3.60000 -2.50000 0.150 0.600 0.100
v -6.00000 3.60000 -2.50000 0.150 0.600 0.100
v -6.00000 3.60000 -2.50000 0.150 0.600 0.100
v -6.00000 3.60000 -2.50000 0.150 0.600 0.100
v -6.00000 3.60000 -2.50000 0.150 0.600 0.100
v -6.00000 3.60000 -2.50000 0.150 0.600 0.100
v -6.00000 3.60000 -2.50000 0.150 0.600 0.100
v -6.00000 3.60000 -2.50000 0.150 0.600 0.100
v -6.00000 3.60000 -2.50000 0.150 0.600 0.100
v -5.46424 3.49343 -2.50000 0.150 0.600 0.100
v -5.53602 3.49343 -2.23212 0.150 0.600 0.100
v -5.73212 3.49343 -2.03602 0.150 0.600 0.100
v -6.00000 3.49343 -1.96424 0.150 0.600 0.100
v -6.26788 3.49343 -2.03602 0.150 0.600 0.100
v -6.46398 3.49343 -2.23212 0.150 0.600 0.100
v -6.53576 3.49343 -2.50000 0.150 0.600 0.100
v -6.46398 3.49343 -2.76788 0.150 0.600 0.100
v -6.26788 3.49343 -2.96398 0.150 0.600 0.100
v -6.00000 3.49343 -3.03576 0.150 0.600 0.100
v -5.73212 3.49343 -2.96398 0.150 0.600 0.100
v -5.53602 3.49343 -2.76788 0.150 0.600 0.100
v -5.01005 3.18995 -2.50000 0.150 0.600 0.100
v -5.14268 3.18995 -2.00503 0.150 0.600 0.100
v -5.50503 3.18995 -1.64268 0.150 0.600 0.100
v -6.00000 3.18995 -1.51005 0.150 0.600 0.100
v -6.49497 3.18995 -1.64268 0.150 0.600 0.100
v -6.85732 3.18995 -2.00503 0.150 0.600 0.100
v -6.98995 3.18995 -2.50000 0.150 0.600 0.100
v -6.85732 3.18995 -2.99497 0.150 0.600 0.100
v -6.49497 3.18995 -3.35732 0.150 0.600 0.100
v -6.00000 3.18995 -3.48995 0.150 0.600 0.100
v -5.50503 3.18995 -3.35732 0.150 0.600 0.100
v -5.14268 3.18995 -2.99497 0.150 0.600 0.100
v -4.70657 2.73576 -2.50000 0.150 0.600 0.100
v -4.87986 2.73576 -1.85328 0.150 0.600 0.100
v -5.35328 2.73576 -1.37986 0.150 0.600 0.100
v -6.00000 2.73576 -1.20657 0.150 0.600 0.100
v -6.64672 2.73576 -1.37986 0.150 0.600 0.100
v -7.12014 2.73576 -1.85328 0.150 0.600 0.100
v -7.29343 2.73576 -2.50000 0.150 0.600 0.100
v -7.12014 2.73576 -3.14672 0.150 0.600 0.100
v -6.64672 2.73576 -3.62014 0.150 0.600 0.100
v -6.00000 2.73576 -3.79343 0.150 0.600 0.100
v -5.35328 2.73576 -3.62014 0.150 0.600 0.100
v -4.87986 2.73576 -3.14672 0.150 0.600 0.100
v -4.60000 2.20000 -2.50000 0.150 0.600 0.100
v -4.78756 2.20000 -1.80000 0.150 0.600 0.100
v -5.30000 2.20000 -1.28756 0.150 0.600 0.100
v -6.00000 2.20000 -1.10000 0.150 0.600 0.100
v -6.70000 2.20000 -1.28756 0.150 0.600 0.100
v -7.21244 2.20000 -1.80000 0.150 0.600 0.100
v -7.40000 2.20000 -2.50000 0.150 0.600 0.100
v -7.21244 2.20000 -3.20000 0.150 0.600 0.100
v -6.70000 2.20000 -3.71244 0.150 0.600 0.100
v -6.00000 2.20000 -3.90000 0.150 0.600 0.100
v -5.30000 2.20000 -3.71244 0.150 0.600 0.100
v -4.78756 2.20000 -3.20000 0.150 0.600 0.100
v -4.70657 1.66424 -2.50000 0.150 0.600 0.100
v -4.87986 1.66424 -1.85328 0.150 0.600 0.100
v -5.35328 1.66424 -1.37986 0.150 0.600 0.100
v -6.00000 1.66424 -1.20657 0.150 0.600 0.100
v -6.64672 1.66424 -1.37986 0.150 0.600 0.100
v -7.12014 1.66424 -1.85328 0.150 0.600 0.100
v -7.29343 1.66424 -2.50000 0.150 0.600 0.100
v -7.12014 1.66424 -3.14672 0.150 0.600 0.100
v -6.64672 1.66424 -3.62014 0.150 0.600 0.100
v -6.00000 1.66424 -3.79343 0.150 0.600 0.100
v -5.35328 1.66424 -3.62014 0.150 0.600 0.100
v -4.87986 1.66424 -3.14672 0.150 0.600 0.100
v -5.01005 1.21005 -2.50000 0.150 0.600 0.100
v -5.14268 1.21005 -2.00503 0.150 0.600 0.100
v -5.50503 1.21005 -1.64268 0.150 0.600 0.100
v -6.00000 1.21005 -1.51005 0.150 0.600 0.100
v -6.49497 1.21005 -1.64268 0.150 0.600 0.100
v -6.85732 1.21005 -2.00503 0.150 0.600 0.100
v -6.98995 1.21005 -2.50000 0.150 0.600 0.100
v -6.85732 1.21005 -2.99497 0.150 0.600 0.100
v -6.49497 1.21005 -3.35732 0.150 0.600 0.100
v -6.00000 1.21005 -3.48995 0.150 0.600 0.100
v -5.50503 1.21005 -3.35732 0.150 0.600 0.100
v -5.14268 1.21005 -2.99497 0.150 0.600 0.100
v -5.46424 0.90657 -2.50000 0.150 0.600 0.100
v -5.53602 0.90657 -2.23212 0.150 0.600 0.100
v -5.73212 0.90657 -2.03602 0.150 0.600 0.100
v -6.00000 0.90657 -1.96424 0.150 0.600 0.100
v -6.26788 0.90657 -2.03602 0.150 0.600 0.100
v -6.46398 0.90657 -2.23212 0.150 0.600 0.100
v -6.53576 0.90657 -2.50000 0.150 0.600 0.100
v -6.46398 0.90657 -2.76788 0.150 0.600 0.100
v -6.26788 0.90657 -2.96398 0.150 0.600 0.100
v -6.00000 0.90657 -3.03576 0.150 0.600 0.100
v -5.73212 0.90657 -2.96398 0.150 0.600 0.100
v -5.53602 0.90657 -2.76788 0.150 0.600 0.100
v -6.00000 0.80000 -2.50000 0.150 0.600 0.100
v -6.00000 0.80000 -2.50000 0.150 0.600 0.100
v -6.00000 0.80000 -2.50000 0.150 0.600 0.100
v -6.00000 0.80000 -2.50000 0.150 0.600 0.100
v -6.00000 0.80000 -2.50000 0.150 0.600 0.100
v -6.00000 0.80000 -2.50000 0.150 0.600 0.100
v -6.00000 0.80000 -2.50000 0.150 0.600 0.100
v -6.00000 0.80000 -2.50000 0.150 0.600 0.100
v -6.00000 0.80000 -2.50000 0.150 0.600 0.100
v -6.00000 0.80000 -2.50000 0.150 0.600 0.100
v -6.00000 0.80000 -2.50000 0.150 0.600 0.100
v -6.00000 0.80000 -2.50000 0.150 0.600 0.100
v -6.00000 4.30000 -2.50000 0.150 0.650 0.100
v -6.00000 4.30000 -2.50000 0.150 0.650 0.100
v -6.00000 4.30000 -2.50000 0.150 0.650 0.100
v -6.00000 4.30000 -2.50000 0.150 0.650 0.100
v -6.00000 4.30000 -2.50000 0.150 0.650 0.100
v -6.00000 4.30000 -2.50000 0.150 0.650 0.100
v -6.00000 4.30000 -2.50000 0.150 0.650 0.100
v -6.00000 4.30000 -2.50000 0.150 0.650 0.100
v -6.00000 4.30000 -2.50000 0.150 0.650 0.100
v -6.00000 4.30000 -2.50000 0.150 0.650 0.100
v -6.00000 4.30000 -2.50000 0.150 0.650 0.100
v -6.00000 4.30000 -2.50000 0.150 0.650 0.100
v -5.57905 4.21627 -2.50000 0.150 0.650 0.100
v -5.63545 4.21627 -2.28952 0.150 0.650 0.100
v -5.78952 4.21627 -2.13545 0.150 0.650 0.100
v -6.00000 4.21627 -2.07905 0.150 0.650 0.100
v -6.21048 4.21627 -2.13545 0.150 0.650 0.100
v -6.36455 4.21627 -2.28952 0.150 0.650 0.100
v -6.42095 4.21627 -2.50000 0.150 0.650 0.100
v -6.36455 4.21627 -2.71048 0.150 0.650 0.100
v -6.21048 4.21627 -2.86455 0.150 0.650 0.100
v -6.00000 4.21627 -2.92095 0.150 0.650 0.100
v -5.78952 4.21627 -2.86455 0.150 0.650 0.100
v -5.63545 4.21627 -2.71048 0.150 0.650 0.100
v -5.22218 3.97782 -2.50000 0.150 0.650 0.100
v -5.32639 3.97782 -2.11109 0.150 0.650 0.100
v -5.61109 3.97782 -1.82639 0.150 0.650 0.100
v -6.00000 3.97782 -1.72218 0.150 0.650 0.100
v -6.38891 3.97782 -1.82639 0.150 0.650 0.100
v -6.67361 3.97782 -2.11109 0.150 0.650 0.100
v -6.77782 3.97782 -2.50000 0.150 0.650 0.100
v -6.67361 3.97782 -2.88891 0.150 0.650 0.100
v -6.38891 3.97782 -3.17361 0.150 0.650 0.100
v -6.00000 3.97782 -3.27782 0.150 0.650 0.100
v -5.61109 3.97782 -3.17361 0.150 0.650 0.100
v -5.32639 3.97782 -2.88891 0.150 0.650 0.100
v -4.98373 3.62095 -2.50000 0.150 0.650 0.100
v -5.11989 3.62095 -1.99187 0.150 0.650 0.100
v -5.49187 3.62095 -1.61989 0.150 0.650 0.100
v -6.00000 3.62095 -1.48373 0.150 0.650 0.100
v -6.50813 3.62095 -1.61989 0.150 0.650 0.100
v -6.88011 3.62095 -1.99187 0.150 0.650 0.100
v -7.01627 3.62095 -2.50000 0.150 0.650 0.100
v -6.88011 3.62095 -3.00813 0.150 0.650 0.100
v -6.50813 3.62095 -3.38011 0.150 0.650 0.100
v -6.00000 3.62095 -3.51627 0.150 0.650 0.100
v -5.49187 3.62095 -3.38011 0.150 0.650 0.100
v -5.11989 3.62095 -3.00813 0.150 0.650 0.100
v -4.90000 3.20000 -2.50000 0.150 0.650 0.100
v -5.04737 3.20000 -1.95000 0.150 0.650 0.100
v -5.45000 3.20000 -1.54737 0.150 0.650 0.100
v -6.00000 3.20000 -1.40000 0.150 0.650 0.100
v -6.55000 3.20000 -1.54737 0.150 0.650 0.100
v -6.95263 3.20000 -1.95000 0.150 0.650 0.100
v -7.10000 3.20000 -2.50000 0.150 0.650 0.100
v -6.95263 3.20000 -3.05000 0.150 0.650 0.100
v -6.55000 3.20000 -3.45263 0.150 0.650 0.100
v -6.00000 3.20000 -3.60000 0.150 0.650 0.100
v -5.45000 3.20000 -3.45263 0.150 0.650 0.100
v -5.04737 3.20000 -3.05000 0.150 0.650 0.100
v -4.98373 2.77905 -2.50000 0.150 0.650 0.100
v -5.11989 2.77905 -1.99187 0.150 0.650 0.100
v -5.49187 2.77905 -1.61989 0.150 0.650 0.100
v -6.00000 2.77905 -1.48373 0.150 0.650 0.100
v -6.50813 2.77905 -1.61989 0.150 0.650 0.100
v -6.88011 2.77905 -1.99187 0.150 0.650 0.100
v -7.01627 2.77905 -2.50000 0.150 0.650 0.100
v -6.88011 2.77905 -3.00813 0.150 0.650 0.100
v -6.50813 2.77905 -3.38011 0.150 0.650 0.100
v -6.00000 2.77905 -3.51627 0.150 0.650 0.100
v -5.49187 2.77905 -3.38011 0.150 0.650 0.100
v -5.11989 2.77905 -3.00813 0.150 0.650 0.100
v -5.22218 2.42218 -2.50000 0.150 0.650 0.100
v -5.32639 2.42218 -2.11109 0.150 0.650 0.100
v -5.61109 2.42218 -1.82639 0.150 0.650 0.100
v -6.00000 2.42218 -1.72218 0.150 0.650 0.100
v -6.38891 2.42218 -1.82639 0.150 0.650 0.100
v -6.67361 2.42218 -2.11109 0.150 0.650 0.100
v -6.77782 2.42218 -2.50000 0.150 0.650 0.100
v -6.67361 2.42218 -2.88891 0.150 0.650 0.100
v -6.38891 2.42218 -3.17361 0.150 0.650 0.100
v -6.00000 2.42218 -3.27782 0.150 0.650 0.100
v -5.61109 2.42218 -3.17361 0.150 0.650 0.100
v -5.32639 2.42218 -2.88891 0.150 0.650 0.100
v -5.57905 2.18373 -2.50000 0.150 0.650 0.100
v -5.63545 2.18373 -2.28952 0.150 0.650 0.100
v -5.78952 2.18373 -2.13545 0.150 0.650 0.100
v -6.00000 2.18373 -2.07905 0.150 0.650 0.100
v -6.21048 2.18373 -2.13545 0.150 0.650 0.100
v -6.36455 2.18373 -2.28952 0.150 0.650 0.100
v -6.42095 2.18373 -2.50000 0.150 0.650 0.100
v -6.36455 2.18373 -2.71048 0.150 0.650 0.100
v -6.21048 2.18373 -2.86455 0.150 0.650 0.100
v -6.00000 2.18373 -2.92095 0.150 0.650 0.100
v -5.78952 2.18373 -2.86455 0.150 0.650 0.100
v -5.63545 2.18373 -2.71048 0.150 0.650 0.100
v -6.00000 2.10000 -2.50000 0.150 0.650 0.100
v -6.00000 2.10000 -2.50000 0.150 0.650 0.100
v -6.00000 2.10000 -2.50000 0.150 0.650 0.100
v -6.00000 2.10000 -2.50000 0.150 0.650 0.100
v -6.00000 2.10000 -2.50000 0.150 0.650 0.100
v -6.00000 2.10000 -2.50000 0.150 0.650 0.100
v -6.00000 2.10000 -2.50000 0.150 0.650 0.100
v -6.00000 2.10000 -2.50000 0.150 0.650 0.100
v -6.00000 2.10000 -2.50000 0.150 0.650 0.100
v -6.00000 2.10000 -2.50000 0.150 0.650 0.100
v -6.00000 2.10000 -2.50000 0.150 0.650 0.100
v -6.00000 2.10000 -2.50000 0.150 0.650 0.100
v -6.00000 4.70000 -2.50000 0.180 0.700 0.120
v -6.00000 4.70000 -2.50000 0.180 0.700 0.120
v -6.00000 4.70000 -2.50000 0.180 0.700 0.120
v -6.00000 4.70000 -2.50000 0.180 0.700 0.120
v -6.00000 4.70000 -2.50000 0.180 0.700 0.120
v -6.00000 4.70000 -2.50000 0.180 0.700 0.120
v -6.00000 4.70000 -2.50000 0.180 0.700 0.120
v -6.00000 4.70000 -2.50000 0.180 0.700 0.120
v -6.00000 4.70000 -2.50000 0.180 0.700 0.120
v -6.00000 4.70000 -2.50000 0.180 0.700 0.120
v -5.65000 4.60622 -2.50000 0.180 0.700 0.120
v -5.71684 4.60622 -2.29428 0.180 0.700 0.120
v -5.89184 4.60622 -2.16713 0.180 0.700 0.120
v -6.10816 4.60622 -2.16713 0.180 0.700 0.120
v -6.28316 4.60622 -2.29428 0.180 0.700 0.120
v -6.35000 4.60622 -2.50000 0.180 0.700 0.120
v -6.28316 4.60622 -2.70572 0.180 0.700 0.120
v -6.10816 4.60622 -2.83287 0.180 0.700 0.120
v -5.89184 4.60622 -2.83287 0.180 0.700 0.120
v -5.71684 4.60622 -2.70572 0.180 0.700 0.120
v -5.39378 4.35000 -2.50000 0.180 0.700 0.120
v -5.50956 4.35000 -2.14367 0.180 0.700 0.120
v -5.81267 4.35000 -1.92345 0.180 0.700 0.120
v -6.18733 4.35000 -1.92345 0.180 0.700 0.120
v -6.49044 4.35000 -2.14367 0.180 0.700 0.120
v -6.60622 4.35000 -2.50000 0.180 0.700 0.120
v -6.49044 4.35000 -2.85633 0.180 0.700 0.120
v -6.18733 4.35000 -3.07655 0.180 0.700 0.120
v -5.81267 4.35000 -3.07655 0.180 0.700 0.120
v -5.50956 4.35000 -2.85633 0.180 0.700 0.120
v -5.30000 4.00000 -2.50000 0.180 0.700 0.120
v -5.43369 4.00000 -2.08855 0.180 0.700 0.120
v -5.78369 4.00000 -1.83426 0.180 0.700 0.120
v -6.21631 4.00000 -1.83426 0.180 0.700 0.120
v -6.56631 4.00000 -2.08855 0.180 0.700 0.120
v -6.70000 4.00000 -2.50000 0.180 0.700 0.120
v -6.56631 4.00000 -2.91145 0.180 0.700 0.120
v -6.21631 4.00000 -3.16574 0.180 0.700 0.120
v -5.78369 4.00000 -3.16574 0.180 0.700 0.120
v -5.43369 4.00000 -2.91145 0.180 0.700 0.120
v -5.39378 3.65000 -2.50000 0.180 0.700 0.120
v -5.50956 3.65000 -2.14367 0.180 0.700 0.120
v -5.81267 3.65000 -1.92345 0.180 0.700 0.120
v -6.18733 3.65000 -1.92345 0.180 0.700 0.120
v -6.49044 3.65000 -2.14367 0.180 0.700 0.120
v -6.60622 3.65000 -2.50000 0.180 0.700 0.120
v -6.49044 3.65000 -2.85633 0.180 0.700 0.120
v -6.18733 3.65000 -3.07655 0.180 0.700 0.120
v -5.81267 3.65000 -3.07655 0.180 0.700 0.120
v -5.50956 3.65000 -2.85633 0.180 0.700 0.120
v -5.65000 3.39378 -2.50000 0.180 0.700 0.120
v -5.71684 3.39378 -2.29428 0.180 0.700 0.120
v -5.89184 3.39378 -2.16713 0.180 0.700 0.120
v -6.10816 3.39378 -2.16713 0.180 0.700 0.120
v -6.28316 3.39378 -2.29428 0.180 0.700 0.120
v -6.35000 3.39378 -2.50000 0.180 0.700 0.120
v -6.28316 3.39378 -2.70572 0.180 0.700 0.120
v -6.10816 3.39378 -2.83287 0.180 0.700 0.120
v -5.89184 3.39378 -2.83287 0.180 0.700 0.120
v -5.71684 3.39378 -2.70572 0.180 0.700 0.120
v -6.00000 3.30000 -2.50000 0.180 0.700 0.120
v -6.00000 3.30000 -2.50000 0.180 0.700 0.120
v -6.00000 3.30000 -2.50000 0.180 0.700 0.120
v -6.00000 3.30000 -2.50000 0.180 0.700 0.120
v -6.00000 3.30000 -2.50000 0.180 0.700 0.120
v -6.00000 3.30000 -2.50000 0.180 0.700 0.120
v -6.00000 3.30000 -2.50000 0.180 0.700 0.120
v -6.00000 3.30000 -2.50000 0.180 0.700 0.120
v -6.00000 3.30000 -2.50000 0.180 0.700 0.120
v -6.00000 3.30000 -2.50000 0.180 0.700 0.120
v 6.20000 -2.00000 -1.20000 0.420 0.240 0.060
v 6.80000 -2.00000 -1.20000 0.420 0.240 0.060
v 6.80000 1.50000 -1.20000 0.420 0.240 0.060
v 6.20000 1.50000 -1.20000 0.420 0.240 0.060
v 6.80000 -2.00000 -1.80000 0.420 0.240 0.060
v 6.20000 -2.00000 -1.80000 0.420 0.240 0.060
v 6.20000 1.50000 -1.80000 0.420 0.240 0.060
v 6.80000 1.50000 -1.80000 0.420 0.240 0.060
v 6.20000 1.50000 -1.20000 0.420 0.240 0.060
v 6.80000 1.50000 -1.20000 0.420 0.240 0.060
v 6.80000 1.50000 -1.80000 0.420 0.240 0.060
v 6.20000 1.50000 -1.80000 0.420 0.240 0.060
v 6.20000 -2.00000 -1.80000 0.420 0.240 0.060
v 6.80000 -2.00000 -1.80000 0.420 0.240 0.060
v 6.80000 -2.00000 -1.20000 0.420 0.240 0.060
v 6.20000 -2.00000 -1.20000 0.420 0.240 0.060
v 6.80000 -2.00000 -1.20000 0.420 0.240 0.060
v 6.80000 -2.00000 -1.80000 0.420 0.240 0.060
v 6.80000 1.50000 -1.80000 0.420 0.240 0.060
v 6.80000 1.50000 -1.20000 0.420 0.240 0.060
v 6.20000 -2.00000 -1.80000 0.420 0.240 0.060
v 6.20000 -2.00000 -1.20000 0.420 0.240 0.060
v 6.20000 1.50000 -1.20000 0.420 0.240 0.060
v 6.20000 1.50000 -1.80000 0.420 0.240 0.060
v 6.50000 3.60000 -1.50000 0.150 0.600 0.100
v 6.50000 3.60000 -1.50000 0.150 0.600 0.100
v 6.50000 3.60000 -1.50000 0.150 0.600 0.100
v 6.50000 3.60000 -1.50000 0.150 0.600 0.100
v 6.50000 3.60000 -1.50000 0.150 0.600 0.100
v 6.50000 3.60000 -1.50000 0.150 0.600 0.100
v 6.50000 3.60000 -1.50000 0.150 0.600 0.100
v 6.50000 3.60000 -1.50000 0.150 0.600 0.100
v 6.50000 3.60000 -1.50000 0.150 0.600 0.100
v 6.50000 3.60000 -1.50000 0.150 0.600 0.100
v 6.50000 3.60000 -1.50000 0.150 0.600 0.100
v 6.50000 3.60000 -1.50000 0.150 0.600 0.100
v 7.03576 3.49343 -1.50000 0.150 0.600 0.100
v 6.96398 3.49343 -1.23212 0.150 0.600 0.100
v 6.76788 3.49343 -1.03602 0.150 0.600 0.100
v 6.50000 3.49343 -0.96424 0.150 0.600 0.100
v 6.23212 3.49343 -1.03602 0.150 0.600 0.100
v 6.03602 3.49343 -1.23212 0.150 0.600 0.100
v 5.96424 3.49343 -1.50000 0.150 0.600 0.100
v 6.03602 3.49343 -1.76788 0.150 0.600 0.100
v 6.23212 3.49343 -1.96398 0.150 0.600 0.100
v 6.50000 3.49343 -2.03576 0.150 0.600 0.100
v 6.76788 3.49343 -1.96398 0.150 0.600 0.100
v 6.96398 3.49343 -1.76788 0.150 0.600 0.100
v 7.48995 3.18995 -1.50000 0.150 0.600 0.100
v 7.35732 3.18995 -1.00503 0.150 0.600 0.100
v 6.99497 3.18995 -0.64268 0.150 0.600 0.100
v 6.50000 3.18995 -0.51005 0.150 0.600 0.100
v 6.00503 3.18995 -0.64268 0.150 0.600 0.100
v 5.64268 3.18995 -1.00503 0.150 0.600 0.100
v 5.51005 3.18995 -1.50000 0.150 0.600 0.100
v 5.64268 3.18995 -1.99497 0.150 0.600 0.100
v 6.00503 3.18995 -2.35732 0.150 0.600 0.100
v 6.50000 3.18995 -2.48995 0.150 0.600 0.100
v 6.99497 3.18995 -2.35732 0.150 0.600 0.100
v 7.35732 3.18995 -1.99497 0.150 0.600 0.100
v 7.79343 2.73576 -1.50000 0.150 0.600 0.100
v 7.62014 2.73576 -0.85328 0.150 0.600 0.100
v 7.14672 2.73576 -0.37986 0.150 0.600 0.100
v 6.50000 2.73576 -0.20657 0.150 0.600 0.100
v 5.85328 2.73576 -0.37986 0.150 0.600 0.100
v 5.37986 2.73576 -0.85328 0.150 0.600 0.100
v 5.20657 2.73576 -1.50000 0.150 0.600 0.100
v 5.37986 2.73576 -2.14672 0.150 0.600 0.100
v 5.85328 2.73576 -2.62014 0.150 0.600 0.100
v 6.50000 2.73576 -2.79343 0.150 0.600 0.100
v 7.14672 2.73576 -2.62014 0.150 0.600 0.100
v 7.62014 2.73576 -2.14672 0.150 0.600 0.100
v 7.90000 2.20000 -1.50000 0.150 0.600 0.100
v 7.71244 2.20000 -0.80000 0.150 0.600 0.100
v 7.20000 2.20000 -0.28756 0.150 0.600 0.100
v 6.50000 2.20000 -0.10000 0.150 0.600 0.100
v 5.80000 2.20000 -0.28756 0.150 0.600 0.100
v 5.28756 2.20000 -0.80000 0.150 0.600 0.100
v 5.10000 2.20000 -1.50000 0.150 0.600 0.100
v 5.28756 2.20000 -2.20000 0.150 0.600 0.100
v 5.80000 2.20000 -2.71244 0.150 0.600 0.100
v 6.50000 2.20000 -2.90000 0.150 0.600 0.100
v 7.20000 2.20000 -2.71244 0.150 0.600 0.100
v 7.71244 2.20000 -2.20000 0.150 0.600 0.100
v 7.79343 1.66424 -1.50000 0.150 0.600 0.100
v 7.62014 1.66424 -0.85328 0.150 0.600 0.100
v 7.14672 1.66424 -0.37986 0.150 0.600 0.100
v 6.50000 1.66424 -0.20657 0.150 0.600 0.100
v 5.85328 1.66424 -0.37986 0.150 0.600 0.100
v 5.37986 1.66424 -0.85328 0.150 0.600 0.100
v 5.20657 1.66424 -1.50000 0.150 0.600 0.100
v 5.37986 1.66424 -2.14672 0.150 0.600 0.100
v 5.85328 1.66424 -2.62014 0.150 0.600 0.100
v 6.50000 1.66424 -2.79343 0.150 0.600 0.100
v 7.14672 1.66424 -2.62014 0.150 0.600 0.100
v 7.62014 1.66424 -2.14672 0.150 0.600 0.100
v 7.48995 1.21005 -1.50000 0.150 0.600 0.100
v 7.35732 1.21005 -1.00503 0.150 0.600 0.100
v 6.99497 1.21005 -0.64268 0.150 0.600 0.100
v 6.50000 1.21005 -0.51005 0.150 0.600 0.100
v 6.00503 1.21005 -0.64268 0.150 0.600 0.100
v 5.64268 1.21005 -1.00503 0.150 0.600 0.100
v 5.51005 1.21005 -1.50000 0.150 0.600 0.100
v 5.64268 1.21005 -1.99497 0.150 0.600 0.100
v 6.00503 1.21005 -2.35732 0.150 0.600 0.100
v 6.50000 1.21005 -2.48995 0.150 0.600 0.100
v 6.99497 1.21005 -2.35732 0.150 0.600 0.100
v 7.35732 1.21005 -1.99497 0.150 0.600 0.100
v 7.03576 0.90657 -1.50000 0.150 0.600 0.100
v 6.96398 0.90657 -1.23212 0.150 0.600 0.100
v 6.76788 0.90657 -1.03602 0.150 0.600 0.100
v 6.50000 0.90657 -0.96424 0.150 0.600 0.100
v 6.23212 0.90657 -1.03602 0.150 0.600 0.100
v 6.03602 0.90657 -1.23212 0.150 0.600 0.100
v 5.96424 0.90657 -1.50000 0.150 0.600 0.100
v 6.03602 0.90657 -1.76788 0.150 0.600 0.100
v 6.23212 0.90657 -1.96398 0.150 0.600 0.100
v 6.50000 0.90657 -2.03576 0.150 0.600 0.100
v 6.76788 0.90657 -1.96398 0.150 0.600 0.100
v 6.96398 0.90657 -1.76788 0.150 0.600 0.100
v 6.50000 0.80000 -1.50000 0.150 0.600 0.100
v 6.50000 0.80000 -1.50000 0.150 0.600 0.100
v 6.50000 0.80000 -1.50000 0.150 0.600 0.100
v 6.50000 0.80000 -1.50000 0.150 0.600 0.100
v 6.50000 0.80000 -1.50000 0.150 0.600 0.100
v 6.50000 0.80000 -1.50000 0.150 0.600 0.100
v 6.50000 0.80000 -1.50000 0.150 0.600 0.100
v 6.50000 0.80000 -1.50000 0.150 0.600 0.100
v 6.50000 0.80000 -1.50000 0.150 0.600 0.100
v 6.50000 0.80000 -1.50000 0.150 0.600 0.100
v 6.50000 0.80000 -1.50000 0.150 0.600 0.100
v 6.50000 0.80000 -1.50000 0.150 0.600 0.100
v 6.50000 4.30000 -1.50000 0.150 0.650 0.100
v 6.50000 4.30000 -1.50000 0.150 0.650 0.100
v 6.50000 4.30000 -1.50000 0.150 0.650 0.100
v 6.50000 4.30000 -1.50000 0.150 0.650 0.100
v 6.50000 4.30000 -1.50000 0.150 0.650 0.100
v 6.50000 4.30000 -1.50000 0.150 0.650 0.100
v 6.50000 4.30000 -1.50000 0.150 0.650 0.100
v 6.50000 4.30000 -1.50000 0.150 0.650 0.100
v 6.50000 4.30000 -1.50000 0.150 0.650 0.100
v 6.50000 4.30000 -1.50000 0.150 0.650 0.100
v 6.50000 4.30000 -1.50000 0.150 0.650 0.100
v 6.50000 4.30000 -1.50000 0.150 0.650 0.100
v 6.92095 4.21627 -1.50000 0.150 0.650 0.100
v 6.86455 4.21627 -1.28952 0.150 0.650 0.100
v 6.71048 4.21627 -1.13545 0.150 0.650 0.100
v 6.50000 4.21627 -1.07905 0.150 0.650 0.100
v 6.28952 4.21627 -1.13545 0.150 0.650 0.100
v 6.13545 4.21627 -1.28952 0.150 0.650 0.100
v 6.07905 4.21627 -1.50000 0.150 0.650 0.100
v 6.13545 4.21627 -1.71048 0.150 0.650 0.100
v 6.28952 4.21627 -1.86455 0.150 0.650 0.100
v 6.50000 4.21627 -1.92095 0.150 0.650 0.100
v 6.71048 4.21627 -1.86455 0.150 0.650 0.100
v 6.86455 4.21627 -1.71048 0.150 0.650 0.100
v 7.27782 3.97782 -1.50000 0.150 0.650 0.100
v 7.17361 3.97782 -1.11109 0.150 0.650 0.100
v 6.88891 3.97782 -0.82639 0.150 0.650 0.100
v 6.50000 3.97782 -0.72218 0.150 0.650 0.100
v 6.11109 3.97782 -0.82639 0.150 0.650 0.100
v 5.82639 3.97782 -1.11109 0.150 0.650 0.100
v 5.72218 3.97782 -1.50000 0.150 0.650 0.100
v 5.82639 3.97782 -1.88891 0.150 0.650 0.100
v 6.11109 3.97782 -2.17361 0.150 0.650 0.100
v 6.50000 3.97782 -2.27782 0.150 0.650 0.100
v 6.88891 3.97782 -2.17361 0.150 0.650 0.100
v 7.17361 3.97782 -1.88891 0.150 0.650 0.100
v 7.51627 3.62095 -1.50000 0.150 0.650 0.100
v 7.38011 3.62095 -0.99187 0.150 0.650 0.100
v 7.00813 3.62095 -0.61989 0.150 0.650 0.100
v 6.50000 3.62095 -0.48373 0.150 0.650 0.100
v 5.99187 3.62095 -0.61989 0.150 0.650 0.100
v 5.61989 3.62095 -0.99187 0.150 0.650 0.100
v 5.48373 3.62095 -1.50000 0.150 0.650 0.100
v 5.61989 3.62095 -2.00813 0.150 0.650 0.100
v 5.99187 3.62095 -2.38011 0.150 0.650 0.100
v 6.50000 3.62095 -2.51627 0.150 0.650 0.100
v 7.00813 3.62095 -2.38011 0.150 0.650 0.100
v 7.38011 3.62095 -2.00813 0.150 0.650 0.100
v 7.60000 3.20000 -1.50000 0.150 0.650 0.100
v 7.45263 3.20000 -0.95000 0.150 0.650 0.100
v 7.05000 3.20000 -0.54737 0.150 0.650 0.100
v 6.50000 3.20000 -0.40000 0.150 0.650 0.100
v 5.95000 3.20000 -0.54737 0.150 0.650 0.100
v 5.54737 3.20000 -0.95000 0.150 0.650 0.100
v 5.40000 3.20000 -1.50000 0.150 0.650 0.100
v 5.54737 3.20000 -2.05000 0.150 0.650 0.100
v 5.95000 3.20000 -2.45263 0.150 0.650 0.100
v 6.50000 3.20000 -2.60000 0.150 0.650 0.100
v 7.05000 3.20000 -2.45263 0.150 0.650 0.100
v 7.45263 3.20000 -2.05000 0.150 0.650 0.100
v 7.51627 2.77905 -1.50000 0.150 0.650 0.100
v 7.38011 2.77905 -0.99187 0.150 0.650 0.100
v 7.00813 2.77905 -0.61989 0.150 0.650 0.100
v 6.50000 2.77905 -0.48373 0.150 0.650 0.100
v 5.99187 2.77905 -0.61989 0.150 0.650 0.100
v 5.61989 2.77905 -0.99187 0.150 0.650 0.100
v 5.48373 2.77905 -1.50000 0.150 0.650 0.100
v 5.61989 2.77905 -2.00813 0.150 0.650 0.100
v 5.99187 2.77905 -2.38011 0.150 0.650 0.100
v 6.50000 2.77905 -2.51627 0.150 0.650 0.100
v 7.00813 2.77905 -2.38011 0.150 0.650 0.100
v 7.38011 2.77905 -2.00813 0.150 0.650 0.100
v 7.27782 2.42218 -1.50000 0.150 0.650 0.100
v 7.17361 2.42218 -1.11109 0.150 0.650 0.100
v 6.88891 2.42218 -0.82639 0.150 0.650 0.100
v 6.50000 2.42218 -0.72218 0.150 0.650 0.100
v 6.11109 2.42218 -0.82639 0.150 0.650 0.100
v 5.82639 2.42218 -1.11109 0.150 0.650 0.100
v 5.72218 2.42218 -1.50000 0.150 0.650 0.100
v 5.82639 2.42218 -1.88891 0.150 0.650 0.100
v 6.11109 2.42218 -2.17361 0.150 0.650 0.100
v 6.50000 2.42218 -2.27782 0.150 0.650 0.100
v 6.88891 2.42218 -2.17361 0.150 0.650 0.100
v 7.17361 2.42218 -1.88891 0.150 0.650 0.100
v 6.92095 2.18373 -1.50000 0.150 0.650 0.100
v 6.86455 2.18373 -1.28952 0.150 0.650 0.100
v 6.71048 2.18373 -1.13545 0.150 0.650 0.100
v 6.50000 2.18373 -1.07905 0.150 0.650 0.100
v 6.28952 2.18373 -1.13545 0.150 0.650 0.100
v 6.13545 2.18373 -1.28952 0.150 0.650 0.100
v 6.07905 2.18373 -1.50000 0.150 0.650 0.100
v 6.13545 2.18373 -1.71048 0.150 0.650 0.100
v 6.28952 2.18373 -1.86455 0.150 0.650 0.100
v 6.50000 2.18373 -1.92095 0.150 0.650 0.100
v 6.71048 2.18373 -1.86455 0.150 0.650 0.100
v 6.86455 2.18373 -1.71048 0.150 0.650 0.100
v 6.50000 2.10000 -1.50000 0.150 0.650 0.100
v 6.50000 2.10000 -1.50000 0.150 0.650 0.100
v 6.50000 2.10000 -1.50000 0.150 0.650 0.100
v 6.50000 2.10000 -1.50000 0.150 0.650 0.100
v 6.50000 2.10000 -1.50000 0.150 0.650 0.100
v 6.50000 2.10000 -1.50000 0.150 0.650 0.100
v 6.50000 2.10000 -1.50000 0.150 0.650 0.100
v 6.50000 2.10000 -1.50000 0.150 0.650 0.100
v 6.50000 2.10000 -1.50000 0.150 0.650 0.100
v 6.50000 2.10000 -1.50000 0.150 0.650 0.100
v 6.50000 2.10000 -1.50000 0.150 0.650 0.100
v 6.50000 2.10000 -1.50000 0.150 0.650 0.100
v 6.50000 4.70000 -1.50000 0.180 0.700 0.120
v 6.50000 4.70000 -1.50000 0.180 0.700 0.120
v 6.50000 4.70000 -1.50000 0.180 0.700 0.120
v 6.50000 4.70000 -1.50000 0.180 0.700 0.120
v 6.50000 4.70000 -1.50000 0.180 0.700 0.120
v 6.50000 4.70000 -1.50000 0.180 0.700 0.120
v 6.50000 4.70000 -1.50000 0.180 0.700 0.120
v 6.50000 4.70000 -1.50000 0.180 0.700 0.120
v 6.50000 4.70000 -1.50000 0.180 0.700 0.120
v 6.50000 4.70000 -1.50000 0.180 0.700 0.120
v 6.85000 4.60622 -1.50000 0.180 0.700 0.120
v 6.78316 4.60622 -1.29428 0.180 0.700 0.120
v 6.60816 4.60622 -1.16713 0.180 0.700 0.120
v 6.39184 4.60622 -1.16713 0.180 0.700 0.120
v 6.21684 4.60622 -1.29428 0.180 0.700 0.120
v 6.15000 4.60622 -1.50000 0.180 0.700 0.120
v 6.21684 4.60622 -1.70572 0.180 0.700 0.120
v 6.39184 4.60622 -1.83287 0.180 0.700 0.120
v 6.60816 4.60622 -1.83287 0.180 0.700 0.120
v 6.78316 4.60622 -1.70572 0.180 0.700 0.120
v 7.10622 4.35000 -1.50000 0.180 0.700 0.120
v 6.99044 4.35000 -1.14367 0.180 0.700 0.120
v 6.68733 4.35000 -0.92345 0.180 0.700 0.120
v 6.31267 4.35000 -0.92345 0.180 0.700 0.120
v 6.00956 4.35000 -1.14367 0.180 0.700 0.120
v 5.89378 4.35000 -1.50000 0.180 0.700 0.120
v 6.00956 4.35000 -1.85633 0.180 0.700 0.120
v 6.31267 4.35000 -2.07655 0.180 0.700 0.120
v 6.68733 4.35000 -2.07655 0.180 0.700 0.120
v 6.99044 4.35000 -1.85633 0.180 0.700 0.120
v 7.20000 4.00000 -1.50000 0.180 0.700 0.120
v 7.06631 4.00000 -1.08855 0.180 0.700 0.120
v 6.71631 4.00000 -0.83426 0.180 0.700 0.120
v 6.28369 4.00000 -0.83426 0.180 0.700 0.120
v 5.93369 4.00000 -1.08855 0.180 0.700 0.120
v 5.80000 4.00000 -1.50000 0.180 0.700 0.120
v 5.93369 4.00000 -1.91145 0.180 0.700 0.120
v 6.28369 4.00000 -2.16574 0.180 0.700 0.120
v 6.71631 4.00000 -2.16574 0.180 0.700 0.120
v 7.06631 4.00000 -1.91145 0.180 0.700 0.120
v 7.10622 3.65000 -1.50000 0.180 0.700 0.120
v 6.99044 3.65000 -1.14367 0.180 0.700 0.120
v 6.68733 3.65000 -0.92345 0.180 0.700 0.120
v 6.31267 3.65000 -0.92345 0.180 0.700 0.120
v 6.00956 3.65000 -1.14367 0.180 0.700 0.120
v 5.89378 3.65000 -1.50000 0.180 0.700 0.120
v 6.00956 3.65000 -1.85633 0.180 0.700 0.120
v 6.31267 3.65000 -2.07655 0.180 0.700 0.120
v 6.68733 3.65000 -2.07655 0.180 0.700 0.120
v 6.99044 3.65000 -1.85633 0.180 0.700 0.120
v 6.85000 3.39378 -1.50000 0.180 0.700 0.120
v 6.78316 3.39378 -1.29428 0.180 0.700 0.120
v 6.60816 3.39378 -1.16713 0.180 0.700 0.120
v 6.39184 3.39378 -1.16713 0.180 0.700 0.120
v 6.21684 3.39378 -1.29428 0.180 0.700 0.120
v 6.15000 3.39378 -1.50000 0.180 0.700 0.120
v 6.21684 3.39378 -1.70572 0.180 0.700 0.120
v 6.39184 3.39378 -1.83287 0.180 0.700 0.120
v 6.60816 3.39378 -1.83287 0.180 0.700 0.120
v 6.78316 3.39378 -1.70572 0.180 0.700 0.120
v 6.50000 3.30000 -1.50000 0.180 0.700 0.120
v 6.50000 3.30000 -1.50000 0.180 0.700 0.120
v 6.50000 3.30000 -1.50000 0.180 0.700 0.120
v 6.50000 3.30000 -1.50000 0.180 0.700 0.120
v 6.50000 3.30000 -1.50000 0.180 0.700 0.120
v 6.50000 3.30000 -1.50000 0.180 0.700 0.120
v 6.50000 3.30000 -1.50000 0.180 0.700 0.120
v 6.50000 3.30000 -1.50000 0.180 0.700 0.120
v 6.50000 3.30000 -1.50000 0.180 0.700 0.120
v 6.50000 3.30000 -1.50000 0.180 0.700 0.120
v 8.70000 -2.00000 -1.70000 0.420 0.240 0.060
v 9.30000 -2.00000 -1.70000 0.420 0.240 0.060
v 9.30000 1.50000 -1.70000 0.420 0.240 0.060
v 8.70000 1.50000 -1.70000 0.420 0.240 0.060
v 9.30000 -2.00000 -2.30000 0.420 0.240 0.060
v 8.70000 -2.00000 -2.30000 0.420 0.240 0.060
v 8.70000 1.50000 -2.30000 0.420 0.240 0.060
v 9.30000 1.50000 -2.30000 0.420 0.240 0.060
v 8.70000 1.50000 -1.70000 0.420 0.240 0.060
v 9.30000 1.50000 -1.70000 0.420 0.240 0.060
v 9.30000 1.50000 -2.30000 0.420 0.240 0.060
v 8.70000 1.50000 -2.30000 0.420 0.240 0.060
v 8.70000 -2.00000 -2.30000 0.420 0.240 0.060
v 9.30000 -2.00000 -2.30000 0.420 0.240 0.060
v 9.30000 -2.00000 -1.70000 0.420 0.240 0.060
v 8.70000 -2.00000 -1.70000 0.420 0.240 0.060
v 9.30000 -2.00000 -1.70000 0.420 0.240 0.060
v 9.30000 -2.00000 -2.30000 0.420 0.240 0.060
v 9.30000 1.50000 -2.30000 0.420 0.240 0.060
v 9.30000 1.50000 -1.70000 0.420 0.240 0.060
v 8.70000 -2.00000 -2.30000 0.420 0.240 0.060
v 8.70000 -2.00000 -1.70000 0.420 0.240 0.060
v 8.70000 1.50000 -1.70000 0.420 0.240 0.060
v 8.70000 1.50000 -2.30000 0.420 0.240 0.060
v 9.00000 3.60000 -2.00000 0.150 0.600 0.100
v 9.00000 3.60000 -2.00000 0.150 0.600 0.100
v 9.00000 3.60000 -2.00000 0.150 0.600 0.100
v 9.00000 3.60000 -2.00000 0.150 0.600 0.100
v 9.00000 3.60000 -2.00000 0.150 0.600 0.100
v 9.00000 3.60000 -2.00000 0.150 0.600 0.100
v 9.00000 3.60000 -2.00000 0.150 0.600 0.100
v 9.00000 3.60000 -2.00000 0.150 0.600 0.100
v 9.00000 3.60000 -2.00000 0.150 0.600 0.100
v 9.00000 3.60000 -2.00000 0.150 0.600 0.100
v 9.00000 3.60000 -2.00000 0.150 0.600 0.100
v 9.00000 3.60000 -2.00000 0.150 0.600 0.100
v 9.53576 3.49343 -2.00000 0.150 0.600 0.100
v 9.46398 3.49343 -1.73212 0.150 0.600 0.100
v 9.26788 3.49343 -1.53602 0.150 0.600 0.100
v 9.00000 3.49343 -1.46424 0.150 0.600 0.100
v 8.73212 3.49343 -1.53602 0.150 0.600 0.100
v 8.53602 3.49343 -1.73212 0.150 0.600 0.100
v 8.46424 3.49343 -2.00000 0.150 0.600 0.100
v 8.53602 3.49343 -2.26788 0.150 0.600 0.100
v 8.73212 3.49343 -2.46398 0.150 0.600 0.100
v 9.00000 3.49343 -2.53576 0.150 0.600 0.100
v 9.26788 3.49343 -2.46398 0.150 0.600 0.100
v 9.46398 3.49343 -2.26788 0.150 0.600 0.100
v 9.98995 3.18995 -2.00000 0.150 0.600 0.100
v 9.85732 3.18995 -1.50503 0.150 0.600 0.100
v 9.49497 3.18995 -1.14268 0.150 0.600 0.100
v 9.00000 3.18995 -1.01005 0.150 0.600 0.100
v 8.50503 3.18995 -1.14268 0.150 0.600 0.100
v 8.14268 3.18995 -1.50503 0.150 0.600 0.100
v 8.01005 3.18995 -2.00000 0.150 0.600 0.100
v 8.14268 3.18995 -2.49497 0.150 0.600 0.100
v 8.50503 3.18995 -2.85732 0.150 0.600 0.100
v 9.00000 3.18995 -2.98995 0.150 0.600 0.100
v 9.49497 3.18995 -2.85732 0.150 0.600 0.100
v 9.85732 3.18995 -2.49497 0.150 0.600 0.100
v 10.29343 2.73576 -2.00000 0.150 0.600 0.100
v 10.12014 2.73576 -1.35328 0.150 0.600 0.100
v 9.64672 2.73576 -0.87986 0.150 0.600 0.100
v 9.00000 2.73576 -0.70657 0.150 0.600 0.100
v 8.35328 2.73576 -0.87986 0.150 0.600 0.100
v 7.87986 2.73576 -1.35328 0.150 0.600 0.100
v 7.70657 2.73576 -2.00000 0.150 0.600 0.100
v 7.87986 2.73576 -2.64672 0.150 0.600 0.100
v 8.35328 2.73576 -3.12014 0.150 0.600 0.100
v 9.00000 2.73576 -3.29343 0.150 0.600 0.100
v 9.64672 2.73576 -3.12014 0.150 0.600 0.100
v 10.12014 2.73576 -2.64672 0.150 0.600 0.100
v 10.40000 2.20000 -2.00000 0.150 0.600 0.100
v 10.21244 2.20000 -1.30000 0.150 0.600 0.100
v 9.70000 2.20000 -0.78756 0.150 0.600 0.100
v 9.00000 2.20000 -0.60000 0.150 0.600 0.100
v 8.30000 2.20000 -0.78756 0.150 0.600 0.100
v 7.78756 2.20000 -1.30000 0.150 0.600 0.100
v 7.60000 2.20000 -2.00000 0.150 0.600 0.100
v 7.78756 2.20000 -2.70000 0.150 0.600 0.100
v 8.30000 2.20000 -3.21244 0.150 0.600 0.100
v 9.00000 2.20000 -3.40000 0.150 0.600 0.100
v 9.70000 2.20000 -3.21244 0.150 0.600 0.100
v 10.21244 2.20000 -2.70000 0.150 0.600 0.100
v 10.29343 1.66424 -2.00000 0.150 0.600 0.100
v 10.12014 1.66424 -1.35328 0.150 0.600 0.100
v 9.64672 1.66424 -0.87986 0.150 0.600 0.100
v 9.00000 1.66424 -0.70657 0.150 0.600 0.100
v 8.35328 1.66424 -0.87986 0.150 0.600 0.100
v 7.87986 1.66424 -1.35328 0.150 0.600 0.100
v 7.70657 1.66424 -2.00000 0.150 0.600 0.100
v 7.87986 1.66424 -2.64672 0.150 0.600 0.100
v 8.35328 1.66424 -3.12014 0.150 0.600 0.100
v 9.00000 1.66424 -3.29343 0.150 0.600 0.100
v 9.64672 1.66424 -3.12014 0.150 0.600 0.100
v 10.12014 1.66424 -2.64672 0.150 0.600 0.100
v 9.98995 1.21005 -2.00000 0.150 0.600 0.100
v 9.85732 1.21005 -1.50503 0.150 0.600 0.100
v 9.49497 1.21005 -1.14268 0.150 0.600 0.100
v 9.00000 1.21005 -1.01005 0.150 0.600 0.100
v 8.50503 1.21005 -1.14268 0.150 0.600 0.100
v 8.14268 1.21005 -1.50503 0.150 0.600 0.100
v 8.01005 1.21005 -2.00000 0.150 0.600 0.100
v 8.14268 1.21005 -2.49497 0.150 0.600 0.100
v 8.50503 1.21005 -2.85732 0.150 0.600 0.100
v 9.00000 1.21005 -2.98995 0.150 0.600 0.100
v 9.49497 1.21005 -2.85732 0.150 0.600 0.100
v 9.85732 1.21005 -2.49497 0.150 0.600 0.100
v 9.53576 0.90657 -2.00000 0.150 0.600 0.100
v 9.46398 0.90657 -1.73212 0.150 0.600 0.100
v 9.26788 0.90657 -1.53602 0.150 0.600 0.100
v 9.00000 0.90657 -1.46424 0.150 0.600 0.100
v 8.73212 0.90657 -1.53602 0.150 0.600 0.100
v 8.53602 0.90657 -1.73212 0.150 0.600 0.100
v 8.46424 0.90657 -2.00000 0.150 0.600 0.100
v 8.53602 0.90657 -2.26788 0.150 0.600 0.100
v 8.73212 0.90657 -2.46398 0.150 0.600 0.100
v 9.00000 0.90657 -2.53576 0.150 0.600 0.100
v 9.26788 0.90657 -2.46398 0.150 0.600 0.100
v 9.46398 0.90657 -2.26788 0.150 0.600 0.100
v 9.00000 0.80000 -2.00000 0.150 0.600 0.100
v 9.00000 0.80000 -2.00000 0.150 0.600 0.100
v 9.00000 0.80000 -2.00000 0.150 0.600 0.100
v 9.00000 0.80000 -2.00000 0.150 0.600 0.100
v 9.00000 0.80000 -2.00000 0.150 0.600 0.100
v 9.00000 0.80000 -2.00000 0.150 0.600 0.100
v 9.00000 0.80000 -2.00000 0.150 0.600 0.100
v 9.00000 0.80000 -2.00000 0.150 0.600 0.100
v 9.00000 0.80000 -2.00000 0.150 0.600 0.100
v 9.00000 0.80000 -2.00000 0.150 0.600 0.100
v 9.00000 0.80000 -2.00000 0.150 0.600 0.100
v 9.00000 0.80000 -2.00000 0.150 0.600 0.100
v 9.00000 4.30000 -2.00000 0.150 0.650 0.100
v 9.00000 4.30000 -2.00000 0.150 0.650 0.100
v 9.00000 4.30000 -2.00000 0.150 0.650 0.100
v 9.00000 4.30000 -2.00000 0.150 0.650 0.100
v 9.00000 4.30000 -2.00000 0.150 0.650 0.100
v 9.00000 4.30000 -2.00000 0.150 0.650 0.100
v 9.00000 4.30000 -2.00000 0.150 0.650 0.100
v 9.00000 4.30000 -2.00000 0.150 0.650 0.100
v 9.00000 4.30000 -2.00000 0.150 0.650 0.100
v 9.00000 4.30000 -2.00000 0.150 0.650 0.100
v 9.00000 4.30000 -2.00000 0.150 0.650 0.100
v 9.00000 4.30000 -2.00000 0.150 0.650 0.100
v 9.42095 4.21627 -2.00000 0.150 0.650 0.100
v 9.36455 4.21627 -1.78952 0.150 0.650 0.100
v 9.21048 4.21627 -1.63545 0.150 0.650 0.100
v 9.00000 4.21627 -1.57905 0.150 0.650 0.100
v 8.78952 4.21627 -1.63545 0.150 0.650 0.100
v 8.63545 4.21627 -1.78952 0.150 0.650 0.100
v 8.57905 4.21627 -2.00000 0.150 0.650 0.100
v 8.63545 4.21627 -2.21048 0.150 0.650 0.100
v 8.78952 4.21627 -2.36455 0.150 0.650 0.100
v 9.00000 4.21627 -2.42095 0.150 0.650 0.100
v 9.21048 4.21627 -2.36455 0.150 0.650 0.100
v 9.36455 4.21627 -2.21048 0.150 0.650 0.100
v 9.77782 3.97782 -2.00000 0.150 0.650 0.100
v 9.67361 3.97782 -1.61109 0.150 0.650 0.100
v 9.38891 3.97782 -1.32639 0.150 0.650 0.100
v 9.00000 3.97782 -1.22218 0.150 0.650 0.100
v 8.61109 3.97782 -1.32639 0.150 0.650 0.100
v 8.32639 3.97782 -1.61109 0.150 0.650 0.100
v 8.22218 3.97782 -2.00000 0.150 0.650 0.100
v 8.32639 3.97782 -2.38891 0.150 0.650 0.100
v 8.61109 3.97782 -2.67361 0.150 0.650 0.100
v 9.00000 3.97782 -2.77782 0.150 0.650 0.100
v 9.38891 3.97782 -2.67361 0.150 0.650 0.100
v 9.67361 3.97782 -2.38891 0.150 0.650 0.100
v 10.01627 3.62095 -2.00000 0.150 0.650 0.100
v 9.88011 3.62095 -1.49187 0.150 0.650 0.100
v 9.50813 3.62095 -1.11989 0.150 0.650 0.100
v 9.00000 3.62095 -0.98373 0.150 0.650 0.100
v 8.49187 3.62095 -1.11989 0.150 0.650 0.100
v 8.11989 3.62095 -1.49187 0.150 0.650 0.100
v 7.98373 3.62095 -2.00000 0.150 0.650 0.100
v 8.11989 3.62095 -2.50813 0.150 0.650 0.100
v 8.49187 3.62095 -2.88011 0.150 0.650 0.100
v 9.00000 3.62095 -3.01627 0.150 0.650 0.100
v 9.50813 3.62095 -2.88011 0.150 0.650 0.100
v 9.88011 3.62095 -2.50813 0.150 0.650 0.100
v 10.10000 3.20000 -2.00000 0.150 0.650 0.100
v 9.95263 3.20000 -1.45000 0.150 0.650 0.100
v 9.55000 3.20000 -1.04737 0.150 0.650 0.100
v 9.00000 3.20000 -0.90000 0.150 0.650 0.100
v 8.45000 3.20000 -1.04737 0.150 0.650 0.100
v 8.04737 3.20000 -1.45000 0.150 0.650 0.100
v 7.90000 3.20000 -2.00000 0.150 0.650 0.100
v 8.04737 3.20000 -2.55000 0.150 0.650 0.100
v 8.45000 3.20000 -2.95263 0.150 0.650 0.100
v 9.00000 3.20000 -3.10000 0.150 0.650 0.100
v 9.55000 3.20000 -2.95263 0.150 0.650 0.100
v 9.95263 3.20000 -2.55000 0.150 0.650 0.100
v 10.01627 2.77905 -2.00000 0.150 0.650 0.100
v 9.88011 2.77905 -1.49187 0.150 0.650 0.100
v 9.50813 2.77905 -1.11989 0.150 0.650 0.100
v 9.00000 2.77905 -0.98373 0.150 0.650 0.100
v 8.49187 2.77905 -1.11989 0.150 0.650 0.100
v 8.11989 2.77905 -1.49187 0.150 0.650 0.100
v 7.98373 2.77905 -2.00000 0.150 0.650 0.100
v 8.11989 2.77905 -2.50813 0.150 0.650 0.100
v 8.49187 2.77905 -2.88011 0.150 0.650 0.100
v 9.00000 2.77905 -3.01627 0.150 0.650 0.100
v 9.50813 2.77905 -2.88011 0.150 0.650 0.100
v 9.88011 2.77905 -2.50813 0.150 0.650 0.100
v 9.77782 2.42218 -2.00000 0.150 0.650 0.100
v 9.67361 2.42218 -1.61109 0.150 0.650 0.100
v 9.38891 2.42218 -1.32639 0.150 0.650 0.100
v 9.00000 2.42218 -1.22218 0.150 0.650 0.100
v 8.61109 2.42218 -1.32639 0.150 0.650 0.100
v 8.32639 2.42218 -1.61109 0.150 0.650 0.100
v 8.22218 2.42218 -2.00000 0.150 0.650 0.100
v 8.32639 2.42218 -2.38891 0.150 0.650 0.100
v 8.61109 2.42218 -2.67361 0.150 0.650 0.100
v 9.00000 2.42218 -2.77782 0.150 0.650 0.100
v 9.38891 2.42218 -2.67361 0.150 0.650 0.100
v 9.67361 2.42218 -2.38891 0.150 0.650 0.100
v 9.42095 2.18373 -2.00000 0.150 0.650 0.100
v 9.36455 2.18373 -1.78952 0.150 0.650 0.100
v 9.21048 2.18373 -1.63545 0.150 0.650 0.100
v 9.00000 2.18373 -1.57905 0.150 0.650 0.100
v 8.78952 2.18373 -1.63545 0.150 0.650 0.100
v 8.63545 2.18373 -1.78952 0.150 0.650 0.100
v 8.57905 2.18373 -2.00000 0.150 0.650 0.100
v 8.63545 2.18373 -2.21048 0.150 0.650 0.100
v 8.78952 2.18373 -2.36455 0.150 0.650 0.100
v 9.00000 2.18373 -2.42095 0.150 0.650 0.100
v 9.21048 2.18373 -2.36455 0.150 0.650 0.100
v 9.36455 2.18373 -2.21048 0.150 0.650 0.100
v 9.00000 2.10000 -2.00000 0.150 0.650 0.100
v 9.00000 2.10000 -2.00000 0.150 0.650 0.100
v 9.00000 2.10000 -2.00000 0.150 0.650 0.100
v 9.00000 2.10000 -2.00000 0.150 0.650 0.100
v 9.00000 2.10000 -2.00000 0.150 0.650 0.100
v 9.00000 2.10000 -2.00000 0.150 0.650 0.100
v 9.00000 2.10000 -2.00000 0.150 0.650 0.100
v 9.00000 2.10000 -2.00000 0.150 0.650 0.100
v 9.00000 2.10000 -2.00000 0.150 0.650 0.100
v 9.00000 2.10000 -2.00000 0.150 0.650 0.100
v 9.00000 2.10000 -2.00000 0.150 0.650 0.100
v 9.00000 2.10000 -2.00000 0.150 0.650 0.100
v 9.00000 4.70000 -2.00000 0.180 0.700 0.120
v 9.00000 4.70000 -2.00000 0.180 0.700 0.120
v 9.00000 4.70000 -2.00000 0.180 0.700 0.120
v 9.00000 4.70000 -2.00000 0.180 0.700 0.120
v 9.00000 4.70000 -2.00000 0.180 0.700 0.120
v 9.00000 4.70000 -2.00000 0.180 0.700 0.120
v 9.00000 4.70000 -2.00000 0.180 0.700 0.120
v 9.00000 4.70000 -2.00000 0.180 0.700 0.120
v 9.00000 4.70000 -2.00000 0.180 0.700 0.120
v 9.00000 4.70000 -2.00000 0.180 0.700 0.120
v 9.35000 4.60622 -2.00000 0.180 0.700 0.120
v 9.28316 4.60622 -1.79428 0.180 0.700 0.120
v 9.10816 4.60622 -1.66713 0.180 0.700 0.120
v 8.89184 4.60622 -1.66713 0.180 0.700 0.120
v 8.71684 4.60622 -1.79428 0.180 0.700 0.120
v 8.65000 4.60622 -2.00000 0.180 0.700 0.120
v 8.71684 4.60622 -2.20572 0.180 0.700 0.120
v 8.89184 4.60622 -2.33287 0.180 0.700 0.120
v 9.10816 4.60622 -2.33287 0.180 0.700 0.120
v 9.28316 4.60622 -2.20572 0.180 0.700 0.120
v 9.60622 4.35000 -2.00000 0.180 0.700 0.120
v 9.49044 4.35000 -1.64367 0.180 0.700 0.120
v 9.18733 4.35000 -1.42345 0.180 0.700 0.120
v 8.81267 4.35000 -1.42345 0.180 0.700 0.120
v 8.50956 4.35000 -1.64367 0.180 0.700 0.120
v 8.39378 4.35000 -2.00000 0.180 0.700 0.120
v 8.50956 4.35000 -2.35633 0.180 0.700 0.120
v 8.81267 4.35000 -2.57655 0.180 0.700 0.120
v 9.18733 4.35000 -2.57655 0.180 0.700 0.120
v 9.49044 4.35000 -2.35633 0.180 0.700 0.120
v 9.70000 4.00000 -2.00000 0.180 0.700 0.120
v 9.56631 4.00000 -1.58855 0.180 0.700 0.120
v 9.21631 4.00000 -1.33426 0.180 0.700 0.120
v 8.78369 4.00000 -1.33426 0.180 0.700 0.120
v 8.43369 4.00000 -1.58855 0.180 0.700 0.120
v 8.30000 4.00000 -2.00000 0.180 0.700 0.120
v 8.43369 4.00000 -2.41145 0.180 0.700 0.120
v 8.78369 4.00000 -2.66574 0.180 0.700 0.120
v 9.21631 4.00000 -2.66574 0.180 0.700 0.120
v 9.56631 4.00000 -2.41145 0.180 0.700 0.120
v 9.60622 3.65000 -2.00000 0.180 0.700 0.120
v 9.49044 3.65000 -1.64367 0.180 0.700 0.120
v 9.18733 3.65000 -1.42345 0.180 0.700 0.120
v 8.81267 3.65000 -1.42345 0.180 0.700 0.120
v 8.50956 3.65000 -1.64367 0.180 0.700 0.120
v 8.39378 3.65000 -2.00000 0.180 0.700 0.120
v 8.50956 3.65000 -2.35633 0.180 0.700 0.120
v 8.81267 3.65000 -2.57655 0.180 0.700 0.120
v 9.18733 3.65000 -2.57655 0.180 0.700 0.120
v 9.49044 3.65000 -2.35633 0.180 0.700 0.120
v 9.35000 3.39378 -2.00000 0.180 0.700 0.120
v 9.28316 3.39378 -1.79428 0.180 0.700 0.120
v 9.10816 3.39378 -1.66713 0.180 0.700 0.120
v 8.89184 3.39378 -1.66713 0.180 0.700 0.120
v 8.71684 3.39378 -1.79428 0.180 0.700 0.120
v 8.65000 3.39378 -2.00000 0.180 0.700 0.120
v 8.71684 3.39378 -2.20572 0.180 0.700 0.120
v 8.89184 3.39378 -2.33287 0.180 0.700 0.120
v 9.10816 3.39378 -2.33287 0.180 0.700 0.120
v 9.28316 3.39378 -2.20572 0.180 0.700 0.120
v 9.00000 3.30000 -2.00000 0.180 0.700 0.120
v 9.00000 3.30000 -2.00000 0.180 0.700 0.120
v 9.00000 3.30000 -2.00000 0.180 0.700 0.120
v 9.00000 3.30000 -2.00000 0.180 0.700 0.120
v 9.00000 3.30000 -2.00000 0.180 0.700 0.120
v 9.00000 3.30000 -2.00000 0.180 0.700 0.120
v 9.00000 3.30000 -2.00000 0.180 0.700 0.120
v 9.00000 3.30000 -2.00000 0.180 0.700 0.120
v 9.00000 3.30000 -2.00000 0.180 0.700 0.120
v 9.00000 3.30000 -2.00000 0.180 0.700 0.120
v -4.70000 -2.00000 0.70000 0.100 0.650 0.120
v -3.30000 -2.00000 0.70000 0.100 0.650 0.120
v -3.30000 1.50000 0.70000 0.100 0.650 0.120
v -4.70000 1.50000 0.70000 0.100 0.650 0.120
v -3.30000 -2.00000 -0.70000 0.100 0.650 0.120
v -4.70000 -2.00000 -0.70000 0.100 0.650 0.120
v -4.70000 1.50000 -0.70000 0.100 0.650 0.120
v -3.30000 1.50000 -0.70000 0.100 0.650 0.120
v -4.70000 1.50000 0.70000 0.100 0.650 0.120
v -3.30000 1.50000 0.70000 0.100 0.650 0.120
v -3.30000 1.50000 -0.70000 0.100 0.650 0.120
v -4.70000 1.50000 -0.70000 0.100 0.650 0.120
v -4.70000 -2.00000 -0.70000 0.100 0.650 0.120
v -3.30000 -2.00000 -0.70000 0.100 0.650 0.120
v -3.30000 -2.00000 0.70000 0.100 0.650 0.120
v -4.70000 -2.00000 0.70000 0.100 0.650 0.120
v -3.30000 -2.00000 0.70000 0.100 0.650 0.120
v -3.30000 -2.00000 -0.70000 0.100 0.650 0.120
v -3.30000 1.50000 -0.70000 0.100 0.650 0.120
v -3.30000 1.50000 0.70000 0.100 0.650 0.120
v -4.70000 -2.00000 -0.70000 0.100 0.650 0.120
v -4.70000 -2.00000 0.70000 0.100 0.650 0.120
v -4.70000 1.50000 0.70000 0.100 0.650 0.120
v -4.70000 1.50000 -0.70000 0.100 0.650 0.120
v -4.90000 1.50000 0.90000 0.080 0.550 0.100
v -3.10000 1.50000 0.90000 0.080 0.550 0.100
v -3.10000 2.00000 0.90000 0.080 0.550 0.100
v -4.90000 2.00000 0.90000 0.080 0.550 0.100
v -3.10000 1.50000 -0.90000 0.080 0.550 0.100
v -4.90000 1.50000 -0.90000 0.080 0.550 0.100
v -4.90000 2.00000 -0.90000 0.080 0.550 0.100
v -3.10000 2.00000 -0.90000 0.080 0.550 0.100
v -4.90000 2.00000 0.90000 0.080 0.550 0.100
v -3.10000 2.00000 0.90000 0.080 0.550 0.100
v -3.10000 2.00000 -0.90000 0.080 0.550 0.100
v -4.90000 2.00000 -0.90000 0.080 0.550 0.100
v -4.90000 1.50000 -0.90000 0.080 0.550 0.100
v -3.10000 1.50000 -0.90000 0.080 0.550 0.100
v -3.10000 1.50000 0.90000 0.080 0.550 0.100
v -4.90000 1.50000 0.90000 0.080 0.550 0.100
v -3.10000 1.50000 0.90000 0.080 0.550 0.100
v -3.10000 1.50000 -0.90000 0.080 0.550 0.100
v -3.10000 2.00000 -0.90000 0.080 0.550 0.100
v -3.10000 2.00000 0.90000 0.080 0.550 0.100
v -4.90000 1.50000 -0.90000 0.080 0.550 0.100
v -4.90000 1.50000 0.90000 0.080 0.550 0.100
v -4.90000 2.00000 0.90000 0.080 0.550 0.100
v -4.90000 2.00000 -0.90000 0.080 0.550 0.100
v 3.80000 -2.00000 1.20000 0.100 0.650 0.120
v 5.20000 -2.00000 1.20000 0.100 0.650 0.120
v 5.20000 2.50000 1.20000 0.100 0.650 0.120
v 3.80000 2.50000 1.20000 0.100 0.650 0.120
v 5.20000 -2.00000 -0.20000 0.100 0.650 0.120
v 3.80000 -2.00000 -0.20000 0.100 0.650 0.120
v 3.80000 2.50000 -0.20000 0.100 0.650 0.120
v 5.20000 2.50000 -0.20000 0.100 0.650 0.120
v 3.80000 2.50000 1.20000 0.100 0.650 0.120
v 5.20000 2.50000 1.20000 0.100 0.650 0.120
v 5.20000 2.50000 -0.20000 0.100 0.650 0.120
v 3.80000 2.50000 -0.20000 0.100 0.650 0.120
v 3.80000 -2.00000 -0.20000 0.100 0.650 0.120
v 5.20000 -2.00000 -0.20000 0.100 0.650 0.120
v 5.20000 -2.00000 1.20000 0.100 0.650 0.120
v 3.80000 -2.00000 1.20000 0.100 0.650 0.120
v 5.20000 -2.00000 1.20000 0.100 0.650 0.120
v 5.20000 -2.00000 -0.20000 0.100 0.650 0.120
v 5.20000 2.50000 -0.20000 0.100 0.650 0.120
v 5.20000 2.50000 1.20000 0.100 0.650 0.120
v 3.80000 -2.00000 -0.20000 0.100 0.650 0.120
v 3.80000 -2.00000 1.20000 0.100 0.650 0.120
v 3.80000 2.50000 1.20000 0.100 0.650 0.120
v 3.80000 2.50000 -0.20000 0.100 0.650 0.120
v 3.60000 2.50000 1.40000 0.080 0.550 0.100
v 5.40000 2.50000 1.40000 0.080 0.550 0.100
v 5.40000 3.00000 1.40000 0.080 0.550 0.100
v 3.60000 3.00000 1.40000 0.080 0.550 0.100
v 5.40000 2.50000 -0.40000 0.080 0.550 0.100
v 3.60000 2.50000 -0.40000 0.080 0.550 0.100
v 3.60000 3.00000 -0.40000 0.080 0.550 0.100
v 5.40000 3.00000 -0.40000 0.080 0.550 0.100
v 3.60000 3.00000 1.40000 0.080 0.550 0.100
v 5.40000 3.00000 1.40000 0.080 0.550 0.100
v 5.40000 3.00000 -0.40000 0.080 0.550 0.100
v 3.60000 3.00000 -0.40000 0.080 0.550 0.100
v 3.60000 2.50000 -0.40000 0.080 0.550 0.100
v 5.40000 2.50000 -0.40000 0.080 0.550 0.100
v 5.40000 2.50000 1.40000 0.080 0.550 0.100
v 3.60000 2.50000 1.40000 0.080 0.550 0.100
v 5.40000 2.50000 1.40000 0.080 0.550 0.100
v 5.40000 2.50000 -0.40000 0.080 0.550 0.100
v 5.40000 3.00000 -0.40000 0.080 0.550 0.100
v 5.40000 3.00000 1.40000 0.080 0.550 0.100
v 3.60000 2.50000 -0.40000 0.080 0.550 0.100
v 3.60000 2.50000 1.40000 0.080 0.550 0.100
v 3.60000 3.00000 1.40000 0.080 0.550 0.100
v 3.60000 3.00000 -0.40000 0.080 0.550 0.100
v -2.60000 1.90000 0.60000 0.950 0.750 0.100
v -1.40000 1.90000 0.60000 0.950 0.750 0.100
v -1.40000 3.10000 0.60000 0.950 0.750 0.100
v -2.60000 3.10000 0.60000 0.950 0.750 0.100
v -1.40000 1.90000 -0.60000 0.950 0.750 0.100
v -2.60000 1.90000 -0.60000 0.950 0.750 0.100
v -2.60000 3.10000 -0.60000 0.950 0.750 0.100
v -1.40000 3.10000 -0.60000 0.950 0.750 0.100
v -2.60000 3.10000 0.60000 0.950 0.750 0.100
v -1.40000 3.10000 0.60000 0.950 0.750 0.100
v -1.40000 3.10000 -0.60000 0.950 0.750 0.100
v -2.60000 3.10000 -0.60000 0.950 0.750 0.100
v -2.60000 1.90000 -0.60000 0.950 0.750 0.100
v -1.40000 1.90000 -0.60000 0.950 0.750 0.100
v -1.40000 1.90000 0.60000 0.950 0.750 0.100
v -2.60000 1.90000 0.60000 0.950 0.750 0.100
v -1.40000 1.90000 0.60000 0.950 0.750 0.100
v -1.40000 1.90000 -0.60000 0.950 0.750 0.100
v -1.40000 3.10000 -0.60000 0.950 0.750 0.100
v -1.40000 3.10000 0.60000 0.950 0.750 0.100
v -2.60000 1.90000 -0.60000 0.950 0.750 0.100
v -2.60000 1.90000 0.60000 0.950 0.750 0.100
v -2.60000 3.10000 0.60000 0.950 0.750 0.100
v -2.60000 3.10000 -0.60000 0.950 0.750 0.100
v -2.62000 1.88000 0.62000 0.300 0.200 0.020
v -1.38000 1.88000 0.62000 0.300 0.200 0.020
v -1.38000 1.98000 0.62000 0.300 0.200 0.020
v -2.62000 1.98000 0.62000 0.300 0.200 0.020
v -1.38000 1.88000 -0.62000 0.300 0.200 0.020
v -2.62000 1.88000 -0.62000 0.300 0.200 0.020
v -2.62000 1.98000 -0.62000 0.300 0.200 0.020
v -1.38000 1.98000 -0.62000 0.300 0.200 0.020
v -2.62000 1.98000 0.62000 0.300 0.200 0.020
v -1.38000 1.98000 0.62000 0.300 0.200 0.020
v -1.38000 1.98000 -0.62000 0.300 0.200 0.020
v -2.62000 1.98000 -0.62000 0.300 0.200 0.020
v -2.62000 1.88000 -0.62000 0.300 0.200 0.020
v -1.38000 1.88000 -0.62000 0.300 0.200 0.020
v -1.38000 1.88000 0.62000 0.300 0.200 0.020
v -2.62000 1.88000 0.62000 0.300 0.200 0.020
v -1.38000 1.88000 0.62000 0.300 0.200 0.020
v -1.38000 1.88000 -0.62000 0.300 0.200 0.020
v -1.38000 1.98000 -0.62000 0.300 0.200 0.020
v -1.38000 1.98000 0.62000 0.300 0.200 0.020
v -2.62000 1.88000 -0.62000 0.300 0.200 0.020
v -2.62000 1.88000 0.62000 0.300 0.200 0.020
v -2.62000 1.98000 0.62000 0.300 0.200 0.020
v -2.62000 1.98000 -0.62000 0.300 0.200 0.020
v -2.62000 3.02000 0.62000 0.300 0.200 0.020
v -1.38000 3.02000 0.62000 0.300 0.200 0.020
v -1.38000 3.12000 0.62000 0.300 0.200 0.020
v -2.62000 3.12000 0.62000 0.300 0.200 0.020
v -1.38000 3.02000 -0.62000 0.300 0.200 0.020
v -2.62000 3.02000 -0.62000 0.300 0.200 0.020
v -2.62000 3.12000 -0.62000 0.300 0.200 0.020
v -1.38000 3.12000 -0.62000 0.300 0.200 0.020
v -2.62000 3.12000 0.62000 0.300 0.200 0.020
v -1.38000 3.12000 0.62000 0.300 0.200 0.020
v -1.38000 3.12000 -0.62000 0.300 0.200 0.020
v -2.62000 3.12000 -0.62000 0.300 0.200 0.020
v -2.62000 3.02000 -0.62000 0.300 0.200 0.020
v -1.38000 3.02000 -0.62000 0.300 0.200 0.020
v -1.38000 3.02000 0.62000 0.300 0.200 0.020
v -2.62000 3.02000 0.62000 0.300 0.200 0.020
v -1.38000 3.02000 0.62000 0.300 0.200 0.020
v -1.38000 3.02000 -0.62000 0.300 0.200 0.020
v -1.38000 3.12000 -0.62000 0.300 0.200 0.020
v -1.38000 3.12000 0.62000 0.300 0.200 0.020
v -2.62000 3.02000 -0.62000 0.300 0.200 0.020
v -2.62000 3.02000 0.62000 0.300 0.200 0.020
v -2.62000 3.12000 0.62000 0.300 0.200 0.020
v -2.62000 3.12000 -0.62000 0.300 0.200 0.020
v -2.12000 2.22000 0.65000 0.980 0.980 0.980
v -1.88000 2.22000 0.65000 0.980 0.980 0.980
v -1.88000 2.78000 0.65000 0.980 0.980 0.980
v -2.12000 2.78000 0.65000 0.980 0.980 0.980
v -1.88000 2.22000 0.58000 0.980 0.980 0.980
v -2.12000 2.22000 0.58000 0.980 0.980 0.980
v -2.12000 2.78000 0.58000 0.980 0.980 0.980
v -1.88000 2.78000 0.58000 0.980 0.980 0.980
v -2.12000 2.78000 0.65000 0.980 0.980 0.980
v -1.88000 2.78000 0.65000 0.980 0.980 0.980
v -1.88000 2.78000 0.58000 0.980 0.980 0.980
v -2.12000 2.78000 0.58000 0.980 0.980 0.980
v -2.12000 2.22000 0.58000 0.980 0.980 0.980
v -1.88000 2.22000 0.58000 0.980 0.980 0.980
v -1.88000 2.22000 0.65000 0.980 0.980 0.980
v -2.12000 2.22000 0.65000 0.980 0.980 0.980
v -1.88000 2.22000 0.65000 0.980 0.980 0.980
v -1.88000 2.22000 0.58000 0.980 0.980 0.980
v -1.88000 2.78000 0.58000 0.980 0.980 0.980
v -1.88000 2.78000 0.65000 0.980 0.980 0.980
v -2.12000 2.22000 0.58000 0.980 0.980 0.980
v -2.12000 2.22000 0.65000 0.980 0.980 0.980
v -2.12000 2.78000 0.65000 0.980 0.980 0.980
v -2.12000 2.78000 0.58000 0.980 0.980 0.980
v -2.22000 2.60000 0.65000 0.980 0.980 0.980
v -1.78000 2.60000 0.65000 0.980 0.980 0.980
v -1.78000 2.80000 0.65000 0.980 0.980 0.980
v -2.22000 2.80000 0.65000 0.980 0.980 0.980
v -1.78000 2.60000 0.58000 0.980 0.980 0.980
v -2.22000 2.60000 0.58000 0.980 0.980 0.980
v -2.22000 2.80000 0.58000 0.980 0.980 0.980
v -1.78000 2.80000 0.58000 0.980 0.980 0.980
v -2.22000 2.80000 0.65000 0.980 0.980 0.980
v -1.78000 2.80000 0.65000 0.980 0.980 0.980
v -1.78000 2.80000 0.58000 0.980 0.980 0.980
v -2.22000 2.80000 0.58000 0.980 0.980 0.980
v -2.22000 2.60000 0.58000 0.980 0.980 0.980
v -1.78000 2.60000 0.58000 0.980 0.980 0.980
v -1.78000 2.60000 0.65000 0.980 0.980 0.980
v -2.22000 2.60000 0.65000 0.980 0.980 0.980
v -1.78000 2.60000 0.65000 0.980 0.980 0.980
v -1.78000 2.60000 0.58000 0.980 0.980 0.980
v -1.78000 2.80000 0.58000 0.980 0.980 0.980
v -1.78000 2.80000 0.65000 0.980 0.980 0.980
v -2.22000 2.60000 0.58000 0.980 0.980 0.980
v -2.22000 2.60000 0.65000 0.980 0.980 0.980
v -2.22000 2.80000 0.65000 0.980 0.980 0.980
v -2.22000 2.80000 0.58000 0.980 0.980 0.980
v -0.60000 1.90000 0.60000 0.950 0.750 0.100
v 0.60000 1.90000 0.60000 0.950 0.750 0.100
v 0.60000 3.10000 0.60000 0.950 0.750 0.100
v -0.60000 3.10000 0.60000 0.950 0.750 0.100
v 0.60000 1.90000 -0.60000 0.950 0.750 0.100
v -0.60000 1.90000 -0.60000 0.950 0.750 0.100
v -0.60000 3.10000 -0.60000 0.950 0.750 0.100
v 0.60000 3.10000 -0.60000 0.950 0.750 0.100
v -0.60000 3.10000 0.60000 0.950 0.750 0.100
v 0.60000 3.10000 0.60000 0.950 0.750 0.100
v 0.60000 3.10000 -0.60000 0.950 0.750 0.100
v -0.60000 3.10000 -0.60000 0.950 0.750 0.100
v -0.60000 1.90000 -0.60000 0.950 0.750 0.100
v 0.60000 1.90000 -0.60000 0.950 0.750 0.100
v 0.60000 1.90000 0.60000 0.950 0.750 0.100
v -0.60000 1.90000 0.60000 0.950 0.750 0.100
v 0.60000 1.90000 0.60000 0.950 0.750 0.100
v 0.60000 1.90000 -0.60000 0.950 0.750 0.100
v 0.60000 3.10000 -0.60000 0.950 0.750 0.100
v 0.60000 3.10000 0.60000 0.950 0.750 0.100
v -0.60000 1.90000 -0.60000 0.950 0.750 0.100
v -0.60000 1.90000 0.60000 0.950 0.750 0.100
v -0.60000 3.10000 0.60000 0.950 0.750 0.100
v -0.60000 3.10000 -0.60000 0.950 0.750 0.100
v -0.62000 1.88000 0.62000 0.300 0.200 0.020
v 0.62000 1.88000 0.62000 0.300 0.200 0.020
v 0.62000 1.98000 0.62000 0.300 0.200 0.020
v -0.62000 1.98000 0.62000 0.300 0.200 0.020
v 0.62000 1.88000 -0.62000 0.300 0.200 0.020
v -0.62000 1.88000 -0.62000 0.300 0.200 0.020
v -0.62000 1.98000 -0.62000 0.300 0.200 0.020
v 0.62000 1.98000 -0.62000 0.300 0.200 0.020
v -0.62000 1.98000 0.62000 0.300 0.200 0.020
v 0.62000 1.98000 0.62000 0.300 0.200 0.020
v 0.62000 1.98000 -0.62000 0.300 0.200 0.020
v -0.62000 1.98000 -0.62000 0.300 0.200 0.020
v -0.62000 1.88000 -0.62000 0.300 0.200 0.020
v 0.62000 1.88000 -0.62000 0.300 0.200 0.020
v 0.62000 1.88000 0.62000 0.300 0.200 0.020
v -0.62000 1.88000 0.62000 0.300 0.200 0.020
v 0.62000 1.88000 0.62000 0.300 0.200 0.020
v 0.62000 1.88000 -0.62000 0.300 0.200 0.020
v 0.62000 1.98000 -0.62000 0.300 0.200 0.020
v 0.62000 1.98000 0.62000 0.300 0.200 0.020
v -0.62000 1.88000 -0.62000 0.300 0.200 0.020
v -0.62000 1.88000 0.62000 0.300 0.200 0.020
v -0.62000 1.98000 0.62000 0.300 0.200 0.020
v -0.62000 1.98000 -0.62000 0.300 0.200 0.020
v -0.62000 3.02000 0.62000 0.300 0.200 0.020
v 0.62000 3.02000 0.62000 0.300 0.200 0.020
v 0.62000 3.12000 0.62000 0.300 0.200 0.020
v -0.62000 3.12000 0.62000 0.300 0.200 0.020
v 0.62000 3.02000 -0.62000 0.300 0.200 0.020
v -0.62000 3.02000 -0.62000 0.300 0.200 0.020
v -0.62000 3.12000 -0.62000 0.300 0.200 0.020
v 0.62000 3.12000 -0.62000 0.300 0.200 0.020
v -0.62000 3.12000 0.62000 0.300 0.200 0.020
v 0.62000 3.12000 0.62000 0.300 0.200 0.020
v 0.62000 3.12000 -0.62000 0.300 0.200 0.020
v -0.62000 3.12000 -0.62000 0.300 0.200 0.020
v -0.62000 3.02000 -0.62000 0.300 0.200 0.020
v 0.62000 3.02000 -0.62000 0.300 0.200 0.020
v 0.62000 3.02000 0.62000 0.300 0.200 0.020
v -0.62000 3.02000 0.62000 0.300 0.200 0.020
v 0.62000 3.02000 0.62000 0.300 0.200 0.020
v 0.62000 3.02000 -0.62000 0.300 0.200 0.020
v 0.62000 3.12000 -0.62000 0.300 0.200 0.020
v 0.62000 3.12000 0.62000 0.300 0.200 0.020
v -0.62000 3.02000 -0.62000 0.300 0.200 0.020
v -0.62000 3.02000 0.62000 0.300 0.200 0.020
v -0.62000 3.12000 0.62000 0.300 0.200 0.020
v -0.62000 3.12000 -0.62000 0.300 0.200 0.020
v -0.12000 2.22000 0.65000 0.980 0.980 0.980
v 0.12000 2.22000 0.65000 0.980 0.980 0.980
v 0.12000 2.78000 0.65000 0.980 0.980 0.980
v -0.12000 2.78000 0.65000 0.980 0.980 0.980
v 0.12000 2.22000 0.58000 0.980 0.980 0.980
v -0.12000 2.22000 0.58000 0.980 0.980 0.980
v -0.12000 2.78000 0.58000 0.980 0.980 0.980
v 0.12000 2.78000 0.58000 0.980 0.980 0.980
v -0.12000 2.78000 0.65000 0.980 0.980 0.980
v 0.12000 2.78000 0.65000 0.980 0.980 0.980
v 0.12000 2.78000 0.58000 0.980 0.980 0.980
v -0.12000 2.78000 0.58000 0.980 0.980 0.980
v -0.12000 2.22000 0.58000 0.980 0.980 0.980
v 0.12000 2.22000 0.58000 0.980 0.980 0.980
v 0.12000 2.22000 0.65000 0.980 0.980 0.980
v -0.12000 2.22000 0.65000 0.980 0.980 0.980
v 0.12000 2.22000 0.65000 0.980 0.980 0.980
v 0.12000 2.22000 0.58000 0.980 0.980 0.980
v 0.12000 2.78000 0.58000 0.980 0.980 0.980
v 0.12000 2.78000 0.65000 0.980 0.980 0.980
v -0.12000 2.22000 0.58000 0.980 0.980 0.980
v -0.12000 2.22000 0.65000 0.980 0.980 0.980
v -0.12000 2.78000 0.65000 0.980 0.980 0.980
v -0.12000 2.78000 0.58000 0.980 0.980 0.980
v -0.22000 2.60000 0.65000 0.980 0.980 0.980
v 0.22000 2.60000 0.65000 0.980 0.980 0.980
v 0.22000 2.80000 0.65000 0.980 0.980 0.980
v -0.22000 2.80000 0.65000 0.980 0.980 0.980
v 0.22000 2.60000 0.58000 0.980 0.980 0.980
v -0.22000 2.60000 0.58000 0.980 0.980 0.980
v -0.22000 2.80000 0.58000 0.980 0.980 0.980
v 0.22000 2.80000 0.58000 0.980 0.980 0.980
v -0.22000 2.80000 0.65000 0.980 0.980 0.980
v 0.22000 2.80000 0.65000 0.980 0.980 0.980
v 0.22000 2.80000 0.58000 0.980 0.980 0.980
v -0.22000 2.80000 0.58000 0.980 0.980 0.980
v -0.22000 2.60000 0.58000 0.980 0.980 0.980
v 0.22000 2.60000 0.58000 0.980 0.980 0.980
v 0.22000 2.60000 0.65000 0.980 0.980 0.980
v -0.22000 2.60000 0.65000 0.980 0.980 0.980
v 0.22000 2.60000 0.65000 0.980 0.980 0.980
v 0.22000 2.60000 0.58000 0.980 0.980 0.980
v 0.22000 2.80000 0.58000 0.980 0.980 0.980
v 0.22000 2.80000 0.65000 0.980 0.980 0.980
v -0.22000 2.60000 0.58000 0.980 0.980 0.980
v -0.22000 2.60000 0.65000 0.980 0.980 0.980
v -0.22000 2.80000 0.65000 0.980 0.980 0.980
v -0.22000 2.80000 0.58000 0.980 0.980 0.980
v 1.40000 1.90000 0.60000 0.950 0.750 0.100
v 2.60000 1.90000 0.60000 0.950 0.750 0.100
v 2.60000 3.10000 0.60000 0.950 0.750 0.100
v 1.40000 3.10000 0.60000 0.950 0.750 0.100
v 2.60000 1.90000 -0.60000 0.950 0.750 0.100
v 1.40000 1.90000 -0.60000 0.950 0.750 0.100
v 1.40000 3.10000 -0.60000 0.950 0.750 0.100
v 2.60000 3.10000 -0.60000 0.950 0.750 0.100
v 1.40000 3.10000 0.60000 0.950 0.750 0.100
v 2.60000 3.10000 0.60000 0.950 0.750 0.100
v 2.60000 3.10000 -0.60000 0.950 0.750 0.100
v 1.40000 3.10000 -0.60000 0.950 0.750 0.100
v 1.40000 1.90000 -0.60000 0.950 0.750 0.100
v 2.60000 1.90000 -0.60000 0.950 0.750 0.100
v 2.60000 1.90000 0.60000 0.950 0.750 0.100
v 1.40000 1.90000 0.60000 0.950 0.750 0.100
v 2.60000 1.90000 0.60000 0.950 0.750 0.100
v 2.60000 1.90000 -0.60000 0.950 0.750 0.100
v 2.60000 3.10000 -0.60000 0.950 0.750 0.100
v 2.60000 3.10000 0.60000 0.950 0.750 0.100
v 1.40000 1.90000 -0.60000 0.950 0.750 0.100
v 1.40000 1.90000 0.60000 0.950 0.750 0.100
v 1.40000 3.10000 0.60000 0.950 0.750 0.100
v 1.40000 3.10000 -0.60000 0.950 0.750 0.100
v 1.38000 1.88000 0.62000 0.300 0.200 0.020
v 2.62000 1.88000 0.62000 0.300 0.200 0.020
v 2.62000 1.98000 0.62000 0.300 0.200 0.020
v 1.38000 1.98000 0.62000 0.300 0.200 0.020
v 2.62000 1.88000 -0.62000 0.300 0.200 0.020
v 1.38000 1.88000 -0.62000 0.300 0.200 0.020
v 1.38000 1.98000 -0.62000 0.300 0.200 0.020
v 2.62000 1.98000 -0.62000 0.300 0.200 0.020
v 1.38000 1.98000 0.62000 0.300 0.200 0.020
v 2.62000 1.98000 0.62000 0.300 0.200 0.020
v 2.62000 1.98000 -0.62000 0.300 0.200 0.020
v 1.38000 1.98000 -0.62000 0.300 0.200 0.020
v 1.38000 1.88000 -0.62000 0.300 0.200 0.020
v 2.62000 1.88000 -0.62000 0.300 0.200 0.020
v 2.62000 1.88000 0.62000 0.300 0.200 0.020
v 1.38000 1.88000 0.62000 0.300 0.200 0.020
v 2.62000 1.88000 0.62000 0.300 0.200 0.020
v 2.62000 1.88000 -0.62000 0.300 0.200 0.020
v 2.62000 1.98000 -0.62000 0.300 0.200 0.020
v 2.62000 1.98000 0.62000 0.300 0.200 0.020
v 1.38000 1.88000 -0.62000 0.300 0.200 0.020
v 1.38000 1.88000 0.62000 0.300 0.200 0.020
v 1.38000 1.98000 0.62000 0.300 0.200 0.020
v 1.38000 1.98000 -0.62000 0.300 0.200 0.020
v 1.38000 3.02000 0.62000 0.300 0.200 0.020
v 2.62000 3.02000 0.62000 0.300 0.200 0.020
v 2.62000 3.12000 0.62000 0.300 0.200 0.020
v 1.38000 3.12000 0.62000 0.300 0.200 0.020
v 2.62000 3.02000 -0.62000 0.300 0.200 0.020
v 1.38000 3.02000 -0.62000 0.300 0.200 0.020
v 1.38000 3.12000 -0.62000 0.300 0.200 0.020
v 2.62000 3.12000 -0.62000 0.300 0.200 0.020
v 1.38000 3.12000 0.62000 0.300 0.200 0.020
v 2.62000 3.12000 0.62000 0.300 0.200 0.020
v 2.62000 3.12000 -0.62000 0.300 0.200 0.020
v 1.38000 3.12000 -0.62000 0.300 0.200 0.020
v 1.38000 3.02000 -0.62000 0.300 0.200 0.020
v 2.62000 3.02000 -0.62000 0.300 0.200 0.020
v 2.62000 3.02000 0.62000 0.300 0.200 0.020
v 1.38000 3.02000 0.62000 0.300 0.200 0.020
v 2.62000 3.02000 0.62000 0.300 0.200 0.020
v 2.62000 3.02000 -0.62000 0.300 0.200 0.020
v 2.62000 3.12000 -0.62000 0.300 0.200 0.020
v 2.62000 3.12000 0.62000 0.300 0.200 0.020
v 1.38000 3.02000 -0.62000 0.300 0.200 0.020
v 1.38000 3.02000 0.62000 0.300 0.200 0.020
v 1.38000 3.12000 0.62000 0.300 0.200 0.020
v 1.38000 3.12000 -0.62000 0.300 0.200 0.020
v 1.88000 2.22000 0.65000 0.980 0.980 0.980
v 2.12000 2.22000 0.65000 0.980 0.980 0.980
v 2.12000 2.78000 0.65000 0.980 0.980 0.980
v 1.88000 2.78000 0.65000 0.980 0.980 0.980
v 2.12000 2.22000 0.58000 0.980 0.980 0.980
v 1.88000 2.22000 0.58000 0.980 0.980 0.980
v 1.88000 2.78000 0.58000 0.980 0.980 0.980
v 2.12000 2.78000 0.58000 0.980 0.980 0.980
v 1.88000 2.78000 0.65000 0.980 0.980 0.980
v 2.12000 2.78000 0.65000 0.980 0.980 0.980
v 2.12000 2.78000 0.58000 0.980 0.980 0.980
v 1.88000 2.78000 0.58000 0.980 0.980 0.980
v 1.88000 2.22000 0.58000 0.980 0.980 0.980
v 2.12000 2.22000 0.58000 0.980 0.980 0.980
v 2.12000 2.22000 0.65000 0.980 0.980 0.980
v 1.88000 2.22000 0.65000 0.980 0.980 0.980
v 2.12000 2.22000 0.65000 0.980 0.980 0.980
v 2.12000 2.22000 0.58000 0.980 0.980 0.980
v 2.12000 2.78000 0.58000 0.980 0.980 0.980
v 2.12000 2.78000 0.65000 0.980 0.980 0.980
v 1.88000 2.22000 0.58000 0.980 0.980 0.980
v 1.88000 2.22000 0.65000 0.980 0.980 0.980
v 1.88000 2.78000 0.65000 0.980 0.980 0.980
v 1.88000 2.78000 0.58000 0.980 0.980 0.980
v 1.78000 2.60000 0.65000 0.980 0.980 0.980
v 2.22000 2.60000 0.65000 0.980 0.980 0.980
v 2.22000 2.80000 0.65000 0.980 0.980 0.980
v 1.78000 2.80000 0.65000 0.980 0.980 0.980
v 2.22000 2.60000 0.58000 0.980 0.980 0.980
v 1.78000 2.60000 0.58000 0.980 0.980 0.980
v 1.78000 2.80000 0.58000 0.980 0.980 0.980
v 2.22000 2.80000 0.58000 0.980 0.980 0.980
v 1.78000 2.80000 0.65000 0.980 0.980 0.980
v 2.22000 2.80000 0.65000 0.980 0.980 0.980
v 2.22000 2.80000 0.58000 0.980 0.980 0.980
v 1.78000 2.80000 0.58000 0.980 0.980 0.980
v 1.78000 2.60000 0.58000 0.980 0.980 0.980
v 2.22000 2.60000 0.58000 0.980 0.980 0.980
v 2.22000 2.60000 0.65000 0.980 0.980 0.980
v 1.78000 2.60000 0.65000 0.980 0.980 0.980
v 2.22000 2.60000 0.65000 0.980 0.980 0.980
v 2.22000 2.60000 0.58000 0.980 0.980 0.980
v 2.22000 2.80000 0.58000 0.980 0.980 0.980
v 2.22000 2.80000 0.65000 0.980 0.980 0.980
v 1.78000 2.60000 0.58000 0.980 0.980 0.980
v 1.78000 2.60000 0.65000 0.980 0.980 0.980
v 1.78000 2.80000 0.65000 0.980 0.980 0.980
v 1.78000 2.80000 0.58000 0.980 0.980 0.980
v -1.80000 4.20000 0.60000 0.720 0.320 0.180
v -0.60000 4.20000 0.60000 0.720 0.320 0.180
v -0.60000 5.40000 0.60000 0.720 0.320 0.180
v -1.80000 5.40000 0.60000 0.720 0.320 0.180
v -0.60000 4.20000 -0.60000 0.720 0.320 0.180
v -1.80000 4.20000 -0.60000 0.720 0.320 0.180
v -1.80000 5.40000 -0.60000 0.720 0.320 0.180
v -0.60000 5.40000 -0.60000 0.720 0.320 0.180
v -1.80000 5.40000 0.60000 0.720 0.320 0.180
v -0.60000 5.40000 0.60000 0.720 0.320 0.180
v -0.60000 5.40000 -0.60000 0.720 0.320 0.180
v -1.80000 5.40000 -0.60000 0.720 0.320 0.180
v -1.80000 4.20000 -0.60000 0.720 0.320 0.180
v -0.60000 4.20000 -0.60000 0.720 0.320 0.180
v -0.60000 4.20000 0.60000 0.720 0.320 0.180
v -1.80000 4.20000 0.60000 0.720 0.320 0.180
v -0.60000 4.20000 0.60000 0.720 0.320 0.180
v -0.60000 4.20000 -0.60000 0.720 0.320 0.180
v -0.60000 5.40000 -0.60000 0.720 0.320 0.180
v -0.60000 5.40000 0.60000 0.720 0.320 0.180
v -1.80000 4.20000 -0.60000 0.720 0.320 0.180
v -1.80000 4.20000 0.60000 0.720 0.320 0.180
v -1.80000 5.40000 0.60000 0.720 0.320 0.180
v -1.80000 5.40000 -0.60000 0.720 0.320 0.180
v -1.82000 4.75000 0.62000 0.550 0.250 0.120
v -0.58000 4.75000 0.62000 0.550 0.250 0.120
v -0.58000 4.85000 0.62000 0.550 0.250 0.120
v -1.82000 4.85000 0.62000 0.550 0.250 0.120
v -0.58000 4.75000 -0.62000 0.550 0.250 0.120
v -1.82000 4.75000 -0.62000 0.550 0.250 0.120
v -1.82000 4.85000 -0.62000 0.550 0.250 0.120
v -0.58000 4.85000 -0.62000 0.550 0.250 0.120
v -1.82000 4.85000 0.62000 0.550 0.250 0.120
v -0.58000 4.85000 0.62000 0.550 0.250 0.120
v -0.58000 4.85000 -0.62000 0.550 0.250 0.120
v -1.82000 4.85000 -0.62000 0.550 0.250 0.120
v -1.82000 4.75000 -0.62000 0.550 0.250 0.120
v -0.58000 4.75000 -0.62000 0.550 0.250 0.120
v -0.58000 4.75000 0.62000 0.550 0.250 0.120
v -1.82000 4.75000 0.62000 0.550 0.250 0.120
v -0.58000 4.75000 0.62000 0.550 0.250 0.120
v -0.58000 4.75000 -0.62000 0.550 0.250 0.120
v -0.58000 4.85000 -0.62000 0.550 0.250 0.120
v -0.58000 4.85000 0.62000 0.550 0.250 0.120
v -1.82000 4.75000 -0.62000 0.550 0.250 0.120
v -1.82000 4.75000 0.62000 0.550 0.250 0.120
v -1.82000 4.85000 0.62000 0.550 0.250 0.120
v -1.82000 4.85000 -0.62000 0.550 0.250 0.120
v -1.25000 4.18000 0.62000 0.550 0.250 0.120
v -1.15000 4.18000 0.62000 0.550 0.250 0.120
v -1.15000 5.42000 0.62000 0.550 0.250 0.120
v -1.25000 5.42000 0.62000 0.550 0.250 0.120
v -1.15000 4.18000 -0.62000 0.550 0.250 0.120
v -1.25000 4.18000 -0.62000 0.550 0.250 0.120
v -1.25000 5.42000 -0.62000 0.550 0.250 0.120
v -1.15000 5.42000 -0.62000 0.550 0.250 0.120
v -1.25000 5.42000 0.62000 0.550 0.250 0.120
v -1.15000 5.42000 0.62000 0.550 0.250 0.120
v -1.15000 5.42000 -0.62000 0.550 0.250 0.120
v -1.25000 5.42000 -0.62000 0.550 0.250 0.120
v -1.25000 4.18000 -0.62000 0.550 0.250 0.120
v -1.15000 4.18000 -0.62000 0.550 0.250 0.120
v -1.15000 4.18000 0.62000 0.550 0.250 0.120
v -1.25000 4.18000 0.62000 0.550 0.250 0.120
v -1.15000 4.18000 0.62000 0.550 0.250 0.120
v -1.15000 4.18000 -0.62000 0.550 0.250 0.120
v -1.15000 5.42000 -0.62000 0.550 0.250 0.120
v -1.15000 5.42000 0.62000 0.550 0.250 0.120
v -1.25000 4.18000 -0.62000 0.550 0.250 0.120
v -1.25000 4.18000 0.62000 0.550 0.250 0.120
v -1.25000 5.42000 0.62000 0.550 0.250 0.120
v -1.25000 5.42000 -0.62000 0.550 0.250 0.120
v 0.60000 4.20000 0.60000 0.720 0.320 0.180
v 1.80000 4.20000 0.60000 0.720 0.320 0.180
v 1.80000 5.40000 0.60000 0.720 0.320 0.180
v 0.60000 5.40000 0.60000 0.720 0.320 0.180
v 1.80000 4.20000 -0.60000 0.720 0.320 0.180
v 0.60000 4.20000 -0.60000 0.720 0.320 0.180
v 0.60000 5.40000 -0.60000 0.720 0.320 0.180
v 1.80000 5.40000 -0.60000 0.720 0.320 0.180
v 0.60000 5.40000 0.60000 0.720 0.320 0.180
v 1.80000 5.40000 0.60000 0.720 0.320 0.180
v 1.80000 5.40000 -0.60000 0.720 0.320 0.180
v 0.60000 5.40000 -0.60000 0.720 0.320 0.180
v 0.60000 4.20000 -0.60000 0.720 0.320 0.180
v 1.80000 4.20000 -0.60000 0.720 0.320 0.180
v 1.80000 4.20000 0.60000 0.720 0.320 0.180
v 0.60000 4.20000 0.60000 0.720 0.320 0.180
v 1.80000 4.20000 0.60000 0.720 0.320 0.180
v 1.80000 4.20000 -0.60000 0.720 0.320 0.180
v 1.80000 5.40000 -0.60000 0.720 0.320 0.180
v 1.80000 5.40000 0.60000 0.720 0.320 0.180
v 0.60000 4.20000 -0.60000 0.720 0.320 0.180
v 0.60000 4.20000 0.60000 0.720 0.320 0.180
v 0.60000 5.40000 0.60000 0.720 0.320 0.180
v 0.60000 5.40000 -0.60000 0.720 0.320 0.180
v 0.58000 4.75000 0.62000 0.550 0.250 0.120
v 1.82000 4.75000 0.62000 0.550 0.250 0.120
v 1.82000 4.85000 0.62000 0.550 0.250 0.120
v 0.58000 4.85000 0.62000 0.550 0.250 0.120
v 1.82000 4.75000 -0.62000 0.550 0.250 0.120
v 0.58000 4.75000 -0.62000 0.550 0.250 0.120
v 0.58000 4.85000 -0.62000 0.550 0.250 0.120
v 1.82000 4.85000 -0.62000 0.550 0.250 0.120
v 0.58000 4.85000 0.62000 0.550 0.250 0.120
v 1.82000 4.85000 0.62000 0.550 0.250 0.120
v 1.82000 4.85000 -0.62000 0.550 0.250 0.120
v 0.58000 4.85000 -0.62000 0.550 0.250 0.120
v 0.58000 4.75000 -0.62000 0.550 0.250 0.120
v 1.82000 4.75000 -0.62000 0.550 0.250 0.120
v 1.82000 4.75000 0.62000 0.550 0.250 0.120
v 0.58000 4.75000 0.62000 0.550 0.250 0.120
v 1.82000 4.75000 0.62000 0.550 0.250 0.120
v 1.82000 4.75000 -0.62000 0.550 0.250 0.120
v 1.82000 4.85000 -0.62000 0.550 0.250 0.120
v 1.82000 4.85000 0.62000 0.550 0.250 0.120
v 0.58000 4.75000 -0.62000 0.550 0.250 0.120
v 0.58000 4.75000 0.62000 0.550 0.250 0.120
v 0.58000 4.85000 0.62000 0.550 0.250 0.120
v 0.58000 4.85000 -0.62000 0.550 0.250 0.120
v 1.15000 4.18000 0.62000 0.550 0.250 0.120
v 1.25000 4.18000 0.62000 0.550 0.250 0.120
v 1.25000 5.42000 0.62000 0.550 0.250 0.120
v 1.15000 5.42000 0.62000 0.550 0.250 0.120
v 1.25000 4.18000 -0.62000 0.550 0.250 0.120
v 1.15000 4.18000 -0.62000 0.550 0.250 0.120
v 1.15000 5.42000 -0.62000 0.550 0.250 0.120
v 1.25000 5.42000 -0.62000 0.550 0.250 0.120
v 1.15000 5.42000 0.62000 0.550 0.250 0.120
v 1.25000 5.42000 0.62000 0.550 0.250 0.120
v 1.25000 5.42000 -0.62000 0.550 0.250 0.120
v 1.15000 5.42000 -0.62000 0.550 0.250 0.120
v 1.15000 4.18000 -0.62000 0.550 0.250 0.120
v 1.25000 4.18000 -0.62000 0.550 0.250 0.120
v 1.25000 4.18000 0.62000 0.550 0.250 0.120
v 1.15000 4.18000 0.62000 0.550 0.250 0.120
v 1.25000 4.18000 0.62000 0.550 0.250 0.120
v 1.25000 4.18000 -0.62000 0.550 0.250 0.120
v 1.25000 5.42000 -0.62000 0.550 0.250 0.120
v 1.25000 5.42000 0.62000 0.550 0.250 0.120
v 1.15000 4.18000 -0.62000 0.550 0.250 0.120
v 1.15000 4.18000 0.62000 0.550 0.250 0.120
v 1.15000 5.42000 0.62000 0.550 0.250 0.120
v 1.15000 5.42000 -0.62000 0.550 0.250 0.120
v 1.50000 1.30000 1.00000 0.980 0.850 0.100
v 1.50000 1.30000 1.00000 0.980 0.850 0.100
v 1.50000 1.30000 1.00000 0.980 0.850 0.100
v 1.50000 1.30000 1.00000 0.980 0.850 0.100
v 1.50000 1.30000 1.00000 0.980 0.850 0.100
v 1.50000 1.30000 1.00000 0.980 0.850 0.100
v 1.50000 1.30000 1.00000 0.980 0.850 0.100
v 1.50000 1.30000 1.00000 0.980 0.850 0.100
v 1.50000 1.30000 1.00000 0.980 0.850 0.100
v 1.50000 1.30000 1.00000 0.980 0.850 0.100
v 1.65000 1.25981 1.00000 0.980 0.850 0.100
v 1.62135 1.25981 1.08817 0.980 0.850 0.100
v 1.54635 1.25981 1.14266 0.980 0.850 0.100
v 1.45365 1.25981 1.14266 0.980 0.850 0.100
v 1.37865 1.25981 1.08817 0.980 0.850 0.100
v 1.35000 1.25981 1.00000 0.980 0.850 0.100
v 1.37865 1.25981 0.91183 0.980 0.850 0.100
v 1.45365 1.25981 0.85734 0.980 0.850 0.100
v 1.54635 1.25981 0.85734 0.980 0.850 0.100
v 1.62135 1.25981 0.91183 0.980 0.850 0.100
v 1.75981 1.15000 1.00000 0.980 0.850 0.100
v 1.71019 1.15000 1.15271 0.980 0.850 0.100
v 1.58028 1.15000 1.24709 0.980 0.850 0.100
v 1.41972 1.15000 1.24709 0.980 0.850 0.100
v 1.28981 1.15000 1.15271 0.980 0.850 0.100
v 1.24019 1.15000 1.00000 0.980 0.850 0.100
v 1.28981 1.15000 0.84729 0.980 0.850 0.100
v 1.41972 1.15000 0.75291 0.980 0.850 0.100
v 1.58028 1.15000 0.75291 0.980 0.850 0.100
v 1.71019 1.15000 0.84729 0.980 0.850 0.100
v 1.80000 1.00000 1.00000 0.980 0.850 0.100
v 1.74271 1.00000 1.17634 0.980 0.850 0.100
v 1.59271 1.00000 1.28532 0.980 0.850 0.100
v 1.40729 1.00000 1.28532 0.980 0.850 0.100
v 1.25729 1.00000 1.17634 0.980 0.850 0.100
v 1.20000 1.00000 1.00000 0.980 0.850 0.100
v 1.25729 1.00000 0.82366 0.980 0.850 0.100
v 1.40729 1.00000 0.71468 0.980 0.850 0.100
v 1.59271 1.00000 0.71468 0.980 0.850 0.100
v 1.74271 1.00000 0.82366 0.980 0.850 0.100
v 1.75981 0.85000 1.00000 0.980 0.850 0.100
v 1.71019 0.85000 1.15271 0.980 0.850 0.100
v 1.58028 0.85000 1.24709 0.980 0.850 0.100
v 1.41972 0.85000 1.24709 0.980 0.850 0.100
v 1.28981 0.85000 1.15271 0.980 0.850 0.100
v 1.24019 0.85000 1.00000 0.980 0.850 0.100
v 1.28981 0.85000 0.84729 0.980 0.850 0.100
v 1.41972 0.85000 0.75291 0.980 0.850 0.100
v 1.58028 0.85000 0.75291 0.980 0.850 0.100
v 1.71019 0.85000 0.84729 0.980 0.850 0.100
v 1.65000 0.74019 1.00000 0.980 0.850 0.100
v 1.62135 0.74019 1.08817 0.980 0.850 0.100
v 1.54635 0.74019 1.14266 0.980 0.850 0.100
v 1.45365 0.74019 1.14266 0.980 0.850 0.100
v 1.37865 0.74019 1.08817 0.980 0.850 0.100
v 1.35000 0.74019 1.00000 0.980 0.850 0.100
v 1.37865 0.74019 0.91183 0.980 0.850 0.100
v 1.45365 0.74019 0.85734 0.980 0.850 0.100
v 1.54635 0.74019 0.85734 0.980 0.850 0.100
v 1.62135 0.74019 0.91183 0.980 0.850 0.100
v 1.50000 0.70000 1.00000 0.980 0.850 0.100
v 1.50000 0.70000 1.00000 0.980 0.850 0.100
v 1.50000 0.70000 1.00000 0.980 0.850 0.100
v 1.50000 0.70000 1.00000 0.980 0.850 0.100
v 1.50000 0.70000 1.00000 0.980 0.850 0.100
v 1.50000 0.70000 1.00000 0.980 0.850 0.100
v 1.50000 0.70000 1.00000 0.980 0.850 0.100
v 1.50000 0.70000 1.00000 0.980 0.850 0.100
v 1.50000 0.70000 1.00000 0.980 0.850 0.100
v 1.50000 0.70000 1.00000 0.980 0.850 0.100
v 2.20000 1.80000 1.00000 0.980 0.850 0.100
v 2.20000 1.80000 1.00000 0.980 0.850 0.100
v 2.20000 1.80000 1.00000 0.980 0.850 0.100
v 2.20000 1.80000 1.00000 0.980 0.850 0.100
v 2.20000 1.80000 1.00000 0.980 0.850 0.100
v 2.20000 1.80000 1.00000 0.980 0.850 0.100
v 2.20000 1.80000 1.00000 0.980 0.850 0.100
v 2.20000 1.80000 1.00000 0.980 0.850 0.100
v 2.20000 1.80000 1.00000 0.980 0.850 0.100
v 2.20000 1.80000 1.00000 0.980 0.850 0.100
v 2.35000 1.75981 1.00000 0.980 0.850 0.100
v 2.32135 1.75981 1.08817 0.980 0.850 0.100
v 2.24635 1.75981 1.14266 0.980 0.850 0.100
v 2.15365 1.75981 1.14266 0.980 0.850 0.100
v 2.07865 1.75981 1.08817 0.980 0.850 0.100
v 2.05000 1.75981 1.00000 0.980 0.850 0.100
v 2.07865 1.75981 0.91183 0.980 0.850 0.100
v 2.15365 1.75981 0.85734 0.980 0.850 0.100
v 2.24635 1.75981 0.85734 0.980 0.850 0.100
v 2.32135 1.75981 0.91183 0.980 0.850 0.100
v 2.45981 1.65000 1.00000 0.980 0.850 0.100
v 2.41019 1.65000 1.15271 0.980 0.850 0.100
v 2.28028 1.65000 1.24709 0.980 0.850 0.100
v 2.11972 1.65000 1.24709 0.980 0.850 0.100
v 1.98981 1.65000 1.15271 0.980 0.850 0.100
v 1.94019 1.65000 1.00000 0.980 0.850 0.100
v 1.98981 1.65000 0.84729 0.980 0.850 0.100
v 2.11972 1.65000 0.75291 0.980 0.850 0.100
v 2.28028 1.65000 0.75291 0.980 0.850 0.100
v 2.41019 1.65000 0.84729 0.980 0.850 0.100
v 2.50000 1.50000 1.00000 0.980 0.850 0.100
v 2.44271 1.50000 1.17634 0.980 0.850 0.100
v 2.29271 1.50000 1.28532 0.980 0.850 0.100
v 2.10729 1.50000 1.28532 0.980 0.850 0.100
v 1.95729 1.50000 1.17634 0.980 0.850 0.100
v 1.90000 1.50000 1.00000 0.980 0.850 0.100
v 1.95729 1.50000 0.82366 0.980 0.850 0.100
v 2.10729 1.50000 0.71468 0.980 0.850 0.100
v 2.29271 1.50000 0.71468 0.980 0.850 0.100
v 2.44271 1.50000 0.82366 0.980 0.850 0.100
v 2.45981 1.35000 1.00000 0.980 0.850 0.100
v 2.41019 1.35000 1.15271 0.980 0.850 0.100
v 2.28028 1.35000 1.24709 0.980 0.850 0.100
v 2.11972 1.35000 1.24709 0.980 0.850 0.100
v 1.98981 1.35000 1.15271 0.980 0.850 0.100
v 1.94019 1.35000 1.00000 0.980 0.850 0.100
v 1.98981 1.35000 0.84729 0.980 0.850 0.100
v 2.11972 1.35000 0.75291 0.980 0.850 0.100
v 2.28028 1.35000 0.75291 0.980 0.850 0.100
v 2.41019 1.35000 0.84729 0.980 0.850 0.100
v 2.35000 1.24019 1.00000 0.980 0.850 0.100
v 2.32135 1.24019 1.08817 0.980 0.850 0.100
v 2.24635 1.24019 1.14266 0.980 0.850 0.100
v 2.15365 1.24019 1.14266 0.980 0.850 0.100
v 2.07865 1.24019 1.08817 0.980 0.850 0.100
v 2.05000 1.24019 1.00000 0.980 0.850 0.100
v 2.07865 1.24019 0.91183 0.980 0.850 0.100
v 2.15365 1.24019 0.85734 0.980 0.850 0.100
v 2.24635 1.24019 0.85734 0.980 0.850 0.100
v 2.32135 1.24019 0.91183 0.980 0.850 0.100
v 2.20000 1.20000 1.00000 0.980 0.850 0.100
v 2.20000 1.20000 1.00000 0.980 0.850 0.100
v 2.20000 1.20000 1.00000 0.980 0.850 0.100
v 2.20000 1.20000 1.00000 0.980 0.850 0.100
v 2.20000 1.20000 1.00000 0.980 0.850 0.100
v 2.20000 1.20000 1.00000 0.980 0.850 0.100
v 2.20000 1.20000 1.00000 0.980 0.850 0.100
v 2.20000 1.20000 1.00000 0.980 0.850 0.100
v 2.20000 1.20000 1.00000 0.980 0.850 0.100
v 2.20000 1.20000 1.00000 0.980 0.850 0.100
v 2.90000 2.30000 1.00000 0.980 0.850 0.100
v 2.90000 2.30000 1.00000 0.980 0.850 0.100
v 2.90000 2.30000 1.00000 0.980 0.850 0.100
v 2.90000 2.30000 1.00000 0.980 0.850 0.100
v 2.90000 2.30000 1.00000 0.980 0.850 0.100
v 2.90000 2.30000 1.00000 0.980 0.850 0.100
v 2.90000 2.30000 1.00000 0.980 0.850 0.100
v 2.90000 2.30000 1.00000 0.980 0.850 0.100
v 2.90000 2.30000 1.00000 0.980 0.850 0.100
v 2.90000 2.30000 1.00000 0.980 0.850 0.100
v 3.05000 2.25981 1.00000 0.980 0.850 0.100
v 3.02135 2.25981 1.08817 0.980 0.850 0.100
v 2.94635 2.25981 1.14266 0.980 0.850 0.100
v 2.85365 2.25981 1.14266 0.980 0.850 0.100
v 2.77865 2.25981 1.08817 0.980 0.850 0.100
v 2.75000 2.25981 1.00000 0.980 0.850 0.100
v 2.77865 2.25981 0.91183 0.980 0.850 0.100
v 2.85365 2.25981 0.85734 0.980 0.850 0.100
v 2.94635 2.25981 0.85734 0.980 0.850 0.100
v 3.02135 2.25981 0.91183 0.980 0.850 0.100
v 3.15981 2.15000 1.00000 0.980 0.850 0.100
v 3.11019 2.15000 1.15271 0.980 0.850 0.100
v 2.98028 2.15000 1.24709 0.980 0.850 0.100
v 2.81972 2.15000 1.24709 0.980 0.850 0.100
v 2.68981 2.15000 1.15271 0.980 0.850 0.100
v 2.64019 2.15000 1.00000 0.980 0.850 0.100
v 2.68981 2.15000 0.84729 0.980 0.850 0.100
v 2.81972 2.15000 0.75291 0.980 0.850 0.100
v 2.98028 2.15000 0.75291 0.980 0.850 0.100
v 3.11019 2.15000 0.84729 0.980 0.850 0.100
v 3.20000 2.00000 1.00000 0.980 0.850 0.100
v 3.14271 2.00000 1.17634 0.980 0.850 0.100
v 2.99271 2.00000 1.28532 0.980 0.850 0.100
v 2.80729 2.00000 1.28532 0.980 0.850 0.100
v 2.65729 2.00000 1.17634 0.980 0.850 0.100
v 2.60000 2.00000 1.00000 0.980 0.850 0.100
v 2.65729 2.00000 0.82366 0.980 0.850 0.100
v 2.80729 2.00000 0.71468 0.980 0.850 0.100
v 2.99271 2.00000 0.71468 0.980 0.850 0.100
v 3.14271 2.00000 0.82366 0.980 0.850 0.100
v 3.15981 1.85000 1.00000 0.980 0.850 0.100
v 3.11019 1.85000 1.15271 0.980 0.850 0.100
v 2.98028 1.85000 1.24709 0.980 0.850 0.100
v 2.81972 1.85000 1.24709 0.980 0.850 0.100
v 2.68981 1.85000 1.15271 0.980 0.850 0.100
v 2.64019 1.85000 1.00000 0.980 0.850 0.100
v 2.68981 1.85000 0.84729 0.980 0.850 0.100
v 2.81972 1.85000 0.75291 0.980 0.850 0.100
v 2.98028 1.85000 0.75291 0.980 0.850 0.100
v 3.11019 1.85000 0.84729 0.980 0.850 0.100
v 3.05000 1.74019 1.00000 0.980 0.850 0.100
v 3.02135 1.74019 1.08817 0.980 0.850 0.100
v 2.94635 1.74019 1.14266 0.980 0.850 0.100
v 2.85365 1.74019 1.14266 0.980 0.850 0.100
v 2.77865 1.74019 1.08817 0.980 0.850 0.100
v 2.75000 1.74019 1.00000 0.980 0.850 0.100
v 2.77865 1.74019 0.91183 0.980 0.850 0.100
v 2.85365 1.74019 0.85734 0.980 0.850 0.100
v 2.94635 1.74019 0.85734 0.980 0.850 0.100
v 3.02135 1.74019 0.91183 0.980 0.850 0.100
v 2.90000 1.70000 1.00000 0.980 0.850 0.100
v 2.90000 1.70000 1.00000 0.980 0.850 0.100
v 2.90000 1.70000 1.00000 0.980 0.850 0.100
v 2.90000 1.70000 1.00000 0.980 0.850 0.100
v 2.90000 1.70000 1.00000 0.980 0.850 0.100
v 2.90000 1.70000 1.00000 0.980 0.850 0.100
v 2.90000 1.70000 1.00000 0.980 0.850 0.100
v 2.90000 1.70000 1.00000 0.980 0.850 0.100
v 2.90000 1.70000 1.00000 0.980 0.850 0.100
v 2.90000 1.70000 1.00000 0.980 0.850 0.100
v -10.00000 11.20000 -4.00000 0.980 0.980 0.980
v -10.00000 11.20000 -4.00000 0.980 0.980 0.980
v -10.00000 11.20000 -4.00000 0.980 0.980 0.980
v -10.00000 11.20000 -4.00000 0.980 0.980 0.980
v -10.00000 11.20000 -4.00000 0.980 0.980 0.980
v -10.00000 11.20000 -4.00000 0.980 0.980 0.980
v -10.00000 11.20000 -4.00000 0.980 0.980 0.980
v -10.00000 11.20000 -4.00000 0.980 0.980 0.980
v -10.00000 11.20000 -4.00000 0.980 0.980 0.980
v -10.00000 11.20000 -4.00000 0.980 0.980 0.980
v -10.00000 11.20000 -4.00000 0.980 0.980 0.980
v -10.00000 11.20000 -4.00000 0.980 0.980 0.980
v -9.54078 11.10866 -4.00000 0.980 0.980 0.980
v -9.60230 11.10866 -3.77039 0.980 0.980 0.980
v -9.77039 11.10866 -3.60230 0.980 0.980 0.980
v -10.00000 11.10866 -3.54078 0.980 0.980 0.980
v -10.22961 11.10866 -3.60230 0.980 0.980 0.980
v -10.39770 11.10866 -3.77039 0.980 0.980 0.980
v -10.45922 11.10866 -4.00000 0.980 0.980 0.980
v -10.39770 11.10866 -4.22961 0.980 0.980 0.980
v -10.22961 11.10866 -4.39770 0.980 0.980 0.980
v -10.00000 11.10866 -4.45922 0.980 0.980 0.980
v -9.77039 11.10866 -4.39770 0.980 0.980 0.980
v -9.60230 11.10866 -4.22961 0.980 0.980 0.980
v -9.15147 10.84853 -4.00000 0.980 0.980 0.980
v -9.26515 10.84853 -3.57574 0.980 0.980 0.980
v -9.57574 10.84853 -3.26515 0.980 0.980 0.980
v -10.00000 10.84853 -3.15147 0.980 0.980 0.980
v -10.42426 10.84853 -3.26515 0.980 0.980 0.980
v -10.73485 10.84853 -3.57574 0.980 0.980 0.980
v -10.84853 10.84853 -4.00000 0.980 0.980 0.980
v -10.73485 10.84853 -4.42426 0.980 0.980 0.980
v -10.42426 10.84853 -4.73485 0.980 0.980 0.980
v -10.00000 10.84853 -4.84853 0.980 0.980 0.980
v -9.57574 10.84853 -4.73485 0.980 0.980 0.980
v -9.26515 10.84853 -4.42426 0.980 0.980 0.980
v -8.89134 10.45922 -4.00000 0.980 0.980 0.980
v -9.03988 10.45922 -3.44567 0.980 0.980 0.980
v -9.44567 10.45922 -3.03988 0.980 0.980 0.980
v -10.00000 10.45922 -2.89134 0.980 0.980 0.980
v -10.55433 10.45922 -3.03988 0.980 0.980 0.980
v -10.96012 10.45922 -3.44567 0.980 0.980 0.980
v -11.10866 10.45922 -4.00000 0.980 0.980 0.980
v -10.96012 10.45922 -4.55433 0.980 0.980 0.980
v -10.55433 10.45922 -4.96012 0.980 0.980 0.980
v -10.00000 10.45922 -5.10866 0.980 0.980 0.980
v -9.44567 10.45922 -4.96012 0.980 0.980 0.980
v -9.03988 10.45922 -4.55433 0.980 0.980 0.980
v -8.80000 10.00000 -4.00000 0.980 0.980 0.980
v -8.96077 10.00000 -3.40000 0.980 0.980 0.980
v -9.40000 10.00000 -2.96077 0.980 0.980 0.980
v -10.00000 10.00000 -2.80000 0.980 0.980 0.980
v -10.60000 10.00000 -2.96077 0.980 0.980 0.980
v -11.03923 10.00000 -3.40000 0.980 0.980 0.980
v -11.20000 10.00000 -4.00000 0.980 0.980 0.980
v -11.03923 10.00000 -4.60000 0.980 0.980 0.980
v -10.60000 10.00000 -5.03923 0.980 0.980 0.980
v -10.00000 10.00000 -5.20000 0.980 0.980 0.980
v -9.40000 10.00000 -5.03923 0.980 0.980 0.980
v -8.96077 10.00000 -4.60000 0.980 0.980 0.980
v -8.89134 9.54078 -4.00000 0.980 0.980 0.980
v -9.03988 9.54078 -3.44567 0.980 0.980 0.980
v -9.44567 9.54078 -3.03988 0.980 0.980 0.980
v -10.00000 9.54078 -2.89134 0.980 0.980 0.980
v -10.55433 9.54078 -3.03988 0.980 0.980 0.980
v -10.96012 9.54078 -3.44567 0.980 0.980 0.980
v -11.10866 9.54078 -4.00000 0.980 0.980 0.980
v -10.96012 9.54078 -4.55433 0.980 0.980 0.980
v -10.55433 9.54078 -4.96012 0.980 0.980 0.980
v -10.00000 9.54078 -5.10866 0.980 0.980 0.980
v -9.44567 9.54078 -4.96012 0.980 0.980 0.980
v -9.03988 9.54078 -4.55433 0.980 0.980 0.980
v -9.15147 9.15147 -4.00000 0.980 0.980 0.980
v -9.26515 9.15147 -3.57574 0.980 0.980 0.980
v -9.57574 9.15147 -3.26515 0.980 0.980 0.980
v -10.00000 9.15147 -3.15147 0.980 0.980 0.980
v -10.42426 9.15147 -3.26515 0.980 0.980 0.980
v -10.73485 9.15147 -3.57574 0.980 0.980 0.980
v -10.84853 9.15147 -4.00000 0.980 0.980 0.980
v -10.73485 9.15147 -4.42426 0.980 0.980 0.980
v -10.42426 9.15147 -4.73485 0.980 0.980 0.980
v -10.00000 9.15147 -4.84853 0.980 0.980 0.980
v -9.57574 9.15147 -4.73485 0.980 0.980 0.980
v -9.26515 9.15147 -4.42426 0.980 0.980 0.980
v -9.54078 8.89134 -4.00000 0.980 0.980 0.980
v -9.60230 8.89134 -3.77039 0.980 0.980 0.980
v -9.77039 8.89134 -3.60230 0.980 0.980 0.980
v -10.00000 8.89134 -3.54078 0.980 0.980 0.980
v -10.22961 8.89134 -3.60230 0.980 0.980 0.980
v -10.39770 8.89134 -3.77039 0.980 0.980 0.980
v -10.45922 8.89134 -4.00000 0.980 0.980 0.980
v -10.39770 8.89134 -4.22961 0.980 0.980 0.980
v -10.22961 8.89134 -4.39770 0.980 0.980 0.980
v -10.00000 8.89134 -4.45922 0.980 0.980 0.980
v -9.77039 8.89134 -4.39770 0.980 0.980 0.980
v -9.60230 8.89134 -4.22961 0.980 0.980 0.980
v -10.00000 8.80000 -4.00000 0.980 0.980 0.980
v -10.00000 8.80000 -4.00000 0.980 0.980 0.980
v -10.00000 8.80000 -4.00000 0.980 0.980 0.980
v -10.00000 8.80000 -4.00000 0.980 0.980 0.980
v -10.00000 8.80000 -4.00000 0.980 0.980 0.980
v -10.00000 8.80000 -4.00000 0.980 0.980 0.980
v -10.00000 8.80000 -4.00000 0.980 0.980 0.980
v -10.00000 8.80000 -4.00000 0.980 0.980 0.980
v -10.00000 8.80000 -4.00000 0.980 0.980 0.980
v -10.00000 8.80000 -4.00000 0.980 0.980 0.980
v -10.00000 8.80000 -4.00000 0.980 0.980 0.980
v -10.00000 8.80000 -4.00000 0.980 0.980 0.980
v -8.70000 11.20000 -4.00000 0.980 0.980 0.980
v -8.70000 11.20000 -4.00000 0.980 0.980 0.980
v -8.70000 11.20000 -4.00000 0.980 0.980 0.980
v -8.70000 11.20000 -4.00000 0.980 0.980 0.980
v -8.70000 11.20000 -4.00000 0.980 0.980 0.980
v -8.70000 11.20000 -4.00000 0.980 0.980 0.980
v -8.70000 11.20000 -4.00000 0.980 0.980 0.980
v -8.70000 11.20000 -4.00000 0.980 0.980 0.980
v -8.70000 11.20000 -4.00000 0.980 0.980 0.980
v -8.70000 11.20000 -4.00000 0.980 0.980 0.980
v -8.70000 11.20000 -4.00000 0.980 0.980 0.980
v -8.70000 11.20000 -4.00000 0.980 0.980 0.980
v -8.31732 11.12388 -4.00000 0.980 0.980 0.980
v -8.36859 11.12388 -3.80866 0.980 0.980 0.980
v -8.50866 11.12388 -3.66859 0.980 0.980 0.980
v -8.70000 11.12388 -3.61732 0.980 0.980 0.980
v -8.89134 11.12388 -3.66859 0.980 0.980 0.980
v -9.03141 11.12388 -3.80866 0.980 0.980 0.980
v -9.08268 11.12388 -4.00000 0.980 0.980 0.980
v -9.03141 11.12388 -4.19134 0.980 0.980 0.980
v -8.89134 11.12388 -4.33141 0.980 0.980 0.980
v -8.70000 11.12388 -4.38268 0.980 0.980 0.980
v -8.50866 11.12388 -4.33141 0.980 0.980 0.980
v -8.36859 11.12388 -4.19134 0.980 0.980 0.980
v -7.99289 10.90711 -4.00000 0.980 0.980 0.980
v -8.08763 10.90711 -3.64645 0.980 0.980 0.980
v -8.34645 10.90711 -3.38763 0.980 0.980 0.980
v -8.70000 10.90711 -3.29289 0.980 0.980 0.980
v -9.05355 10.90711 -3.38763 0.980 0.980 0.980
v -9.31237 10.90711 -3.64645 0.980 0.980 0.980
v -9.40711 10.90711 -4.00000 0.980 0.980 0.980
v -9.31237 10.90711 -4.35355 0.980 0.980 0.980
v -9.05355 10.90711 -4.61237 0.980 0.980 0.980
v -8.70000 10.90711 -4.70711 0.980 0.980 0.980
v -8.34645 10.90711 -4.61237 0.980 0.980 0.980
v -8.08763 10.90711 -4.35355 0.980 0.980 0.980
v -7.77612 10.58268 -4.00000 0.980 0.980 0.980
v -7.89990 10.58268 -3.53806 0.980 0.980 0.980
v -8.23806 10.58268 -3.19990 0.980 0.980 0.980
v -8.70000 10.58268 -3.07612 0.980 0.980 0.980
v -9.16194 10.58268 -3.19990 0.980 0.980 0.980
v -9.50010 10.58268 -3.53806 0.980 0.980 0.980
v -9.62388 10.58268 -4.00000 0.980 0.980 0.980
v -9.50010 10.58268 -4.46194 0.980 0.980 0.980
v -9.16194 10.58268 -4.80010 0.980 0.980 0.980
v -8.70000 10.58268 -4.92388 0.980 0.980 0.980
v -8.23806 10.58268 -4.80010 0.980 0.980 0.980
v -7.89990 10.58268 -4.46194 0.980 0.980 0.980
v -7.70000 10.20000 -4.00000 0.980 0.980 0.980
v -7.83397 10.20000 -3.50000 0.980 0.980 0.980
v -8.20000 10.20000 -3.13397 0.980 0.980 0.980
v -8.70000 10.20000 -3.00000 0.980 0.980 0.980
v -9.20000 10.20000 -3.13397 0.980 0.980 0.980
v -9.56603 10.20000 -3.50000 0.980 0.980 0.980
v -9.70000 10.20000 -4.00000 0.980 0.980 0.980
v -9.56603 10.20000 -4.50000 0.980 0.980 0.980
v -9.20000 10.20000 -4.86603 0.980 0.980 0.980
v -8.70000 10.20000 -5.00000 0.980 0.980 0.980
v -8.20000 10.20000 -4.86603 0.980 0.980 0.980
v -7.83397 10.20000 -4.50000 0.980 0.980 0.980
v -7.77612 9.81732 -4.00000 0.980 0.980 0.980
v -7.89990 9.81732 -3.53806 0.980 0.980 0.980
v -8.23806 9.81732 -3.19990 0.980 0.980 0.980
v -8.70000 9.81732 -3.07612 0.980 0.980 0.980
v -9.16194 9.81732 -3.19990 0.980 0.980 0.980
v -9.50010 9.81732 -3.53806 0.980 0.980 0.980
v -9.62388 9.81732 -4.00000 0.980 0.980 0.980
v -9.50010 9.81732 -4.46194 0.980 0.980 0.980
v -9.16194 9.81732 -4.80010 0.980 0.980 0.980
v -8.70000 9.81732 -4.92388 0.980 0.980 0.980
v -8.23806 9.81732 -4.80010 0.980 0.980 0.980
v -7.89990 9.81732 -4.46194 0.980 0.980 0.980
v -7.99289 9.49289 -4.00000 0.980 0.980 0.980
v -8.08763 9.49289 -3.64645 0.980 0.980 0.980
v -8.34645 9.49289 -3.38763 0.980 0.980 0.980
v -8.70000 9.49289 -3.29289 0.980 0.980 0.980
v -9.05355 9.49289 -3.38763 0.980 0.980 0.980
v -9.31237 9.49289 -3.64645 0.980 0.980 0.980
v -9.40711 9.49289 -4.00000 0.980 0.980 0.980
v -9.31237 9.49289 -4.35355 0.980 0.980 0.980
v -9.05355 9.49289 -4.61237 0.980 0.980 0.980
v -8.70000 9.49289 -4.70711 0.980 0.980 0.980
v -8.34645 9.49289 -4.61237 0.980 0.980 0.980
v -8.08763 9.49289 -4.35355 0.980 0.980 0.980
v -8.31732 9.27612 -4.00000 0.980 0.980 0.980
v -8.36859 9.27612 -3.80866 0.980 0.980 0.980
v -8.50866 9.27612 -3.66859 0.980 0.980 0.980
v -8.70000 9.27612 -3.61732 0.980 0.980 0.980
v -8.89134 9.27612 -3.66859 0.980 0.980 0.980
v -9.03141 9.27612 -3.80866 0.980 0.980 0.980
v -9.08268 9.27612 -4.00000 0.980 0.980 0.980
v -9.03141 9.27612 -4.19134 0.980 0.980 0.980
v -8.89134 9.27612 -4.33141 0.980 0.980 0.980
v -8.70000 9.27612 -4.38268 0.980 0.980 0.980
v -8.50866 9.27612 -4.33141 0.980 0.980 0.980
v -8.36859 9.27612 -4.19134 0.980 0.980 0.980
v -8.70000 9.20000 -4.00000 0.980 0.980 0.980
v -8.70000 9.20000 -4.00000 0.980 0.980 0.980
v -8.70000 9.20000 -4.00000 0.980 0.980 0.980
v -8.70000 9.20000 -4.00000 0.980 0.980 0.980
v -8.70000 9.20000 -4.00000 0.980 0.980 0.980
v -8.70000 9.20000 -4.00000 0.980 0.980 0.980
v -8.70000 9.20000 -4.00000 0.980 0.980 0.980
v -8.70000 9.20000 -4.00000 0.980 0.980 0.980
v -8.70000 9.20000 -4.00000 0.980 0.980 0.980
v -8.70000 9.20000 -4.00000 0.980 0.980 0.980
v -8.70000 9.20000 -4.00000 0.980 0.980 0.980
v -8.70000 9.20000 -4.00000 0.980 0.980 0.980
v -11.30000 11.10000 -4.00000 0.980 0.980 0.980
v -11.30000 11.10000 -4.00000 0.980 0.980 0.980
v -11.30000 11.10000 -4.00000 0.980 0.980 0.980
v -11.30000 11.10000 -4.00000 0.980 0.980 0.980
v -11.30000 11.10000 -4.00000 0.980 0.980 0.980
v -11.30000 11.10000 -4.00000 0.980 0.980 0.980
v -11.30000 11.10000 -4.00000 0.980 0.980 0.980
v -11.30000 11.10000 -4.00000 0.980 0.980 0.980
v -11.30000 11.10000 -4.00000 0.980 0.980 0.980
v -11.30000 11.10000 -4.00000 0.980 0.980 0.980
v -11.30000 11.10000 -4.00000 0.980 0.980 0.980
v -11.30000 11.10000 -4.00000 0.980 0.980 0.980
v -10.95558 11.03149 -4.00000 0.980 0.980 0.980
v -11.00173 11.03149 -3.82779 0.980 0.980 0.980
v -11.12779 11.03149 -3.70173 0.980 0.980 0.980
v -11.30000 11.03149 -3.65558 0.980 0.980 0.980
v -11.47221 11.03149 -3.70173 0.980 0.980 0.980
v -11.59827 11.03149 -3.82779 0.980 0.980 0.980
v -11.64442 11.03149 -4.00000 0.980 0.980 0.980
v -11.59827 11.03149 -4.17221 0.980 0.980 0.980
v -11.47221 11.03149 -4.29827 0.980 0.980 0.980
v -11.30000 11.03149 -4.34442 0.980 0.980 0.980
v -11.12779 11.03149 -4.29827 0.980 0.980 0.980
v -11.00173 11.03149 -4.17221 0.980 0.980 0.980
v -10.66360 10.83640 -4.00000 0.980 0.980 0.980
v -10.74886 10.83640 -3.68180 0.980 0.980 0.980
v -10.98180 10.83640 -3.44886 0.980 0.980 0.980
v -11.30000 10.83640 -3.36360 0.980 0.980 0.980
v -11.61820 10.83640 -3.44886 0.980 0.980 0.980
v -11.85114 10.83640 -3.68180 0.980 0.980 0.980
v -11.93640 10.83640 -4.00000 0.980 0.980 0.980
v -11.85114 10.83640 -4.31820 0.980 0.980 0.980
v -11.61820 10.83640 -4.55114 0.980 0.980 0.980
v -11.30000 10.83640 -4.63640 0.980 0.980 0.980
v -10.98180 10.83640 -4.55114 0.980 0.980 0.980
v -10.74886 10.83640 -4.31820 0.980 0.980 0.980
v -10.46851 10.54442 -4.00000 0.980 0.980 0.980
v -10.57991 10.54442 -3.58425 0.980 0.980 0.980
v -10.88425 10.54442 -3.27991 0.980 0.980 0.980
v -11.30000 10.54442 -3.16851 0.980 0.980 0.980
v -11.71575 10.54442 -3.27991 0.980 0.980 0.980
v -12.02009 10.54442 -3.58425 0.980 0.980 0.980
v -12.13149 10.54442 -4.00000 0.980 0.980 0.980
v -12.02009 10.54442 -4.41575 0.980 0.980 0.980
v -11.71575 10.54442 -4.72009 0.980 0.980 0.980
v -11.30000 10.54442 -4.83149 0.980 0.980 0.980
v -10.88425 10.54442 -4.72009 0.980 0.980 0.980
v -10.57991 10.54442 -4.41575 0.980 0.980 0.980
v -10.40000 10.20000 -4.00000 0.980 0.980 0.980
v -10.52058 10.20000 -3.55000 0.980 0.980 0.980
v -10.85000 10.20000 -3.22058 0.980 0.980 0.980
v -11.30000 10.20000 -3.10000 0.980 0.980 0.980
v -11.75000 10.20000 -3.22058 0.980 0.980 0.980
v -12.07942 10.20000 -3.55000 0.980 0.980 0.980
v -12.20000 10.20000 -4.00000 0.980 0.980 0.980
v -12.07942 10.20000 -4.45000 0.980 0.980 0.980
v -11.75000 10.20000 -4.77942 0.980 0.980 0.980
v -11.30000 10.20000 -4.90000 0.980 0.980 0.980
v -10.85000 10.20000 -4.77942 0.980 0.980 0.980
v -10.52058 10.20000 -4.45000 0.980 0.980 0.980
v -10.46851 9.85558 -4.00000 0.980 0.980 0.980
v -10.57991 9.85558 -3.58425 0.980 0.980 0.980
v -10.88425 9.85558 -3.27991 0.980 0.980 0.980
v -11.30000 9.85558 -3.16851 0.980 0.980 0.980
v -11.71575 9.85558 -3.27991 0.980 0.980 0.980
v -12.02009 9.85558 -3.58425 0.980 0.980 0.980
v -12.13149 9.85558 -4.00000 0.980 0.980 0.980
v -12.02009 9.85558 -4.41575 0.980 0.980 0.980
v -11.71575 9.85558 -4.72009 0.980 0.980 0.980
v -11.30000 9.85558 -4.83149 0.980 0.980 0.980
v -10.88425 9.85558 -4.72009 0.980 0.980 0.980
v -10.57991 9.85558 -4.41575 0.980 0.980 0.980
v -10.66360 9.56360 -4.00000 0.980 0.980 0.980
v -10.74886 9.56360 -3.68180 0.980 0.980 0.980
v -10.98180 9.56360 -3.44886 0.980 0.980 0.980
v -11.30000 9.56360 -3.36360 0.980 0.980 0.980
v -11.61820 9.56360 -3.44886 0.980 0.980 0.980
v -11.85114 9.56360 -3.68180 0.980 0.980 0.980
v -11.93640 9.56360 -4.00000 0.980 0.980 0.980
v -11.85114 9.56360 -4.31820 0.980 0.980 0.980
v -11.61820 9.56360 -4.55114 0.980 0.980 0.980
v -11.30000 9.56360 -4.63640 0.980 0.980 0.980
v -10.98180 9.56360 -4.55114 0.980 0.980 0.980
v -10.74886 9.56360 -4.31820 0.980 0.980 0.980
v -10.95558 9.36851 -4.00000 0.980 0.980 0.980
v -11.00173 9.36851 -3.82779 0.980 0.980 0.980
v -11.12779 9.36851 -3.70173 0.980 0.980 0.980
v -11.30000 9.36851 -3.65558 0.980 0.980 0.980
v -11.47221 9.36851 -3.70173 0.980 0.980 0.980
v -11.59827 9.36851 -3.82779 0.980 0.980 0.980
v -11.64442 9.36851 -4.00000 0.980 0.980 0.980
v -11.59827 9.36851 -4.17221 0.980 0.980 0.980
v -11.47221 9.36851 -4.29827 0.980 0.980 0.980
v -11.30000 9.36851 -4.34442 0.980 0.980 0.980
v -11.12779 9.36851 -4.29827 0.980 0.980 0.980
v -11.00173 9.36851 -4.17221 0.980 0.980 0.980
v -11.30000 9.30000 -4.00000 0.980 0.980 0.980
v -11.30000 9.30000 -4.00000 0.980 0.980 0.980
v -11.30000 9.30000 -4.00000 0.980 0.980 0.980
v -11.30000 9.30000 -4.00000 0.980 0.980 0.980
v -11.30000 9.30000 -4.00000 0.980 0.980 0.980
v -11.30000 9.30000 -4.00000 0.980 0.980 0.980
v -11.30000 9.30000 -4.00000 0.980 0.980 0.980
v -11.30000 9.30000 -4.00000 0.980 0.980 0.980
v -11.30000 9.30000 -4.00000 0.980 0.980 0.980
v -11.30000 9.30000 -4.00000 0.980 0.980 0.980
v -11.30000 9.30000 -4.00000 0.980 0.980 0.980
v -11.30000 9.30000 -4.00000 0.980 0.980 0.980
v -9.40000 11.70000 -4.00000 0.980 0.980 0.980
v -9.40000 11.70000 -4.00000 0.980 0.980 0.980
v -9.40000 11.70000 -4.00000 0.980 0.980 0.980
v -9.40000 11.70000 -4.00000 0.980 0.980 0.980
v -9.40000 11.70000 -4.00000 0.980 0.980 0.980
v -9.40000 11.70000 -4.00000 0.980 0.980 0.980
v -9.40000 11.70000 -4.00000 0.980 0.980 0.980
v -9.40000 11.70000 -4.00000 0.980 0.980 0.980
v -9.40000 11.70000 -4.00000 0.980 0.980 0.980
v -9.40000 11.70000 -4.00000 0.980 0.980 0.980
v -9.00000 11.59282 -4.00000 0.980 0.980 0.980
v -9.07639 11.59282 -3.76489 0.980 0.980 0.980
v -9.27639 11.59282 -3.61958 0.980 0.980 0.980
v -9.52361 11.59282 -3.61958 0.980 0.980 0.980
v -9.72361 11.59282 -3.76489 0.980 0.980 0.980
v -9.80000 11.59282 -4.00000 0.980 0.980 0.980
v -9.72361 11.59282 -4.23511 0.980 0.980 0.980
v -9.52361 11.59282 -4.38042 0.980 0.980 0.980
v -9.27639 11.59282 -4.38042 0.980 0.980 0.980
v -9.07639 11.59282 -4.23511 0.980 0.980 0.980
v -8.70718 11.30000 -4.00000 0.980 0.980 0.980
v -8.83950 11.30000 -3.59277 0.980 0.980 0.980
v -9.18591 11.30000 -3.34109 0.980 0.980 0.980
v -9.61409 11.30000 -3.34109 0.980 0.980 0.980
v -9.96050 11.30000 -3.59277 0.980 0.980 0.980
v -10.09282 11.30000 -4.00000 0.980 0.980 0.980
v -9.96050 11.30000 -4.40723 0.980 0.980 0.980
v -9.61409 11.30000 -4.65891 0.980 0.980 0.980
v -9.18591 11.30000 -4.65891 0.980 0.980 0.980
v -8.83950 11.30000 -4.40723 0.980 0.980 0.980
v -8.60000 10.90000 -4.00000 0.980 0.980 0.980
v -8.75279 10.90000 -3.52977 0.980 0.980 0.980
v -9.15279 10.90000 -3.23915 0.980 0.980 0.980
v -9.64721 10.90000 -3.23915 0.980 0.980 0.980
v -10.04721 10.90000 -3.52977 0.980 0.980 0.980
v -10.20000 10.90000 -4.00000 0.980 0.980 0.980
v -10.04721 10.90000 -4.47023 0.980 0.980 0.980
v -9.64721 10.90000 -4.76085 0.980 0.980 0.980
v -9.15279 10.90000 -4.76085 0.980 0.980 0.980
v -8.75279 10.90000 -4.47023 0.980 0.980 0.980
v -8.70718 10.50000 -4.00000 0.980 0.980 0.980
v -8.83950 10.50000 -3.59277 0.980 0.980 0.980
v -9.18591 10.50000 -3.34109 0.980 0.980 0.980
v -9.61409 10.50000 -3.34109 0.980 0.980 0.980
v -9.96050 10.50000 -3.59277 0.980 0.980 0.980
v -10.09282 10.50000 -4.00000 0.980 0.980 0.980
v -9.96050 10.50000 -4.40723 0.980 0.980 0.980
v -9.61409 10.50000 -4.65891 0.980 0.980 0.980
v -9.18591 10.50000 -4.65891 0.980 0.980 0.980
v -8.83950 10.50000 -4.40723 0.980 0.980 0.980
v -9.00000 10.20718 -4.00000 0.980 0.980 0.980
v -9.07639 10.20718 -3.76489 0.980 0.980 0.980
v -9.27639 10.20718 -3.61958 0.980 0.980 0.980
v -9.52361 10.20718 -3.61958 0.980 0.980 0.980
v -9.72361 10.20718 -3.76489 0.980 0.980 0.980
v -9.80000 10.20718 -4.00000 0.980 0.980 0.980
v -9.72361 10.20718 -4.23511 0.980 0.980 0.980
v -9.52361 10.20718 -4.38042 0.980 0.980 0.980
v -9.27639 10.20718 -4.38042 0.980 0.980 0.980
v -9.07639 10.20718 -4.23511 0.980 0.980 0.980
v -9.40000 10.10000 -4.00000 0.980 0.980 0.980
v -9.40000 10.10000 -4.00000 0.980 0.980 0.980
v -9.40000 10.10000 -4.00000 0.980 0.980 0.980
v -9.40000 10.10000 -4.00000 0.980 0.980 0.980
v -9.40000 10.10000 -4.00000 0.980 0.980 0.980
v -9.40000 10.10000 -4.00000 0.980 0.980 0.980
v -9.40000 10.10000 -4.00000 0.980 0.980 0.980
v -9.40000 10.10000 -4.00000 0.980 0.980 0.980
v -9.40000 10.10000 -4.00000 0.980 0.980 0.980
v -9.40000 10.10000 -4.00000 0.980 0.980 0.980
v -10.50000 11.50000 -4.00000 0.980 0.980 0.980
v -10.50000 11.50000 -4.00000 0.980 0.980 0.980
v -10.50000 11.50000 -4.00000 0.980 0.980 0.980
v -10.50000 11.50000 -4.00000 0.980 0.980 0.980
v -10.50000 11.50000 -4.00000 0.980 0.980 0.980
v -10.50000 11.50000 -4.00000 0.980 0.980 0.980
v -10.50000 11.50000 -4.00000 0.980 0.980 0.980
v -10.50000 11.50000 -4.00000 0.980 0.980 0.980
v -10.50000 11.50000 -4.00000 0.980 0.980 0.980
v -10.50000 11.50000 -4.00000 0.980 0.980 0.980
v -10.15000 11.40622 -4.00000 0.980 0.980 0.980
v -10.21684 11.40622 -3.79428 0.980 0.980 0.980
v -10.39184 11.40622 -3.66713 0.980 0.980 0.980
v -10.60816 11.40622 -3.66713 0.980 0.980 0.980
v -10.78316 11.40622 -3.79428 0.980 0.980 0.980
v -10.85000 11.40622 -4.00000 0.980 0.980 0.980
v -10.78316 11.40622 -4.20572 0.980 0.980 0.980
v -10.60816 11.40622 -4.33287 0.980 0.980 0.980
v -10.39184 11.40622 -4.33287 0.980 0.980 0.980
v -10.21684 11.40622 -4.20572 0.980 0.980 0.980
v -9.89378 11.15000 -4.00000 0.980 0.980 0.980
v -10.00956 11.15000 -3.64367 0.980 0.980 0.980
v -10.31267 11.15000 -3.42345 0.980 0.980 0.980
v -10.68733 11.15000 -3.42345 0.980 0.980 0.980
v -10.99044 11.15000 -3.64367 0.980 0.980 0.980
v -11.10622 11.15000 -4.00000 0.980 0.980 0.980
v -10.99044 11.15000 -4.35633 0.980 0.980 0.980
v -10.68733 11.15000 -4.57655 0.980 0.980 0.980
v -10.31267 11.15000 -4.57655 0.980 0.980 0.980
v -10.00956 11.15000 -4.35633 0.980 0.980 0.980
v -9.80000 10.80000 -4.00000 0.980 0.980 0.980
v -9.93369 10.80000 -3.58855 0.980 0.980 0.980
v -10.28369 10.80000 -3.33426 0.980 0.980 0.980
v -10.71631 10.80000 -3.33426 0.980 0.980 0.980
v -11.06631 10.80000 -3.58855 0.980 0.980 0.980
v -11.20000 10.80000 -4.00000 0.980 0.980 0.980
v -11.06631 10.80000 -4.41145 0.980 0.980 0.980
v -10.71631 10.80000 -4.66574 0.980 0.980 0.980
v -10.28369 10.80000 -4.66574 0.980 0.980 0.980
v -9.93369 10.80000 -4.41145 0.980 0.980 0.980
v -9.89378 10.45000 -4.00000 0.980 0.980 0.980
v -10.00956 10.45000 -3.64367 0.980 0.980 0.980
v -10.31267 10.45000 -3.42345 0.980 0.980 0.980
v -10.68733 10.45000 -3.42345 0.980 0.980 0.980
v -10.99044 10.45000 -3.64367 0.980 0.980 0.980
v -11.10622 10.45000 -4.00000 0.980 0.980 0.980
v -10.99044 10.45000 -4.35633 0.980 0.980 0.980
v -10.68733 10.45000 -4.57655 0.980 0.980 0.980
v -10.31267 10.45000 -4.57655 0.980 0.980 0.980
v -10.00956 10.45000 -4.35633 0.980 0.980 0.980
v -10.15000 10.19378 -4.00000 0.980 0.980 0.980
v -10.21684 10.19378 -3.79428 0.980 0.980 0.980
v -10.39184 10.19378 -3.66713 0.980 0.980 0.980
v -10.60816 10.19378 -3.66713 0.980 0.980 0.980
v -10.78316 10.19378 -3.79428 0.980 0.980 0.980
v -10.85000 10.19378 -4.00000 0.980 0.980 0.980
v -10.78316 10.19378 -4.20572 0.980 0.980 0.980
v -10.60816 10.19378 -4.33287 0.980 0.980 0.980
v -10.39184 10.19378 -4.33287 0.980 0.980 0.980
v -10.21684 10.19378 -4.20572 0.980 0.980 0.980
v -10.50000 10.10000 -4.00000 0.980 0.980 0.980
v -10.50000 10.10000 -4.00000 0.980 0.980 0.980
v -10.50000 10.10000 -4.00000 0.980 0.980 0.980
v -10.50000 10.10000 -4.00000 0.980 0.980 0.980
v -10.50000 10.10000 -4.00000 0.980 0.980 0.980
v -10.50000 10.10000 -4.00000 0.980 0.980 0.980
v -10.50000 10.10000 -4.00000 0.980 0.980 0.980
v -10.50000 10.10000 -4.00000 0.980 0.980 0.980
v -10.50000 10.10000 -4.00000 0.980 0.980 0.980
v -10.50000 10.10000 -4.00000 0.980 0.980 0.980
v 5.00000 13.20000 -4.00000 0.980 0.980 0.980
v 5.00000 13.20000 -4.00000 0.980 0.980 0.980
v 5.00000 13.20000 -4.00000 0.980 0.980 0.980
v 5.00000 13.20000 -4.00000 0.980 0.980 0.980
v 5.00000 13.20000 -4.00000 0.980 0.980 0.980
v 5.00000 13.20000 -4.00000 0.980 0.980 0.980
v 5.00000 13.20000 -4.00000 0.980 0.980 0.980
v 5.00000 13.20000 -4.00000 0.980 0.980 0.980
v 5.00000 13.20000 -4.00000 0.980 0.980 0.980
v 5.00000 13.20000 -4.00000 0.980 0.980 0.980
v 5.00000 13.20000 -4.00000 0.980 0.980 0.980
v 5.00000 13.20000 -4.00000 0.980 0.980 0.980
v 5.45922 13.10866 -4.00000 0.980 0.980 0.980
v 5.39770 13.10866 -3.77039 0.980 0.980 0.980
v 5.22961 13.10866 -3.60230 0.980 0.980 0.980
v 5.00000 13.10866 -3.54078 0.980 0.980 0.980
v 4.77039 13.10866 -3.60230 0.980 0.980 0.980
v 4.60230 13.10866 -3.77039 0.980 0.980 0.980
v 4.54078 13.10866 -4.00000 0.980 0.980 0.980
v 4.60230 13.10866 -4.22961 0.980 0.980 0.980
v 4.77039 13.10866 -4.39770 0.980 0.980 0.980
v 5.00000 13.10866 -4.45922 0.980 0.980 0.980
v 5.22961 13.10866 -4.39770 0.980 0.980 0.980
v 5.39770 13.10866 -4.22961 0.980 0.980 0.980
v 5.84853 12.84853 -4.00000 0.980 0.980 0.980
v 5.73485 12.84853 -3.57574 0.980 0.980 0.980
v 5.42426 12.84853 -3.26515 0.980 0.980 0.980
v 5.00000 12.84853 -3.15147 0.980 0.980 0.980
v 4.57574 12.84853 -3.26515 0.980 0.980 0.980
v 4.26515 12.84853 -3.57574 0.980 0.980 0.980
v 4.15147 12.84853 -4.00000 0.980 0.980 0.980
v 4.26515 12.84853 -4.42426 0.980 0.980 0.980
v 4.57574 12.84853 -4.73485 0.980 0.980 0.980
v 5.00000 12.84853 -4.84853 0.980 0.980 0.980
v 5.42426 12.84853 -4.73485 0.980 0.980 0.980
v 5.73485 12.84853 -4.42426 0.980 0.980 0.980
v 6.10866 12.45922 -4.00000 0.980 0.980 0.980
v 5.96012 12.45922 -3.44567 0.980 0.980 0.980
v 5.55433 12.45922 -3.03988 0.980 0.980 0.980
v 5.00000 12.45922 -2.89134 0.980 0.980 0.980
v 4.44567 12.45922 -3.03988 0.980 0.980 0.980
v 4.03988 12.45922 -3.44567 0.980 0.980 0.980
v 3.89134 12.45922 -4.00000 0.980 0.980 0.980
v 4.03988 12.45922 -4.55433 0.980 0.980 0.980
v 4.44567 12.45922 -4.96012 0.980 0.980 0.980
v 5.00000 12.45922 -5.10866 0.980 0.980 0.980
v 5.55433 12.45922 -4.96012 0.980 0.980 0.980
v 5.96012 12.45922 -4.55433 0.980 0.980 0.980
v 6.20000 12.00000 -4.00000 0.980 0.980 0.980
v 6.03923 12.00000 -3.40000 0.980 0.980 0.980
v 5.60000 12.00000 -2.96077 0.980 0.980 0.980
v 5.00000 12.00000 -2.80000 0.980 0.980 0.980
v 4.40000 12.00000 -2.96077 0.980 0.980 0.980
v 3.96077 12.00000 -3.40000 0.980 0.980 0.980
v 3.80000 12.00000 -4.00000 0.980 0.980 0.980
v 3.96077 12.00000 -4.60000 0.980 0.980 0.980
v 4.40000 12.00000 -5.03923 0.980 0.980 0.980
v 5.00000 12.00000 -5.20000 0.980 0.980 0.980
v 5.60000 12.00000 -5.03923 0.980 0.980 0.980
v 6.03923 12.00000 -4.60000 0.980 0.980 0.980
v 6.10866 11.54078 -4.00000 0.980 0.980 0.980
v 5.96012 11.54078 -3.44567 0.980 0.980 0.980
v 5.55433 11.54078 -3.03988 0.980 0.980 0.980
v 5.00000 11.54078 -2.89134 0.980 0.980 0.980
v 4.44567 11.54078 -3.03988 0.980 0.980 0.980
v 4.03988 11.54078 -3.44567 0.980 0.980 0.980
v 3.89134 11.54078 -4.00000 0.980 0.980 0.980
v 4.03988 11.54078 -4.55433 0.980 0.980 0.980
v 4.44567 11.54078 -4.96012 0.980 0.980 0.980
v 5.00000 11.54078 -5.10866 0.980 0.980 0.980
v 5.55433 11.54078 -4.96012 0.980 0.980 0.980
v 5.96012 11.54078 -4.55433 0.980 0.980 0.980
v 5.84853 11.15147 -4.00000 0.980 0.980 0.980
v 5.73485 11.15147 -3.57574 0.980 0.980 0.980
v 5.42426 11.15147 -3.26515 0.980 0.980 0.980
v 5.00000 11.15147 -3.15147 0.980 0.980 0.980
v 4.57574 11.15147 -3.26515 0.980 0.980 0.980
v 4.26515 11.15147 -3.57574 0.980 0.980 0.980
v 4.15147 11.15147 -4.00000 0.980 0.980 0.980
v 4.26515 11.15147 -4.42426 0.980 0.980 0.980
v 4.57574 11.15147 -4.73485 0.980 0.980 0.980
v 5.00000 11.15147 -4.84853 0.980 0.980 0.980
v 5.42426 11.15147 -4.73485 0.980 0.980 0.980
v 5.73485 11.15147 -4.42426 0.980 0.980 0.980
v 5.45922 10.89134 -4.00000 0.980 0.980 0.980
v 5.39770 10.89134 -3.77039 0.980 0.980 0.980
v 5.22961 10.89134 -3.60230 0.980 0.980 0.980
v 5.00000 10.89134 -3.54078 0.980 0.980 0.980
v 4.77039 10.89134 -3.60230 0.980 0.980 0.980
v 4.60230 10.89134 -3.77039 0.980 0.980 0.980
v 4.54078 10.89134 -4.00000 0.980 0.980 0.980
v 4.60230 10.89134 -4.22961 0.980 0.980 0.980
v 4.77039 10.89134 -4.39770 0.980 0.980 0.980
v 5.00000 10.89134 -4.45922 0.980 0.980 0.980
v 5.22961 10.89134 -4.39770 0.980 0.980 0.980
v 5.39770 10.89134 -4.22961 0.980 0.980 0.980
v 5.00000 10.80000 -4.00000 0.980 0.980 0.980
v 5.00000 10.80000 -4.00000 0.980 0.980 0.980
v 5.00000 10.80000 -4.00000 0.980 0.980 0.980
v 5.00000 10.80000 -4.00000 0.980 0.980 0.980
v 5.00000 10.80000 -4.00000 0.980 0.980 0.980
v 5.00000 10.80000 -4.00000 0.980 0.980 0.980
v 5.00000 10.80000 -4.00000 0.980 0.980 0.980
v 5.00000 10.80000 -4.00000 0.980 0.980 0.980
v 5.00000 10.80000 -4.00000 0.980 0.980 0.980
v 5.00000 10.80000 -4.00000 0.980 0.980 0.980
v 5.00000 10.80000 -4.00000 0.980 0.980 0.980
v 5.00000 10.80000 -4.00000 0.980 0.980 0.980
v 6.30000 13.20000 -4.00000 0.980 0.980 0.980
v 6.30000 13.20000 -4.00000 0.980 0.980 0.980
v 6.30000 13.20000 -4.00000 0.980 0.980 0.980
v 6.30000 13.20000 -4.00000 0.980 0.980 0.980
v 6.30000 13.20000 -4.00000 0.980 0.980 0.980
v 6.30000 13.20000 -4.00000 0.980 0.980 0.980
v 6.30000 13.20000 -4.00000 0.980 0.980 0.980
v 6.30000 13.20000 -4.00000 0.980 0.980 0.980
v 6.30000 13.20000 -4.00000 0.980 0.980 0.980
v 6.30000 13.20000 -4.00000 0.980 0.980 0.980
v 6.30000 13.20000 -4.00000 0.980 0.980 0.980
v 6.30000 13.20000 -4.00000 0.980 0.980 0.980
v 6.68268 13.12388 -4.00000 0.980 0.980 0.980
v 6.63141 13.12388 -3.80866 0.980 0.980 0.980
v 6.49134 13.12388 -3.66859 0.980 0.980 0.980
v 6.30000 13.12388 -3.61732 0.980 0.980 0.980
v 6.10866 13.12388 -3.66859 0.980 0.980 0.980
v 5.96859 13.12388 -3.80866 0.980 0.980 0.980
v 5.91732 13.12388 -4.00000 0.980 0.980 0.980
v 5.96859 13.12388 -4.19134 0.980 0.980 0.980
v 6.10866 13.12388 -4.33141 0.980 0.980 0.980
v 6.30000 13.12388 -4.38268 0.980 0.980 0.980
v 6.49134 13.12388 -4.33141 0.980 0.980 0.980
v 6.63141 13.12388 -4.19134 0.980 0.980 0.980
v 7.00711 12.90711 -4.00000 0.980 0.980 0.980
v 6.91237 12.90711 -3.64645 0.980 0.980 0.980
v 6.65355 12.90711 -3.38763 0.980 0.980 0.980
v 6.30000 12.90711 -3.29289 0.980 0.980 0.980
v 5.94645 12.90711 -3.38763 0.980 0.980 0.980
v 5.68763 12.90711 -3.64645 0.980 0.980 0.980
v 5.59289 12.90711 -4.00000 0.980 0.980 0.980
v 5.68763 12.90711 -4.35355 0.980 0.980 0.980
v 5.94645 12.90711 -4.61237 0.980 0.980 0.980
v 6.30000 12.90711 -4.70711 0.980 0.980 0.980
v 6.65355 12.90711 -4.61237 0.980 0.980 0.980
v 6.91237 12.90711 -4.35355 0.980 0.980 0.980
v 7.22388 12.58268 -4.00000 0.980 0.980 0.980
v 7.10010 12.58268 -3.53806 0.980 0.980 0.980
v 6.76194 12.58268 -3.19990 0.980 0.980 0.980
v 6.30000 12.58268 -3.07612 0.980 0.980 0.980
v 5.83806 12.58268 -3.19990 0.980 0.980 0.980
v 5.49990 12.58268 -3.53806 0.980 0.980 0.980
v 5.37612 12.58268 -4.00000 0.980 0.980 0.980
v 5.49990 12.58268 -4.46194 0.980 0.980 0.980
v 5.83806 12.58268 -4.80010 0.980 0.980 0.980
v 6.30000 12.58268 -4.92388 0.980 0.980 0.980
v 6.76194 12.58268 -4.80010 0.980 0.980 0.980
v 7.10010 12.58268 -4.46194 0.980 0.980 0.980
v 7.30000 12.20000 -4.00000 0.980 0.980 0.980
v 7.16603 12.20000 -3.50000 0.980 0.980 0.980
v 6.80000 12.20000 -3.13397 0.980 0.980 0.980
v 6.30000 12.20000 -3.00000 0.980 0.980 0.980
v 5.80000 12.20000 -3.13397 0.980 0.980 0.980
v 5.43397 12.20000 -3.50000 0.980 0.980 0.980
v 5.30000 12.20000 -4.00000 0.980 0.980 0.980
v 5.43397 12.20000 -4.50000 0.980 0.980 0.980
v 5.80000 12.20000 -4.86603 0.980 0.980 0.980
v 6.30000 12.20000 -5.00000 0.980 0.980 0.980
v 6.80000 12.20000 -4.86603 0.980 0.980 0.980
v 7.16603 12.20000 -4.50000 0.980 0.980 0.980
v 7.22388 11.81732 -4.00000 0.980 0.980 0.980
v 7.10010 11.81732 -3.53806 0.980 0.980 0.980
v 6.76194 11.81732 -3.19990 0.980 0.980 0.980
v 6.30000 11.81732 -3.07612 0.980 0.980 0.980
v 5.83806 11.81732 -3.19990 0.980 0.980 0.980
v 5.49990 11.81732 -3.53806 0.980 0.980 0.980
v 5.37612 11.81732 -4.00000 0.980 0.980 0.980
v 5.49990 11.81732 -4.46194 0.980 0.980 0.980
v 5.83806 11.81732 -4.80010 0.980 0.980 0.980
v 6.30000 11.81732 -4.92388 0.980 0.980 0.980
v 6.76194 11.81732 -4.80010 0.980 0.980 0.980
v 7.10010 11.81732 -4.46194 0.980 0.980 0.980
v 7.00711 11.49289 -4.00000 0.980 0.980 0.980
v 6.91237 11.49289 -3.64645 0.980 0.980 0.980
v 6.65355 11.49289 -3.38763 0.980 0.980 0.980
v 6.30000 11.49289 -3.29289 0.980 0.980 0.980
v 5.94645 11.49289 -3.38763 0.980 0.980 0.980
v 5.68763 11.49289 -3.64645 0.980 0.980 0.980
v 5.59289 11.49289 -4.00000 0.980 0.980 0.980
v 5.68763 11.49289 -4.35355 0.980 0.980 0.980
v 5.94645 11.49289 -4.61237 0.980 0.980 0.980
v 6.30000 11.49289 -4.70711 0.980 0.980 0.980
v 6.65355 11.49289 -4.61237 0.980 0.980 0.980
v 6.91237 11.49289 -4.35355 0.980 0.980 0.980
v 6.68268 11.27612 -4.00000 0.980 0.980 0.980
v 6.63141 11.27612 -3.80866 0.980 0.980 0.980
v 6.49134 11.27612 -3.66859 0.980 0.980 0.980
v 6.30000 11.27612 -3.61732 0.980 0.980 0.980
v 6.10866 11.27612 -3.66859 0.980 0.980 0.980
v 5.96859 11.27612 -3.80866 0.980 0.980 0.980
v 5.91732 11.27612 -4.00000 0.980 0.980 0.980
v 5.96859 11.27612 -4.19134 0.980 0.980 0.980
v 6.10866 11.27612 -4.33141 0.980 0.980 0.980
v 6.30000 11.27612 -4.38268 0.980 0.980 0.980
v 6.49134 11.27612 -4.33141 0.980 0.980 0.980
v 6.63141 11.27612 -4.19134 0.980 0.980 0.980
v 6.30000 11.20000 -4.00000 0.980 0.980 0.980
v 6.30000 11.20000 -4.00000 0.980 0.980 0.980
v 6.30000 11.20000 -4.00000 0.980 0.980 0.980
v 6.30000 11.20000 -4.00000 0.980 0.980 0.980
v 6.30000 11.20000 -4.00000 0.980 0.980 0.980
v 6.30000 11.20000 -4.00000 0.980 0.980 0.980
v 6.30000 11.20000 -4.00000 0.980 0.980 0.980
v 6.30000 11.20000 -4.00000 0.980 0.980 0.980
v 6.30000 11.20000 -4.00000 0.980 0.980 0.980
v 6.30000 11.20000 -4.00000 0.980 0.980 0.980
v 6.30000 11.20000 -4.00000 0.980 0.980 0.980
v 6.30000 11.20000 -4.00000 0.980 0.980 0.980
v 3.70000 13.10000 -4.00000 0.980 0.980 0.980
v 3.70000 13.10000 -4.00000 0.980 0.980 0.980
v 3.70000 13.10000 -4.00000 0.980 0.980 0.980
v 3.70000 13.10000 -4.00000 0.980 0.980 0.980
v 3.70000 13.10000 -4.00000 0.980 0.980 0.980
v 3.70000 13.10000 -4.00000 0.980 0.980 0.980
v 3.70000 13.10000 -4.00000 0.980 0.980 0.980
v 3.70000 13.10000 -4.00000 0.980 0.980 0.980
v 3.70000 13.10000 -4.00000 0.980 0.980 0.980
v 3.70000 13.10000 -4.00000 0.980 0.980 0.980
v 3.70000 13.10000 -4.00000 0.980 0.980 0.980
v 3.70000 13.10000 -4.00000 0.980 0.980 0.980
v 4.04442 13.03149 -4.00000 0.980 0.980 0.980
v 3.99827 13.03149 -3.82779 0.980 0.980 0.980
v 3.87221 13.03149 -3.70173 0.980 0.980 0.980
v 3.70000 13.03149 -3.65558 0.980 0.980 0.980
v 3.52779 13.03149 -3.70173 0.980 0.980 0.980
v 3.40173 13.03149 -3.82779 0.980 0.980 0.980
v 3.35558 13.03149 -4.00000 0.980 0.980 0.980
v 3.40173 13.03149 -4.17221 0.980 0.980 0.980
v 3.52779 13.03149 -4.29827 0.980 0.980 0.980
v 3.70000 13.03149 -4.34442 0.980 0.980 0.980
v 3.87221 13.03149 -4.29827 0.980 0.980 0.980
v 3.99827 13.03149 -4.17221 0.980 0.980 0.980
v 4.33640 12.83640 -4.00000 0.980 0.980 0.980
v 4.25114 12.83640 -3.68180 0.980 0.980 0.980
v 4.01820 12.83640 -3.44886 0.980 0.980 0.980
v 3.70000 12.83640 -3.36360 0.980 0.980 0.980
v 3.38180 12.83640 -3.44886 0.980 0.980 0.980
v 3.14886 12.83640 -3.68180 0.980 0.980 0.980
v 3.06360 12.83640 -4.00000 0.980 0.980 0.980
v 3.14886 12.83640 -4.31820 0.980 0.980 0.980
v 3.38180 12.83640 -4.55114 0.980 0.980 0.980
v 3.70000 12.83640 -4.63640 0.980 0.980 0.980
v 4.01820 12.83640 -4.55114 0.980 0.980 0.980
v 4.25114 12.83640 -4.31820 0.980 0.980 0.980
v 4.53149 12.54442 -4.00000 0.980 0.980 0.980
v 4.42009 12.54442 -3.58425 0.980 0.980 0.980
v 4.11575 12.54442 -3.27991 0.980 0.980 0.980
v 3.70000 12.54442 -3.16851 0.980 0.980 0.980
v 3.28425 12.54442 -3.27991 0.980 0.980 0.980
v 2.97991 12.54442 -3.58425 0.980 0.980 0.980
v 2.86851 12.54442 -4.00000 0.980 0.980 0.980
v 2.97991 12.54442 -4.41575 0.980 0.980 0.980
v 3.28425 12.54442 -4.72009 0.980 0.980 0.980
v 3.70000 12.54442 -4.83149 0.980 0.980 0.980
v 4.11575 12.54442 -4.72009 0.980 0.980 0.980
v 4.42009 12.54442 -4.41575 0.980 0.980 0.980
v 4.60000 12.20000 -4.00000 0.980 0.980 0.980
v 4.47942 12.20000 -3.55000 0.980 0.980 0.980
v 4.15000 12.20000 -3.22058 0.980 0.980 0.980
v 3.70000 12.20000 -3.10000 0.980 0.980 0.980
v 3.25000 12.20000 -3.22058 0.980 0.980 0.980
v 2.92058 12.20000 -3.55000 0.980 0.980 0.980
v 2.80000 12.20000 -4.00000 0.980 0.980 0.980
v 2.92058 12.20000 -4.45000 0.980 0.980 0.980
v 3.25000 12.20000 -4.77942 0.980 0.980 0.980
v 3.70000 12.20000 -4.90000 0.980 0.980 0.980
v 4.15000 12.20000 -4.77942 0.980 0.980 0.980
v 4.47942 12.20000 -4.45000 0.980 0.980 0.980
v 4.53149 11.85558 -4.00000 0.980 0.980 0.980
v 4.42009 11.85558 -3.58425 0.980 0.980 0.980
v 4.11575 11.85558 -3.27991 0.980 0.980 0.980
v 3.70000 11.85558 -3.16851 0.980 0.980 0.980
v 3.28425 11.85558 -3.27991 0.980 0.980 0.980
v 2.97991 11.85558 -3.58425 0.980 0.980 0.980
v 2.86851 11.85558 -4.00000 0.980 0.980 0.980
v 2.97991 11.85558 -4.41575 0.980 0.980 0.980
v 3.28425 11.85558 -4.72009 0.980 0.980 0.980
v 3.70000 11.85558 -4.83149 0.980 0.980 0.980
v 4.11575 11.85558 -4.72009 0.980 0.980 0.980
v 4.42009 11.85558 -4.41575 0.980 0.980 0.980
v 4.33640 11.56360 -4.00000 0.980 0.980 0.980
v 4.25114 11.56360 -3.68180 0.980 0.980 0.980
v 4.01820 11.56360 -3.44886 0.980 0.980 0.980
v 3.70000 11.56360 -3.36360 0.980 0.980 0.980
v 3.38180 11.56360 -3.44886 0.980 0.980 0.980
v 3.14886 11.56360 -3.68180 0.980 0.980 0.980
v 3.06360 11.56360 -4.00000 0.980 0.980 0.980
v 3.14886 11.56360 -4.31820 0.980 0.980 0.980
v 3.38180 11.56360 -4.55114 0.980 0.980 0.980
v 3.70000 11.56360 -4.63640 0.980 0.980 0.980
v 4.01820 11.56360 -4.55114 0.980 0.980 0.980
v 4.25114 11.56360 -4.31820 0.980 0.980 0.980
v 4.04442 11.36851 -4.00000 0.980 0.980 0.980
v 3.99827 11.36851 -3.82779 0.980 0.980 0.980
v 3.87221 11.36851 -3.70173 0.980 0.980 0.980
v 3.70000 11.36851 -3.65558 0.980 0.980 0.980
v 3.52779 11.36851 -3.70173 0.980 0.980 0.980
v 3.40173 11.36851 -3.82779 0.980 0.980 0.980
v 3.35558 11.36851 -4.00000 0.980 0.980 0.980
v 3.40173 11.36851 -4.17221 0.980 0.980 0.980
v 3.52779 11.36851 -4.29827 0.980 0.980 0.980
v 3.70000 11.36851 -4.34442 0.980 0.980 0.980
v 3.87221 11.36851 -4.29827 0.980 0.980 0.980
v 3.99827 11.36851 -4.17221 0.980 0.980 0.980
v 3.70000 11.30000 -4.00000 0.980 0.980 0.980
v 3.70000 11.30000 -4.00000 0.980 0.980 0.980
v 3.70000 11.30000 -4.00000 0.980 0.980 0.980
v 3.70000 11.30000 -4.00000 0.980 0.980 0.980
v 3.70000 11.30000 -4.00000 0.980 0.980 0.980
v 3.70000 11.30000 -4.00000 0.980 0.980 0.980
v 3.70000 11.30000 -4.00000 0.980 0.980 0.980
v 3.70000 11.30000 -4.00000 0.980 0.980 0.980
v 3.70000 11.30000 -4.00000 0.980 0.980 0.980
v 3.70000 11.30000 -4.00000 0.980 0.980 0.980
v 3.70000 11.30000 -4.00000 0.980 0.980 0.980
v 3.70000 11.30000 -4.00000 0.980 0.980 0.980
v 5.60000 13.70000 -4.00000 0.980 0.980 0.980
v 5.60000 13.70000 -4.00000 0.980 0.980 0.980
v 5.60000 13.70000 -4.00000 0.980 0.980 0.980
v 5.60000 13.70000 -4.00000 0.980 0.980 0.980
v 5.60000 13.70000 -4.00000 0.980 0.980 0.980
v 5.60000 13.70000 -4.00000 0.980 0.980 0.980
v 5.60000 13.70000 -4.00000 0.980 0.980 0.980
v 5.60000 13.70000 -4.00000 0.980 0.980 0.980
v 5.60000 13.70000 -4.00000 0.980 0.980 0.980
v 5.60000 13.70000 -4.00000 0.980 0.980 0.980
v 6.00000 13.59282 -4.00000 0.980 0.980 0.980
v 5.92361 13.59282 -3.76489 0.980 0.980 0.980
v 5.72361 13.59282 -3.61958 0.980 0.980 0.980
v 5.47639 13.59282 -3.61958 0.980 0.980 0.980
v 5.27639 13.59282 -3.76489 0.980 0.980 0.980
v 5.20000 13.59282 -4.00000 0.980 0.980 0.980
v 5.27639 13.59282 -4.23511 0.980 0.980 0.980
v 5.47639 13.59282 -4.38042 0.980 0.980 0.980
v 5.72361 13.59282 -4.38042 0.980 0.980 0.980
v 5.92361 13.59282 -4.23511 0.980 0.980 0.980
v 6.29282 13.30000 -4.00000 0.980 0.980 0.980
v 6.16050 13.30000 -3.59277 0.980 0.980 0.980
v 5.81409 13.30000 -3.34109 0.980 0.980 0.980
v 5.38591 13.30000 -3.34109 0.980 0.980 0.980
v 5.03950 13.30000 -3.59277 0.980 0.980 0.980
v 4.90718 13.30000 -4.00000 0.980 0.980 0.980
v 5.03950 13.30000 -4.40723 0.980 0.980 0.980
v 5.38591 13.30000 -4.65891 0.980 0.980 0.980
v 5.81409 13.30000 -4.65891 0.980 0.980 0.980
v 6.16050 13.30000 -4.40723 0.980 0.980 0.980
v 6.40000 12.90000 -4.00000 0.980 0.980 0.980
v 6.24721 12.90000 -3.52977 0.980 0.980 0.980
v 5.84721 12.90000 -3.23915 0.980 0.980 0.980
v 5.35279 12.90000 -3.23915 0.980 0.980 0.980
v 4.95279 12.90000 -3.52977 0.980 0.980 0.980
v 4.80000 12.90000 -4.00000 0.980 0.980 0.980
v 4.95279 12.90000 -4.47023 0.980 0.980 0.980
v 5.35279 12.90000 -4.76085 0.980 0.980 0.980
v 5.84721 12.90000 -4.76085 0.980 0.980 0.980
v 6.24721 12.90000 -4.47023 0.980 0.980 0.980
v 6.29282 12.50000 -4.00000 0.980 0.980 0.980
v 6.16050 12.50000 -3.59277 0.980 0.980 0.980
v 5.81409 12.50000 -3.34109 0.980 0.980 0.980
v 5.38591 12.50000 -3.34109 0.980 0.980 0.980
v 5.03950 12.50000 -3.59277 0.980 0.980 0.980
v 4.90718 12.50000 -4.00000 0.980 0.980 0.980
v 5.03950 12.50000 -4.40723 0.980 0.980 0.980
v 5.38591 12.50000 -4.65891 0.980 0.980 0.980
v 5.81409 12.50000 -4.65891 0.980 0.980 0.980
v 6.16050 12.50000 -4.40723 0.980 0.980 0.980
v 6.00000 12.20718 -4.00000 0.980 0.980 0.980
v 5.92361 12.20718 -3.76489 0.980 0.980 0.980
v 5.72361 12.20718 -3.61958 0.980 0.980 0.980
v 5.47639 12.20718 -3.61958 0.980 0.980 0.980
v 5.27639 12.20718 -3.76489 0.980 0.980 0.980
v 5.20000 12.20718 -4.00000 0.980 0.980 0.980
v 5.27639 12.20718 -4.23511 0.980 0.980 0.980
v 5.47639 12.20718 -4.38042 0.980 0.980 0.980
v 5.72361 12.20718 -4.38042 0.980 0.980 0.980
v 5.92361 12.20718 -4.23511 0.980 0.980 0.980
v 5.60000 12.10000 -4.00000 0.980 0.980 0.980
v 5.60000 12.10000 -4.00000 0.980 0.980 0.980
v 5.60000 12.10000 -4.00000 0.980 0.980 0.980
v 5.60000 12.10000 -4.00000 0.980 0.980 0.980
v 5.60000 12.10000 -4.00000 0.980 0.980 0.980
v 5.60000 12.10000 -4.00000 0.980 0.980 0.980
v 5.60000 12.10000 -4.00000 0.980 0.980 0.980
v 5.60000 12.10000 -4.00000 0.980 0.980 0.980
v 5.60000 12.10000 -4.00000 0.980 0.980 0.980
v 5.60000 12.10000 -4.00000 0.980 0.980 0.980
v 4.50000 13.50000 -4.00000 0.980 0.980 0.980
v 4.50000 13.50000 -4.00000 0.980 0.980 0.980
v 4.50000 13.50000 -4.00000 0.980 0.980 0.980
v 4.50000 13.50000 -4.00000 0.980 0.980 0.980
v 4.50000 13.50000 -4.00000 0.980 0.980 0.980
v 4.50000 13.50000 -4.00000 0.980 0.980 0.980
v 4.50000 13.50000 -4.00000 0.980 0.980 0.980
v 4.50000 13.50000 -4.00000 0.980 0.980 0.980
v 4.50000 13.50000 -4.00000 0.980 0.980 0.980
v 4.50000 13.50000 -4.00000 0.980 0.980 0.980
v 4.85000 13.40622 -4.00000 0.980 0.980 0.980
v 4.78316 13.40622 -3.79428 0.980 0.980 0.980
v 4.60816 13.40622 -3.66713 0.980 0.980 0.980
v 4.39184 13.40622 -3.66713 0.980 0.980 0.980
v 4.21684 13.40622 -3.79428 0.980 0.980 0.980
v 4.15000 13.40622 -4.00000 0.980 0.980 0.980
v 4.21684 13.40622 -4.20572 0.980 0.980 0.980
v 4.39184 13.40622 -4.33287 0.980 0.980 0.980
v 4.60816 13.40622 -4.33287 0.980 0.980 0.980
v 4.78316 13.40622 -4.20572 0.980 0.980 0.980
v 5.10622 13.15000 -4.00000 0.980 0.980 0.980
v 4.99044 13.15000 -3.64367 0.980 0.980 0.980
v 4.68733 13.15000 -3.42345 0.980 0.980 0.980
v 4.31267 13.15000 -3.42345 0.980 0.980 0.980
v 4.00956 13.15000 -3.64367 0.980 0.980 0.980
v 3.89378 13.15000 -4.00000 0.980 0.980 0.980
v 4.00956 13.15000 -4.35633 0.980 0.980 0.980
v 4.31267 13.15000 -4.57655 0.980 0.980 0.980
v 4.68733 13.15000 -4.57655 0.980 0.980 0.980
v 4.99044 13.15000 -4.35633 0.980 0.980 0.980
v 5.20000 12.80000 -4.00000 0.980 0.980 0.980
v 5.06631 12.80000 -3.58855 0.980 0.980 0.980
v 4.71631 12.80000 -3.33426 0.980 0.980 0.980
v 4.28369 12.80000 -3.33426 0.980 0.980 0.980
v 3.93369 12.80000 -3.58855 0.980 0.980 0.980
v 3.80000 12.80000 -4.00000 0.980 0.980 0.980
v 3.93369 12.80000 -4.41145 0.980 0.980 0.980
v 4.28369 12.80000 -4.66574 0.980 0.980 0.980
v 4.71631 12.80000 -4.66574 0.980 0.980 0.980
v 5.06631 12.80000 -4.41145 0.980 0.980 0.980
v 5.10622 12.45000 -4.00000 0.980 0.980 0.980
v 4.99044 12.45000 -3.64367 0.980 0.980 0.980
v 4.68733 12.45000 -3.42345 0.980 0.980 0.980
v 4.31267 12.45000 -3.42345 0.980 0.980 0.980
v 4.00956 12.45000 -3.64367 0.980 0.980 0.980
v 3.89378 12.45000 -4.00000 0.980 0.980 0.980
v 4.00956 12.45000 -4.35633 0.980 0.980 0.980
v 4.31267 12.45000 -4.57655 0.980 0.980 0.980
v 4.68733 12.45000 -4.57655 0.980 0.980 0.980
v 4.99044 12.45000 -4.35633 0.980 0.980 0.980
v 4.85000 12.19378 -4.00000 0.980 0.980 0.980
v 4.78316 12.19378 -3.79428 0.980 0.980 0.980
v 4.60816 12.19378 -3.66713 0.980 0.980 0.980
v 4.39184 12.19378 -3.66713 0.980 0.980 0.980
v 4.21684 12.19378 -3.79428 0.980 0.980 0.980
v 4.15000 12.19378 -4.00000 0.980 0.980 0.980
v 4.21684 12.19378 -4.20572 0.980 0.980 0.980
v 4.39184 12.19378 -4.33287 0.980 0.980 0.980
v 4.60816 12.19378 -4.33287 0.980 0.980 0.980
v 4.78316 12.19378 -4.20572 0.980 0.980 0.980
v 4.50000 12.10000 -4.00000 0.980 0.980 0.980
v 4.50000 12.10000 -4.00000 0.980 0.980 0.980
v 4.50000 12.10000 -4.00000 0.980 0.980 0.980
v 4.50000 12.10000 -4.00000 0.980 0.980 0.980
v 4.50000 12.10000 -4.00000 0.980 0.980 0.980
v 4.50000 12.10000 -4.00000 0.980 0.980 0.980
v 4.50000 12.10000 -4.00000 0.980 0.980 0.980
v 4.50000 12.10000 -4.00000 0.980 0.980 0.980
v 4.50000 12.10000 -4.00000 0.980 0.980 0.980
v 4.50000 12.10000 -4.00000 0.980 0.980 0.980
v 12.00000 10.20000 -4.00000 0.980 0.980 0.980
v 12.00000 10.20000 -4.00000 0.980 0.980 0.980
v 12.00000 10.20000 -4.00000 0.980 0.980 0.980
v 12.00000 10.20000 -4.00000 0.980 0.980 0.980
v 12.00000 10.20000 -4.00000 0.980 0.980 0.980
v 12.00000 10.20000 -4.00000 0.980 0.980 0.980
v 12.00000 10.20000 -4.00000 0.980 0.980 0.980
v 12.00000 10.20000 -4.00000 0.980 0.980 0.980
v 12.00000 10.20000 -4.00000 0.980 0.980 0.980
v 12.00000 10.20000 -4.00000 0.980 0.980 0.980
v 12.00000 10.20000 -4.00000 0.980 0.980 0.980
v 12.00000 10.20000 -4.00000 0.980 0.980 0.980
v 12.45922 10.10866 -4.00000 0.980 0.980 0.980
v 12.39770 10.10866 -3.77039 0.980 0.980 0.980
v 12.22961 10.10866 -3.60230 0.980 0.980 0.980
v 12.00000 10.10866 -3.54078 0.980 0.980 0.980
v 11.77039 10.10866 -3.60230 0.980 0.980 0.980
v 11.60230 10.10866 -3.77039 0.980 0.980 0.980
v 11.54078 10.10866 -4.00000 0.980 0.980 0.980
v 11.60230 10.10866 -4.22961 0.980 0.980 0.980
v 11.77039 10.10866 -4.39770 0.980 0.980 0.980
v 12.00000 10.10866 -4.45922 0.980 0.980 0.980
v 12.22961 10.10866 -4.39770 0.980 0.980 0.980
v 12.39770 10.10866 -4.22961 0.980 0.980 0.980
v 12.84853 9.84853 -4.00000 0.980 0.980 0.980
v 12.73485 9.84853 -3.57574 0.980 0.980 0.980
v 12.42426 9.84853 -3.26515 0.980 0.980 0.980
v 12.00000 9.84853 -3.15147 0.980 0.980 0.980
v 11.57574 9.84853 -3.26515 0.980 0.980 0.980
v 11.26515 9.84853 -3.57574 0.980 0.980 0.980
v 11.15147 9.84853 -4.00000 0.980 0.980 0.980
v 11.26515 9.84853 -4.42426 0.980 0.980 0.980
v 11.57574 9.84853 -4.73485 0.980 0.980 0.980
v 12.00000 9.84853 -4.84853 0.980 0.980 0.980
v 12.42426 9.84853 -4.73485 0.980 0.980 0.980
v 12.73485 9.84853 -4.42426 0.980 0.980 0.980
v 13.10866 9.45922 -4.00000 0.980 0.980 0.980
v 12.96012 9.45922 -3.44567 0.980 0.980 0.980
v 12.55433 9.45922 -3.03988 0.980 0.980 0.980
v 12.00000 9.45922 -2.89134 0.980 0.980 0.980
v 11.44567 9.45922 -3.03988 0.980 0.980 0.980
v 11.03988 9.45922 -3.44567 0.980 0.980 0.980
v 10.89134 9.45922 -4.00000 0.980 0.980 0.980
v 11.03988 9.45922 -4.55433 0.980 0.980 0.980
v 11.44567 9.45922 -4.96012 0.980 0.980 0.980
v 12.00000 9.45922 -5.10866 0.980 0.980 0.980
v 12.55433 9.45922 -4.96012 0.980 0.980 0.980
v 12.96012 9.45922 -4.55433 0.980 0.980 0.980
v 13.20000 9.00000 -4.00000 0.980 0.980 0.980
v 13.03923 9.00000 -3.40000 0.980 0.980 0.980
v 12.60000 9.00000 -2.96077 0.980 0.980 0.980
v 12.00000 9.00000 -2.80000 0.980 0.980 0.980
v 11.40000 9.00000 -2.96077 0.980 0.980 0.980
v 10.96077 9.00000 -3.40000 0.980 0.980 0.980
v 10.80000 9.00000 -4.00000 0.980 0.980 0.980
v 10.96077 9.00000 -4.60000 0.980 0.980 0.980
v 11.40000 9.00000 -5.03923 0.980 0.980 0.980
v 12.00000 9.00000 -5.20000 0.980 0.980 0.980
v 12.60000 9.00000 -5.03923 0.980 0.980 0.980
v 13.03923 9.00000 -4.60000 0.980 0.980 0.980
v 13.10866 8.54078 -4.00000 0.980 0.980 0.980
v 12.96012 8.54078 -3.44567 0.980 0.980 0.980
v 12.55433 8.54078 -3.03988 0.980 0.980 0.980
v 12.00000 8.54078 -2.89134 0.980 0.980 0.980
v 11.44567 8.54078 -3.03988 0.980 0.980 0.980
v 11.03988 8.54078 -3.44567 0.980 0.980 0.980
v 10.89134 8.54078 -4.00000 0.980 0.980 0.980
v 11.03988 8.54078 -4.55433 0.980 0.980 0.980
v 11.44567 8.54078 -4.96012 0.980 0.980 0.980
v 12.00000 8.54078 -5.10866 0.980 0.980 0.980
v 12.55433 8.54078 -4.96012 0.980 0.980 0.980
v 12.96012 8.54078 -4.55433 0.980 0.980 0.980
v 12.84853 8.15147 -4.00000 0.980 0.980 0.980
v 12.73485 8.15147 -3.57574 0.980 0.980 0.980
v 12.42426 8.15147 -3.26515 0.980 0.980 0.980
v 12.00000 8.15147 -3.15147 0.980 0.980 0.980
v 11.57574 8.15147 -3.26515 0.980 0.980 0.980
v 11.26515 8.15147 -3.57574 0.980 0.980 0.980
v 11.15147 8.15147 -4.00000 0.980 0.980 0.980
v 11.26515 8.15147 -4.42426 0.980 0.980 0.980
v 11.57574 8.15147 -4.73485 0.980 0.980 0.980
v 12.00000 8.15147 -4.84853 0.980 0.980 0.980
v 12.42426 8.15147 -4.73485 0.980 0.980 0.980
v 12.73485 8.15147 -4.42426 0.980 0.980 0.980
v 12.45922 7.89134 -4.00000 0.980 0.980 0.980
v 12.39770 7.89134 -3.77039 0.980 0.980 0.980
v 12.22961 7.89134 -3.60230 0.980 0.980 0.980
v 12.00000 7.89134 -3.54078 0.980 0.980 0.980
v 11.77039 7.89134 -3.60230 0.980 0.980 0.980
v 11.60230 7.89134 -3.77039 0.980 0.980 0.980
v 11.54078 7.89134 -4.00000 0.980 0.980 0.980
v 11.60230 7.89134 -4.22961 0.980 0.980 0.980
v 11.77039 7.89134 -4.39770 0.980 0.980 0.980
v 12.00000 7.89134 -4.45922 0.980 0.980 0.980
v 12.22961 7.89134 -4.39770 0.980 0.980 0.980
v 12.39770 7.89134 -4.22961 0.980 0.980 0.980
v 12.00000 7.80000 -4.00000 0.980 0.980 0.980
v 12.00000 7.80000 -4.00000 0.980 0.980 0.980
v 12.00000 7.80000 -4.00000 0.980 0.980 0.980
v 12.00000 7.80000 -4.00000 0.980 0.980 0.980
v 12.00000 7.80000 -4.00000 0.980 0.980 0.980
v 12.00000 7.80000 -4.00000 0.980 0.980 0.980
v 12.00000 7.80000 -4.00000 0.980 0.980 0.980
v 12.00000 7.80000 -4.00000 0.980 0.980 0.980
v 12.00000 7.80000 -4.00000 0.980 0.980 0.980
v 12.00000 7.80000 -4.00000 0.980 0.980 0.980
v 12.00000 7.80000 -4.00000 0.980 0.980 0.980
v 12.00000 7.80000 -4.00000 0.980 0.980 0.980
v 13.30000 10.20000 -4.00000 0.980 0.980 0.980
v 13.30000 10.20000 -4.00000 0.980 0.980 0.980
v 13.30000 10.20000 -4.00000 0.980 0.980 0.980
v 13.30000 10.20000 -4.00000 0.980 0.980 0.980
v 13.30000 10.20000 -4.00000 0.980 0.980 0.980
v 13.30000 10.20000 -4.00000 0.980 0.980 0.980
v 13.30000 10.20000 -4.00000 0.980 0.980 0.980
v 13.30000 10.20000 -4.00000 0.980 0.980 0.980
v 13.30000 10.20000 -4.00000 0.980 0.980 0.980
v 13.30000 10.20000 -4.00000 0.980 0.980 0.980
v 13.30000 10.20000 -4.00000 0.980 0.980 0.980
v 13.30000 10.20000 -4.00000 0.980 0.980 0.980
v 13.68268 10.12388 -4.00000 0.980 0.980 0.980
v 13.63141 10.12388 -3.80866 0.980 0.980 0.980
v 13.49134 10.12388 -3.66859 0.980 0.980 0.980
v 13.30000 10.12388 -3.61732 0.980 0.980 0.980
v 13.10866 10.12388 -3.66859 0.980 0.980 0.980
v 12.96859 10.12388 -3.80866 0.980 0.980 0.980
v 12.91732 10.12388 -4.00000 0.980 0.980 0.980
v 12.96859 10.12388 -4.19134 0.980 0.980 0.980
v 13.10866 10.12388 -4.33141 0.980 0.980 0.980
v 13.30000 10.12388 -4.38268 0.980 0.980 0.980
v 13.49134 10.12388 -4.33141 0.980 0.980 0.980
v 13.63141 10.12388 -4.19134 0.980 0.980 0.980
v 14.00711 9.90711 -4.00000 0.980 0.980 0.980
v 13.91237 9.90711 -3.64645 0.980 0.980 0.980
v 13.65355 9.90711 -3.38763 0.980 0.980 0.980
v 13.30000 9.90711 -3.29289 0.980 0.980 0.980
v 12.94645 9.90711 -3.38763 0.980 0.980 0.980
v 12.68763 9.90711 -3.64645 0.980 0.980 0.980
v 12.59289 9.90711 -4.00000 0.980 0.980 0.980
v 12.68763 9.90711 -4.35355 0.980 0.980 0.980
v 12.94645 9.90711 -4.61237 0.980 0.980 0.980
v 13.30000 9.90711 -4.70711 0.980 0.980 0.980
v 13.65355 9.90711 -4.61237 0.980 0.980 0.980
v 13.91237 9.90711 -4.35355 0.980 0.980 0.980
v 14.22388 9.58268 -4.00000 0.980 0.980 0.980
v 14.10010 9.58268 -3.53806 0.980 0.980 0.980
v 13.76194 9.58268 -3.19990 0.980 0.980 0.980
v 13.30000 9.58268 -3.07612 0.980 0.980 0.980
v 12.83806 9.58268 -3.19990 0.980 0.980 0.980
v 12.49990 9.58268 -3.53806 0.980 0.980 0.980
v 12.37612 9.58268 -4.00000 0.980 0.980 0.980
v 12.49990 9.58268 -4.46194 0.980 0.980 0.980
v 12.83806 9.58268 -4.80010 0.980 0.980 0.980
v 13.30000 9.58268 -4.92388 0.980 0.980 0.980
v 13.76194 9.58268 -4.80010 0.980 0.980 0.980
v 14.10010 9.58268 -4.46194 0.980 0.980 0.980
v 14.30000 9.20000 -4.00000 0.980 0.980 0.980
v 14.16603 9.20000 -3.50000 0.980 0.980 0.980
v 13.80000 9.20000 -3.13397 0.980 0.980 0.980
v 13.30000 9.20000 -3.00000 0.980 0.980 0.980
v 12.80000 9.20000 -3.13397 0.980 0.980 0.980
v 12.43397 9.20000 -3.50000 0.980 0.980 0.980
v 12.30000 9.20000 -4.00000 0.980 0.980 0.980
v 12.43397 9.20000 -4.50000 0.980 0.980 0.980
v 12.80000 9.20000 -4.86603 0.980 0.980 0.980
v 13.30000 9.20000 -5.00000 0.980 0.980 0.980
v 13.80000 9.20000 -4.86603 0.980 0.980 0.980
v 14.16603 9.20000 -4.50000 0.980 0.980 0.980
v 14.22388 8.81732 -4.00000 0.980 0.980 0.980
v 14.10010 8.81732 -3.53806 0.980 0.980 0.980
v 13.76194 8.81732 -3.19990 0.980 0.980 0.980
v 13.30000 8.81732 -3.07612 0.980 0.980 0.980
v 12.83806 8.81732 -3.19990 0.980 0.980 0.980
v 12.49990 8.81732 -3.53806 0.980 0.980 0.980
v 12.37612 8.81732 -4.00000 0.980 0.980 0.980
v 12.49990 8.81732 -4.46194 0.980 0.980 0.980
v 12.83806 8.81732 -4.80010 0.980 0.980 0.980
v 13.30000 8.81732 -4.92388 0.980 0.980 0.980
v 13.76194 8.81732 -4.80010 0.980 0.980 0.980
v 14.10010 8.81732 -4.46194 0.980 0.980 0.980
v 14.00711 8.49289 -4.00000 0.980 0.980 0.980
v 13.91237 8.49289 -3.64645 0.980 0.980 0.980
v 13.65355 8.49289 -3.38763 0.980 0.980 0.980
v 13.30000 8.49289 -3.29289 0.980 0.980 0.980
v 12.94645 8.49289 -3.38763 0.980 0.980 0.980
v 12.68763 8.49289 -3.64645 0.980 0.980 0.980
v 12.59289 8.49289 -4.00000 0.980 0.980 0.980
v 12.68763 8.49289 -4.35355 0.980 0.980 0.980
v 12.94645 8.49289 -4.61237 0.980 0.980 0.980
v 13.30000 8.49289 -4.70711 0.980 0.980 0.980
v 13.65355 8.49289 -4.61237 0.980 0.980 0.980
v 13.91237 8.49289 -4.35355 0.980 0.980 0.980
v 13.68268 8.27612 -4.00000 0.980 0.980 0.980
v 13.63141 8.27612 -3.80866 0.980 0.980 0.980
v 13.49134 8.27612 -3.66859 0.980 0.980 0.980
v 13.30000 8.27612 -3.61732 0.980 0.980 0.980
v 13.10866 8.27612 -3.66859 0.980 0.980 0.980
v 12.96859 8.27612 -3.80866 0.980 0.980 0.980
v 12.91732 8.27612 -4.00000 0.980 0.980 0.980
v 12.96859 8.27612 -4.19134 0.980 0.980 0.980
v 13.10866 8.27612 -4.33141 0.980 0.980 0.980
v 13.30000 8.27612 -4.38268 0.980 0.980 0.980
v 13.49134 8.27612 -4.33141 0.980 0.980 0.980
v 13.63141 8.27612 -4.19134 0.980 0.980 0.980
v 13.30000 8.20000 -4.00000 0.980 0.980 0.980
v 13.30000 8.20000 -4.00000 0.980 0.980 0.980
v 13.30000 8.20000 -4.00000 0.980 0.980 0.980
v 13.30000 8.20000 -4.00000 0.980 0.980 0.980
v 13.30000 8.20000 -4.00000 0.980 0.980 0.980
v 13.30000 8.20000 -4.00000 0.980 0.980 0.980
v 13.30000 8.20000 -4.00000 0.980 0.980 0.980
v 13.30000 8.20000 -4.00000 0.980 0.980 0.980
v 13.30000 8.20000 -4.00000 0.980 0.980 0.980
v 13.30000 8.20000 -4.00000 0.980 0.980 0.980
v 13.30000 8.20000 -4.00000 0.980 0.980 0.980
v 13.30000 8.20000 -4.00000 0.980 0.980 0.980
v 10.70000 10.10000 -4.00000 0.980 0.980 0.980
v 10.70000 10.10000 -4.00000 0.980 0.980 0.980
v 10.70000 10.10000 -4.00000 0.980 0.980 0.980
v 10.70000 10.10000 -4.00000 0.980 0.980 0.980
v 10.70000 10.10000 -4.00000 0.980 0.980 0.980
v 10.70000 10.10000 -4.00000 0.980 0.980 0.980
v 10.70000 10.10000 -4.00000 0.980 0.980 0.980
v 10.70000 10.10000 -4.00000 0.980 0.980 0.980
v 10.70000 10.10000 -4.00000 0.980 0.980 0.980
v 10.70000 10.10000 -4.00000 0.980 0.980 0.980
v 10.70000 10.10000 -4.00000 0.980 0.980 0.980
v 10.70000 10.10000 -4.00000 0.980 0.980 0.980
v 11.04442 10.03149 -4.00000 0.980 0.980 0.980
v 10.99827 10.03149 -3.82779 0.980 0.980 0.980
v 10.87221 10.03149 -3.70173 0.980 0.980 0.980
v 10.70000 10.03149 -3.65558 0.980 0.980 0.980
v 10.52779 10.03149 -3.70173 0.980 0.980 0.980
v 10.40173 10.03149 -3.82779 0.980 0.980 0.980
v 10.35558 10.03149 -4.00000 0.980 0.980 0.980
v 10.40173 10.03149 -4.17221 0.980 0.980 0.980
v 10.52779 10.03149 -4.29827 0.980 0.980 0.980
v 10.70000 10.03149 -4.34442 0.980 0.980 0.980
v 10.87221 10.03149 -4.29827 0.980 0.980 0.980
v 10.99827 10.03149 -4.17221 0.980 0.980 0.980
v 11.33640 9.83640 -4.00000 0.980 0.980 0.980
v 11.25114 9.83640 -3.68180 0.980 0.980 0.980
v 11.01820 9.83640 -3.44886 0.980 0.980 0.980
v 10.70000 9.83640 -3.36360 0.980 0.980 0.980
v 10.38180 9.83640 -3.44886 0.980 0.980 0.980
v 10.14886 9.83640 -3.68180 0.980 0.980 0.980
v 10.06360 9.83640 -4.00000 0.980 0.980 0.980
v 10.14886 9.83640 -4.31820 0.980 0.980 0.980
v 10.38180 9.83640 -4.55114 0.980 0.980 0.980
v 10.70000 9.83640 -4.63640 0.980 0.980 0.980
v 11.01820 9.83640 -4.55114 0.980 0.980 0.980
v 11.25114 9.83640 -4.31820 0.980 0.980 0.980
v 11.53149 9.54442 -4.00000 0.980 0.980 0.980
v 11.42009 9.54442 -3.58425 0.980 0.980 0.980
v 11.11575 9.54442 -3.27991 0.980 0.980 0.980
v 10.70000 9.54442 -3.16851 0.980 0.980 0.980
v 10.28425 9.54442 -3.27991 0.980 0.980 0.980
v 9.97991 9.54442 -3.58425 0.980 0.980 0.980
v 9.86851 9.54442 -4.00000 0.980 0.980 0.980
v 9.97991 9.54442 -4.41575 0.980 0.980 0.980
v 10.28425 9.54442 -4.72009 0.980 0.980 0.980
v 10.70000 9.54442 -4.83149 0.980 0.980 0.980
v 11.11575 9.54442 -4.72009 0.980 0.980 0.980
v 11.42009 9.54442 -4.41575 0.980 0.980 0.980
v 11.60000 9.20000 -4.00000 0.980 0.980 0.980
v 11.47942 9.20000 -3.55000 0.980 0.980 0.980
v 11.15000 9.20000 -3.22058 0.980 0.980 0.980
v 10.70000 9.20000 -3.10000 0.980 0.980 0.980
v 10.25000 9.20000 -3.22058 0.980 0.980 0.980
v 9.92058 9.20000 -3.55000 0.980 0.980 0.980
v 9.80000 9.20000 -4.00000 0.980 0.980 0.980
v 9.92058 9.20000 -4.45000 0.980 0.980 0.980
v 10.25000 9.20000 -4.77942 0.980 0.980 0.980
v 10.70000 9.20000 -4.90000 0.980 0.980 0.980
v 11.15000 9.20000 -4.77942 0.980 0.980 0.980
v 11.47942 9.20000 -4.45000 0.980 0.980 0.980
v 11.53149 8.85558 -4.00000 0.980 0.980 0.980
v 11.42009 8.85558 -3.58425 0.980 0.980 0.980
v 11.11575 8.85558 -3.27991 0.980 0.980 0.980
v 10.70000 8.85558 -3.16851 0.980 0.980 0.980
v 10.28425 8.85558 -3.27991 0.980 0.980 0.980
v 9.97991 8.85558 -3.58425 0.980 0.980 0.980
v 9.86851 8.85558 -4.00000 0.980 0.980 0.980
v 9.97991 8.85558 -4.41575 0.980 0.980 0.980
v 10.28425 8.85558 -4.72009 0.980 0.980 0.980
v 10.70000 8.85558 -4.83149 0.980 0.980 0.980
v 11.11575 8.85558 -4.72009 0.980 0.980 0.980
v 11.42009 8.85558 -4.41575 0.980 0.980 0.980
v 11.33640 8.56360 -4.00000 0.980 0.980 0.980
v 11.25114 8.56360 -3.68180 0.980 0.980 0.980
v 11.01820 8.56360 -3.44886 0.980 0.980 0.980
v 10.70000 8.56360 -3.36360 0.980 0.980 0.980
v 10.38180 8.56360 -3.44886 0.980 0.980 0.980
v 10.14886 8.56360 -3.68180 0.980 0.980 0.980
v 10.06360 8.56360 -4.00000 0.980 0.980 0.980
v 10.14886 8.56360 -4.31820 0.980 0.980 0.980
v 10.38180 8.56360 -4.55114 0.980 0.980 0.980
v 10.70000 8.56360 -4.63640 0.980 0.980 0.980
v 11.01820 8.56360 -4.55114 0.980 0.980 0.980
v 11.25114 8.56360 -4.31820 0.980 0.980 0.980
v 11.04442 8.36851 -4.00000 0.980 0.980 0.980
v 10.99827 8.36851 -3.82779 0.980 0.980 0.980
v 10.87221 8.36851 -3.70173 0.980 0.980 0.980
v 10.70000 8.36851 -3.65558 0.980 0.980 0.980
v 10.52779 8.36851 -3.70173 0.980 0.980 0.980
v 10.40173 8.36851 -3.82779 0.980 0.980 0.980
v 10.35558 8.36851 -4.00000 0.980 0.980 0.980
v 10.40173 8.36851 -4.17221 0.980 0.980 0.980
v 10.52779 8.36851 -4.29827 0.980 0.980 0.980
v 10.70000 8.36851 -4.34442 0.980 0.980 0.980
v 10.87221 8.36851 -4.29827 0.980 0.980 0.980
v 10.99827 8.36851 -4.17221 0.980 0.980 0.980
v 10.70000 8.30000 -4.00000 0.980 0.980 0.980
v 10.70000 8.30000 -4.00000 0.980 0.980 0.980
v 10.70000 8.30000 -4.00000 0.980 0.980 0.980
v 10.70000 8.30000 -4.00000 0.980 0.980 0.980
v 10.70000 8.30000 -4.00000 0.980 0.980 0.980
v 10.70000 8.30000 -4.00000 0.980 0.980 0.980
v 10.70000 8.30000 -4.00000 0.980 0.980 0.980
v 10.70000 8.30000 -4.00000 0.980 0.980 0.980
v 10.70000 8.30000 -4.00000 0.980 0.980 0.980
v 10.70000 8.30000 -4.00000 0.980 0.980 0.980
v 10.70000 8.30000 -4.00000 0.980 0.980 0.980
v 10.70000 8.30000 -4.00000 0.980 0.980 0.980
v 12.60000 10.70000 -4.00000 0.980 0.980 0.980
v 12.60000 10.70000 -4.00000 0.980 0.980 0.980
v 12.60000 10.70000 -4.00000 0.980 0.980 0.980
v 12.60000 10.70000 -4.00000 0.980 0.980 0.980
v 12.60000 10.70000 -4.00000 0.980 0.980 0.980
v 12.60000 10.70000 -4.00000 0.980 0.980 0.980
v 12.60000 10.70000 -4.00000 0.980 0.980 0.980
v 12.60000 10.70000 -4.00000 0.980 0.980 0.980
v 12.60000 10.70000 -4.00000 0.980 0.980 0.980
v 12.60000 10.70000 -4.00000 0.980 0.980 0.980
v 13.00000 10.59282 -4.00000 0.980 0.980 0.980
v 12.92361 10.59282 -3.76489 0.980 0.980 0.980
v 12.72361 10.59282 -3.61958 0.980 0.980 0.980
v 12.47639 10.59282 -3.61958 0.980 0.980 0.980
v 12.27639 10.59282 -3.76489 0.980 0.980 0.980
v 12.20000 10.59282 -4.00000 0.980 0.980 0.980
v 12.27639 10.59282 -4.23511 0.980 0.980 0.980
v 12.47639 10.59282 -4.38042 0.980 0.980 0.980
v 12.72361 10.59282 -4.38042 0.980 0.980 0.980
v 12.92361 10.59282 -4.23511 0.980 0.980 0.980
v 13.29282 10.30000 -4.00000 0.980 0.980 0.980
v 13.16050 10.30000 -3.59277 0.980 0.980 0.980
v 12.81409 10.30000 -3.34109 0.980 0.980 0.980
v 12.38591 10.30000 -3.34109 0.980 0.980 0.980
v 12.03950 10.30000 -3.59277 0.980 0.980 0.980
v 11.90718 10.30000 -4.00000 0.980 0.980 0.980
v 12.03950 10.30000 -4.40723 0.980 0.980 0.980
v 12.38591 10.30000 -4.65891 0.980 0.980 0.980
v 12.81409 10.30000 -4.65891 0.980 0.980 0.980
v 13.16050 10.30000 -4.40723 0.980 0.980 0.980
v 13.40000 9.90000 -4.00000 0.980 0.980 0.980
v 13.24721 9.90000 -3.52977 0.980 0.980 0.980
v 12.84721 9.90000 -3.23915 0.980 0.980 0.980
v 12.35279 9.90000 -3.23915 0.980 0.980 0.980
v 11.95279 9.90000 -3.52977 0.980 0.980 0.980
v 11.80000 9.90000 -4.00000 0.980 0.980 0.980
v 11.95279 9.90000 -4.47023 0.980 0.980 0.980
v 12.35279 9.90000 -4.76085 0.980 0.980 0.980
v 12.84721 9.90000 -4.76085 0.980 0.980 0.980
v 13.24721 9.90000 -4.47023 0.980 0.980 0.980
v 13.29282 9.50000 -4.00000 0.980 0.980 0.980
v 13.16050 9.50000 -3.59277 0.980 0.980 0.980
v 12.81409 9.50000 -3.34109 0.980 0.980 0.980
v 12.38591 9.50000 -3.34109 0.980 0.980 0.980
v 12.03950 9.50000 -3.59277 0.980 0.980 0.980
v 11.90718 9.50000 -4.00000 0.980 0.980 0.980
v 12.03950 9.50000 -4.40723 0.980 0.980 0.980
v 12.38591 9.50000 -4.65891 0.980 0.980 0.980
v 12.81409 9.50000 -4.65891 0.980 0.980 0.980
v 13.16050 9.50000 -4.40723 0.980 0.980 0.980
v 13.00000 9.20718 -4.00000 0.980 0.980 0.980
v 12.92361 9.20718 -3.76489 0.980 0.980 0.980
v 12.72361 9.20718 -3.61958 0.980 0.980 0.980
v 12.47639 9.20718 -3.61958 0.980 0.980 0.980
v 12.27639 9.20718 -3.76489 0.980 0.980 0.980
v 12.20000 9.20718 -4.00000 0.980 0.980 0.980
v 12.27639 9.20718 -4.23511 0.980 0.980 0.980
v 12.47639 9.20718 -4.38042 0.980 0.980 0.980
v 12.72361 9.20718 -4.38042 0.980 0.980 0.980
v 12.92361 9.20718 -4.23511 0.980 0.980 0.980
v 12.60000 9.10000 -4.00000 0.980 0.980 0.980
v 12.60000 9.10000 -4.00000 0.980 0.980 0.980
v 12.60000 9.10000 -4.00000 0.980 0.980 0.980
v 12.60000 9.10000 -4.00000 0.980 0.980 0.980
v 12.60000 9.10000 -4.00000 0.980 0.980 0.980
v 12.60000 9.10000 -4.00000 0.980 0.980 0.980
v 12.60000 9.10000 -4.00000 0.980 0.980 0.980
v 12.60000 9.10000 -4.00000 0.980 0.980 0.980
v 12.60000 9.10000 -4.00000 0.980 0.980 0.980
v 12.60000 9.10000 -4.00000 0.980 0.980 0.980
v 11.50000 10.50000 -4.00000 0.980 0.980 0.980
v 11.50000 10.50000 -4.00000 0.980 0.980 0.980
v 11.50000 10.50000 -4.00000 0.980 0.980 0.980
v 11.50000 10.50000 -4.00000 0.980 0.980 0.980
v 11.50000 10.50000 -4.00000 0.980 0.980 0.980
v 11.50000 10.50000 -4.00000 0.980 0.980 0.980
v 11.50000 10.50000 -4.00000 0.980 0.980 0.980
v 11.50000 10.50000 -4.00000 0.980 0.980 0.980
v 11.50000 10.50000 -4.00000 0.980 0.980 0.980
v 11.50000 10.50000 -4.00000 0.980 0.980 0.980
v 11.85000 10.40622 -4.00000 0.980 0.980 0.980
v 11.78316 10.40622 -3.79428 0.980 0.980 0.980
v 11.60816 10.40622 -3.66713 0.980 0.980 0.980
v 11.39184 10.40622 -3.66713 0.980 0.980 0.980
v 11.21684 10.40622 -3.79428 0.980 0.980 0.980
v 11.15000 10.40622 -4.00000 0.980 0.980 0.980
v 11.21684 10.40622 -4.20572 0.980 0.980 0.980
v 11.39184 10.40622 -4.33287 0.980 0.980 0.980
v 11.60816 10.40622 -4.33287 0.980 0.980 0.980
v 11.78316 10.40622 -4.20572 0.980 0.980 0.980
v 12.10622 10.15000 -4.00000 0.980 0.980 0.980
v 11.99044 10.15000 -3.64367 0.980 0.980 0.980
v 11.68733 10.15000 -3.42345 0.980 0.980 0.980
v 11.31267 10.15000 -3.42345 0.980 0.980 0.980
v 11.00956 10.15000 -3.64367 0.980 0.980 0.980
v 10.89378 10.15000 -4.00000 0.980 0.980 0.980
v 11.00956 10.15000 -4.35633 0.980 0.980 0.980
v 11.31267 10.15000 -4.57655 0.980 0.980 0.980
v 11.68733 10.15000 -4.57655 0.980 0.980 0.980
v 11.99044 10.15000 -4.35633 0.980 0.980 0.980
v 12.20000 9.80000 -4.00000 0.980 0.980 0.980
v 12.06631 9.80000 -3.58855 0.980 0.980 0.980
v 11.71631 9.80000 -3.33426 0.980 0.980 0.980
v 11.28369 9.80000 -3.33426 0.980 0.980 0.980
v 10.93369 9.80000 -3.58855 0.980 0.980 0.980
v 10.80000 9.80000 -4.00000 0.980 0.980 0.980
v 10.93369 9.80000 -4.41145 0.980 0.980 0.980
v 11.28369 9.80000 -4.66574 0.980 0.980 0.980
v 11.71631 9.80000 -4.66574 0.980 0.980 0.980
v 12.06631 9.80000 -4.41145 0.980 0.980 0.980
v 12.10622 9.45000 -4.00000 0.980 0.980 0.980
v 11.99044 9.45000 -3.64367 0.980 0.980 0.980
v 11.68733 9.45000 -3.42345 0.980 0.980 0.980
v 11.31267 9.45000 -3.42345 0.980 0.980 0.980
v 11.00956 9.45000 -3.64367 0.980 0.980 0.980
v 10.89378 9.45000 -4.00000 0.980 0.980 0.980
v 11.00956 9.45000 -4.35633 0.980 0.980 0.980
v 11.31267 9.45000 -4.57655 0.980 0.980 0.980
v 11.68733 9.45000 -4.57655 0.980 0.980 0.980
v 11.99044 9.45000 -4.35633 0.980 0.980 0.980
v 11.85000 9.19378 -4.00000 0.980 0.980 0.980
v 11.78316 9.19378 -3.79428 0.980 0.980 0.980
v 11.60816 9.19378 -3.66713 0.980 0.980 0.980
v 11.39184 9.19378 -3.66713 0.980 0.980 0.980
v 11.21684 9.19378 -3.79428 0.980 0.980 0.980
v 11.15000 9.19378 -4.00000 0.980 0.980 0.980
v 11.21684 9.19378 -4.20572 0.980 0.980 0.980
v 11.39184 9.19378 -4.33287 0.980 0.980 0.980
v 11.60816 9.19378 -4.33287 0.980 0.980 0.980
v 11.78316 9.19378 -4.20572 0.980 0.980 0.980
v 11.50000 9.10000 -4.00000 0.980 0.980 0.980
v 11.50000 9.10000 -4.00000 0.980 0.980 0.980
v 11.50000 9.10000 -4.00000 0.980 0.980 0.980
v 11.50000 9.10000 -4.00000 0.980 0.980 0.980
v 11.50000 9.10000 -4.00000 0.980 0.980 0.980
v 11.50000 9.10000 -4.00000 0.980 0.980 0.980
v 11.50000 9.10000 -4.00000 0.980 0.980 0.980
v 11.50000 9.10000 -4.00000 0.980 0.980 0.980
v 11.50000 9.10000 -4.00000 0.980 0.980 0.980
v 11.50000 9.10000 -4.00000 0.980 0.980 0.980

vn 0.0000 0.0000 1.0000
vn 0.0000 0.0000 -1.0000
vn 0.0000 1.0000 0.0000
vn 0.0000 -1.0000 0.0000
vn 1.0000 0.0000 0.0000
vn -1.0000 0.0000 0.0000
vn 0.0000 0.0000 1.0000
vn 0.0000 0.0000 -1.0000
vn 0.0000 1.0000 0.0000
vn 0.0000 -1.0000 0.0000
vn 1.0000 0.0000 0.0000
vn -1.0000 0.0000 0.0000
vn 0.0000 1.0000 0.0000
vn 0.0000 1.0000 0.0000
vn 0.0000 1.0000 0.0000
vn 0.0000 1.0000 0.0000
vn 0.0000 1.0000 0.0000
vn -0.0000 1.0000 0.0000
vn -0.0000 1.0000 0.0000
vn -0.0000 1.0000 0.0000
vn -0.0000 1.0000 0.0000
vn -0.0000 1.0000 0.0000
vn -0.0000 1.0000 -0.0000
vn -0.0000 1.0000 -0.0000
vn -0.0000 1.0000 -0.0000
vn -0.0000 1.0000 -0.0000
vn 0.0000 1.0000 -0.0000
vn 0.0000 1.0000 -0.0000
vn 0.0000 1.0000 -0.0000
vn 0.0000 1.0000 -0.0000
vn 0.3090 0.9511 0.0000
vn 0.2904 0.9511 0.1057
vn 0.2367 0.9511 0.1986
vn 0.1545 0.9511 0.2676
vn 0.0537 0.9511 0.3043
vn -0.0537 0.9511 0.3043
vn -0.1545 0.9511 0.2676
vn -0.2367 0.9511 0.1986
vn -0.2904 0.9511 0.1057
vn -0.3090 0.9511 0.0000
vn -0.2904 0.9511 -0.1057
vn -0.2367 0.9511 -0.1986
vn -0.1545 0.9511 -0.2676
vn -0.0537 0.9511 -0.3043
vn 0.0537 0.9511 -0.3043
vn 0.1545 0.9511 -0.2676
vn 0.2367 0.9511 -0.1986
vn 0.2904 0.9511 -0.1057
vn 0.5878 0.8090 0.0000
vn 0.5523 0.8090 0.2010
vn 0.4503 0.8090 0.3778
vn 0.2939 0.8090 0.5090
vn 0.1021 0.8090 0.5789
vn -0.1021 0.8090 0.5789
vn -0.2939 0.8090 0.5090
vn -0.4503 0.8090 0.3778
vn -0.5523 0.8090 0.2010
vn -0.5878 0.8090 0.0000
vn -0.5523 0.8090 -0.2010
vn -0.4503 0.8090 -0.3778
vn -0.2939 0.8090 -0.5090
vn -0.1021 0.8090 -0.5789
vn 0.1021 0.8090 -0.5789
vn 0.2939 0.8090 -0.5090
vn 0.4503 0.8090 -0.3778
vn 0.5523 0.8090 -0.2010
vn 0.8090 0.5878 0.0000
vn 0.7602 0.5878 0.2767
vn 0.6197 0.5878 0.5200
vn 0.4045 0.5878 0.7006
vn 0.1405 0.5878 0.7967
vn -0.1405 0.5878 0.7967
vn -0.4045 0.5878 0.7006
vn -0.6197 0.5878 0.5200
vn -0.7602 0.5878 0.2767
vn -0.8090 0.5878 0.0000
vn -0.7602 0.5878 -0.2767
vn -0.6197 0.5878 -0.5200
vn -0.4045 0.5878 -0.7006
vn -0.1405 0.5878 -0.7967
vn 0.1405 0.5878 -0.7967
vn 0.4045 0.5878 -0.7006
vn 0.6197 0.5878 -0.5200
vn 0.7602 0.5878 -0.2767
vn 0.9511 0.3090 0.0000
vn 0.8937 0.3090 0.3253
vn 0.7286 0.3090 0.6113
vn 0.4755 0.3090 0.8236
vn 0.1651 0.3090 0.9366
vn -0.1651 0.3090 0.9366
vn -0.4755 0.3090 0.8236
vn -0.7286 0.3090 0.6113
vn -0.8937 0.3090 0.3253
vn -0.9511 0.3090 0.0000
vn -0.8937 0.3090 -0.3253
vn -0.7286 0.3090 -0.6113
vn -0.4755 0.3090 -0.8236
vn -0.1651 0.3090 -0.9366
vn 0.1651 0.3090 -0.9366
vn 0.4755 0.3090 -0.8236
vn 0.7286 0.3090 -0.6113
vn 0.8937 0.3090 -0.3253
vn 1.0000 0.0000 0.0000
vn 0.9397 0.0000 0.3420
vn 0.7660 0.0000 0.6428
vn 0.5000 0.0000 0.8660
vn 0.1736 0.0000 0.9848
vn -0.1736 0.0000 0.9848
vn -0.5000 0.0000 0.8660
vn -0.7660 0.0000 0.6428
vn -0.9397 0.0000 0.3420
vn -1.0000 0.0000 0.0000
vn -0.9397 0.0000 -0.3420
vn -0.7660 0.0000 -0.6428
vn -0.5000 0.0000 -0.8660
vn -0.1736 0.0000 -0.9848
vn 0.1736 0.0000 -0.9848
vn 0.5000 0.0000 -0.8660
vn 0.7660 0.0000 -0.6428
vn 0.9397 0.0000 -0.3420
vn 0.9511 -0.3090 0.0000
vn 0.8937 -0.3090 0.3253
vn 0.7286 -0.3090 0.6113
vn 0.4755 -0.3090 0.8236
vn 0.1651 -0.3090 0.9366
vn -0.1651 -0.3090 0.9366
vn -0.4755 -0.3090 0.8236
vn -0.7286 -0.3090 0.6113
vn -0.8937 -0.3090 0.3253
vn -0.9511 -0.3090 0.0000
vn -0.8937 -0.3090 -0.3253
vn -0.7286 -0.3090 -0.6113
vn -0.4755 -0.3090 -0.8236
vn -0.1651 -0.3090 -0.9366
vn 0.1651 -0.3090 -0.9366
vn 0.4755 -0.3090 -0.8236
vn 0.7286 -0.3090 -0.6113
vn 0.8937 -0.3090 -0.3253
vn 0.8090 -0.5878 0.0000
vn 0.7602 -0.5878 0.2767
vn 0.6197 -0.5878 0.5200
vn 0.4045 -0.5878 0.7006
vn 0.1405 -0.5878 0.7967
vn -0.1405 -0.5878 0.7967
vn -0.4045 -0.5878 0.7006
vn -0.6197 -0.5878 0.5200
vn -0.7602 -0.5878 0.2767
vn -0.8090 -0.5878 0.0000
vn -0.7602 -0.5878 -0.2767
vn -0.6197 -0.5878 -0.5200
vn -0.4045 -0.5878 -0.7006
vn -0.1405 -0.5878 -0.7967
vn 0.1405 -0.5878 -0.7967
vn 0.4045 -0.5878 -0.7006
vn 0.6197 -0.5878 -0.5200
vn 0.7602 -0.5878 -0.2767
vn 0.5878 -0.8090 0.0000
vn 0.5523 -0.8090 0.2010
vn 0.4503 -0.8090 0.3778
vn 0.2939 -0.8090 0.5090
vn 0.1021 -0.8090 0.5789
vn -0.1021 -0.8090 0.5789
vn -0.2939 -0.8090 0.5090
vn -0.4503 -0.8090 0.3778
vn -0.5523 -0.8090 0.2010
vn -0.5878 -0.8090 0.0000
vn -0.5523 -0.8090 -0.2010
vn -0.4503 -0.8090 -0.3778
vn -0.2939 -0.8090 -0.5090
vn -0.1021 -0.8090 -0.5789
vn 0.1021 -0.8090 -0.5789
vn 0.2939 -0.8090 -0.5090
vn 0.4503 -0.8090 -0.3778
vn 0.5523 -0.8090 -0.2010
vn 0.3090 -0.9511 0.0000
vn 0.2904 -0.9511 0.1057
vn 0.2367 -0.9511 0.1986
vn 0.1545 -0.9511 0.2676
vn 0.0537 -0.9511 0.3043
vn -0.0537 -0.9511 0.3043
vn -0.1545 -0.9511 0.2676
vn -0.2367 -0.9511 0.1986
vn -0.2904 -0.9511 0.1057
vn -0.3090 -0.9511 0.0000
vn -0.2904 -0.9511 -0.1057
vn -0.2367 -0.9511 -0.1986
vn -0.1545 -0.9511 -0.2676
vn -0.0537 -0.9511 -0.3043
vn 0.0537 -0.9511 -0.3043
vn 0.1545 -0.9511 -0.2676
vn 0.2367 -0.9511 -0.1986
vn 0.2904 -0.9511 -0.1057
vn 0.0000 -1.0000 0.0000
vn 0.0000 -1.0000 0.0000
vn 0.0000 -1.0000 0.0000
vn 0.0000 -1.0000 0.0000
vn 0.0000 -1.0000 0.0000
vn -0.0000 -1.0000 0.0000
vn -0.0000 -1.0000 0.0000
vn -0.0000 -1.0000 0.0000
vn -0.0000 -1.0000 0.0000
vn -0.0000 -1.0000 0.0000
vn -0.0000 -1.0000 -0.0000
vn -0.0000 -1.0000 -0.0000
vn -0.0000 -1.0000 -0.0000
vn -0.0000 -1.0000 -0.0000
vn 0.0000 -1.0000 -0.0000
vn 0.0000 -1.0000 -0.0000
vn 0.0000 -1.0000 -0.0000
vn 0.0000 -1.0000 -0.0000
vn 0.0000 1.0000 0.0000
vn 0.0000 1.0000 0.0000
vn 0.0000 1.0000 0.0000
vn 0.0000 1.0000 0.0000
vn 0.0000 1.0000 0.0000
vn -0.0000 1.0000 0.0000
vn -0.0000 1.0000 0.0000
vn -0.0000 1.0000 0.0000
vn -0.0000 1.0000 0.0000
vn -0.0000 1.0000 0.0000
vn -0.0000 1.0000 -0.0000
vn -0.0000 1.0000 -0.0000
vn -0.0000 1.0000 -0.0000
vn -0.0000 1.0000 -0.0000
vn 0.0000 1.0000 -0.0000
vn 0.0000 1.0000 -0.0000
vn 0.0000 1.0000 -0.0000
vn 0.0000 1.0000 -0.0000
vn 0.3090 0.9511 0.0000
vn 0.2904 0.9511 0.1057
vn 0.2367 0.9511 0.1986
vn 0.1545 0.9511 0.2676
vn 0.0537 0.9511 0.3043
vn -0.0537 0.9511 0.3043
vn -0.1545 0.9511 0.2676
vn -0.2367 0.9511 0.1986
vn -0.2904 0.9511 0.1057
vn -0.3090 0.9511 0.0000
vn -0.2904 0.9511 -0.1057
vn -0.2367 0.9511 -0.1986
vn -0.1545 0.9511 -0.2676
vn -0.0537 0.9511 -0.3043
vn 0.0537 0.9511 -0.3043
vn 0.1545 0.9511 -0.2676
vn 0.2367 0.9511 -0.1986
vn 0.2904 0.9511 -0.1057
vn 0.5878 0.8090 0.0000
vn 0.5523 0.8090 0.2010
vn 0.4503 0.8090 0.3778
vn 0.2939 0.8090 0.5090
vn 0.1021 0.8090 0.5789
vn -0.1021 0.8090 0.5789
vn -0.2939 0.8090 0.5090
vn -0.4503 0.8090 0.3778
vn -0.5523 0.8090 0.2010
vn -0.5878 0.8090 0.0000
vn -0.5523 0.8090 -0.2010
vn -0.4503 0.8090 -0.3778
vn -0.2939 0.8090 -0.5090
vn -0.1021 0.8090 -0.5789
vn 0.1021 0.8090 -0.5789
vn 0.2939 0.8090 -0.5090
vn 0.4503 0.8090 -0.3778
vn 0.5523 0.8090 -0.2010
vn 0.8090 0.5878 0.0000
vn 0.7602 0.5878 0.2767
vn 0.6197 0.5878 0.5200
vn 0.4045 0.5878 0.7006
vn 0.1405 0.5878 0.7967
vn -0.1405 0.5878 0.7967
vn -0.4045 0.5878 0.7006
vn -0.6197 0.5878 0.5200
vn -0.7602 0.5878 0.2767
vn -0.8090 0.5878 0.0000
vn -0.7602 0.5878 -0.2767
vn -0.6197 0.5878 -0.5200
vn -0.4045 0.5878 -0.7006
vn -0.1405 0.5878 -0.7967
vn 0.1405 0.5878 -0.7967
vn 0.4045 0.5878 -0.7006
vn 0.6197 0.5878 -0.5200
vn 0.7602 0.5878 -0.2767
vn 0.9511 0.3090 0.0000
vn 0.8937 0.3090 0.3253
vn 0.7286 0.3090 0.6113
vn 0.4755 0.3090 0.8236
vn 0.1651 0.3090 0.9366
vn -0.1651 0.3090 0.9366
vn -0.4755 0.3090 0.8236
vn -0.7286 0.3090 0.6113
vn -0.8937 0.3090 0.3253
vn -0.9511 0.3090 0.0000
vn -0.8937 0.3090 -0.3253
vn -0.7286 0.3090 -0.6113
vn -0.4755 0.3090 -0.8236
vn -0.1651 0.3090 -0.9366
vn 0.1651 0.3090 -0.9366
vn 0.4755 0.3090 -0.8236
vn 0.7286 0.3090 -0.6113
vn 0.8937 0.3090 -0.3253
vn 1.0000 0.0000 0.0000
vn 0.9397 0.0000 0.3420
vn 0.7660 0.0000 0.6428
vn 0.5000 0.0000 0.8660
vn 0.1736 0.0000 0.9848
vn -0.1736 0.0000 0.9848
vn -0.5000 0.0000 0.8660
vn -0.7660 0.0000 0.6428
vn -0.9397 0.0000 0.3420
vn -1.0000 0.0000 0.0000
vn -0.9397 0.0000 -0.3420
vn -0.7660 0.0000 -0.6428
vn -0.5000 0.0000 -0.8660
vn -0.1736 0.0000 -0.9848
vn 0.1736 0.0000 -0.9848
vn 0.5000 0.0000 -0.8660
vn 0.7660 0.0000 -0.6428
vn 0.9397 0.0000 -0.3420
vn 0.9511 -0.3090 0.0000
vn 0.8937 -0.3090 0.3253
vn 0.7286 -0.3090 0.6113
vn 0.4755 -0.3090 0.8236
vn 0.1651 -0.3090 0.9366
vn -0.1651 -0.3090 0.9366
vn -0.4755 -0.3090 0.8236
vn -0.7286 -0.3090 0.6113
vn -0.8937 -0.3090 0.3253
vn -0.9511 -0.3090 0.0000
vn -0.8937 -0.3090 -0.3253
vn -0.7286 -0.3090 -0.6113
vn -0.4755 -0.3090 -0.8236
vn -0.1651 -0.3090 -0.9366
vn 0.1651 -0.3090 -0.9366
vn 0.4755 -0.3090 -0.8236
vn 0.7286 -0.3090 -0.6113
vn 0.8937 -0.3090 -0.3253
vn 0.8090 -0.5878 0.0000
vn 0.7602 -0.5878 0.2767
vn 0.6197 -0.5878 0.5200
vn 0.4045 -0.5878 0.7006
vn 0.1405 -0.5878 0.7967
vn -0.1405 -0.5878 0.7967
vn -0.4045 -0.5878 0.7006
vn -0.6197 -0.5878 0.5200
vn -0.7602 -0.5878 0.2767
vn -0.8090 -0.5878 0.0000
vn -0.7602 -0.5878 -0.2767
vn -0.6197 -0.5878 -0.5200
vn -0.4045 -0.5878 -0.7006
vn -0.1405 -0.5878 -0.7967
vn 0.1405 -0.5878 -0.7967
vn 0.4045 -0.5878 -0.7006
vn 0.6197 -0.5878 -0.5200
vn 0.7602 -0.5878 -0.2767
vn 0.5878 -0.8090 0.0000
vn 0.5523 -0.8090 0.2010
vn 0.4503 -0.8090 0.3778
vn 0.2939 -0.8090 0.5090
vn 0.1021 -0.8090 0.5789
vn -0.1021 -0.8090 0.5789
vn -0.2939 -0.8090 0.5090
vn -0.4503 -0.8090 0.3778
vn -0.5523 -0.8090 0.2010
vn -0.5878 -0.8090 0.0000
vn -0.5523 -0.8090 -0.2010
vn -0.4503 -0.8090 -0.3778
vn -0.2939 -0.8090 -0.5090
vn -0.1021 -0.8090 -0.5789
vn 0.1021 -0.8090 -0.5789
vn 0.2939 -0.8090 -0.5090
vn 0.4503 -0.8090 -0.3778
vn 0.5523 -0.8090 -0.2010
vn 0.3090 -0.9511 0.0000
vn 0.2904 -0.9511 0.1057
vn 0.2367 -0.9511 0.1986
vn 0.1545 -0.9511 0.2676
vn 0.0537 -0.9511 0.3043
vn -0.0537 -0.9511 0.3043
vn -0.1545 -0.9511 0.2676
vn -0.2367 -0.9511 0.1986
vn -0.2904 -0.9511 0.1057
vn -0.3090 -0.9511 0.0000
vn -0.2904 -0.9511 -0.1057
vn -0.2367 -0.9511 -0.1986
vn -0.1545 -0.9511 -0.2676
vn -0.0537 -0.9511 -0.3043
vn 0.0537 -0.9511 -0.3043
vn 0.1545 -0.9511 -0.2676
vn 0.2367 -0.9511 -0.1986
vn 0.2904 -0.9511 -0.1057
vn 0.0000 -1.0000 0.0000
vn 0.0000 -1.0000 0.0000
vn 0.0000 -1.0000 0.0000
vn 0.0000 -1.0000 0.0000
vn 0.0000 -1.0000 0.0000
vn -0.0000 -1.0000 0.0000
vn -0.0000 -1.0000 0.0000
vn -0.0000 -1.0000 0.0000
vn -0.0000 -1.0000 0.0000
vn -0.0000 -1.0000 0.0000
vn -0.0000 -1.0000 -0.0000
vn -0.0000 -1.0000 -0.0000
vn -0.0000 -1.0000 -0.0000
vn -0.0000 -1.0000 -0.0000
vn 0.0000 -1.0000 -0.0000
vn 0.0000 -1.0000 -0.0000
vn 0.0000 -1.0000 -0.0000
vn 0.0000 -1.0000 -0.0000
vn 0.0000 1.0000 0.0000
vn 0.0000 1.0000 0.0000
vn 0.0000 1.0000 0.0000
vn 0.0000 1.0000 0.0000
vn 0.0000 1.0000 0.0000
vn -0.0000 1.0000 0.0000
vn -0.0000 1.0000 0.0000
vn -0.0000 1.0000 0.0000
vn -0.0000 1.0000 0.0000
vn -0.0000 1.0000 0.0000
vn -0.0000 1.0000 -0.0000
vn -0.0000 1.0000 -0.0000
vn -0.0000 1.0000 -0.0000
vn -0.0000 1.0000 -0.0000
vn 0.0000 1.0000 -0.0000
vn 0.0000 1.0000 -0.0000
vn 0.0000 1.0000 -0.0000
vn 0.0000 1.0000 -0.0000
vn 0.3090 0.9511 0.0000
vn 0.2904 0.9511 0.1057
vn 0.2367 0.9511 0.1986
vn 0.1545 0.9511 0.2676
vn 0.0537 0.9511 0.3043
vn -0.0537 0.9511 0.3043
vn -0.1545 0.9511 0.2676
vn -0.2367 0.9511 0.1986
vn -0.2904 0.9511 0.1057
vn -0.3090 0.9511 0.0000
vn -0.2904 0.9511 -0.1057
vn -0.2367 0.9511 -0.1986
vn -0.1545 0.9511 -0.2676
vn -0.0537 0.9511 -0.3043
vn 0.0537 0.9511 -0.3043
vn 0.1545 0.9511 -0.2676
vn 0.2367 0.9511 -0.1986
vn 0.2904 0.9511 -0.1057
vn 0.5878 0.8090 0.0000
vn 0.5523 0.8090 0.2010
vn 0.4503 0.8090 0.3778
vn 0.2939 0.8090 0.5090
vn 0.1021 0.8090 0.5789
vn -0.1021 0.8090 0.5789
vn -0.2939 0.8090 0.5090
vn -0.4503 0.8090 0.3778
vn -0.5523 0.8090 0.2010
vn -0.5878 0.8090 0.0000
vn -0.5523 0.8090 -0.2010
vn -0.4503 0.8090 -0.3778
vn -0.2939 0.8090 -0.5090
vn -0.1021 0.8090 -0.5789
vn 0.1021 0.8090 -0.5789
vn 0.2939 0.8090 -0.5090
vn 0.4503 0.8090 -0.3778
vn 0.5523 0.8090 -0.2010
vn 0.8090 0.5878 0.0000
vn 0.7602 0.5878 0.2767
vn 0.6197 0.5878 0.5200
vn 0.4045 0.5878 0.7006
vn 0.1405 0.5878 0.7967
vn -0.1405 0.5878 0.7967
vn -0.4045 0.5878 0.7006
vn -0.6197 0.5878 0.5200
vn -0.7602 0.5878 0.2767
vn -0.8090 0.5878 0.0000
vn -0.7602 0.5878 -0.2767
vn -0.6197 0.5878 -0.5200
vn -0.4045 0.5878 -0.7006
vn -0.1405 0.5878 -0.7967
vn 0.1405 0.5878 -0.7967
vn 0.4045 0.5878 -0.7006
vn 0.6197 0.5878 -0.5200
vn 0.7602 0.5878 -0.2767
vn 0.9511 0.3090 0.0000
vn 0.8937 0.3090 0.3253
vn 0.7286 0.3090 0.6113
vn 0.4755 0.3090 0.8236
vn 0.1651 0.3090 0.9366
vn -0.1651 0.3090 0.9366
vn -0.4755 0.3090 0.8236
vn -0.7286 0.3090 0.6113
vn -0.8937 0.3090 0.3253
vn -0.9511 0.3090 0.0000
vn -0.8937 0.3090 -0.3253
vn -0.7286 0.3090 -0.6113
vn -0.4755 0.3090 -0.8236
vn -0.1651 0.3090 -0.9366
vn 0.1651 0.3090 -0.9366
vn 0.4755 0.3090 -0.8236
vn 0.7286 0.3090 -0.6113
vn 0.8937 0.3090 -0.3253
vn 1.0000 0.0000 0.0000
vn 0.9397 0.0000 0.3420
vn 0.7660 0.0000 0.6428
vn 0.5000 0.0000 0.8660
vn 0.1736 0.0000 0.9848
vn -0.1736 0.0000 0.9848
vn -0.5000 0.0000 0.8660
vn -0.7660 0.0000 0.6428
vn -0.9397 0.0000 0.3420
vn -1.0000 0.0000 0.0000
vn -0.9397 0.0000 -0.3420
vn -0.7660 0.0000 -0.6428
vn -0.5000 0.0000 -0.8660
vn -0.1736 0.0000 -0.9848
vn 0.1736 0.0000 -0.9848
vn 0.5000 0.0000 -0.8660
vn 0.7660 0.0000 -0.6428
vn 0.9397 0.0000 -0.3420
vn 0.9511 -0.3090 0.0000
vn 0.8937 -0.3090 0.3253
vn 0.7286 -0.3090 0.6113
vn 0.4755 -0.3090 0.8236
vn 0.1651 -0.3090 0.9366
vn -0.1651 -0.3090 0.9366
vn -0.4755 -0.3090 0.8236
vn -0.7286 -0.3090 0.6113
vn -0.8937 -0.3090 0.3253
vn -0.9511 -0.3090 0.0000
vn -0.8937 -0.3090 -0.3253
vn -0.7286 -0.3090 -0.6113
vn -0.4755 -0.3090 -0.8236
vn -0.1651 -0.3090 -0.9366
vn 0.1651 -0.3090 -0.9366
vn 0.4755 -0.3090 -0.8236
vn 0.7286 -0.3090 -0.6113
vn 0.8937 -0.3090 -0.3253
vn 0.8090 -0.5878 0.0000
vn 0.7602 -0.5878 0.2767
vn 0.6197 -0.5878 0.5200
vn 0.4045 -0.5878 0.7006
vn 0.1405 -0.5878 0.7967
vn -0.1405 -0.5878 0.7967
vn -0.4045 -0.5878 0.7006
vn -0.6197 -0.5878 0.5200
vn -0.7602 -0.5878 0.2767
vn -0.8090 -0.5878 0.0000
vn -0.7602 -0.5878 -0.2767
vn -0.6197 -0.5878 -0.5200
vn -0.4045 -0.5878 -0.7006
vn -0.1405 -0.5878 -0.7967
vn 0.1405 -0.5878 -0.7967
vn 0.4045 -0.5878 -0.7006
vn 0.6197 -0.5878 -0.5200
vn 0.7602 -0.5878 -0.2767
vn 0.5878 -0.8090 0.0000
vn 0.5523 -0.8090 0.2010
vn 0.4503 -0.8090 0.3778
vn 0.2939 -0.8090 0.5090
vn 0.1021 -0.8090 0.5789
vn -0.1021 -0.8090 0.5789
vn -0.2939 -0.8090 0.5090
vn -0.4503 -0.8090 0.3778
vn -0.5523 -0.8090 0.2010
vn -0.5878 -0.8090 0.0000
vn -0.5523 -0.8090 -0.2010
vn -0.4503 -0.8090 -0.3778
vn -0.2939 -0.8090 -0.5090
vn -0.1021 -0.8090 -0.5789
vn 0.1021 -0.8090 -0.5789
vn 0.2939 -0.8090 -0.5090
vn 0.4503 -0.8090 -0.3778
vn 0.5523 -0.8090 -0.2010
vn 0.3090 -0.9511 0.0000
vn 0.2904 -0.9511 0.1057
vn 0.2367 -0.9511 0.1986
vn 0.1545 -0.9511 0.2676
vn 0.0537 -0.9511 0.3043
vn -0.0537 -0.9511 0.3043
vn -0.1545 -0.9511 0.2676
vn -0.2367 -0.9511 0.1986
vn -0.2904 -0.9511 0.1057
vn -0.3090 -0.9511 0.0000
vn -0.2904 -0.9511 -0.1057
vn -0.2367 -0.9511 -0.1986
vn -0.1545 -0.9511 -0.2676
vn -0.0537 -0.9511 -0.3043
vn 0.0537 -0.9511 -0.3043
vn 0.1545 -0.9511 -0.2676
vn 0.2367 -0.9511 -0.1986
vn 0.2904 -0.9511 -0.1057
vn 0.0000 -1.0000 0.0000
vn 0.0000 -1.0000 0.0000
vn 0.0000 -1.0000 0.0000
vn 0.0000 -1.0000 0.0000
vn 0.0000 -1.0000 0.0000
vn -0.0000 -1.0000 0.0000
vn -0.0000 -1.0000 0.0000
vn -0.0000 -1.0000 0.0000
vn -0.0000 -1.0000 0.0000
vn -0.0000 -1.0000 0.0000
vn -0.0000 -1.0000 -0.0000
vn -0.0000 -1.0000 -0.0000
vn -0.0000 -1.0000 -0.0000
vn -0.0000 -1.0000 -0.0000
vn 0.0000 -1.0000 -0.0000
vn 0.0000 -1.0000 -0.0000
vn 0.0000 -1.0000 -0.0000
vn 0.0000 -1.0000 -0.0000
vn 0.0000 1.0000 0.0000
vn 0.0000 1.0000 0.0000
vn 0.0000 1.0000 0.0000
vn 0.0000 1.0000 0.0000
vn 0.0000 1.0000 0.0000
vn -0.0000 1.0000 0.0000
vn -0.0000 1.0000 0.0000
vn -0.0000 1.0000 0.0000
vn -0.0000 1.0000 0.0000
vn -0.0000 1.0000 0.0000
vn -0.0000 1.0000 -0.0000
vn -0.0000 1.0000 -0.0000
vn -0.0000 1.0000 -0.0000
vn -0.0000 1.0000 -0.0000
vn 0.0000 1.0000 -0.0000
vn 0.0000 1.0000 -0.0000
vn 0.0000 1.0000 -0.0000
vn 0.0000 1.0000 -0.0000
vn 0.3090 0.9511 0.0000
vn 0.2904 0.9511 0.1057
vn 0.2367 0.9511 0.1986
vn 0.1545 0.9511 0.2676
vn 0.0537 0.9511 0.3043
vn -0.0537 0.9511 0.3043
vn -0.1545 0.9511 0.2676
vn -0.2367 0.9511 0.1986
vn -0.2904 0.9511 0.1057
vn -0.3090 0.9511 0.0000
vn -0.2904 0.9511 -0.1057
vn -0.2367 0.9511 -0.1986
vn -0.1545 0.9511 -0.2676
vn -0.0537 0.9511 -0.3043
vn 0.0537 0.9511 -0.3043
vn 0.1545 0.9511 -0.2676
vn 0.2367 0.9511 -0.1986
vn 0.2904 0.9511 -0.1057
vn 0.5878 0.8090 0.0000
vn 0.5523 0.8090 0.2010
vn 0.4503 0.8090 0.3778
vn 0.2939 0.8090 0.5090
vn 0.1021 0.8090 0.5789
vn -0.1021 0.8090 0.5789
vn -0.2939 0.8090 0.5090
vn -0.4503 0.8090 0.3778
vn -0.5523 0.8090 0.2010
vn -0.5878 0.8090 0.0000
vn -0.5523 0.8090 -0.2010
vn -0.4503 0.8090 -0.3778
vn -0.2939 0.8090 -0.5090
vn -0.1021 0.8090 -0.5789
vn 0.1021 0.8090 -0.5789
vn 0.2939 0.8090 -0.5090
vn 0.4503 0.8090 -0.3778
vn 0.5523 0.8090 -0.2010
vn 0.8090 0.5878 0.0000
vn 0.7602 0.5878 0.2767
vn 0.6197 0.5878 0.5200
vn 0.4045 0.5878 0.7006
vn 0.1405 0.5878 0.7967
vn -0.1405 0.5878 0.7967
vn -0.4045 0.5878 0.7006
vn -0.6197 0.5878 0.5200
vn -0.7602 0.5878 0.2767
vn -0.8090 0.5878 0.0000
vn -0.7602 0.5878 -0.2767
vn -0.6197 0.5878 -0.5200
vn -0.4045 0.5878 -0.7006
vn -0.1405 0.5878 -0.7967
vn 0.1405 0.5878 -0.7967
vn 0.4045 0.5878 -0.7006
vn 0.6197 0.5878 -0.5200
vn 0.7602 0.5878 -0.2767
vn 0.9511 0.3090 0.0000
vn 0.8937 0.3090 0.3253
vn 0.7286 0.3090 0.6113
vn 0.4755 0.3090 0.8236
vn 0.1651 0.3090 0.9366
vn -0.1651 0.3090 0.9366
vn -0.4755 0.3090 0.8236
vn -0.7286 0.3090 0.6113
vn -0.8937 0.3090 0.3253
vn -0.9511 0.3090 0.0000
vn -0.8937 0.3090 -0.3253
vn -0.7286 0.3090 -0.6113
vn -0.4755 0.3090 -0.8236
vn -0.1651 0.3090 -0.9366
vn 0.1651 0.3090 -0.9366
vn 0.4755 0.3090 -0.8236
vn 0.7286 0.3090 -0.6113
vn 0.8937 0.3090 -0.3253
vn 1.0000 0.0000 0.0000
vn 0.9397 0.0000 0.3420
vn 0.7660 0.0000 0.6428
vn 0.5000 0.0000 0.8660
vn 0.1736 0.0000 0.9848
vn -0.1736 0.0000 0.9848
vn -0.5000 0.0000 0.8660
vn -0.7660 0.0000 0.6428
vn -0.9397 0.0000 0.3420
vn -1.0000 0.0000 0.0000
vn -0.9397 0.0000 -0.3420
vn -0.7660 0.0000 -0.6428
vn -0.5000 0.0000 -0.8660
vn -0.1736 0.0000 -0.9848
vn 0.1736 0.0000 -0.9848
vn 0.5000 0.0000 -0.8660
vn 0.7660 0.0000 -0.6428
vn 0.9397 0.0000 -0.3420
vn 0.9511 -0.3090 0.0000
vn 0.8937 -0.3090 0.3253
vn 0.7286 -0.3090 0.6113
vn 0.4755 -0.3090 0.8236
vn 0.1651 -0.3090 0.9366
vn -0.1651 -0.3090 0.9366
vn -0.4755 -0.3090 0.8236
vn -0.7286 -0.3090 0.6113
vn -0.8937 -0.3090 0.3253
vn -0.9511 -0.3090 0.0000
vn -0.8937 -0.3090 -0.3253
vn -0.7286 -0.3090 -0.6113
vn -0.4755 -0.3090 -0.8236
vn -0.1651 -0.3090 -0.9366
vn 0.1651 -0.3090 -0.9366
vn 0.4755 -0.3090 -0.8236
vn 0.7286 -0.3090 -0.6113
vn 0.8937 -0.3090 -0.3253
vn 0.8090 -0.5878 0.0000
vn 0.7602 -0.5878 0.2767
vn 0.6197 -0.5878 0.5200
vn 0.4045 -0.5878 0.7006
vn 0.1405 -0.5878 0.7967
vn -0.1405 -0.5878 0.7967
vn -0.4045 -0.5878 0.7006
vn -0.6197 -0.5878 0.5200
vn -0.7602 -0.5878 0.2767
vn -0.8090 -0.5878 0.0000
vn -0.7602 -0.5878 -0.2767
vn -0.6197 -0.5878 -0.5200
vn -0.4045 -0.5878 -0.7006
vn -0.1405 -0.5878 -0.7967
vn 0.1405 -0.5878 -0.7967
vn 0.4045 -0.5878 -0.7006
vn 0.6197 -0.5878 -0.5200
vn 0.7602 -0.5878 -0.2767
vn 0.5878 -0.8090 0.0000
vn 0.5523 -0.8090 0.2010
vn 0.4503 -0.8090 0.3778
vn 0.2939 -0.8090 0.5090
vn 0.1021 -0.8090 0.5789
vn -0.1021 -0.8090 0.5789
vn -0.2939 -0.8090 0.5090
vn -0.4503 -0.8090 0.3778
vn -0.5523 -0.8090 0.2010
vn -0.5878 -0.8090 0.0000
vn -0.5523 -0.8090 -0.2010
vn -0.4503 -0.8090 -0.3778
vn -0.2939 -0.8090 -0.5090
vn -0.1021 -0.8090 -0.5789
vn 0.1021 -0.8090 -0.5789
vn 0.2939 -0.8090 -0.5090
vn 0.4503 -0.8090 -0.3778
vn 0.5523 -0.8090 -0.2010
vn 0.3090 -0.9511 0.0000
vn 0.2904 -0.9511 0.1057
vn 0.2367 -0.9511 0.1986
vn 0.1545 -0.9511 0.2676
vn 0.0537 -0.9511 0.3043
vn -0.0537 -0.9511 0.3043
vn -0.1545 -0.9511 0.2676
vn -0.2367 -0.9511 0.1986
vn -0.2904 -0.9511 0.1057
vn -0.3090 -0.9511 0.0000
vn -0.2904 -0.9511 -0.1057
vn -0.2367 -0.9511 -0.1986
vn -0.1545 -0.9511 -0.2676
vn -0.0537 -0.9511 -0.3043
vn 0.0537 -0.9511 -0.3043
vn 0.1545 -0.9511 -0.2676
vn 0.2367 -0.9511 -0.1986
vn 0.2904 -0.9511 -0.1057
vn 0.0000 -1.0000 0.0000
vn 0.0000 -1.0000 0.0000
vn 0.0000 -1.0000 0.0000
vn 0.0000 -1.0000 0.0000
vn 0.0000 -1.0000 0.0000
vn -0.0000 -1.0000 0.0000
vn -0.0000 -1.0000 0.0000
vn -0.0000 -1.0000 0.0000
vn -0.0000 -1.0000 0.0000
vn -0.0000 -1.0000 0.0000
vn -0.0000 -1.0000 -0.0000
vn -0.0000 -1.0000 -0.0000
vn -0.0000 -1.0000 -0.0000
vn -0.0000 -1.0000 -0.0000
vn 0.0000 -1.0000 -0.0000
vn 0.0000 -1.0000 -0.0000
vn 0.0000 -1.0000 -0.0000
vn 0.0000 -1.0000 -0.0000
vn 0.0000 0.0000 1.0000
vn 0.0000 0.0000 -1.0000
vn 0.0000 1.0000 0.0000
vn 0.0000 -1.0000 0.0000
vn 1.0000 0.0000 0.0000
vn -1.0000 0.0000 0.0000
vn 0.0000 1.0000 0.0000
vn 0.0000 1.0000 0.0000
vn 0.0000 1.0000 0.0000
vn 0.0000 1.0000 0.0000
vn -0.0000 1.0000 0.0000
vn -0.0000 1.0000 0.0000
vn -0.0000 1.0000 0.0000
vn -0.0000 1.0000 -0.0000
vn -0.0000 1.0000 -0.0000
vn -0.0000 1.0000 -0.0000
vn 0.0000 1.0000 -0.0000
vn 0.0000 1.0000 -0.0000
vn 0.3827 0.9239 0.0000
vn 0.3314 0.9239 0.1913
vn 0.1913 0.9239 0.3314
vn 0.0000 0.9239 0.3827
vn -0.1913 0.9239 0.3314
vn -0.3314 0.9239 0.1913
vn -0.3827 0.9239 0.0000
vn -0.3314 0.9239 -0.1913
vn -0.1913 0.9239 -0.3314
vn -0.0000 0.9239 -0.3827
vn 0.1913 0.9239 -0.3314
vn 0.3314 0.9239 -0.1913
vn 0.7071 0.7071 0.0000
vn 0.6124 0.7071 0.3536
vn 0.3536 0.7071 0.6124
vn 0.0000 0.7071 0.7071
vn -0.3536 0.7071 0.6124
vn -0.6124 0.7071 0.3536
vn -0.7071 0.7071 0.0000
vn -0.6124 0.7071 -0.3536
vn -0.3536 0.7071 -0.6124
vn -0.0000 0.7071 -0.7071
vn 0.3536 0.7071 -0.6124
vn 0.6124 0.7071 -0.3536
vn 0.9239 0.3827 0.0000
vn 0.8001 0.3827 0.4619
vn 0.4619 0.3827 0.8001
vn 0.0000 0.3827 0.9239
vn -0.4619 0.3827 0.8001
vn -0.8001 0.3827 0.4619
vn -0.9239 0.3827 0.0000
vn -0.8001 0.3827 -0.4619
vn -0.4619 0.3827 -0.8001
vn -0.0000 0.3827 -0.9239
vn 0.4619 0.3827 -0.8001
vn 0.8001 0.3827 -0.4619
vn 1.0000 0.0000 0.0000
vn 0.8660 0.0000 0.5000
vn 0.5000 0.0000 0.8660
vn 0.0000 0.0000 1.0000
vn -0.5000 0.0000 0.8660
vn -0.8660 0.0000 0.5000
vn -1.0000 0.0000 0.0000
vn -0.8660 0.0000 -0.5000
vn -0.5000 0.0000 -0.8660
vn -0.0000 0.0000 -1.0000
vn 0.5000 0.0000 -0.8660
vn 0.8660 0.0000 -0.5000
vn 0.9239 -0.3827 0.0000
vn 0.8001 -0.3827 0.4619
vn 0.4619 -0.3827 0.8001
vn 0.0000 -0.3827 0.9239
vn -0.4619 -0.3827 0.8001
vn -0.8001 -0.3827 0.4619
vn -0.9239 -0.3827 0.0000
vn -0.8001 -0.3827 -0.4619
vn -0.4619 -0.3827 -0.8001
vn -0.0000 -0.3827 -0.9239
vn 0.4619 -0.3827 -0.8001
vn 0.8001 -0.3827 -0.4619
vn 0.7071 -0.7071 0.0000
vn 0.6124 -0.7071 0.3536
vn 0.3536 -0.7071 0.6124
vn 0.0000 -0.7071 0.7071
vn -0.3536 -0.7071 0.6124
vn -0.6124 -0.7071 0.3536
vn -0.7071 -0.7071 0.0000
vn -0.6124 -0.7071 -0.3536
vn -0.3536 -0.7071 -0.6124
vn -0.0000 -0.7071 -0.7071
vn 0.3536 -0.7071 -0.6124
vn 0.6124 -0.7071 -0.3536
vn 0.3827 -0.9239 0.0000
vn 0.3314 -0.9239 0.1913
vn 0.1913 -0.9239 0.3314
vn 0.0000 -0.9239 0.3827
vn -0.1913 -0.9239 0.3314
vn -0.3314 -0.9239 0.1913
vn -0.3827 -0.9239 0.0000
vn -0.3314 -0.9239 -0.1913
vn -0.1913 -0.9239 -0.3314
vn -0.0000 -0.9239 -0.3827
vn 0.1913 -0.9239 -0.3314
vn 0.3314 -0.9239 -0.1913
vn 0.0000 -1.0000 0.0000
vn 0.0000 -1.0000 0.0000
vn 0.0000 -1.0000 0.0000
vn 0.0000 -1.0000 0.0000
vn -0.0000 -1.0000 0.0000
vn -0.0000 -1.0000 0.0000
vn -0.0000 -1.0000 0.0000
vn -0.0000 -1.0000 -0.0000
vn -0.0000 -1.0000 -0.0000
vn -0.0000 -1.0000 -0.0000
vn 0.0000 -1.0000 -0.0000
vn 0.0000 -1.0000 -0.0000
vn 0.0000 1.0000 0.0000
vn 0.0000 1.0000 0.0000
vn 0.0000 1.0000 0.0000
vn 0.0000 1.0000 0.0000
vn -0.0000 1.0000 0.0000
vn -0.0000 1.0000 0.0000
vn -0.0000 1.0000 0.0000
vn -0.0000 1.0000 -0.0000
vn -0.0000 1.0000 -0.0000
vn -0.0000 1.0000 -0.0000
vn 0.0000 1.0000 -0.0000
vn 0.0000 1.0000 -0.0000
vn 0.3827 0.9239 0.0000
vn 0.3314 0.9239 0.1913
vn 0.1913 0.9239 0.3314
vn 0.0000 0.9239 0.3827
vn -0.1913 0.9239 0.3314
vn -0.3314 0.9239 0.1913
vn -0.3827 0.9239 0.0000
vn -0.3314 0.9239 -0.1913
vn -0.1913 0.9239 -0.3314
vn -0.0000 0.9239 -0.3827
vn 0.1913 0.9239 -0.3314
vn 0.3314 0.9239 -0.1913
vn 0.7071 0.7071 0.0000
vn 0.6124 0.7071 0.3536
vn 0.3536 0.7071 0.6124
vn 0.0000 0.7071 0.7071
vn -0.3536 0.7071 0.6124
vn -0.6124 0.7071 0.3536
vn -0.7071 0.7071 0.0000
vn -0.6124 0.7071 -0.3536
vn -0.3536 0.7071 -0.6124
vn -0.0000 0.7071 -0.7071
vn 0.3536 0.7071 -0.6124
vn 0.6124 0.7071 -0.3536
vn 0.9239 0.3827 0.0000
vn 0.8001 0.3827 0.4619
vn 0.4619 0.3827 0.8001
vn 0.0000 0.3827 0.9239
vn -0.4619 0.3827 0.8001
vn -0.8001 0.3827 0.4619
vn -0.9239 0.3827 0.0000
vn -0.8001 0.3827 -0.4619
vn -0.4619 0.3827 -0.8001
vn -0.0000 0.3827 -0.9239
vn 0.4619 0.3827 -0.8001
vn 0.8001 0.3827 -0.4619
vn 1.0000 0.0000 0.0000
vn 0.8660 0.0000 0.5000
vn 0.5000 0.0000 0.8660
vn 0.0000 0.0000 1.0000
vn -0.5000 0.0000 0.8660
vn -0.8660 0.0000 0.5000
vn -1.0000 0.0000 0.0000
vn -0.8660 0.0000 -0.5000
vn -0.5000 0.0000 -0.8660
vn -0.0000 0.0000 -1.0000
vn 0.5000 0.0000 -0.8660
vn 0.8660 0.0000 -0.5000
vn 0.9239 -0.3827 0.0000
vn 0.8001 -0.3827 0.4619
vn 0.4619 -0.3827 0.8001
vn 0.0000 -0.3827 0.9239
vn -0.4619 -0.3827 0.8001
vn -0.8001 -0.3827 0.4619
vn -0.9239 -0.3827 0.0000
vn -0.8001 -0.3827 -0.4619
vn -0.4619 -0.3827 -0.8001
vn -0.0000 -0.3827 -0.9239
vn 0.4619 -0.3827 -0.8001
vn 0.8001 -0.3827 -0.4619
vn 0.7071 -0.7071 0.0000
vn 0.6124 -0.7071 0.3536
vn 0.3536 -0.7071 0.6124
vn 0.0000 -0.7071 0.7071
vn -0.3536 -0.7071 0.6124
vn -0.6124 -0.7071 0.3536
vn -0.7071 -0.7071 0.0000
vn -0.6124 -0.7071 -0.3536
vn -0.3536 -0.7071 -0.6124
vn -0.0000 -0.7071 -0.7071
vn 0.3536 -0.7071 -0.6124
vn 0.6124 -0.7071 -0.3536
vn 0.3827 -0.9239 0.0000
vn 0.3314 -0.9239 0.1913
vn 0.1913 -0.9239 0.3314
vn 0.0000 -0.9239 0.3827
vn -0.1913 -0.9239 0.3314
vn -0.3314 -0.9239 0.1913
vn -0.3827 -0.9239 0.0000
vn -0.3314 -0.9239 -0.1913
vn -0.1913 -0.9239 -0.3314
vn -0.0000 -0.9239 -0.3827
vn 0.1913 -0.9239 -0.3314
vn 0.3314 -0.9239 -0.1913
vn 0.0000 -1.0000 0.0000
vn 0.0000 -1.0000 0.0000
vn 0.0000 -1.0000 0.0000
vn 0.0000 -1.0000 0.0000
vn -0.0000 -1.0000 0.0000
vn -0.0000 -1.0000 0.0000
vn -0.0000 -1.0000 0.0000
vn -0.0000 -1.0000 -0.0000
vn -0.0000 -1.0000 -0.0000
vn -0.0000 -1.0000 -0.0000
vn 0.0000 -1.0000 -0.0000
vn 0.0000 -1.0000 -0.0000
vn 0.0000 1.0000 0.0000
vn 0.0000 1.0000 0.0000
vn 0.0000 1.0000 0.0000
vn -0.0000 1.0000 0.0000
vn -0.0000 1.0000 0.0000
vn -0.0000 1.0000 0.0000
vn -0.0000 1.0000 -0.0000
vn -0.0000 1.0000 -0.0000
vn 0.0000 1.0000 -0.0000
vn 0.0000 1.0000 -0.0000
vn 0.5000 0.8660 0.0000
vn 0.4045 0.8660 0.2939
vn 0.1545 0.8660 0.4755
vn -0.1545 0.8660 0.4755
vn -0.4045 0.8660 0.2939
vn -0.5000 0.8660 0.0000
vn -0.4045 0.8660 -0.2939
vn -0.1545 0.8660 -0.4755
vn 0.1545 0.8660 -0.4755
vn 0.4045 0.8660 -0.2939
vn 0.8660 0.5000 0.0000
vn 0.7006 0.5000 0.5090
vn 0.2676 0.5000 0.8236
vn -0.2676 0.5000 0.8236
vn -0.7006 0.5000 0.5090
vn -0.8660 0.5000 0.0000
vn -0.7006 0.5000 -0.5090
vn -0.2676 0.5000 -0.8236
vn 0.2676 0.5000 -0.8236
vn 0.7006 0.5000 -0.5090
vn 1.0000 0.0000 0.0000
vn 0.8090 0.0000 0.5878
vn 0.3090 0.0000 0.9511
vn -0.3090 0.0000 0.9511
vn -0.8090 0.0000 0.5878
vn -1.0000 0.0000 0.0000
vn -0.8090 0.0000 -0.5878
vn -0.3090 0.0000 -0.9511
vn 0.3090 0.0000 -0.9511
vn 0.8090 0.0000 -0.5878
vn 0.8660 -0.5000 0.0000
vn 0.7006 -0.5000 0.5090
vn 0.2676 -0.5000 0.8236
vn -0.2676 -0.5000 0.8236
vn -0.7006 -0.5000 0.5090
vn -0.8660 -0.5000 0.0000
vn -0.7006 -0.5000 -0.5090
vn -0.2676 -0.5000 -0.8236
vn 0.2676 -0.5000 -0.8236
vn 0.7006 -0.5000 -0.5090
vn 0.5000 -0.8660 0.0000
vn 0.4045 -0.8660 0.2939
vn 0.1545 -0.8660 0.4755
vn -0.1545 -0.8660 0.4755
vn -0.4045 -0.8660 0.2939
vn -0.5000 -0.8660 0.0000
vn -0.4045 -0.8660 -0.2939
vn -0.1545 -0.8660 -0.4755
vn 0.1545 -0.8660 -0.4755
vn 0.4045 -0.8660 -0.2939
vn 0.0000 -1.0000 0.0000
vn 0.0000 -1.0000 0.0000
vn 0.0000 -1.0000 0.0000
vn -0.0000 -1.0000 0.0000
vn -0.0000 -1.0000 0.0000
vn -0.0000 -1.0000 0.0000
vn -0.0000 -1.0000 -0.0000
vn -0.0000 -1.0000 -0.0000
vn 0.0000 -1.0000 -0.0000
vn 0.0000 -1.0000 -0.0000
vn 0.0000 0.0000 1.0000
vn 0.0000 0.0000 -1.0000
vn 0.0000 1.0000 0.0000
vn 0.0000 -1.0000 0.0000
vn 1.0000 0.0000 0.0000
vn -1.0000 0.0000 0.0000
vn 0.0000 1.0000 0.0000
vn 0.0000 1.0000 0.0000
vn 0.0000 1.0000 0.0000
vn 0.0000 1.0000 0.0000
vn -0.0000 1.0000 0.0000
vn -0.0000 1.0000 0.0000
vn -0.0000 1.0000 0.0000
vn -0.0000 1.0000 -0.0000
vn -0.0000 1.0000 -0.0000
vn -0.0000 1.0000 -0.0000
vn 0.0000 1.0000 -0.0000
vn 0.0000 1.0000 -0.0000
vn 0.3827 0.9239 0.0000
vn 0.3314 0.9239 0.1913
vn 0.1913 0.9239 0.3314
vn 0.0000 0.9239 0.3827
vn -0.1913 0.9239 0.3314
vn -0.3314 0.9239 0.1913
vn -0.3827 0.9239 0.0000
vn -0.3314 0.9239 -0.1913
vn -0.1913 0.9239 -0.3314
vn -0.0000 0.9239 -0.3827
vn 0.1913 0.9239 -0.3314
vn 0.3314 0.9239 -0.1913
vn 0.7071 0.7071 0.0000
vn 0.6124 0.7071 0.3536
vn 0.3536 0.7071 0.6124
vn 0.0000 0.7071 0.7071
vn -0.3536 0.7071 0.6124
vn -0.6124 0.7071 0.3536
vn -0.7071 0.7071 0.0000
vn -0.6124 0.7071 -0.3536
vn -0.3536 0.7071 -0.6124
vn -0.0000 0.7071 -0.7071
vn 0.3536 0.7071 -0.6124
vn 0.6124 0.7071 -0.3536
vn 0.9239 0.3827 0.0000
vn 0.8001 0.3827 0.4619
vn 0.4619 0.3827 0.8001
vn 0.0000 0.3827 0.9239
vn -0.4619 0.3827 0.8001
vn -0.8001 0.3827 0.4619
vn -0.9239 0.3827 0.0000
vn -0.8001 0.3827 -0.4619
vn -0.4619 0.3827 -0.8001
vn -0.0000 0.3827 -0.9239
vn 0.4619 0.3827 -0.8001
vn 0.8001 0.3827 -0.4619
vn 1.0000 0.0000 0.0000
vn 0.8660 0.0000 0.5000
vn 0.5000 0.0000 0.8660
vn 0.0000 0.0000 1.0000
vn -0.5000 0.0000 0.8660
vn -0.8660 0.0000 0.5000
vn -1.0000 0.0000 0.0000
vn -0.8660 0.0000 -0.5000
vn -0.5000 0.0000 -0.8660
vn -0.0000 0.0000 -1.0000
vn 0.5000 0.0000 -0.8660
vn 0.8660 0.0000 -0.5000
vn 0.9239 -0.3827 0.0000
vn 0.8001 -0.3827 0.4619
vn 0.4619 -0.3827 0.8001
vn 0.0000 -0.3827 0.9239
vn -0.4619 -0.3827 0.8001
vn -0.8001 -0.3827 0.4619
vn -0.9239 -0.3827 0.0000
vn -0.8001 -0.3827 -0.4619
vn -0.4619 -0.3827 -0.8001
vn -0.0000 -0.3827 -0.9239
vn 0.4619 -0.3827 -0.8001
vn 0.8001 -0.3827 -0.4619
vn 0.7071 -0.7071 0.0000
vn 0.6124 -0.7071 0.3536
vn 0.3536 -0.7071 0.6124
vn 0.0000 -0.7071 0.7071
vn -0.3536 -0.7071 0.6124
vn -0.6124 -0.7071 0.3536
vn -0.7071 -0.7071 0.0000
vn -0.6124 -0.7071 -0.3536
vn -0.3536 -0.7071 -0.6124
vn -0.0000 -0.7071 -0.7071
vn 0.3536 -0.7071 -0.6124
vn 0.6124 -0.7071 -0.3536
vn 0.3827 -0.9239 0.0000
vn 0.3314 -0.9239 0.1913
vn 0.1913 -0.9239 0.3314
vn 0.0000 -0.9239 0.3827
vn -0.1913 -0.9239 0.3314
vn -0.3314 -0.9239 0.1913
vn -0.3827 -0.9239 0.0000
vn -0.3314 -0.9239 -0.1913
vn -0.1913 -0.9239 -0.3314
vn -0.0000 -0.9239 -0.3827
vn 0.1913 -0.9239 -0.3314
vn 0.3314 -0.9239 -0.1913
vn 0.0000 -1.0000 0.0000
vn 0.0000 -1.0000 0.0000
vn 0.0000 -1.0000 0.0000
vn 0.0000 -1.0000 0.0000
vn -0.0000 -1.0000 0.0000
vn -0.0000 -1.0000 0.0000
vn -0.0000 -1.0000 0.0000
vn -0.0000 -1.0000 -0.0000
vn -0.0000 -1.0000 -0.0000
vn -0.0000 -1.0000 -0.0000
vn 0.0000 -1.0000 -0.0000
vn 0.0000 -1.0000 -0.0000
vn 0.0000 1.0000 0.0000
vn 0.0000 1.0000 0.0000
vn 0.0000 1.0000 0.0000
vn 0.0000 1.0000 0.0000
vn -0.0000 1.0000 0.0000
vn -0.0000 1.0000 0.0000
vn -0.0000 1.0000 0.0000
vn -0.0000 1.0000 -0.0000
vn -0.0000 1.0000 -0.0000
vn -0.0000 1.0000 -0.0000
vn 0.0000 1.0000 -0.0000
vn 0.0000 1.0000 -0.0000
vn 0.3827 0.9239 0.0000
vn 0.3314 0.9239 0.1913
vn 0.1913 0.9239 0.3314
vn 0.0000 0.9239 0.3827
vn -0.1913 0.9239 0.3314
vn -0.3314 0.9239 0.1913
vn -0.3827 0.9239 0.0000
vn -0.3314 0.9239 -0.1913
vn -0.1913 0.9239 -0.3314
vn -0.0000 0.9239 -0.3827
vn 0.1913 0.9239 -0.3314
vn 0.3314 0.9239 -0.1913
vn 0.7071 0.7071 0.0000
vn 0.6124 0.7071 0.3536
vn 0.3536 0.7071 0.6124
vn 0.0000 0.7071 0.7071
vn -0.3536 0.7071 0.6124
vn -0.6124 0.7071 0.3536
vn -0.7071 0.7071 0.0000
vn -0.6124 0.7071 -0.3536
vn -0.3536 0.7071 -0.6124
vn -0.0000 0.7071 -0.7071
vn 0.3536 0.7071 -0.6124
vn 0.6124 0.7071 -0.3536
vn 0.9239 0.3827 0.0000
vn 0.8001 0.3827 0.4619
vn 0.4619 0.3827 0.8001
vn 0.0000 0.3827 0.9239
vn -0.4619 0.3827 0.8001
vn -0.8001 0.3827 0.4619
vn -0.9239 0.3827 0.0000
vn -0.8001 0.3827 -0.4619
vn -0.4619 0.3827 -0.8001
vn -0.0000 0.3827 -0.9239
vn 0.4619 0.3827 -0.8001
vn 0.8001 0.3827 -0.4619
vn 1.0000 0.0000 0.0000
vn 0.8660 0.0000 0.5000
vn 0.5000 0.0000 0.8660
vn 0.0000 0.0000 1.0000
vn -0.5000 0.0000 0.8660
vn -0.8660 0.0000 0.5000
vn -1.0000 0.0000 0.0000
vn -0.8660 0.0000 -0.5000
vn -0.5000 0.0000 -0.8660
vn -0.0000 0.0000 -1.0000
vn 0.5000 0.0000 -0.8660
vn 0.8660 0.0000 -0.5000
vn 0.9239 -0.3827 0.0000
vn 0.8001 -0.3827 0.4619
vn 0.4619 -0.3827 0.8001
vn 0.0000 -0.3827 0.9239
vn -0.4619 -0.3827 0.8001
vn -0.8001 -0.3827 0.4619
vn -0.9239 -0.3827 0.0000
vn -0.8001 -0.3827 -0.4619
vn -0.4619 -0.3827 -0.8001
vn -0.0000 -0.3827 -0.9239
vn 0.4619 -0.3827 -0.8001
vn 0.8001 -0.3827 -0.4619
vn 0.7071 -0.7071 0.0000
vn 0.6124 -0.7071 0.3536
vn 0.3536 -0.7071 0.6124
vn 0.0000 -0.7071 0.7071
vn -0.3536 -0.7071 0.6124
vn -0.6124 -0.7071 0.3536
vn -0.7071 -0.7071 0.0000
vn -0.6124 -0.7071 -0.3536
vn -0.3536 -0.7071 -0.6124
vn -0.0000 -0.7071 -0.7071
vn 0.3536 -0.7071 -0.6124
vn 0.6124 -0.7071 -0.3536
vn 0.3827 -0.9239 0.0000
vn 0.3314 -0.9239 0.1913
vn 0.1913 -0.9239 0.3314
vn 0.0000 -0.9239 0.3827
vn -0.1913 -0.9239 0.3314
vn -0.3314 -0.9239 0.1913
vn -0.3827 -0.9239 0.0000
vn -0.3314 -0.9239 -0.1913
vn -0.1913 -0.9239 -0.3314
vn -0.0000 -0.9239 -0.3827
vn 0.1913 -0.9239 -0.3314
vn 0.3314 -0.9239 -0.1913
vn 0.0000 -1.0000 0.0000
vn 0.0000 -1.0000 0.0000
vn 0.0000 -1.0000 0.0000
vn 0.0000 -1.0000 0.0000
vn -0.0000 -1.0000 0.0000
vn -0.0000 -1.0000 0.0000
vn -0.0000 -1.0000 0.0000
vn -0.0000 -1.0000 -0.0000
vn -0.0000 -1.0000 -0.0000
vn -0.0000 -1.0000 -0.0000
vn 0.0000 -1.0000 -0.0000
vn 0.0000 -1.0000 -0.0000
vn 0.0000 1.0000 0.0000
vn 0.0000 1.0000 0.0000
vn 0.0000 1.0000 0.0000
vn -0.0000 1.0000 0.0000
vn -0.0000 1.0000 0.0000
vn -0.0000 1.0000 0.0000
vn -0.0000 1.0000 -0.0000
vn -0.0000 1.0000 -0.0000
vn 0.0000 1.0000 -0.0000
vn 0.0000 1.0000 -0.0000
vn 0.5000 0.8660 0.0000
vn 0.4045 0.8660 0.2939
vn 0.1545 0.8660 0.4755
vn -0.1545 0.8660 0.4755
vn -0.4045 0.8660 0.2939
vn -0.5000 0.8660 0.0000
vn -0.4045 0.8660 -0.2939
vn -0.1545 0.8660 -0.4755
vn 0.1545 0.8660 -0.4755
vn 0.4045 0.8660 -0.2939
vn 0.8660 0.5000 0.0000
vn 0.7006 0.5000 0.5090
vn 0.2676 0.5000 0.8236
vn -0.2676 0.5000 0.8236
vn -0.7006 0.5000 0.5090
vn -0.8660 0.5000 0.0000
vn -0.7006 0.5000 -0.5090
vn -0.2676 0.5000 -0.8236
vn 0.2676 0.5000 -0.8236
vn 0.7006 0.5000 -0.5090
vn 1.0000 0.0000 0.0000
vn 0.8090 0.0000 0.5878
vn 0.3090 0.0000 0.9511
vn -0.3090 0.0000 0.9511
vn -0.8090 0.0000 0.5878
vn -1.0000 0.0000 0.0000
vn -0.8090 0.0000 -0.5878
vn -0.3090 0.0000 -0.9511
vn 0.3090 0.0000 -0.9511
vn 0.8090 0.0000 -0.5878
vn 0.8660 -0.5000 0.0000
vn 0.7006 -0.5000 0.5090
vn 0.2676 -0.5000 0.8236
vn -0.2676 -0.5000 0.8236
vn -0.7006 -0.5000 0.5090
vn -0.8660 -0.5000 0.0000
vn -0.7006 -0.5000 -0.5090
vn -0.2676 -0.5000 -0.8236
vn 0.2676 -0.5000 -0.8236
vn 0.7006 -0.5000 -0.5090
vn 0.5000 -0.8660 0.0000
vn 0.4045 -0.8660 0.2939
vn 0.1545 -0.8660 0.4755
vn -0.1545 -0.8660 0.4755
vn -0.4045 -0.8660 0.2939
vn -0.5000 -0.8660 0.0000
vn -0.4045 -0.8660 -0.2939
vn -0.1545 -0.8660 -0.4755
vn 0.1545 -0.8660 -0.4755
vn 0.4045 -0.8660 -0.2939
vn 0.0000 -1.0000 0.0000
vn 0.0000 -1.0000 0.0000
vn 0.0000 -1.0000 0.0000
vn -0.0000 -1.0000 0.0000
vn -0.0000 -1.0000 0.0000
vn -0.0000 -1.0000 0.0000
vn -0.0000 -1.0000 -0.0000
vn -0.0000 -1.0000 -0.0000
vn 0.0000 -1.0000 -0.0000
vn 0.0000 -1.0000 -0.0000
vn 0.0000 0.0000 1.0000
vn 0.0000 0.0000 -1.0000
vn 0.0000 1.0000 0.0000
vn 0.0000 -1.0000 0.0000
vn 1.0000 0.0000 0.0000
vn -1.0000 0.0000 0.0000
vn 0.0000 1.0000 0.0000
vn 0.0000 1.0000 0.0000
vn 0.0000 1.0000 0.0000
vn 0.0000 1.0000 0.0000
vn -0.0000 1.0000 0.0000
vn -0.0000 1.0000 0.0000
vn -0.0000 1.0000 0.0000
vn -0.0000 1.0000 -0.0000
vn -0.0000 1.0000 -0.0000
vn -0.0000 1.0000 -0.0000
vn 0.0000 1.0000 -0.0000
vn 0.0000 1.0000 -0.0000
vn 0.3827 0.9239 0.0000
vn 0.3314 0.9239 0.1913
vn 0.1913 0.9239 0.3314
vn 0.0000 0.9239 0.3827
vn -0.1913 0.9239 0.3314
vn -0.3314 0.9239 0.1913
vn -0.3827 0.9239 0.0000
vn -0.3314 0.9239 -0.1913
vn -0.1913 0.9239 -0.3314
vn -0.0000 0.9239 -0.3827
vn 0.1913 0.9239 -0.3314
vn 0.3314 0.9239 -0.1913
vn 0.7071 0.7071 0.0000
vn 0.6124 0.7071 0.3536
vn 0.3536 0.7071 0.6124
vn 0.0000 0.7071 0.7071
vn -0.3536 0.7071 0.6124
vn -0.6124 0.7071 0.3536
vn -0.7071 0.7071 0.0000
vn -0.6124 0.7071 -0.3536
vn -0.3536 0.7071 -0.6124
vn -0.0000 0.7071 -0.7071
vn 0.3536 0.7071 -0.6124
vn 0.6124 0.7071 -0.3536
vn 0.9239 0.3827 0.0000
vn 0.8001 0.3827 0.4619
vn 0.4619 0.3827 0.8001
vn 0.0000 0.3827 0.9239
vn -0.4619 0.3827 0.8001
vn -0.8001 0.3827 0.4619
vn -0.9239 0.3827 0.0000
vn -0.8001 0.3827 -0.4619
vn -0.4619 0.3827 -0.8001
vn -0.0000 0.3827 -0.9239
vn 0.4619 0.3827 -0.8001
vn 0.8001 0.3827 -0.4619
vn 1.0000 0.0000 0.0000
vn 0.8660 0.0000 0.5000
vn 0.5000 0.0000 0.8660
vn 0.0000 0.0000 1.0000
vn -0.5000 0.0000 0.8660
vn -0.8660 0.0000 0.5000
vn -1.0000 0.0000 0.0000
vn -0.8660 0.0000 -0.5000
vn -0.5000 0.0000 -0.8660
vn -0.0000 0.0000 -1.0000
vn 0.5000 0.0000 -0.8660
vn 0.8660 0.0000 -0.5000
vn 0.9239 -0.3827 0.0000
vn 0.8001 -0.3827 0.4619
vn 0.4619 -0.3827 0.8001
vn 0.0000 -0.3827 0.9239
vn -0.4619 -0.3827 0.8001
vn -0.8001 -0.3827 0.4619
vn -0.9239 -0.3827 0.0000
vn -0.8001 -0.3827 -0.4619
vn -0.4619 -0.3827 -0.8001
vn -0.0000 -0.3827 -0.9239
vn 0.4619 -0.3827 -0.8001
vn 0.8001 -0.3827 -0.4619
vn 0.7071 -0.7071 0.0000
vn 0.6124 -0.7071 0.3536
vn 0.3536 -0.7071 0.6124
vn 0.0000 -0.7071 0.7071
vn -0.3536 -0.7071 0.6124
vn -0.6124 -0.7071 0.3536
vn -0.7071 -0.7071 0.0000
vn -0.6124 -0.7071 -0.3536
vn -0.3536 -0.7071 -0.6124
vn -0.0000 -0.7071 -0.7071
vn 0.3536 -0.7071 -0.6124
vn 0.6124 -0.7071 -0.3536
vn 0.3827 -0.9239 0.0000
vn 0.3314 -0.9239 0.1913
vn 0.1913 -0.9239 0.3314
vn 0.0000 -0.9239 0.3827
vn -0.1913 -0.9239 0.3314
vn -0.3314 -0.9239 0.1913
vn -0.3827 -0.9239 0.0000
vn -0.3314 -0.9239 -0.1913
vn -0.1913 -0.9239 -0.3314
vn -0.0000 -0.9239 -0.3827
vn 0.1913 -0.9239 -0.3314
vn 0.3314 -0.9239 -0.1913
vn 0.0000 -1.0000 0.0000
vn 0.0000 -1.0000 0.0000
vn 0.0000 -1.0000 0.0000
vn 0.0000 -1.0000 0.0000
vn -0.0000 -1.0000 0.0000
vn -0.0000 -1.0000 0.0000
vn -0.0000 -1.0000 0.0000
vn -0.0000 -1.0000 -0.0000
vn -0.0000 -1.0000 -0.0000
vn -0.0000 -1.0000 -0.0000
vn 0.0000 -1.0000 -0.0000
vn 0.0000 -1.0000 -0.0000
vn 0.0000 1.0000 0.0000
vn 0.0000 1.0000 0.0000
vn 0.0000 1.0000 0.0000
vn 0.0000 1.0000 0.0000
vn -0.0000 1.0000 0.0000
vn -0.0000 1.0000 0.0000
vn -0.0000 1.0000 0.0000
vn -0.0000 1.0000 -0.0000
vn -0.0000 1.0000 -0.0000
vn -0.0000 1.0000 -0.0000
vn 0.0000 1.0000 -0.0000
vn 0.0000 1.0000 -0.0000
vn 0.3827 0.9239 0.0000
vn 0.3314 0.9239 0.1913
vn 0.1913 0.9239 0.3314
vn 0.0000 0.9239 0.3827
vn -0.1913 0.9239 0.3314
vn -0.3314 0.9239 0.1913
vn -0.3827 0.9239 0.0000
vn -0.3314 0.9239 -0.1913
vn -0.1913 0.9239 -0.3314
vn -0.0000 0.9239 -0.3827
vn 0.1913 0.9239 -0.3314
vn 0.3314 0.9239 -0.1913
vn 0.7071 0.7071 0.0000
vn 0.6124 0.7071 0.3536
vn 0.3536 0.7071 0.6124
vn 0.0000 0.7071 0.7071
vn -0.3536 0.7071 0.6124
vn -0.6124 0.7071 0.3536
vn -0.7071 0.7071 0.0000
vn -0.6124 0.7071 -0.3536
vn -0.3536 0.7071 -0.6124
vn -0.0000 0.7071 -0.7071
vn 0.3536 0.7071 -0.6124
vn 0.6124 0.7071 -0.3536
vn 0.9239 0.3827 0.0000
vn 0.8001 0.3827 0.4619
vn 0.4619 0.3827 0.8001
vn 0.0000 0.3827 0.9239
vn -0.4619 0.3827 0.8001
vn -0.8001 0.3827 0.4619
vn -0.9239 0.3827 0.0000
vn -0.8001 0.3827 -0.4619
vn -0.4619 0.3827 -0.8001
vn -0.0000 0.3827 -0.9239
vn 0.4619 0.3827 -0.8001
vn 0.8001 0.3827 -0.4619
vn 1.0000 0.0000 0.0000
vn 0.8660 0.0000 0.5000
vn 0.5000 0.0000 0.8660
vn 0.0000 0.0000 1.0000
vn -0.5000 0.0000 0.8660
vn -0.8660 0.0000 0.5000
vn -1.0000 0.0000 0.0000
vn -0.8660 0.0000 -0.5000
vn -0.5000 0.0000 -0.8660
vn -0.0000 0.0000 -1.0000
vn 0.5000 0.0000 -0.8660
vn 0.8660 0.0000 -0.5000
vn 0.9239 -0.3827 0.0000
vn 0.8001 -0.3827 0.4619
vn 0.4619 -0.3827 0.8001
vn 0.0000 -0.3827 0.9239
vn -0.4619 -0.3827 0.8001
vn -0.8001 -0.3827 0.4619
vn -0.9239 -0.3827 0.0000
vn -0.8001 -0.3827 -0.4619
vn -0.4619 -0.3827 -0.8001
vn -0.0000 -0.3827 -0.9239
vn 0.4619 -0.3827 -0.8001
vn 0.8001 -0.3827 -0.4619
vn 0.7071 -0.7071 0.0000
vn 0.6124 -0.7071 0.3536
vn 0.3536 -0.7071 0.6124
vn 0.0000 -0.7071 0.7071
vn -0.3536 -0.7071 0.6124
vn -0.6124 -0.7071 0.3536
vn -0.7071 -0.7071 0.0000
vn -0.6124 -0.7071 -0.3536
vn -0.3536 -0.7071 -0.6124
vn -0.0000 -0.7071 -0.7071
vn 0.3536 -0.7071 -0.6124
vn 0.6124 -0.7071 -0.3536
vn 0.3827 -0.9239 0.0000
vn 0.3314 -0.9239 0.1913
vn 0.1913 -0.9239 0.3314
vn 0.0000 -0.9239 0.3827
vn -0.1913 -0.9239 0.3314
vn -0.3314 -0.9239 0.1913
vn -0.3827 -0.9239 0.0000
vn -0.3314 -0.9239 -0.1913
vn -0.1913 -0.9239 -0.3314
vn -0.0000 -0.9239 -0.3827
vn 0.1913 -0.9239 -0.3314
vn 0.3314 -0.9239 -0.1913
vn 0.0000 -1.0000 0.0000
vn 0.0000 -1.0000 0.0000
vn 0.0000 -1.0000 0.0000
vn 0.0000 -1.0000 0.0000
vn -0.0000 -1.0000 0.0000
vn -0.0000 -1.0000 0.0000
vn -0.0000 -1.0000 0.0000
vn -0.0000 -1.0000 -0.0000
vn -0.0000 -1.0000 -0.0000
vn -0.0000 -1.0000 -0.0000
vn 0.0000 -1.0000 -0.0000
vn 0.0000 -1.0000 -0.0000
vn 0.0000 1.0000 0.0000
vn 0.0000 1.0000 0.0000
vn 0.0000 1.0000 0.0000
vn -0.0000 1.0000 0.0000
vn -0.0000 1.0000 0.0000
vn -0.0000 1.0000 0.0000
vn -0.0000 1.0000 -0.0000
vn -0.0000 1.0000 -0.0000
vn 0.0000 1.0000 -0.0000
vn 0.0000 1.0000 -0.0000
vn 0.5000 0.8660 0.0000
vn 0.4045 0.8660 0.2939
vn 0.1545 0.8660 0.4755
vn -0.1545 0.8660 0.4755
vn -0.4045 0.8660 0.2939
vn -0.5000 0.8660 0.0000
vn -0.4045 0.8660 -0.2939
vn -0.1545 0.8660 -0.4755
vn 0.1545 0.8660 -0.4755
vn 0.4045 0.8660 -0.2939
vn 0.8660 0.5000 0.0000
vn 0.7006 0.5000 0.5090
vn 0.2676 0.5000 0.8236
vn -0.2676 0.5000 0.8236
vn -0.7006 0.5000 0.5090
vn -0.8660 0.5000 0.0000
vn -0.7006 0.5000 -0.5090
vn -0.2676 0.5000 -0.8236
vn 0.2676 0.5000 -0.8236
vn 0.7006 0.5000 -0.5090
vn 1.0000 0.0000 0.0000
vn 0.8090 0.0000 0.5878
vn 0.3090 0.0000 0.9511
vn -0.3090 0.0000 0.9511
vn -0.8090 0.0000 0.5878
vn -1.0000 0.0000 0.0000
vn -0.8090 0.0000 -0.5878
vn -0.3090 0.0000 -0.9511
vn 0.3090 0.0000 -0.9511
vn 0.8090 0.0000 -0.5878
vn 0.8660 -0.5000 0.0000
vn 0.7006 -0.5000 0.5090
vn 0.2676 -0.5000 0.8236
vn -0.2676 -0.5000 0.8236
vn -0.7006 -0.5000 0.5090
vn -0.8660 -0.5000 0.0000
vn -0.7006 -0.5000 -0.5090
vn -0.2676 -0.5000 -0.8236
vn 0.2676 -0.5000 -0.8236
vn 0.7006 -0.5000 -0.5090
vn 0.5000 -0.8660 0.0000
vn 0.4045 -0.8660 0.2939
vn 0.1545 -0.8660 0.4755
vn -0.1545 -0.8660 0.4755
vn -0.4045 -0.8660 0.2939
vn -0.5000 -0.8660 0.0000
vn -0.4045 -0.8660 -0.2939
vn -0.1545 -0.8660 -0.4755
vn 0.1545 -0.8660 -0.4755
vn 0.4045 -0.8660 -0.2939
vn 0.0000 -1.0000 0.0000
vn 0.0000 -1.0000 0.0000
vn 0.0000 -1.0000 0.0000
vn -0.0000 -1.0000 0.0000
vn -0.0000 -1.0000 0.0000
vn -0.0000 -1.0000 0.0000
vn -0.0000 -1.0000 -0.0000
vn -0.0000 -1.0000 -0.0000
vn 0.0000 -1.0000 -0.0000
vn 0.0000 -1.0000 -0.0000
vn 0.0000 0.0000 1.0000
vn 0.0000 0.0000 -1.0000
vn 0.0000 1.0000 0.0000
vn 0.0000 -1.0000 0.0000
vn 1.0000 0.0000 0.0000
vn -1.0000 0.0000 0.0000
vn 0.0000 1.0000 0.0000
vn 0.0000 1.0000 0.0000
vn 0.0000 1.0000 0.0000
vn 0.0000 1.0000 0.0000
vn -0.0000 1.0000 0.0000
vn -0.0000 1.0000 0.0000
vn -0.0000 1.0000 0.0000
vn -0.0000 1.0000 -0.0000
vn -0.0000 1.0000 -0.0000
vn -0.0000 1.0000 -0.0000
vn 0.0000 1.0000 -0.0000
vn 0.0000 1.0000 -0.0000
vn 0.3827 0.9239 0.0000
vn 0.3314 0.9239 0.1913
vn 0.1913 0.9239 0.3314
vn 0.0000 0.9239 0.3827
vn -0.1913 0.9239 0.3314
vn -0.3314 0.9239 0.1913
vn -0.3827 0.9239 0.0000
vn -0.3314 0.9239 -0.1913
vn -0.1913 0.9239 -0.3314
vn -0.0000 0.9239 -0.3827
vn 0.1913 0.9239 -0.3314
vn 0.3314 0.9239 -0.1913
vn 0.7071 0.7071 0.0000
vn 0.6124 0.7071 0.3536
vn 0.3536 0.7071 0.6124
vn 0.0000 0.7071 0.7071
vn -0.3536 0.7071 0.6124
vn -0.6124 0.7071 0.3536
vn -0.7071 0.7071 0.0000
vn -0.6124 0.7071 -0.3536
vn -0.3536 0.7071 -0.6124
vn -0.0000 0.7071 -0.7071
vn 0.3536 0.7071 -0.6124
vn 0.6124 0.7071 -0.3536
vn 0.9239 0.3827 0.0000
vn 0.8001 0.3827 0.4619
vn 0.4619 0.3827 0.8001
vn 0.0000 0.3827 0.9239
vn -0.4619 0.3827 0.8001
vn -0.8001 0.3827 0.4619
vn -0.9239 0.3827 0.0000
vn -0.8001 0.3827 -0.4619
vn -0.4619 0.3827 -0.8001
vn -0.0000 0.3827 -0.9239
vn 0.4619 0.3827 -0.8001
vn 0.8001 0.3827 -0.4619
vn 1.0000 0.0000 0.0000
vn 0.8660 0.0000 0.5000
vn 0.5000 0.0000 0.8660
vn 0.0000 0.0000 1.0000
vn -0.5000 0.0000 0.8660
vn -0.8660 0.0000 0.5000
vn -1.0000 0.0000 0.0000
vn -0.8660 0.0000 -0.5000
vn -0.5000 0.0000 -0.8660
vn -0.0000 0.0000 -1.0000
vn 0.5000 0.0000 -0.8660
vn 0.8660 0.0000 -0.5000
vn 0.9239 -0.3827 0.0000
vn 0.8001 -0.3827 0.4619
vn 0.4619 -0.3827 0.8001
vn 0.0000 -0.3827 0.9239
vn -0.4619 -0.3827 0.8001
vn -0.8001 -0.3827 0.4619
vn -0.9239 -0.3827 0.0000
vn -0.8001 -0.3827 -0.4619
vn -0.4619 -0.3827 -0.8001
vn -0.0000 -0.3827 -0.9239
vn 0.4619 -0.3827 -0.8001
vn 0.8001 -0.3827 -0.4619
vn 0.7071 -0.7071 0.0000
vn 0.6124 -0.7071 0.3536
vn 0.3536 -0.7071 0.6124
vn 0.0000 -0.7071 0.7071
vn -0.3536 -0.7071 0.6124
vn -0.6124 -0.7071 0.3536
vn -0.7071 -0.7071 0.0000
vn -0.6124 -0.7071 -0.3536
vn -0.3536 -0.7071 -0.6124
vn -0.0000 -0.7071 -0.7071
vn 0.3536 -0.7071 -0.6124
vn 0.6124 -0.7071 -0.3536
vn 0.3827 -0.9239 0.0000
vn 0.3314 -0.9239 0.1913
vn 0.1913 -0.9239 0.3314
vn 0.0000 -0.9239 0.3827
vn -0.1913 -0.9239 0.3314
vn -0.3314 -0.9239 0.1913
vn -0.3827 -0.9239 0.0000
vn -0.3314 -0.9239 -0.1913
vn -0.1913 -0.9239 -0.3314
vn -0.0000 -0.9239 -0.3827
vn 0.1913 -0.9239 -0.3314
vn 0.3314 -0.9239 -0.1913
vn 0.0000 -1.0000 0.0000
vn 0.0000 -1.0000 0.0000
vn 0.0000 -1.0000 0.0000
vn 0.0000 -1.0000 0.0000
vn -0.0000 -1.0000 0.0000
vn -0.0000 -1.0000 0.0000
vn -0.0000 -1.0000 0.0000
vn -0.0000 -1.0000 -0.0000
vn -0.0000 -1.0000 -0.0000
vn -0.0000 -1.0000 -0.0000
vn 0.0000 -1.0000 -0.0000
vn 0.0000 -1.0000 -0.0000
vn 0.0000 1.0000 0.0000
vn 0.0000 1.0000 0.0000
vn 0.0000 1.0000 0.0000
vn 0.0000 1.0000 0.0000
vn -0.0000 1.0000 0.0000
vn -0.0000 1.0000 0.0000
vn -0.0000 1.0000 0.0000
vn -0.0000 1.0000 -0.0000
vn -0.0000 1.0000 -0.0000
vn -0.0000 1.0000 -0.0000
vn 0.0000 1.0000 -0.0000
vn 0.0000 1.0000 -0.0000
vn 0.3827 0.9239 0.0000
vn 0.3314 0.9239 0.1913
vn 0.1913 0.9239 0.3314
vn 0.0000 0.9239 0.3827
vn -0.1913 0.9239 0.3314
vn -0.3314 0.9239 0.1913
vn -0.3827 0.9239 0.0000
vn -0.3314 0.9239 -0.1913
vn -0.1913 0.9239 -0.3314
vn -0.0000 0.9239 -0.3827
vn 0.1913 0.9239 -0.3314
vn 0.3314 0.9239 -0.1913
vn 0.7071 0.7071 0.0000
vn 0.6124 0.7071 0.3536
vn 0.3536 0.7071 0.6124
vn 0.0000 0.7071 0.7071
vn -0.3536 0.7071 0.6124
vn -0.6124 0.7071 0.3536
vn -0.7071 0.7071 0.0000
vn -0.6124 0.7071 -0.3536
vn -0.3536 0.7071 -0.6124
vn -0.0000 0.7071 -0.7071
vn 0.3536 0.7071 -0.6124
vn 0.6124 0.7071 -0.3536
vn 0.9239 0.3827 0.0000
vn 0.8001 0.3827 0.4619
vn 0.4619 0.3827 0.8001
vn 0.0000 0.3827 0.9239
vn -0.4619 0.3827 0.8001
vn -0.8001 0.3827 0.4619
vn -0.9239 0.3827 0.0000
vn -0.8001 0.3827 -0.4619
vn -0.4619 0.3827 -0.8001
vn -0.0000 0.3827 -0.9239
vn 0.4619 0.3827 -0.8001
vn 0.8001 0.3827 -0.4619
vn 1.0000 0.0000 0.0000
vn 0.8660 0.0000 0.5000
vn 0.5000 0.0000 0.8660
vn 0.0000 0.0000 1.0000
vn -0.5000 0.0000 0.8660
vn -0.8660 0.0000 0.5000
vn -1.0000 0.0000 0.0000
vn -0.8660 0.0000 -0.5000
vn -0.5000 0.0000 -0.8660
vn -0.0000 0.0000 -1.0000
vn 0.5000 0.0000 -0.8660
vn 0.8660 0.0000 -0.5000
vn 0.9239 -0.3827 0.0000
vn 0.8001 -0.3827 0.4619
vn 0.4619 -0.3827 0.8001
vn 0.0000 -0.3827 0.9239
vn -0.4619 -0.3827 0.8001
vn -0.8001 -0.3827 0.4619
vn -0.9239 -0.3827 0.0000
vn -0.8001 -0.3827 -0.4619
vn -0.4619 -0.3827 -0.8001
vn -0.0000 -0.3827 -0.9239
vn 0.4619 -0.3827 -0.8001
vn 0.8001 -0.3827 -0.4619
vn 0.7071 -0.7071 0.0000
vn 0.6124 -0.7071 0.3536
vn 0.3536 -0.7071 0.6124
vn 0.0000 -0.7071 0.7071
vn -0.3536 -0.7071 0.6124
vn -0.6124 -0.7071 0.3536
vn -0.7071 -0.7071 0.0000
vn -0.6124 -0.7071 -0.3536
vn -0.3536 -0.7071 -0.6124
vn -0.0000 -0.7071 -0.7071
vn 0.3536 -0.7071 -0.6124
vn 0.6124 -0.7071 -0.3536
vn 0.3827 -0.9239 0.0000
vn 0.3314 -0.9239 0.1913
vn 0.1913 -0.9239 0.3314
vn 0.0000 -0.9239 0.3827
vn -0.1913 -0.9239 0.3314
vn -0.3314 -0.9239 0.1913
vn -0.3827 -0.9239 0.0000
vn -0.3314 -0.9239 -0.1913
vn -0.1913 -0.9239 -0.3314
vn -0.0000 -0.9239 -0.3827
vn 0.1913 -0.9239 -0.3314
vn 0.3314 -0.9239 -0.1913
vn 0.0000 -1.0000 0.0000
vn 0.0000 -1.0000 0.0000
vn 0.0000 -1.0000 0.0000
vn 0.0000 -1.0000 0.0000
vn -0.0000 -1.0000 0.0000
vn -0.0000 -1.0000 0.0000
vn -0.0000 -1.0000 0.0000
vn -0.0000 -1.0000 -0.0000
vn -0.0000 -1.0000 -0.0000
vn -0.0000 -1.0000 -0.0000
vn 0.0000 -1.0000 -0.0000
vn 0.0000 -1.0000 -0.0000
vn 0.0000 1.0000 0.0000
vn 0.0000 1.0000 0.0000
vn 0.0000 1.0000 0.0000
vn -0.0000 1.0000 0.0000
vn -0.0000 1.0000 0.0000
vn -0.0000 1.0000 0.0000
vn -0.0000 1.0000 -0.0000
vn -0.0000 1.0000 -0.0000
vn 0.0000 1.0000 -0.0000
vn 0.0000 1.0000 -0.0000
vn 0.5000 0.8660 0.0000
vn 0.4045 0.8660 0.2939
vn 0.1545 0.8660 0.4755
vn -0.1545 0.8660 0.4755
vn -0.4045 0.8660 0.2939
vn -0.5000 0.8660 0.0000
vn -0.4045 0.8660 -0.2939
vn -0.1545 0.8660 -0.4755
vn 0.1545 0.8660 -0.4755
vn 0.4045 0.8660 -0.2939
vn 0.8660 0.5000 0.0000
vn 0.7006 0.5000 0.5090
vn 0.2676 0.5000 0.8236
vn -0.2676 0.5000 0.8236
vn -0.7006 0.5000 0.5090
vn -0.8660 0.5000 0.0000
vn -0.7006 0.5000 -0.5090
vn -0.2676 0.5000 -0.8236
vn 0.2676 0.5000 -0.8236
vn 0.7006 0.5000 -0.5090
vn 1.0000 0.0000 0.0000
vn 0.8090 0.0000 0.5878
vn 0.3090 0.0000 0.9511
vn -0.3090 0.0000 0.9511
vn -0.8090 0.0000 0.5878
vn -1.0000 0.0000 0.0000
vn -0.8090 0.0000 -0.5878
vn -0.3090 0.0000 -0.9511
vn 0.3090 0.0000 -0.9511
vn 0.8090 0.0000 -0.5878
vn 0.8660 -0.5000 0.0000
vn 0.7006 -0.5000 0.5090
vn 0.2676 -0.5000 0.8236
vn -0.2676 -0.5000 0.8236
vn -0.7006 -0.5000 0.5090
vn -0.8660 -0.5000 0.0000
vn -0.7006 -0.5000 -0.5090
vn -0.2676 -0.5000 -0.8236
vn 0.2676 -0.5000 -0.8236
vn 0.7006 -0.5000 -0.5090
vn 0.5000 -0.8660 0.0000
vn 0.4045 -0.8660 0.2939
vn 0.1545 -0.8660 0.4755
vn -0.1545 -0.8660 0.4755
vn -0.4045 -0.8660 0.2939
vn -0.5000 -0.8660 0.0000
vn -0.4045 -0.8660 -0.2939
vn -0.1545 -0.8660 -0.4755
vn 0.1545 -0.8660 -0.4755
vn 0.4045 -0.8660 -0.2939
vn 0.0000 -1.0000 0.0000
vn 0.0000 -1.0000 0.0000
vn 0.0000 -1.0000 0.0000
vn -0.0000 -1.0000 0.0000
vn -0.0000 -1.0000 0.0000
vn -0.0000 -1.0000 0.0000
vn -0.0000 -1.0000 -0.0000
vn -0.0000 -1.0000 -0.0000
vn 0.0000 -1.0000 -0.0000
vn 0.0000 -1.0000 -0.0000
vn 0.0000 0.0000 1.0000
vn 0.0000 0.0000 -1.0000
vn 0.0000 1.0000 0.0000
vn 0.0000 -1.0000 0.0000
vn 1.0000 0.0000 0.0000
vn -1.0000 0.0000 0.0000
vn 0.0000 0.0000 1.0000
vn 0.0000 0.0000 -1.0000
vn 0.0000 1.0000 0.0000
vn 0.0000 -1.0000 0.0000
vn 1.0000 0.0000 0.0000
vn -1.0000 0.0000 0.0000
vn 0.0000 0.0000 1.0000
vn 0.0000 0.0000 -1.0000
vn 0.0000 1.0000 0.0000
vn 0.0000 -1.0000 0.0000
vn 1.0000 0.0000 0.0000
vn -1.0000 0.0000 0.0000
vn 0.0000 0.0000 1.0000
vn 0.0000 0.0000 -1.0000
vn 0.0000 1.0000 0.0000
vn 0.0000 -1.0000 0.0000
vn 1.0000 0.0000 0.0000
vn -1.0000 0.0000 0.0000
vn 0.0000 0.0000 1.0000
vn 0.0000 0.0000 -1.0000
vn 0.0000 1.0000 0.0000
vn 0.0000 -1.0000 0.0000
vn 1.0000 0.0000 0.0000
vn -1.0000 0.0000 0.0000
vn 0.0000 0.0000 1.0000
vn 0.0000 0.0000 -1.0000
vn 0.0000 1.0000 0.0000
vn 0.0000 -1.0000 0.0000
vn 1.0000 0.0000 0.0000
vn -1.0000 0.0000 0.0000
vn 0.0000 0.0000 1.0000
vn 0.0000 0.0000 -1.0000
vn 0.0000 1.0000 0.0000
vn 0.0000 -1.0000 0.0000
vn 1.0000 0.0000 0.0000
vn -1.0000 0.0000 0.0000
vn 0.0000 0.0000 1.0000
vn 0.0000 0.0000 -1.0000
vn 0.0000 1.0000 0.0000
vn 0.0000 -1.0000 0.0000
vn 1.0000 0.0000 0.0000
vn -1.0000 0.0000 0.0000
vn 0.0000 0.0000 1.0000
vn 0.0000 0.0000 -1.0000
vn 0.0000 1.0000 0.0000
vn 0.0000 -1.0000 0.0000
vn 1.0000 0.0000 0.0000
vn -1.0000 0.0000 0.0000
vn 0.0000 0.0000 1.0000
vn 0.0000 0.0000 -1.0000
vn 0.0000 1.0000 0.0000
vn 0.0000 -1.0000 0.0000
vn 1.0000 0.0000 0.0000
vn -1.0000 0.0000 0.0000
vn 0.0000 0.0000 1.0000
vn 0.0000 0.0000 -1.0000
vn 0.0000 1.0000 0.0000
vn 0.0000 -1.0000 0.0000
vn 1.0000 0.0000 0.0000
vn -1.0000 0.0000 0.0000
vn 0.0000 0.0000 1.0000
vn 0.0000 0.0000 -1.0000
vn 0.0000 1.0000 0.0000
vn 0.0000 -1.0000 0.0000
vn 1.0000 0.0000 0.0000
vn -1.0000 0.0000 0.0000
vn 0.0000 0.0000 1.0000
vn 0.0000 0.0000 -1.0000
vn 0.0000 1.0000 0.0000
vn 0.0000 -1.0000 0.0000
vn 1.0000 0.0000 0.0000
vn -1.0000 0.0000 0.0000
vn 0.0000 0.0000 1.0000
vn 0.0000 0.0000 -1.0000
vn 0.0000 1.0000 0.0000
vn 0.0000 -1.0000 0.0000
vn 1.0000 0.0000 0.0000
vn -1.0000 0.0000 0.0000
vn 0.0000 0.0000 1.0000
vn 0.0000 0.0000 -1.0000
vn 0.0000 1.0000 0.0000
vn 0.0000 -1.0000 0.0000
vn 1.0000 0.0000 0.0000
vn -1.0000 0.0000 0.0000
vn 0.0000 0.0000 1.0000
vn 0.0000 0.0000 -1.0000
vn 0.0000 1.0000 0.0000
vn 0.0000 -1.0000 0.0000
vn 1.0000 0.0000 0.0000
vn -1.0000 0.0000 0.0000
vn 0.0000 0.0000 1.0000
vn 0.0000 0.0000 -1.0000
vn 0.0000 1.0000 0.0000
vn 0.0000 -1.0000 0.0000
vn 1.0000 0.0000 0.0000
vn -1.0000 0.0000 0.0000
vn 0.0000 0.0000 1.0000
vn 0.0000 0.0000 -1.0000
vn 0.0000 1.0000 0.0000
vn 0.0000 -1.0000 0.0000
vn 1.0000 0.0000 0.0000
vn -1.0000 0.0000 0.0000
vn 0.0000 0.0000 1.0000
vn 0.0000 0.0000 -1.0000
vn 0.0000 1.0000 0.0000
vn 0.0000 -1.0000 0.0000
vn 1.0000 0.0000 0.0000
vn -1.0000 0.0000 0.0000
vn 0.0000 0.0000 1.0000
vn 0.0000 0.0000 -1.0000
vn 0.0000 1.0000 0.0000
vn 0.0000 -1.0000 0.0000
vn 1.0000 0.0000 0.0000
vn -1.0000 0.0000 0.0000
vn 0.0000 0.0000 1.0000
vn 0.0000 0.0000 -1.0000
vn 0.0000 1.0000 0.0000
vn 0.0000 -1.0000 0.0000
vn 1.0000 0.0000 0.0000
vn -1.0000 0.0000 0.0000
vn 0.0000 0.0000 1.0000
vn 0.0000 0.0000 -1.0000
vn 0.0000 1.0000 0.0000
vn 0.0000 -1.0000 0.0000
vn 1.0000 0.0000 0.0000
vn -1.0000 0.0000 0.0000
vn 0.0000 0.0000 1.0000
vn 0.0000 0.0000 -1.0000
vn 0.0000 1.0000 0.0000
vn 0.0000 -1.0000 0.0000
vn 1.0000 0.0000 0.0000
vn -1.0000 0.0000 0.0000
vn 0.0000 0.0000 1.0000
vn 0.0000 0.0000 -1.0000
vn 0.0000 1.0000 0.0000
vn 0.0000 -1.0000 0.0000
vn 1.0000 0.0000 0.0000
vn -1.0000 0.0000 0.0000
vn 0.0000 0.0000 1.0000
vn 0.0000 0.0000 -1.0000
vn 0.0000 1.0000 0.0000
vn 0.0000 -1.0000 0.0000
vn 1.0000 0.0000 0.0000
vn -1.0000 0.0000 0.0000
vn 0.0000 1.0000 0.0000
vn 0.0000 1.0000 0.0000
vn 0.0000 1.0000 0.0000
vn -0.0000 1.0000 0.0000
vn -0.0000 1.0000 0.0000
vn -0.0000 1.0000 0.0000
vn -0.0000 1.0000 -0.0000
vn -0.0000 1.0000 -0.0000
vn 0.0000 1.0000 -0.0000
vn 0.0000 1.0000 -0.0000
vn 0.5000 0.8660 0.0000
vn 0.4045 0.8660 0.2939
vn 0.1545 0.8660 0.4755
vn -0.1545 0.8660 0.4755
vn -0.4045 0.8660 0.2939
vn -0.5000 0.8660 0.0000
vn -0.4045 0.8660 -0.2939
vn -0.1545 0.8660 -0.4755
vn 0.1545 0.8660 -0.4755
vn 0.4045 0.8660 -0.2939
vn 0.8660 0.5000 0.0000
vn 0.7006 0.5000 0.5090
vn 0.2676 0.5000 0.8236
vn -0.2676 0.5000 0.8236
vn -0.7006 0.5000 0.5090
vn -0.8660 0.5000 0.0000
vn -0.7006 0.5000 -0.5090
vn -0.2676 0.5000 -0.8236
vn 0.2676 0.5000 -0.8236
vn 0.7006 0.5000 -0.5090
vn 1.0000 0.0000 0.0000
vn 0.8090 0.0000 0.5878
vn 0.3090 0.0000 0.9511
vn -0.3090 0.0000 0.9511
vn -0.8090 0.0000 0.5878
vn -1.0000 0.0000 0.0000
vn -0.8090 0.0000 -0.5878
vn -0.3090 0.0000 -0.9511
vn 0.3090 0.0000 -0.9511
vn 0.8090 0.0000 -0.5878
vn 0.8660 -0.5000 0.0000
vn 0.7006 -0.5000 0.5090
vn 0.2676 -0.5000 0.8236
vn -0.2676 -0.5000 0.8236
vn -0.7006 -0.5000 0.5090
vn -0.8660 -0.5000 0.0000
vn -0.7006 -0.5000 -0.5090
vn -0.2676 -0.5000 -0.8236
vn 0.2676 -0.5000 -0.8236
vn 0.7006 -0.5000 -0.5090
vn 0.5000 -0.8660 0.0000
vn 0.4045 -0.8660 0.2939
vn 0.1545 -0.8660 0.4755
vn -0.1545 -0.8660 0.4755
vn -0.4045 -0.8660 0.2939
vn -0.5000 -0.8660 0.0000
vn -0.4045 -0.8660 -0.2939
vn -0.1545 -0.8660 -0.4755
vn 0.1545 -0.8660 -0.4755
vn 0.4045 -0.8660 -0.2939
vn 0.0000 -1.0000 0.0000
vn 0.0000 -1.0000 0.0000
vn 0.0000 -1.0000 0.0000
vn -0.0000 -1.0000 0.0000
vn -0.0000 -1.0000 0.0000
vn -0.0000 -1.0000 0.0000
vn -0.0000 -1.0000 -0.0000
vn -0.0000 -1.0000 -0.0000
vn 0.0000 -1.0000 -0.0000
vn 0.0000 -1.0000 -0.0000
vn 0.0000 1.0000 0.0000
vn 0.0000 1.0000 0.0000
vn 0.0000 1.0000 0.0000
vn -0.0000 1.0000 0.0000
vn -0.0000 1.0000 0.0000
vn -0.0000 1.0000 0.0000
vn -0.0000 1.0000 -0.0000
vn -0.0000 1.0000 -0.0000
vn 0.0000 1.0000 -0.0000
vn 0.0000 1.0000 -0.0000
vn 0.5000 0.8660 0.0000
vn 0.4045 0.8660 0.2939
vn 0.1545 0.8660 0.4755
vn -0.1545 0.8660 0.4755
vn -0.4045 0.8660 0.2939
vn -0.5000 0.8660 0.0000
vn -0.4045 0.8660 -0.2939
vn -0.1545 0.8660 -0.4755
vn 0.1545 0.8660 -0.4755
vn 0.4045 0.8660 -0.2939
vn 0.8660 0.5000 0.0000
vn 0.7006 0.5000 0.5090
vn 0.2676 0.5000 0.8236
vn -0.2676 0.5000 0.8236
vn -0.7006 0.5000 0.5090
vn -0.8660 0.5000 0.0000
vn -0.7006 0.5000 -0.5090
vn -0.2676 0.5000 -0.8236
vn 0.2676 0.5000 -0.8236
vn 0.7006 0.5000 -0.5090
vn 1.0000 0.0000 0.0000
vn 0.8090 0.0000 0.5878
vn 0.3090 0.0000 0.9511
vn -0.3090 0.0000 0.9511
vn -0.8090 0.0000 0.5878
vn -1.0000 0.0000 0.0000
vn -0.8090 0.0000 -0.5878
vn -0.3090 0.0000 -0.9511
vn 0.3090 0.0000 -0.9511
vn 0.8090 0.0000 -0.5878
vn 0.8660 -0.5000 0.0000
vn 0.7006 -0.5000 0.5090
vn 0.2676 -0.5000 0.8236
vn -0.2676 -0.5000 0.8236
vn -0.7006 -0.5000 0.5090
vn -0.8660 -0.5000 0.0000
vn -0.7006 -0.5000 -0.5090
vn -0.2676 -0.5000 -0.8236
vn 0.2676 -0.5000 -0.8236
vn 0.7006 -0.5000 -0.5090
vn 0.5000 -0.8660 0.0000
vn 0.4045 -0.8660 0.2939
vn 0.1545 -0.8660 0.4755
vn -0.1545 -0.8660 0.4755
vn -0.4045 -0.8660 0.2939
vn -0.5000 -0.8660 0.0000
vn -0.4045 -0.8660 -0.2939
vn -0.1545 -0.8660 -0.4755
vn 0.1545 -0.8660 -0.4755
vn 0.4045 -0.8660 -0.2939
vn 0.0000 -1.0000 0.0000
vn 0.0000 -1.0000 0.0000
vn 0.0000 -1.0000 0.0000
vn -0.0000 -1.0000 0.0000
vn -0.0000 -1.0000 0.0000
vn -0.0000 -1.0000 0.0000
vn -0.0000 -1.0000 -0.0000
vn -0.0000 -1.0000 -0.0000
vn 0.0000 -1.0000 -0.0000
vn 0.0000 -1.0000 -0.0000
vn 0.0000 1.0000 0.0000
vn 0.0000 1.0000 0.0000
vn 0.0000 1.0000 0.0000
vn -0.0000 1.0000 0.0000
vn -0.0000 1.0000 0.0000
vn -0.0000 1.0000 0.0000
vn -0.0000 1.0000 -0.0000
vn -0.0000 1.0000 -0.0000
vn 0.0000 1.0000 -0.0000
vn 0.0000 1.0000 -0.0000
vn 0.5000 0.8660 0.0000
vn 0.4045 0.8660 0.2939
vn 0.1545 0.8660 0.4755
vn -0.1545 0.8660 0.4755
vn -0.4045 0.8660 0.2939
vn -0.5000 0.8660 0.0000
vn -0.4045 0.8660 -0.2939
vn -0.1545 0.8660 -0.4755
vn 0.1545 0.8660 -0.4755
vn 0.4045 0.8660 -0.2939
vn 0.8660 0.5000 0.0000
vn 0.7006 0.5000 0.5090
vn 0.2676 0.5000 0.8236
vn -0.2676 0.5000 0.8236
vn -0.7006 0.5000 0.5090
vn -0.8660 0.5000 0.0000
vn -0.7006 0.5000 -0.5090
vn -0.2676 0.5000 -0.8236
vn 0.2676 0.5000 -0.8236
vn 0.7006 0.5000 -0.5090
vn 1.0000 0.0000 0.0000
vn 0.8090 0.0000 0.5878
vn 0.3090 0.0000 0.9511
vn -0.3090 0.0000 0.9511
vn -0.8090 0.0000 0.5878
vn -1.0000 0.0000 0.0000
vn -0.8090 0.0000 -0.5878
vn -0.3090 0.0000 -0.9511
vn 0.3090 0.0000 -0.9511
vn 0.8090 0.0000 -0.5878
vn 0.8660 -0.5000 0.0000
vn 0.7006 -0.5000 0.5090
vn 0.2676 -0.5000 0.8236
vn -0.2676 -0.5000 0.8236
vn -0.7006 -0.5000 0.5090
vn -0.8660 -0.5000 0.0000
vn -0.7006 -0.5000 -0.5090
vn -0.2676 -0.5000 -0.8236
vn 0.2676 -0.5000 -0.8236
vn 0.7006 -0.5000 -0.5090
vn 0.5000 -0.8660 0.0000
vn 0.4045 -0.8660 0.2939
vn 0.1545 -0.8660 0.4755
vn -0.1545 -0.8660 0.4755
vn -0.4045 -0.8660 0.2939
vn -0.5000 -0.8660 0.0000
vn -0.4045 -0.8660 -0.2939
vn -0.1545 -0.8660 -0.4755
vn 0.1545 -0.8660 -0.4755
vn 0.4045 -0.8660 -0.2939
vn 0.0000 -1.0000 0.0000
vn 0.0000 -1.0000 0.0000
vn 0.0000 -1.0000 0.0000
vn -0.0000 -1.0000 0.0000
vn -0.0000 -1.0000 0.0000
vn -0.0000 -1.0000 0.0000
vn -0.0000 -1.0000 -0.0000
vn -0.0000 -1.0000 -0.0000
vn 0.0000 -1.0000 -0.0000
vn 0.0000 -1.0000 -0.0000
vn 0.0000 1.0000 0.0000
vn 0.0000 1.0000 0.0000
vn 0.0000 1.0000 0.0000
vn 0.0000 1.0000 0.0000
vn -0.0000 1.0000 0.0000
vn -0.0000 1.0000 0.0000
vn -0.0000 1.0000 0.0000
vn -0.0000 1.0000 -0.0000
vn -0.0000 1.0000 -0.0000
vn -0.0000 1.0000 -0.0000
vn 0.0000 1.0000 -0.0000
vn 0.0000 1.0000 -0.0000
vn 0.3827 0.9239 0.0000
vn 0.3314 0.9239 0.1913
vn 0.1913 0.9239 0.3314
vn 0.0000 0.9239 0.3827
vn -0.1913 0.9239 0.3314
vn -0.3314 0.9239 0.1913
vn -0.3827 0.9239 0.0000
vn -0.3314 0.9239 -0.1913
vn -0.1913 0.9239 -0.3314
vn -0.0000 0.9239 -0.3827
vn 0.1913 0.9239 -0.3314
vn 0.3314 0.9239 -0.1913
vn 0.7071 0.7071 0.0000
vn 0.6124 0.7071 0.3536
vn 0.3536 0.7071 0.6124
vn 0.0000 0.7071 0.7071
vn -0.3536 0.7071 0.6124
vn -0.6124 0.7071 0.3536
vn -0.7071 0.7071 0.0000
vn -0.6124 0.7071 -0.3536
vn -0.3536 0.7071 -0.6124
vn -0.0000 0.7071 -0.7071
vn 0.3536 0.7071 -0.6124
vn 0.6124 0.7071 -0.3536
vn 0.9239 0.3827 0.0000
vn 0.8001 0.3827 0.4619
vn 0.4619 0.3827 0.8001
vn 0.0000 0.3827 0.9239
vn -0.4619 0.3827 0.8001
vn -0.8001 0.3827 0.4619
vn -0.9239 0.3827 0.0000
vn -0.8001 0.3827 -0.4619
vn -0.4619 0.3827 -0.8001
vn -0.0000 0.3827 -0.9239
vn 0.4619 0.3827 -0.8001
vn 0.8001 0.3827 -0.4619
vn 1.0000 0.0000 0.0000
vn 0.8660 0.0000 0.5000
vn 0.5000 0.0000 0.8660
vn 0.0000 0.0000 1.0000
vn -0.5000 0.0000 0.8660
vn -0.8660 0.0000 0.5000
vn -1.0000 0.0000 0.0000
vn -0.8660 0.0000 -0.5000
vn -0.5000 0.0000 -0.8660
vn -0.0000 0.0000 -1.0000
vn 0.5000 0.0000 -0.8660
vn 0.8660 0.0000 -0.5000
vn 0.9239 -0.3827 0.0000
vn 0.8001 -0.3827 0.4619
vn 0.4619 -0.3827 0.8001
vn 0.0000 -0.3827 0.9239
vn -0.4619 -0.3827 0.8001
vn -0.8001 -0.3827 0.4619
vn -0.9239 -0.3827 0.0000
vn -0.8001 -0.3827 -0.4619
vn -0.4619 -0.3827 -0.8001
vn -0.0000 -0.3827 -0.9239
vn 0.4619 -0.3827 -0.8001
vn 0.8001 -0.3827 -0.4619
vn 0.7071 -0.7071 0.0000
vn 0.6124 -0.7071 0.3536
vn 0.3536 -0.7071 0.6124
vn 0.0000 -0.7071 0.7071
vn -0.3536 -0.7071 0.6124
vn -0.6124 -0.7071 0.3536
vn -0.7071 -0.7071 0.0000
vn -0.6124 -0.7071 -0.3536
vn -0.3536 -0.7071 -0.6124
vn -0.0000 -0.7071 -0.7071
vn 0.3536 -0.7071 -0.6124
vn 0.6124 -0.7071 -0.3536
vn 0.3827 -0.9239 0.0000
vn 0.3314 -0.9239 0.1913
vn 0.1913 -0.9239 0.3314
vn 0.0000 -0.9239 0.3827
vn -0.1913 -0.9239 0.3314
vn -0.3314 -0.9239 0.1913
vn -0.3827 -0.9239 0.0000
vn -0.3314 -0.9239 -0.1913
vn -0.1913 -0.9239 -0.3314
vn -0.0000 -0.9239 -0.3827
vn 0.1913 -0.9239 -0.3314
vn 0.3314 -0.9239 -0.1913
vn 0.0000 -1.0000 0.0000
vn 0.0000 -1.0000 0.0000
vn 0.0000 -1.0000 0.0000
vn 0.0000 -1.0000 0.0000
vn -0.0000 -1.0000 0.0000
vn -0.0000 -1.0000 0.0000
vn -0.0000 -1.0000 0.0000
vn -0.0000 -1.0000 -0.0000
vn -0.0000 -1.0000 -0.0000
vn -0.0000 -1.0000 -0.0000
vn 0.0000 -1.0000 -0.0000
vn 0.0000 -1.0000 -0.0000
vn 0.0000 1.0000 0.0000
vn 0.0000 1.0000 0.0000
vn 0.0000 1.0000 0.0000
vn 0.0000 1.0000 0.0000
vn -0.0000 1.0000 0.0000
vn -0.0000 1.0000 0.0000
vn -0.0000 1.0000 0.0000
vn -0.0000 1.0000 -0.0000
vn -0.0000 1.0000 -0.0000
vn -0.0000 1.0000 -0.0000
vn 0.0000 1.0000 -0.0000
vn 0.0000 1.0000 -0.0000
vn 0.3827 0.9239 0.0000
vn 0.3314 0.9239 0.1913
vn 0.1913 0.9239 0.3314
vn 0.0000 0.9239 0.3827
vn -0.1913 0.9239 0.3314
vn -0.3314 0.9239 0.1913
vn -0.3827 0.9239 0.0000
vn -0.3314 0.9239 -0.1913
vn -0.1913 0.9239 -0.3314
vn -0.0000 0.9239 -0.3827
vn 0.1913 0.9239 -0.3314
vn 0.3314 0.9239 -0.1913
vn 0.7071 0.7071 0.0000
vn 0.6124 0.7071 0.3536
vn 0.3536 0.7071 0.6124
vn 0.0000 0.7071 0.7071
vn -0.3536 0.7071 0.6124
vn -0.6124 0.7071 0.3536
vn -0.7071 0.7071 0.0000
vn -0.6124 0.7071 -0.3536
vn -0.3536 0.7071 -0.6124
vn -0.0000 0.7071 -0.7071
vn 0.3536 0.7071 -0.6124
vn 0.6124 0.7071 -0.3536
vn 0.9239 0.3827 0.0000
vn 0.8001 0.3827 0.4619
vn 0.4619 0.3827 0.8001
vn 0.0000 0.3827 0.9239
vn -0.4619 0.3827 0.8001
vn -0.8001 0.3827 0.4619
vn -0.9239 0.3827 0.0000
vn -0.8001 0.3827 -0.4619
vn -0.4619 0.3827 -0.8001
vn -0.0000 0.3827 -0.9239
vn 0.4619 0.3827 -0.8001
vn 0.8001 0.3827 -0.4619
vn 1.0000 0.0000 0.0000
vn 0.8660 0.0000 0.5000
vn 0.5000 0.0000 0.8660
vn 0.0000 0.0000 1.0000
vn -0.5000 0.0000 0.8660
vn -0.8660 0.0000 0.5000
vn -1.0000 0.0000 0.0000
vn -0.8660 0.0000 -0.5000
vn -0.5000 0.0000 -0.8660
vn -0.0000 0.0000 -1.0000
vn 0.5000 0.0000 -0.8660
vn 0.8660 0.0000 -0.5000
vn 0.9239 -0.3827 0.0000
vn 0.8001 -0.3827 0.4619
vn 0.4619 -0.3827 0.8001
vn 0.0000 -0.3827 0.9239
vn -0.4619 -0.3827 0.8001
vn -0.8001 -0.3827 0.4619
vn -0.9239 -0.3827 0.0000
vn -0.8001 -0.3827 -0.4619
vn -0.4619 -0.3827 -0.8001
vn -0.0000 -0.3827 -0.9239
vn 0.4619 -0.3827 -0.8001
vn 0.8001 -0.3827 -0.4619
vn 0.7071 -0.7071 0.0000
vn 0.6124 -0.7071 0.3536
vn 0.3536 -0.7071 0.6124
vn 0.0000 -0.7071 0.7071
vn -0.3536 -0.7071 0.6124
vn -0.6124 -0.7071 0.3536
vn -0.7071 -0.7071 0.0000
vn -0.6124 -0.7071 -0.3536
vn -0.3536 -0.7071 -0.6124
vn -0.0000 -0.7071 -0.7071
vn 0.3536 -0.7071 -0.6124
vn 0.6124 -0.7071 -0.3536
vn 0.3827 -0.9239 0.0000
vn 0.3314 -0.9239 0.1913
vn 0.1913 -0.9239 0.3314
vn 0.0000 -0.9239 0.3827
vn -0.1913 -0.9239 0.3314
vn -0.3314 -0.9239 0.1913
vn -0.3827 -0.9239 0.0000
vn -0.3314 -0.9239 -0.1913
vn -0.1913 -0.9239 -0.3314
vn -0.0000 -0.9239 -0.3827
vn 0.1913 -0.9239 -0.3314
vn 0.3314 -0.9239 -0.1913
vn 0.0000 -1.0000 0.0000
vn 0.0000 -1.0000 0.0000
vn 0.0000 -1.0000 0.0000
vn 0.0000 -1.0000 0.0000
vn -0.0000 -1.0000 0.0000
vn -0.0000 -1.0000 0.0000
vn -0.0000 -1.0000 0.0000
vn -0.0000 -1.0000 -0.0000
vn -0.0000 -1.0000 -0.0000
vn -0.0000 -1.0000 -0.0000
vn 0.0000 -1.0000 -0.0000
vn 0.0000 -1.0000 -0.0000
vn 0.0000 1.0000 0.0000
vn 0.0000 1.0000 0.0000
vn 0.0000 1.0000 0.0000
vn 0.0000 1.0000 0.0000
vn -0.0000 1.0000 0.0000
vn -0.0000 1.0000 0.0000
vn -0.0000 1.0000 0.0000
vn -0.0000 1.0000 -0.0000
vn -0.0000 1.0000 -0.0000
vn -0.0000 1.0000 -0.0000
vn 0.0000 1.0000 -0.0000
vn 0.0000 1.0000 -0.0000
vn 0.3827 0.9239 0.0000
vn 0.3314 0.9239 0.1913
vn 0.1913 0.9239 0.3314
vn 0.0000 0.9239 0.3827
vn -0.1913 0.9239 0.3314
vn -0.3314 0.9239 0.1913
vn -0.3827 0.9239 0.0000
vn -0.3314 0.9239 -0.1913
vn -0.1913 0.9239 -0.3314
vn -0.0000 0.9239 -0.3827
vn 0.1913 0.9239 -0.3314
vn 0.3314 0.9239 -0.1913
vn 0.7071 0.7071 0.0000
vn 0.6124 0.7071 0.3536
vn 0.3536 0.7071 0.6124
vn 0.0000 0.7071 0.7071
vn -0.3536 0.7071 0.6124
vn -0.6124 0.7071 0.3536
vn -0.7071 0.7071 0.0000
vn -0.6124 0.7071 -0.3536
vn -0.3536 0.7071 -0.6124
vn -0.0000 0.7071 -0.7071
vn 0.3536 0.7071 -0.6124
vn 0.6124 0.7071 -0.3536
vn 0.9239 0.3827 0.0000
vn 0.8001 0.3827 0.4619
vn 0.4619 0.3827 0.8001
vn 0.0000 0.3827 0.9239
vn -0.4619 0.3827 0.8001
vn -0.8001 0.3827 0.4619
vn -0.9239 0.3827 0.0000
vn -0.8001 0.3827 -0.4619
vn -0.4619 0.3827 -0.8001
vn -0.0000 0.3827 -0.9239
vn 0.4619 0.3827 -0.8001
vn 0.8001 0.3827 -0.4619
vn 1.0000 0.0000 0.0000
vn 0.8660 0.0000 0.5000
vn 0.5000 0.0000 0.8660
vn 0.0000 0.0000 1.0000
vn -0.5000 0.0000 0.8660
vn -0.8660 0.0000 0.5000
vn -1.0000 0.0000 0.0000
vn -0.8660 0.0000 -0.5000
vn -0.5000 0.0000 -0.8660
vn -0.0000 0.0000 -1.0000
vn 0.5000 0.0000 -0.8660
vn 0.8660 0.0000 -0.5000
vn 0.9239 -0.3827 0.0000
vn 0.8001 -0.3827 0.4619
vn 0.4619 -0.3827 0.8001
vn 0.0000 -0.3827 0.9239
vn -0.4619 -0.3827 0.8001
vn -0.8001 -0.3827 0.4619
vn -0.9239 -0.3827 0.0000
vn -0.8001 -0.3827 -0.4619
vn -0.4619 -0.3827 -0.8001
vn -0.0000 -0.3827 -0.9239
vn 0.4619 -0.3827 -0.8001
vn 0.8001 -0.3827 -0.4619
vn 0.7071 -0.7071 0.0000
vn 0.6124 -0.7071 0.3536
vn 0.3536 -0.7071 0.6124
vn 0.0000 -0.7071 0.7071
vn -0.3536 -0.7071 0.6124
vn -0.6124 -0.7071 0.3536
vn -0.7071 -0.7071 0.0000
vn -0.6124 -0.7071 -0.3536
vn -0.3536 -0.7071 -0.6124
vn -0.0000 -0.7071 -0.7071
vn 0.3536 -0.7071 -0.6124
vn 0.6124 -0.7071 -0.3536
vn 0.3827 -0.9239 0.0000
vn 0.3314 -0.9239 0.1913
vn 0.1913 -0.9239 0.3314
vn 0.0000 -0.9239 0.3827
vn -0.1913 -0.9239 0.3314
vn -0.3314 -0.9239 0.1913
vn -0.3827 -0.9239 0.0000
vn -0.3314 -0.9239 -0.1913
vn -0.1913 -0.9239 -0.3314
vn -0.0000 -0.9239 -0.3827
vn 0.1913 -0.9239 -0.3314
vn 0.3314 -0.9239 -0.1913
vn 0.0000 -1.0000 0.0000
vn 0.0000 -1.0000 0.0000
vn 0.0000 -1.0000 0.0000
vn 0.0000 -1.0000 0.0000
vn -0.0000 -1.0000 0.0000
vn -0.0000 -1.0000 0.0000
vn -0.0000 -1.0000 0.0000
vn -0.0000 -1.0000 -0.0000
vn -0.0000 -1.0000 -0.0000
vn -0.0000 -1.0000 -0.0000
vn 0.0000 -1.0000 -0.0000
vn 0.0000 -1.0000 -0.0000
vn 0.0000 1.0000 0.0000
vn 0.0000 1.0000 0.0000
vn 0.0000 1.0000 0.0000
vn -0.0000 1.0000 0.0000
vn -0.0000 1.0000 0.0000
vn -0.0000 1.0000 0.0000
vn -0.0000 1.0000 -0.0000
vn -0.0000 1.0000 -0.0000
vn 0.0000 1.0000 -0.0000
vn 0.0000 1.0000 -0.0000
vn 0.5000 0.8660 0.0000
vn 0.4045 0.8660 0.2939
vn 0.1545 0.8660 0.4755
vn -0.1545 0.8660 0.4755
vn -0.4045 0.8660 0.2939
vn -0.5000 0.8660 0.0000
vn -0.4045 0.8660 -0.2939
vn -0.1545 0.8660 -0.4755
vn 0.1545 0.8660 -0.4755
vn 0.4045 0.8660 -0.2939
vn 0.8660 0.5000 0.0000
vn 0.7006 0.5000 0.5090
vn 0.2676 0.5000 0.8236
vn -0.2676 0.5000 0.8236
vn -0.7006 0.5000 0.5090
vn -0.8660 0.5000 0.0000
vn -0.7006 0.5000 -0.5090
vn -0.2676 0.5000 -0.8236
vn 0.2676 0.5000 -0.8236
vn 0.7006 0.5000 -0.5090
vn 1.0000 0.0000 0.0000
vn 0.8090 0.0000 0.5878
vn 0.3090 0.0000 0.9511
vn -0.3090 0.0000 0.9511
vn -0.8090 0.0000 0.5878
vn -1.0000 0.0000 0.0000
vn -0.8090 0.0000 -0.5878
vn -0.3090 0.0000 -0.9511
vn 0.3090 0.0000 -0.9511
vn 0.8090 0.0000 -0.5878
vn 0.8660 -0.5000 0.0000
vn 0.7006 -0.5000 0.5090
vn 0.2676 -0.5000 0.8236
vn -0.2676 -0.5000 0.8236
vn -0.7006 -0.5000 0.5090
vn -0.8660 -0.5000 0.0000
vn -0.7006 -0.5000 -0.5090
vn -0.2676 -0.5000 -0.8236
vn 0.2676 -0.5000 -0.8236
vn 0.7006 -0.5000 -0.5090
vn 0.5000 -0.8660 0.0000
vn 0.4045 -0.8660 0.2939
vn 0.1545 -0.8660 0.4755
vn -0.1545 -0.8660 0.4755
vn -0.4045 -0.8660 0.2939
vn -0.5000 -0.8660 0.0000
vn -0.4045 -0.8660 -0.2939
vn -0.1545 -0.8660 -0.4755
vn 0.1545 -0.8660 -0.4755
vn 0.4045 -0.8660 -0.2939
vn 0.0000 -1.0000 0.0000
vn 0.0000 -1.0000 0.0000
vn 0.0000 -1.0000 0.0000
vn -0.0000 -1.0000 0.0000
vn -0.0000 -1.0000 0.0000
vn -0.0000 -1.0000 0.0000
vn -0.0000 -1.0000 -0.0000
vn -0.0000 -1.0000 -0.0000
vn 0.0000 -1.0000 -0.0000
vn 0.0000 -1.0000 -0.0000
vn 0.0000 1.0000 0.0000
vn 0.0000 1.0000 0.0000
vn 0.0000 1.0000 0.0000
vn -0.0000 1.0000 0.0000
vn -0.0000 1.0000 0.0000
vn -0.0000 1.0000 0.0000
vn -0.0000 1.0000 -0.0000
vn -0.0000 1.0000 -0.0000
vn 0.0000 1.0000 -0.0000
vn 0.0000 1.0000 -0.0000
vn 0.5000 0.8660 0.0000
vn 0.4045 0.8660 0.2939
vn 0.1545 0.8660 0.4755
vn -0.1545 0.8660 0.4755
vn -0.4045 0.8660 0.2939
vn -0.5000 0.8660 0.0000
vn -0.4045 0.8660 -0.2939
vn -0.1545 0.8660 -0.4755
vn 0.1545 0.8660 -0.4755
vn 0.4045 0.8660 -0.2939
vn 0.8660 0.5000 0.0000
vn 0.7006 0.5000 0.5090
vn 0.2676 0.5000 0.8236
vn -0.2676 0.5000 0.8236
vn -0.7006 0.5000 0.5090
vn -0.8660 0.5000 0.0000
vn -0.7006 0.5000 -0.5090
vn -0.2676 0.5000 -0.8236
vn 0.2676 0.5000 -0.8236
vn 0.7006 0.5000 -0.5090
vn 1.0000 0.0000 0.0000
vn 0.8090 0.0000 0.5878
vn 0.3090 0.0000 0.9511
vn -0.3090 0.0000 0.9511
vn -0.8090 0.0000 0.5878
vn -1.0000 0.0000 0.0000
vn -0.8090 0.0000 -0.5878
vn -0.3090 0.0000 -0.9511
vn 0.3090 0.0000 -0.9511
vn 0.8090 0.0000 -0.5878
vn 0.8660 -0.5000 0.0000
vn 0.7006 -0.5000 0.5090
vn 0.2676 -0.5000 0.8236
vn -0.2676 -0.5000 0.8236
vn -0.7006 -0.5000 0.5090
vn -0.8660 -0.5000 0.0000
vn -0.7006 -0.5000 -0.5090
vn -0.2676 -0.5000 -0.8236
vn 0.2676 -0.5000 -0.8236
vn 0.7006 -0.5000 -0.5090
vn 0.5000 -0.8660 0.0000
vn 0.4045 -0.8660 0.2939
vn 0.1545 -0.8660 0.4755
vn -0.1545 -0.8660 0.4755
vn -0.4045 -0.8660 0.2939
vn -0.5000 -0.8660 0.0000
vn -0.4045 -0.8660 -0.2939
vn -0.1545 -0.8660 -0.4755
vn 0.1545 -0.8660 -0.4755
vn 0.4045 -0.8660 -0.2939
vn 0.0000 -1.0000 0.0000
vn 0.0000 -1.0000 0.0000
vn 0.0000 -1.0000 0.0000
vn -0.0000 -1.0000 0.0000
vn -0.0000 -1.0000 0.0000
vn -0.0000 -1.0000 0.0000
vn -0.0000 -1.0000 -0.0000
vn -0.0000 -1.0000 -0.0000
vn 0.0000 -1.0000 -0.0000
vn 0.0000 -1.0000 -0.0000
vn 0.0000 1.0000 0.0000
vn 0.0000 1.0000 0.0000
vn 0.0000 1.0000 0.0000
vn 0.0000 1.0000 0.0000
vn -0.0000 1.0000 0.0000
vn -0.0000 1.0000 0.0000
vn -0.0000 1.0000 0.0000
vn -0.0000 1.0000 -0.0000
vn -0.0000 1.0000 -0.0000
vn -0.0000 1.0000 -0.0000
vn 0.0000 1.0000 -0.0000
vn 0.0000 1.0000 -0.0000
vn 0.3827 0.9239 0.0000
vn 0.3314 0.9239 0.1913
vn 0.1913 0.9239 0.3314
vn 0.0000 0.9239 0.3827
vn -0.1913 0.9239 0.3314
vn -0.3314 0.9239 0.1913
vn -0.3827 0.9239 0.0000
vn -0.3314 0.9239 -0.1913
vn -0.1913 0.9239 -0.3314
vn -0.0000 0.9239 -0.3827
vn 0.1913 0.9239 -0.3314
vn 0.3314 0.9239 -0.1913
vn 0.7071 0.7071 0.0000
vn 0.6124 0.7071 0.3536
vn 0.3536 0.7071 0.6124
vn 0.0000 0.7071 0.7071
vn -0.3536 0.7071 0.6124
vn -0.6124 0.7071 0.3536
vn -0.7071 0.7071 0.0000
vn -0.6124 0.7071 -0.3536
vn -0.3536 0.7071 -0.6124
vn -0.0000 0.7071 -0.7071
vn 0.3536 0.7071 -0.6124
vn 0.6124 0.7071 -0.3536
vn 0.9239 0.3827 0.0000
vn 0.8001 0.3827 0.4619
vn 0.4619 0.3827 0.8001
vn 0.0000 0.3827 0.9239
vn -0.4619 0.3827 0.8001
vn -0.8001 0.3827 0.4619
vn -0.9239 0.3827 0.0000
vn -0.8001 0.3827 -0.4619
vn -0.4619 0.3827 -0.8001
vn -0.0000 0.3827 -0.9239
vn 0.4619 0.3827 -0.8001
vn 0.8001 0.3827 -0.4619
vn 1.0000 0.0000 0.0000
vn 0.8660 0.0000 0.5000
vn 0.5000 0.0000 0.8660
vn 0.0000 0.0000 1.0000
vn -0.5000 0.0000 0.8660
vn -0.8660 0.0000 0.5000
vn -1.0000 0.0000 0.0000
vn -0.8660 0.0000 -0.5000
vn -0.5000 0.0000 -0.8660
vn -0.0000 0.0000 -1.0000
vn 0.5000 0.0000 -0.8660
vn 0.8660 0.0000 -0.5000
vn 0.9239 -0.3827 0.0000
vn 0.8001 -0.3827 0.4619
vn 0.4619 -0.3827 0.8001
vn 0.0000 -0.3827 0.9239
vn -0.4619 -0.3827 0.8001
vn -0.8001 -0.3827 0.4619
vn -0.9239 -0.3827 0.0000
vn -0.8001 -0.3827 -0.4619
vn -0.4619 -0.3827 -0.8001
vn -0.0000 -0.3827 -0.9239
vn 0.4619 -0.3827 -0.8001
vn 0.8001 -0.3827 -0.4619
vn 0.7071 -0.7071 0.0000
vn 0.6124 -0.7071 0.3536
vn 0.3536 -0.7071 0.6124
vn 0.0000 -0.7071 0.7071
vn -0.3536 -0.7071 0.6124
vn -0.6124 -0.7071 0.3536
vn -0.7071 -0.7071 0.0000
vn -0.6124 -0.7071 -0.3536
vn -0.3536 -0.7071 -0.6124
vn -0.0000 -0.7071 -0.7071
vn 0.3536 -0.7071 -0.6124
vn 0.6124 -0.7071 -0.3536
vn 0.3827 -0.9239 0.0000
vn 0.3314 -0.9239 0.1913
vn 0.1913 -0.9239 0.3314
vn 0.0000 -0.9239 0.3827
vn -0.1913 -0.9239 0.3314
vn -0.3314 -0.9239 0.1913
vn -0.3827 -0.9239 0.0000
vn -0.3314 -0.9239 -0.1913
vn -0.1913 -0.9239 -0.3314
vn -0.0000 -0.9239 -0.3827
vn 0.1913 -0.9239 -0.3314
vn 0.3314 -0.9239 -0.1913
vn 0.0000 -1.0000 0.0000
vn 0.0000 -1.0000 0.0000
vn 0.0000 -1.0000 0.0000
vn 0.0000 -1.0000 0.0000
vn -0.0000 -1.0000 0.0000
vn -0.0000 -1.0000 0.0000
vn -0.0000 -1.0000 0.0000
vn -0.0000 -1.0000 -0.0000
vn -0.0000 -1.0000 -0.0000
vn -0.0000 -1.0000 -0.0000
vn 0.0000 -1.0000 -0.0000
vn 0.0000 -1.0000 -0.0000
vn 0.0000 1.0000 0.0000
vn 0.0000 1.0000 0.0000
vn 0.0000 1.0000 0.0000
vn 0.0000 1.0000 0.0000
vn -0.0000 1.0000 0.0000
vn -0.0000 1.0000 0.0000
vn -0.0000 1.0000 0.0000
vn -0.0000 1.0000 -0.0000
vn -0.0000 1.0000 -0.0000
vn -0.0000 1.0000 -0.0000
vn 0.0000 1.0000 -0.0000
vn 0.0000 1.0000 -0.0000
vn 0.3827 0.9239 0.0000
vn 0.3314 0.9239 0.1913
vn 0.1913 0.9239 0.3314
vn 0.0000 0.9239 0.3827
vn -0.1913 0.9239 0.3314
vn -0.3314 0.9239 0.1913
vn -0.3827 0.9239 0.0000
vn -0.3314 0.9239 -0.1913
vn -0.1913 0.9239 -0.3314
vn -0.0000 0.9239 -0.3827
vn 0.1913 0.9239 -0.3314
vn 0.3314 0.9239 -0.1913
vn 0.7071 0.7071 0.0000
vn 0.6124 0.7071 0.3536
vn 0.3536 0.7071 0.6124
vn 0.0000 0.7071 0.7071
vn -0.3536 0.7071 0.6124
vn -0.6124 0.7071 0.3536
vn -0.7071 0.7071 0.0000
vn -0.6124 0.7071 -0.3536
vn -0.3536 0.7071 -0.6124
vn -0.0000 0.7071 -0.7071
vn 0.3536 0.7071 -0.6124
vn 0.6124 0.7071 -0.3536
vn 0.9239 0.3827 0.0000
vn 0.8001 0.3827 0.4619
vn 0.4619 0.3827 0.8001
vn 0.0000 0.3827 0.9239
vn -0.4619 0.3827 0.8001
vn -0.8001 0.3827 0.4619
vn -0.9239 0.3827 0.0000
vn -0.8001 0.3827 -0.4619
vn -0.4619 0.3827 -0.8001
vn -0.0000 0.3827 -0.9239
vn 0.4619 0.3827 -0.8001
vn 0.8001 0.3827 -0.4619
vn 1.0000 0.0000 0.0000
vn 0.8660 0.0000 0.5000
vn 0.5000 0.0000 0.8660
vn 0.0000 0.0000 1.0000
vn -0.5000 0.0000 0.8660
vn -0.8660 0.0000 0.5000
vn -1.0000 0.0000 0.0000
vn -0.8660 0.0000 -0.5000
vn -0.5000 0.0000 -0.8660
vn -0.0000 0.0000 -1.0000
vn 0.5000 0.0000 -0.8660
vn 0.8660 0.0000 -0.5000
vn 0.9239 -0.3827 0.0000
vn 0.8001 -0.3827 0.4619
vn 0.4619 -0.3827 0.8001
vn 0.0000 -0.3827 0.9239
vn -0.4619 -0.3827 0.8001
vn -0.8001 -0.3827 0.4619
vn -0.9239 -0.3827 0.0000
vn -0.8001 -0.3827 -0.4619
vn -0.4619 -0.3827 -0.8001
vn -0.0000 -0.3827 -0.9239
vn 0.4619 -0.3827 -0.8001
vn 0.8001 -0.3827 -0.4619
vn 0.7071 -0.7071 0.0000
vn 0.6124 -0.7071 0.3536
vn 0.3536 -0.7071 0.6124
vn 0.0000 -0.7071 0.7071
vn -0.3536 -0.7071 0.6124
vn -0.6124 -0.7071 0.3536
vn -0.7071 -0.7071 0.0000
vn -0.6124 -0.7071 -0.3536
vn -0.3536 -0.7071 -0.6124
vn -0.0000 -0.7071 -0.7071
vn 0.3536 -0.7071 -0.6124
vn 0.6124 -0.7071 -0.3536
vn 0.3827 -0.9239 0.0000
vn 0.3314 -0.9239 0.1913
vn 0.1913 -0.9239 0.3314
vn 0.0000 -0.9239 0.3827
vn -0.1913 -0.9239 0.3314
vn -0.3314 -0.9239 0.1913
vn -0.3827 -0.9239 0.0000
vn -0.3314 -0.9239 -0.1913
vn -0.1913 -0.9239 -0.3314
vn -0.0000 -0.9239 -0.3827
vn 0.1913 -0.9239 -0.3314
vn 0.3314 -0.9239 -0.1913
vn 0.0000 -1.0000 0.0000
vn 0.0000 -1.0000 0.0000
vn 0.0000 -1.0000 0.0000
vn 0.0000 -1.0000 0.0000
vn -0.0000 -1.0000 0.0000
vn -0.0000 -1.0000 0.0000
vn -0.0000 -1.0000 0.0000
vn -0.0000 -1.0000 -0.0000
vn -0.0000 -1.0000 -0.0000
vn -0.0000 -1.0000 -0.0000
vn 0.0000 -1.0000 -0.0000
vn 0.0000 -1.0000 -0.0000
vn 0.0000 1.0000 0.0000
vn 0.0000 1.0000 0.0000
vn 0.0000 1.0000 0.0000
vn 0.0000 1.0000 0.0000
vn -0.0000 1.0000 0.0000
vn -0.0000 1.0000 0.0000
vn -0.0000 1.0000 0.0000
vn -0.0000 1.0000 -0.0000
vn -0.0000 1.0000 -0.0000
vn -0.0000 1.0000 -0.0000
vn 0.0000 1.0000 -0.0000
vn 0.0000 1.0000 -0.0000
vn 0.3827 0.9239 0.0000
vn 0.3314 0.9239 0.1913
vn 0.1913 0.9239 0.3314
vn 0.0000 0.9239 0.3827
vn -0.1913 0.9239 0.3314
vn -0.3314 0.9239 0.1913
vn -0.3827 0.9239 0.0000
vn -0.3314 0.9239 -0.1913
vn -0.1913 0.9239 -0.3314
vn -0.0000 0.9239 -0.3827
vn 0.1913 0.9239 -0.3314
vn 0.3314 0.9239 -0.1913
vn 0.7071 0.7071 0.0000
vn 0.6124 0.7071 0.3536
vn 0.3536 0.7071 0.6124
vn 0.0000 0.7071 0.7071
vn -0.3536 0.7071 0.6124
vn -0.6124 0.7071 0.3536
vn -0.7071 0.7071 0.0000
vn -0.6124 0.7071 -0.3536
vn -0.3536 0.7071 -0.6124
vn -0.0000 0.7071 -0.7071
vn 0.3536 0.7071 -0.6124
vn 0.6124 0.7071 -0.3536
vn 0.9239 0.3827 0.0000
vn 0.8001 0.3827 0.4619
vn 0.4619 0.3827 0.8001
vn 0.0000 0.3827 0.9239
vn -0.4619 0.3827 0.8001
vn -0.8001 0.3827 0.4619
vn -0.9239 0.3827 0.0000
vn -0.8001 0.3827 -0.4619
vn -0.4619 0.3827 -0.8001
vn -0.0000 0.3827 -0.9239
vn 0.4619 0.3827 -0.8001
vn 0.8001 0.3827 -0.4619
vn 1.0000 0.0000 0.0000
vn 0.8660 0.0000 0.5000
vn 0.5000 0.0000 0.8660
vn 0.0000 0.0000 1.0000
vn -0.5000 0.0000 0.8660
vn -0.8660 0.0000 0.5000
vn -1.0000 0.0000 0.0000
vn -0.8660 0.0000 -0.5000
vn -0.5000 0.0000 -0.8660
vn -0.0000 0.0000 -1.0000
vn 0.5000 0.0000 -0.8660
vn 0.8660 0.0000 -0.5000
vn 0.9239 -0.3827 0.0000
vn 0.8001 -0.3827 0.4619
vn 0.4619 -0.3827 0.8001
vn 0.0000 -0.3827 0.9239
vn -0.4619 -0.3827 0.8001
vn -0.8001 -0.3827 0.4619
vn -0.9239 -0.3827 0.0000
vn -0.8001 -0.3827 -0.4619
vn -0.4619 -0.3827 -0.8001
vn -0.0000 -0.3827 -0.9239
vn 0.4619 -0.3827 -0.8001
vn 0.8001 -0.3827 -0.4619
vn 0.7071 -0.7071 0.0000
vn 0.6124 -0.7071 0.3536
vn 0.3536 -0.7071 0.6124
vn 0.0000 -0.7071 0.7071
vn -0.3536 -0.7071 0.6124
vn -0.6124 -0.7071 0.3536
vn -0.7071 -0.7071 0.0000
vn -0.6124 -0.7071 -0.3536
vn -0.3536 -0.7071 -0.6124
vn -0.0000 -0.7071 -0.7071
vn 0.3536 -0.7071 -0.6124
vn 0.6124 -0.7071 -0.3536
vn 0.3827 -0.9239 0.0000
vn 0.3314 -0.9239 0.1913
vn 0.1913 -0.9239 0.3314
vn 0.0000 -0.9239 0.3827
vn -0.1913 -0.9239 0.3314
vn -0.3314 -0.9239 0.1913
vn -0.3827 -0.9239 0.0000
vn -0.3314 -0.9239 -0.1913
vn -0.1913 -0.9239 -0.3314
vn -0.0000 -0.9239 -0.3827
vn 0.1913 -0.9239 -0.3314
vn 0.3314 -0.9239 -0.1913
vn 0.0000 -1.0000 0.0000
vn 0.0000 -1.0000 0.0000
vn 0.0000 -1.0000 0.0000
vn 0.0000 -1.0000 0.0000
vn -0.0000 -1.0000 0.0000
vn -0.0000 -1.0000 0.0000
vn -0.0000 -1.0000 0.0000
vn -0.0000 -1.0000 -0.0000
vn -0.0000 -1.0000 -0.0000
vn -0.0000 -1.0000 -0.0000
vn 0.0000 -1.0000 -0.0000
vn 0.0000 -1.0000 -0.0000
vn 0.0000 1.0000 0.0000
vn 0.0000 1.0000 0.0000
vn 0.0000 1.0000 0.0000
vn -0.0000 1.0000 0.0000
vn -0.0000 1.0000 0.0000
vn -0.0000 1.0000 0.0000
vn -0.0000 1.0000 -0.0000
vn -0.0000 1.0000 -0.0000
vn 0.0000 1.0000 -0.0000
vn 0.0000 1.0000 -0.0000
vn 0.5000 0.8660 0.0000
vn 0.4045 0.8660 0.2939
vn 0.1545 0.8660 0.4755
vn -0.1545 0.8660 0.4755
vn -0.4045 0.8660 0.2939
vn -0.5000 0.8660 0.0000
vn -0.4045 0.8660 -0.2939
vn -0.1545 0.8660 -0.4755
vn 0.1545 0.8660 -0.4755
vn 0.4045 0.8660 -0.2939
vn 0.8660 0.5000 0.0000
vn 0.7006 0.5000 0.5090
vn 0.2676 0.5000 0.8236
vn -0.2676 0.5000 0.8236
vn -0.7006 0.5000 0.5090
vn -0.8660 0.5000 0.0000
vn -0.7006 0.5000 -0.5090
vn -0.2676 0.5000 -0.8236
vn 0.2676 0.5000 -0.8236
vn 0.7006 0.5000 -0.5090
vn 1.0000 0.0000 0.0000
vn 0.8090 0.0000 0.5878
vn 0.3090 0.0000 0.9511
vn -0.3090 0.0000 0.9511
vn -0.8090 0.0000 0.5878
vn -1.0000 0.0000 0.0000
vn -0.8090 0.0000 -0.5878
vn -0.3090 0.0000 -0.9511
vn 0.3090 0.0000 -0.9511
vn 0.8090 0.0000 -0.5878
vn 0.8660 -0.5000 0.0000
vn 0.7006 -0.5000 0.5090
vn 0.2676 -0.5000 0.8236
vn -0.2676 -0.5000 0.8236
vn -0.7006 -0.5000 0.5090
vn -0.8660 -0.5000 0.0000
vn -0.7006 -0.5000 -0.5090
vn -0.2676 -0.5000 -0.8236
vn 0.2676 -0.5000 -0.8236
vn 0.7006 -0.5000 -0.5090
vn 0.5000 -0.8660 0.0000
vn 0.4045 -0.8660 0.2939
vn 0.1545 -0.8660 0.4755
vn -0.1545 -0.8660 0.4755
vn -0.4045 -0.8660 0.2939
vn -0.5000 -0.8660 0.0000
vn -0.4045 -0.8660 -0.2939
vn -0.1545 -0.8660 -0.4755
vn 0.1545 -0.8660 -0.4755
vn 0.4045 -0.8660 -0.2939
vn 0.0000 -1.0000 0.0000
vn 0.0000 -1.0000 0.0000
vn 0.0000 -1.0000 0.0000
vn -0.0000 -1.0000 0.0000
vn -0.0000 -1.0000 0.0000
vn -0.0000 -1.0000 0.0000
vn -0.0000 -1.0000 -0.0000
vn -0.0000 -1.0000 -0.0000
vn 0.0000 -1.0000 -0.0000
vn 0.0000 -1.0000 -0.0000
vn 0.0000 1.0000 0.0000
vn 0.0000 1.0000 0.0000
vn 0.0000 1.0000 0.0000
vn -0.0000 1.0000 0.0000
vn -0.0000 1.0000 0.0000
vn -0.0000 1.0000 0.0000
vn -0.0000 1.0000 -0.0000
vn -0.0000 1.0000 -0.0000
vn 0.0000 1.0000 -0.0000
vn 0.0000 1.0000 -0.0000
vn 0.5000 0.8660 0.0000
vn 0.4045 0.8660 0.2939
vn 0.1545 0.8660 0.4755
vn -0.1545 0.8660 0.4755
vn -0.4045 0.8660 0.2939
vn -0.5000 0.8660 0.0000
vn -0.4045 0.8660 -0.2939
vn -0.1545 0.8660 -0.4755
vn 0.1545 0.8660 -0.4755
vn 0.4045 0.8660 -0.2939
vn 0.8660 0.5000 0.0000
vn 0.7006 0.5000 0.5090
vn 0.2676 0.5000 0.8236
vn -0.2676 0.5000 0.8236
vn -0.7006 0.5000 0.5090
vn -0.8660 0.5000 0.0000
vn -0.7006 0.5000 -0.5090
vn -0.2676 0.5000 -0.8236
vn 0.2676 0.5000 -0.8236
vn 0.7006 0.5000 -0.5090
vn 1.0000 0.0000 0.0000
vn 0.8090 0.0000 0.5878
vn 0.3090 0.0000 0.9511
vn -0.3090 0.0000 0.9511
vn -0.8090 0.0000 0.5878
vn -1.0000 0.0000 0.0000
vn -0.8090 0.0000 -0.5878
vn -0.3090 0.0000 -0.9511
vn 0.3090 0.0000 -0.9511
vn 0.8090 0.0000 -0.5878
vn 0.8660 -0.5000 0.0000
vn 0.7006 -0.5000 0.5090
vn 0.2676 -0.5000 0.8236
vn -0.2676 -0.5000 0.8236
vn -0.7006 -0.5000 0.5090
vn -0.8660 -0.5000 0.0000
vn -0.7006 -0.5000 -0.5090
vn -0.2676 -0.5000 -0.8236
vn 0.2676 -0.5000 -0.8236
vn 0.7006 -0.5000 -0.5090
vn 0.5000 -0.8660 0.0000
vn 0.4045 -0.8660 0.2939
vn 0.1545 -0.8660 0.4755
vn -0.1545 -0.8660 0.4755
vn -0.4045 -0.8660 0.2939
vn -0.5000 -0.8660 0.0000
vn -0.4045 -0.8660 -0.2939
vn -0.1545 -0.8660 -0.4755
vn 0.1545 -0.8660 -0.4755
vn 0.4045 -0.8660 -0.2939
vn 0.0000 -1.0000 0.0000
vn 0.0000 -1.0000 0.0000
vn 0.0000 -1.0000 0.0000
vn -0.0000 -1.0000 0.0000
vn -0.0000 -1.0000 0.0000
vn -0.0000 -1.0000 0.0000
vn -0.0000 -1.0000 -0.0000
vn -0.0000 -1.0000 -0.0000
vn 0.0000 -1.0000 -0.0000
vn 0.0000 -1.0000 -0.0000
vn 0.0000 1.0000 0.0000
vn 0.0000 1.0000 0.0000
vn 0.0000 1.0000 0.0000
vn 0.0000 1.0000 0.0000
vn -0.0000 1.0000 0.0000
vn -0.0000 1.0000 0.0000
vn -0.0000 1.0000 0.0000
vn -0.0000 1.0000 -0.0000
vn -0.0000 1.0000 -0.0000
vn -0.0000 1.0000 -0.0000
vn 0.0000 1.0000 -0.0000
vn 0.0000 1.0000 -0.0000
vn 0.3827 0.9239 0.0000
vn 0.3314 0.9239 0.1913
vn 0.1913 0.9239 0.3314
vn 0.0000 0.9239 0.3827
vn -0.1913 0.9239 0.3314
vn -0.3314 0.9239 0.1913
vn -0.3827 0.9239 0.0000
vn -0.3314 0.9239 -0.1913
vn -0.1913 0.9239 -0.3314
vn -0.0000 0.9239 -0.3827
vn 0.1913 0.9239 -0.3314
vn 0.3314 0.9239 -0.1913
vn 0.7071 0.7071 0.0000
vn 0.6124 0.7071 0.3536
vn 0.3536 0.7071 0.6124
vn 0.0000 0.7071 0.7071
vn -0.3536 0.7071 0.6124
vn -0.6124 0.7071 0.3536
vn -0.7071 0.7071 0.0000
vn -0.6124 0.7071 -0.3536
vn -0.3536 0.7071 -0.6124
vn -0.0000 0.7071 -0.7071
vn 0.3536 0.7071 -0.6124
vn 0.6124 0.7071 -0.3536
vn 0.9239 0.3827 0.0000
vn 0.8001 0.3827 0.4619
vn 0.4619 0.3827 0.8001
vn 0.0000 0.3827 0.9239
vn -0.4619 0.3827 0.8001
vn -0.8001 0.3827 0.4619
vn -0.9239 0.3827 0.0000
vn -0.8001 0.3827 -0.4619
vn -0.4619 0.3827 -0.8001
vn -0.0000 0.3827 -0.9239
vn 0.4619 0.3827 -0.8001
vn 0.8001 0.3827 -0.4619
vn 1.0000 0.0000 0.0000
vn 0.8660 0.0000 0.5000
vn 0.5000 0.0000 0.8660
vn 0.0000 0.0000 1.0000
vn -0.5000 0.0000 0.8660
vn -0.8660 0.0000 0.5000
vn -1.0000 0.0000 0.0000
vn -0.8660 0.0000 -0.5000
vn -0.5000 0.0000 -0.8660
vn -0.0000 0.0000 -1.0000
vn 0.5000 0.0000 -0.8660
vn 0.8660 0.0000 -0.5000
vn 0.9239 -0.3827 0.0000
vn 0.8001 -0.3827 0.4619
vn 0.4619 -0.3827 0.8001
vn 0.0000 -0.3827 0.9239
vn -0.4619 -0.3827 0.8001
vn -0.8001 -0.3827 0.4619
vn -0.9239 -0.3827 0.0000
vn -0.8001 -0.3827 -0.4619
vn -0.4619 -0.3827 -0.8001
vn -0.0000 -0.3827 -0.9239
vn 0.4619 -0.3827 -0.8001
vn 0.8001 -0.3827 -0.4619
vn 0.7071 -0.7071 0.0000
vn 0.6124 -0.7071 0.3536
vn 0.3536 -0.7071 0.6124
vn 0.0000 -0.7071 0.7071
vn -0.3536 -0.7071 0.6124
vn -0.6124 -0.7071 0.3536
vn -0.7071 -0.7071 0.0000
vn -0.6124 -0.7071 -0.3536
vn -0.3536 -0.7071 -0.6124
vn -0.0000 -0.7071 -0.7071
vn 0.3536 -0.7071 -0.6124
vn 0.6124 -0.7071 -0.3536
vn 0.3827 -0.9239 0.0000
vn 0.3314 -0.9239 0.1913
vn 0.1913 -0.9239 0.3314
vn 0.0000 -0.9239 0.3827
vn -0.1913 -0.9239 0.3314
vn -0.3314 -0.9239 0.1913
vn -0.3827 -0.9239 0.0000
vn -0.3314 -0.9239 -0.1913
vn -0.1913 -0.9239 -0.3314
vn -0.0000 -0.9239 -0.3827
vn 0.1913 -0.9239 -0.3314
vn 0.3314 -0.9239 -0.1913
vn 0.0000 -1.0000 0.0000
vn 0.0000 -1.0000 0.0000
vn 0.0000 -1.0000 0.0000
vn 0.0000 -1.0000 0.0000
vn -0.0000 -1.0000 0.0000
vn -0.0000 -1.0000 0.0000
vn -0.0000 -1.0000 0.0000
vn -0.0000 -1.0000 -0.0000
vn -0.0000 -1.0000 -0.0000
vn -0.0000 -1.0000 -0.0000
vn 0.0000 -1.0000 -0.0000
vn 0.0000 -1.0000 -0.0000
vn 0.0000 1.0000 0.0000
vn 0.0000 1.0000 0.0000
vn 0.0000 1.0000 0.0000
vn 0.0000 1.0000 0.0000
vn -0.0000 1.0000 0.0000
vn -0.0000 1.0000 0.0000
vn -0.0000 1.0000 0.0000
vn -0.0000 1.0000 -0.0000
vn -0.0000 1.0000 -0.0000
vn -0.0000 1.0000 -0.0000
vn 0.0000 1.0000 -0.0000
vn 0.0000 1.0000 -0.0000
vn 0.3827 0.9239 0.0000
vn 0.3314 0.9239 0.1913
vn 0.1913 0.9239 0.3314
vn 0.0000 0.9239 0.3827
vn -0.1913 0.9239 0.3314
vn -0.3314 0.9239 0.1913
vn -0.3827 0.9239 0.0000
vn -0.3314 0.9239 -0.1913
vn -0.1913 0.9239 -0.3314
vn -0.0000 0.9239 -0.3827
vn 0.1913 0.9239 -0.3314
vn 0.3314 0.9239 -0.1913
vn 0.7071 0.7071 0.0000
vn 0.6124 0.7071 0.3536
vn 0.3536 0.7071 0.6124
vn 0.0000 0.7071 0.7071
vn -0.3536 0.7071 0.6124
vn -0.6124 0.7071 0.3536
vn -0.7071 0.7071 0.0000
vn -0.6124 0.7071 -0.3536
vn -0.3536 0.7071 -0.6124
vn -0.0000 0.7071 -0.7071
vn 0.3536 0.7071 -0.6124
vn 0.6124 0.7071 -0.3536
vn 0.9239 0.3827 0.0000
vn 0.8001 0.3827 0.4619
vn 0.4619 0.3827 0.8001
vn 0.0000 0.3827 0.9239
vn -0.4619 0.3827 0.8001
vn -0.8001 0.3827 0.4619
vn -0.9239 0.3827 0.0000
vn -0.8001 0.3827 -0.4619
vn -0.4619 0.3827 -0.8001
vn -0.0000 0.3827 -0.9239
vn 0.4619 0.3827 -0.8001
vn 0.8001 0.3827 -0.4619
vn 1.0000 0.0000 0.0000
vn 0.8660 0.0000 0.5000
vn 0.5000 0.0000 0.8660
vn 0.0000 0.0000 1.0000
vn -0.5000 0.0000 0.8660
vn -0.8660 0.0000 0.5000
vn -1.0000 0.0000 0.0000
vn -0.8660 0.0000 -0.5000
vn -0.5000 0.0000 -0.8660
vn -0.0000 0.0000 -1.0000
vn 0.5000 0.0000 -0.8660
vn 0.8660 0.0000 -0.5000
vn 0.9239 -0.3827 0.0000
vn 0.8001 -0.3827 0.4619
vn 0.4619 -0.3827 0.8001
vn 0.0000 -0.3827 0.9239
vn -0.4619 -0.3827 0.8001
vn -0.8001 -0.3827 0.4619
vn -0.9239 -0.3827 0.0000
vn -0.8001 -0.3827 -0.4619
vn -0.4619 -0.3827 -0.8001
vn -0.0000 -0.3827 -0.9239
vn 0.4619 -0.3827 -0.8001
vn 0.8001 -0.3827 -0.4619
vn 0.7071 -0.7071 0.0000
vn 0.6124 -0.7071 0.3536
vn 0.3536 -0.7071 0.6124
vn 0.0000 -0.7071 0.7071
vn -0.3536 -0.7071 0.6124
vn -0.6124 -0.7071 0.3536
vn -0.7071 -0.7071 0.0000
vn -0.6124 -0.7071 -0.3536
vn -0.3536 -0.7071 -0.6124
vn -0.0000 -0.7071 -0.7071
vn 0.3536 -0.7071 -0.6124
vn 0.6124 -0.7071 -0.3536
vn 0.3827 -0.9239 0.0000
vn 0.3314 -0.9239 0.1913
vn 0.1913 -0.9239 0.3314
vn 0.0000 -0.9239 0.3827
vn -0.1913 -0.9239 0.3314
vn -0.3314 -0.9239 0.1913
vn -0.3827 -0.9239 0.0000
vn -0.3314 -0.9239 -0.1913
vn -0.1913 -0.9239 -0.3314
vn -0.0000 -0.9239 -0.3827
vn 0.1913 -0.9239 -0.3314
vn 0.3314 -0.9239 -0.1913
vn 0.0000 -1.0000 0.0000
vn 0.0000 -1.0000 0.0000
vn 0.0000 -1.0000 0.0000
vn 0.0000 -1.0000 0.0000
vn -0.0000 -1.0000 0.0000
vn -0.0000 -1.0000 0.0000
vn -0.0000 -1.0000 0.0000
vn -0.0000 -1.0000 -0.0000
vn -0.0000 -1.0000 -0.0000
vn -0.0000 -1.0000 -0.0000
vn 0.0000 -1.0000 -0.0000
vn 0.0000 -1.0000 -0.0000
vn 0.0000 1.0000 0.0000
vn 0.0000 1.0000 0.0000
vn 0.0000 1.0000 0.0000
vn 0.0000 1.0000 0.0000
vn -0.0000 1.0000 0.0000
vn -0.0000 1.0000 0.0000
vn -0.0000 1.0000 0.0000
vn -0.0000 1.0000 -0.0000
vn -0.0000 1.0000 -0.0000
vn -0.0000 1.0000 -0.0000
vn 0.0000 1.0000 -0.0000
vn 0.0000 1.0000 -0.0000
vn 0.3827 0.9239 0.0000
vn 0.3314 0.9239 0.1913
vn 0.1913 0.9239 0.3314
vn 0.0000 0.9239 0.3827
vn -0.1913 0.9239 0.3314
vn -0.3314 0.9239 0.1913
vn -0.3827 0.9239 0.0000
vn -0.3314 0.9239 -0.1913
vn -0.1913 0.9239 -0.3314
vn -0.0000 0.9239 -0.3827
vn 0.1913 0.9239 -0.3314
vn 0.3314 0.9239 -0.1913
vn 0.7071 0.7071 0.0000
vn 0.6124 0.7071 0.3536
vn 0.3536 0.7071 0.6124
vn 0.0000 0.7071 0.7071
vn -0.3536 0.7071 0.6124
vn -0.6124 0.7071 0.3536
vn -0.7071 0.7071 0.0000
vn -0.6124 0.7071 -0.3536
vn -0.3536 0.7071 -0.6124
vn -0.0000 0.7071 -0.7071
vn 0.3536 0.7071 -0.6124
vn 0.6124 0.7071 -0.3536
vn 0.9239 0.3827 0.0000
vn 0.8001 0.3827 0.4619
vn 0.4619 0.3827 0.8001
vn 0.0000 0.3827 0.9239
vn -0.4619 0.3827 0.8001
vn -0.8001 0.3827 0.4619
vn -0.9239 0.3827 0.0000
vn -0.8001 0.3827 -0.4619
vn -0.4619 0.3827 -0.8001
vn -0.0000 0.3827 -0.9239
vn 0.4619 0.3827 -0.8001
vn 0.8001 0.3827 -0.4619
vn 1.0000 0.0000 0.0000
vn 0.8660 0.0000 0.5000
vn 0.5000 0.0000 0.8660
vn 0.0000 0.0000 1.0000
vn -0.5000 0.0000 0.8660
vn -0.8660 0.0000 0.5000
vn -1.0000 0.0000 0.0000
vn -0.8660 0.0000 -0.5000
vn -0.5000 0.0000 -0.8660
vn -0.0000 0.0000 -1.0000
vn 0.5000 0.0000 -0.8660
vn 0.8660 0.0000 -0.5000
vn 0.9239 -0.3827 0.0000
vn 0.8001 -0.3827 0.4619
vn 0.4619 -0.3827 0.8001
vn 0.0000 -0.3827 0.9239
vn -0.4619 -0.3827 0.8001
vn -0.8001 -0.3827 0.4619
vn -0.9239 -0.3827 0.0000
vn -0.8001 -0.3827 -0.4619
vn -0.4619 -0.3827 -0.8001
vn -0.0000 -0.3827 -0.9239
vn 0.4619 -0.3827 -0.8001
vn 0.8001 -0.3827 -0.4619
vn 0.7071 -0.7071 0.0000
vn 0.6124 -0.7071 0.3536
vn 0.3536 -0.7071 0.6124
vn 0.0000 -0.7071 0.7071
vn -0.3536 -0.7071 0.6124
vn -0.6124 -0.7071 0.3536
vn -0.7071 -0.7071 0.0000
vn -0.6124 -0.7071 -0.3536
vn -0.3536 -0.7071 -0.6124
vn -0.0000 -0.7071 -0.7071
vn 0.3536 -0.7071 -0.6124
vn 0.6124 -0.7071 -0.3536
vn 0.3827 -0.9239 0.0000
vn 0.3314 -0.9239 0.1913
vn 0.1913 -0.9239 0.3314
vn 0.0000 -0.9239 0.3827
vn -0.1913 -0.9239 0.3314
vn -0.3314 -0.9239 0.1913
vn -0.3827 -0.9239 0.0000
vn -0.3314 -0.9239 -0.1913
vn -0.1913 -0.9239 -0.3314
vn -0.0000 -0.9239 -0.3827
vn 0.1913 -0.9239 -0.3314
vn 0.3314 -0.9239 -0.1913
vn 0.0000 -1.0000 0.0000
vn 0.0000 -1.0000 0.0000
vn 0.0000 -1.0000 0.0000
vn 0.0000 -1.0000 0.0000
vn -0.0000 -1.0000 0.0000
vn -0.0000 -1.0000 0.0000
vn -0.0000 -1.0000 0.0000
vn -0.0000 -1.0000 -0.0000
vn -0.0000 -1.0000 -0.0000
vn -0.0000 -1.0000 -0.0000
vn 0.0000 -1.0000 -0.0000
vn 0.0000 -1.0000 -0.0000
vn 0.0000 1.0000 0.0000
vn 0.0000 1.0000 0.0000
vn 0.0000 1.0000 0.0000
vn -0.0000 1.0000 0.0000
vn -0.0000 1.0000 0.0000
vn -0.0000 1.0000 0.0000
vn -0.0000 1.0000 -0.0000
vn -0.0000 1.0000 -0.0000
vn 0.0000 1.0000 -0.0000
vn 0.0000 1.0000 -0.0000
vn 0.5000 0.8660 0.0000
vn 0.4045 0.8660 0.2939
vn 0.1545 0.8660 0.4755
vn -0.1545 0.8660 0.4755
vn -0.4045 0.8660 0.2939
vn -0.5000 0.8660 0.0000
vn -0.4045 0.8660 -0.2939
vn -0.1545 0.8660 -0.4755
vn 0.1545 0.8660 -0.4755
vn 0.4045 0.8660 -0.2939
vn 0.8660 0.5000 0.0000
vn 0.7006 0.5000 0.5090
vn 0.2676 0.5000 0.8236
vn -0.2676 0.5000 0.8236
vn -0.7006 0.5000 0.5090
vn -0.8660 0.5000 0.0000
vn -0.7006 0.5000 -0.5090
vn -0.2676 0.5000 -0.8236
vn 0.2676 0.5000 -0.8236
vn 0.7006 0.5000 -0.5090
vn 1.0000 0.0000 0.0000
vn 0.8090 0.0000 0.5878
vn 0.3090 0.0000 0.9511
vn -0.3090 0.0000 0.9511
vn -0.8090 0.0000 0.5878
vn -1.0000 0.0000 0.0000
vn -0.8090 0.0000 -0.5878
vn -0.3090 0.0000 -0.9511
vn 0.3090 0.0000 -0.9511
vn 0.8090 0.0000 -0.5878
vn 0.8660 -0.5000 0.0000
vn 0.7006 -0.5000 0.5090
vn 0.2676 -0.5000 0.8236
vn -0.2676 -0.5000 0.8236
vn -0.7006 -0.5000 0.5090
vn -0.8660 -0.5000 0.0000
vn -0.7006 -0.5000 -0.5090
vn -0.2676 -0.5000 -0.8236
vn 0.2676 -0.5000 -0.8236
vn 0.7006 -0.5000 -0.5090
vn 0.5000 -0.8660 0.0000
vn 0.4045 -0.8660 0.2939
vn 0.1545 -0.8660 0.4755
vn -0.1545 -0.8660 0.4755
vn -0.4045 -0.8660 0.2939
vn -0.5000 -0.8660 0.0000
vn -0.4045 -0.8660 -0.2939
vn -0.1545 -0.8660 -0.4755
vn 0.1545 -0.8660 -0.4755
vn 0.4045 -0.8660 -0.2939
vn 0.0000 -1.0000 0.0000
vn 0.0000 -1.0000 0.0000
vn 0.0000 -1.0000 0.0000
vn -0.0000 -1.0000 0.0000
vn -0.0000 -1.0000 0.0000
vn -0.0000 -1.0000 0.0000
vn -0.0000 -1.0000 -0.0000
vn -0.0000 -1.0000 -0.0000
vn 0.0000 -1.0000 -0.0000
vn 0.0000 -1.0000 -0.0000
vn 0.0000 1.0000 0.0000
vn 0.0000 1.0000 0.0000
vn 0.0000 1.0000 0.0000
vn -0.0000 1.0000 0.0000
vn -0.0000 1.0000 0.0000
vn -0.0000 1.0000 0.0000
vn -0.0000 1.0000 -0.0000
vn -0.0000 1.0000 -0.0000
vn 0.0000 1.0000 -0.0000
vn 0.0000 1.0000 -0.0000
vn 0.5000 0.8660 0.0000
vn 0.4045 0.8660 0.2939
vn 0.1545 0.8660 0.4755
vn -0.1545 0.8660 0.4755
vn -0.4045 0.8660 0.2939
vn -0.5000 0.8660 0.0000
vn -0.4045 0.8660 -0.2939
vn -0.1545 0.8660 -0.4755
vn 0.1545 0.8660 -0.4755
vn 0.4045 0.8660 -0.2939
vn 0.8660 0.5000 0.0000
vn 0.7006 0.5000 0.5090
vn 0.2676 0.5000 0.8236
vn -0.2676 0.5000 0.8236
vn -0.7006 0.5000 0.5090
vn -0.8660 0.5000 0.0000
vn -0.7006 0.5000 -0.5090
vn -0.2676 0.5000 -0.8236
vn 0.2676 0.5000 -0.8236
vn 0.7006 0.5000 -0.5090
vn 1.0000 0.0000 0.0000
vn 0.8090 0.0000 0.5878
vn 0.3090 0.0000 0.9511
vn -0.3090 0.0000 0.9511
vn -0.8090 0.0000 0.5878
vn -1.0000 0.0000 0.0000
vn -0.8090 0.0000 -0.5878
vn -0.3090 0.0000 -0.9511
vn 0.3090 0.0000 -0.9511
vn 0.8090 0.0000 -0.5878
vn 0.8660 -0.5000 0.0000
vn 0.7006 -0.5000 0.5090
vn 0.2676 -0.5000 0.8236
vn -0.2676 -0.5000 0.8236
vn -0.7006 -0.5000 0.5090
vn -0.8660 -0.5000 0.0000
vn -0.7006 -0.5000 -0.5090
vn -0.2676 -0.5000 -0.8236
vn 0.2676 -0.5000 -0.8236
vn 0.7006 -0.5000 -0.5090
vn 0.5000 -0.8660 0.0000
vn 0.4045 -0.8660 0.2939
vn 0.1545 -0.8660 0.4755
vn -0.1545 -0.8660 0.4755
vn -0.4045 -0.8660 0.2939
vn -0.5000 -0.8660 0.0000
vn -0.4045 -0.8660 -0.2939
vn -0.1545 -0.8660 -0.4755
vn 0.1545 -0.8660 -0.4755
vn 0.4045 -0.8660 -0.2939
vn 0.0000 -1.0000 0.0000
vn 0.0000 -1.0000 0.0000
vn 0.0000 -1.0000 0.0000
vn -0.0000 -1.0000 0.0000
vn -0.0000 -1.0000 0.0000
vn -0.0000 -1.0000 0.0000
vn -0.0000 -1.0000 -0.0000
vn -0.0000 -1.0000 -0.0000
vn 0.0000 -1.0000 -0.0000
vn 0.0000 -1.0000 -0.0000

f 1//1 2//1 3//1
f 1//1 3//1 4//1
f 5//2 6//2 7//2
f 5//2 7//2 8//2
f 9//3 10//3 11//3
f 9//3 11//3 12//3
f 13//4 14//4 15//4
f 13//4 15//4 16//4
f 17//5 18//5 19//5
f 17//5 19//5 20//5
f 21//6 22//6 23//6
f 21//6 23//6 24//6
f 25//7 26//7 27//7
f 25//7 27//7 28//7
f 29//8 30//8 31//8
f 29//8 31//8 32//8
f 33//9 34//9 35//9
f 33//9 35//9 36//9
f 37//10 38//10 39//10
f 37//10 39//10 40//10
f 41//11 42//11 43//11
f 41//11 43//11 44//11
f 45//12 46//12 47//12
f 45//12 47//12 48//12
f 49//13 68//32 67//31
f 50//14 69//33 68//32
f 51//15 70//34 69//33
f 52//16 71//35 70//34
f 53//17 72//36 71//35
f 54//18 73//37 72//36
f 55//19 74//38 73//37
f 56//20 75//39 74//38
f 57//21 76//40 75//39
f 58//22 77//41 76//40
f 59//23 78//42 77//41
f 60//24 79//43 78//42
f 61//25 80//44 79//43
f 62//26 81//45 80//44
f 63//27 82//46 81//45
f 64//28 83//47 82//46
f 65//29 84//48 83//47
f 66//30 67//31 84//48
f 67//31 68//32 86//50
f 67//31 86//50 85//49
f 68//32 69//33 87//51
f 68//32 87//51 86//50
f 69//33 70//34 88//52
f 69//33 88//52 87//51
f 70//34 71//35 89//53
f 70//34 89//53 88//52
f 71//35 72//36 90//54
f 71//35 90//54 89//53
f 72//36 73//37 91//55
f 72//36 91//55 90//54
f 73//37 74//38 92//56
f 73//37 92//56 91//55
f 74//38 75//39 93//57
f 74//38 93//57 92//56
f 75//39 76//40 94//58
f 75//39 94//58 93//57
f 76//40 77//41 95//59
f 76//40 95//59 94//58
f 77//41 78//42 96//60
f 77//41 96//60 95//59
f 78//42 79//43 97//61
f 78//42 97//61 96//60
f 79//43 80//44 98//62
f 79//43 98//62 97//61
f 80//44 81//45 99//63
f 80//44 99//63 98//62
f 81//45 82//46 100//64
f 81//45 100//64 99//63
f 82//46 83//47 101//65
f 82//46 101//65 100//64
f 83//47 84//48 102//66
f 83//47 102//66 101//65
f 84//48 67//31 85//49
f 84//48 85//49 102//66
f 85//49 86//50 104//68
f 85//49 104//68 103//67
f 86//50 87//51 105//69
f 86//50 105//69 104//68
f 87//51 88//52 106//70
f 87//51 106//70 105//69
f 88//52 89//53 107//71
f 88//52 107//71 106//70
f 89//53 90//54 108//72
f 89//53 108//72 107//71
f 90//54 91//55 109//73
f 90//54 109//73 108//72
f 91//55 92//56 110//74
f 91//55 110//74 109//73
f 92//56 93//57 111//75
f 92//56 111//75 110//74
f 93//57 94//58 112//76
f 93//57 112//76 111//75
f 94//58 95//59 113//77
f 94//58 113//77 112//76
f 95//59 96//60 114//78
f 95//59 114//78 113//77
f 96//60 97//61 115//79
f 96//60 115//79 114//78
f 97//61 98//62 116//80
f 97//61 116//80 115//79
f 98//62 99//63 117//81
f 98//62 117//81 116//80
f 99//63 100//64 118//82
f 99//63 118//82 117//81
f 100//64 101//65 119//83
f 100//64 119//83 118//82
f 101//65 102//66 120//84
f 101//65 120//84 119//83
f 102//66 85//49 103//67
f 102//66 103//67 120//84
f 103//67 104//68 122//86
f 103//67 122//86 121//85
f 104//68 105//69 123//87
f 104//68 123//87 122//86
f 105//69 106//70 124//88
f 105//69 124//88 123//87
f 106//70 107//71 125//89
f 106//70 125//89 124//88
f 107//71 108//72 126//90
f 107//71 126//90 125//89
f 108//72 109//73 127//91
f 108//72 127//91 126//90
f 109//73 110//74 128//92
f 109//73 128//92 127//91
f 110//74 111//75 129//93
f 110//74 129//93 128//92
f 111//75 112//76 130//94
f 111//75 130//94 129//93
f 112//76 113//77 131//95
f 112//76 131//95 130//94
f 113//77 114//78 132//96
f 113//77 132//96 131//95
f 114//78 115//79 133//97
f 114//78 133//97 132//96
f 115//79 116//80 134//98
f 115//79 134//98 133//97
f 116//80 117//81 135//99
f 116//80 135//99 134//98
f 117//81 118//82 136//100
f 117//81 136//100 135//99
f 118//82 119//83 137//101
f 118//82 137//101 136//100
f 119//83 120//84 138//102
f 119//83 138//102 137//101
f 120//84 103//67 121//85
f 120//84 121//85 138//102
f 121//85 122//86 140//104
f 121//85 140//104 139//103
f 122//86 123//87 141//105
f 122//86 141//105 140//104
f 123//87 124//88 142//106
f 123//87 142//106 141//105
f 124//88 125//89 143//107
f 124//88 143//107 142//106
f 125//89 126//90 144//108
f 125//89 144//108 143//107
f 126//90 127//91 145//109
f 126//90 145//109 144//108
f 127//91 128//92 146//110
f 127//91 146//110 145//109
f 128//92 129//93 147//111
f 128//92 147//111 146//110
f 129//93 130//94 148//112
f 129//93 148//112 147//111
f 130//94 131//95 149//113
f 130//94 149//113 148//112
f 131//95 132//96 150//114
f 131//95 150//114 149//113
f 132//96 133//97 151//115
f 132//96 151//115 150//114
f 133//97 134//98 152//116
f 133//97 152//116 151//115
f 134//98 135//99 153//117
f 134//98 153//117 152//116
f 135//99 136//100 154//118
f 135//99 154//118 153//117
f 136//100 137//101 155//119
f 136//100 155//119 154//118
f 137//101 138//102 156//120
f 137//101 156//120 155//119
f 138//102 121//85 139//103
f 138//102 139//103 156//120
f 139//103 140//104 158//122
f 139//103 158//122 157//121
f 140//104 141//105 159//123
f 140//104 159//123 158//122
f 141//105 142//106 160//124
f 141//105 160//124 159//123
f 142//106 143//107 161//125
f 142//106 161//125 160//124
f 143//107 144//108 162//126
f 143//107 162//126 161//125
f 144//108 145//109 163//127
f 144//108 163//127 162//126
f 145//109 146//110 164//128
f 145//109 164//128 163//127
f 146//110 147//111 165//129
f 146//110 165//129 164//128
f 147//111 148//112 166//130
f 147//111 166//130 165//129
f 148//112 149//113 167//131
f 148//112 167//131 166//130
f 149//113 150//114 168//132
f 149//113 168//132 167//131
f 150//114 151//115 169//133
f 150//114 169//133 168//132
f 151//115 152//116 170//134
f 151//115 170//134 169//133
f 152//116 153//117 171//135
f 152//116 171//135 170//134
f 153//117 154//118 172//136
f 153//117 172//136 171//135
f 154//118 155//119 173//137
f 154//118 173//137 172//136
f 155//119 156//120 174//138
f 155//119 174//138 173//137
f 156//120 139//103 157//121
f 156//120 157//121 174//138
f 157//121 158//122 176//140
f 157//121 176//140 175//139
f 158//122 159//123 177//141
f 158//122 177//141 176//140
f 159//123 160//124 178//142
f 159//123 178//142 177//141
f 160//124 161//125 179//143
f 160//124 179//143 178//142
f 161//125 162//126 180//144
f 161//125 180//144 179//143
f 162//126 163//127 181//145
f 162//126 181//145 180//144
f 163//127 164//128 182//146
f 163//127 182//146 181//145
f 164//128 165//129 183//147
f 164//128 183//147 182//146
f 165//129 166//130 184//148
f 165//129 184//148 183//147
f 166//130 167//131 185//149
f 166//130 185//149 184//148
f 167//131 168//132 186//150
f 167//131 186//150 185//149
f 168//132 169//133 187//151
f 168//132 187//151 186//150
f 169//133 170//134 188//152
f 169//133 188//152 187//151
f 170//134 171//135 189//153
f 170//134 189//153 188//152
f 171//135 172//136 190//154
f 171//135 190//154 189//153
f 172//136 173//137 191//155
f 172//136 191//155 190//154
f 173//137 174//138 192//156
f 173//137 192//156 191//155
f 174//138 157//121 175//139
f 174//138 175//139 192//156
f 175//139 176//140 194//158
f 175//139 194//158 193//157
f 176//140 177//141 195//159
f 176//140 195//159 194//158
f 177//141 178//142 196//160
f 177//141 196//160 195//159
f 178//142 179//143 197//161
f 178//142 197//161 196//160
f 179//143 180//144 198//162
f 179//143 198//162 197//161
f 180//144 181//145 199//163
f 180//144 199//163 198//162
f 181//145 182//146 200//164
f 181//145 200//164 199//163
f 182//146 183//147 201//165
f 182//146 201//165 200//164
f 183//147 184//148 202//166
f 183//147 202//166 201//165
f 184//148 185//149 203//167
f 184//148 203//167 202//166
f 185//149 186//150 204//168
f 185//149 204//168 203//167
f 186//150 187//151 205//169
f 186//150 205//169 204//168
f 187//151 188//152 206//170
f 187//151 206//170 205//169
f 188//152 189//153 207//171
f 188//152 207//171 206//170
f 189//153 190//154 208//172
f 189//153 208//172 207//171
f 190//154 191//155 209//173
f 190//154 209//173 208//172
f 191//155 192//156 210//174
f 191//155 210//174 209//173
f 192//156 175//139 193//157
f 192//156 193//157 210//174
f 193//157 194//158 212//176
f 193//157 212//176 211//175
f 194//158 195//159 213//177
f 194//158 213//177 212//176
f 195//159 196//160 214//178
f 195//159 214//178 213//177
f 196//160 197//161 215//179
f 196//160 215//179 214//178
f 197//161 198//162 216//180
f 197//161 216//180 215//179
f 198//162 199//163 217//181
f 198//162 217//181 216//180
f 199//163 200//164 218//182
f 199//163 218//182 217//181
f 200//164 201//165 219//183
f 200//164 219//183 218//182
f 201//165 202//166 220//184
f 201//165 220//184 219//183
f 202//166 203//167 221//185
f 202//166 221//185 220//184
f 203//167 204//168 222//186
f 203//167 222//186 221//185
f 204//168 205//169 223//187
f 204//168 223//187 222//186
f 205//169 206//170 224//188
f 205//169 224//188 223//187
f 206//170 207//171 225//189
f 206//170 225//189 224//188
f 207//171 208//172 226//190
f 207//171 226//190 225//189
f 208//172 209//173 227//191
f 208//172 227//191 226//190
f 209//173 210//174 228//192
f 209//173 228//192 227//191
f 210//174 193//157 211//175
f 210//174 211//175 228//192
f 211//175 212//176 230//194
f 212//176 213//177 231//195
f 213//177 214//178 232//196
f 214//178 215//179 233//197
f 215//179 216//180 234//198
f 216//180 217//181 235//199
f 217//181 218//182 236//200
f 218//182 219//183 237//201
f 219//183 220//184 238//202
f 220//184 221//185 239//203
f 221//185 222//186 240//204
f 222//186 223//187 241//205
f 223//187 224//188 242//206
f 224//188 225//189 243//207
f 225//189 226//190 244//208
f 226//190 227//191 245//209
f 227//191 228//192 246//210
f 228//192 211//175 229//193
f 247//211 266//230 265//229
f 248//212 267//231 266//230
f 249//213 268//232 267//231
f 250//214 269//233 268//232
f 251//215 270//234 269//233
f 252//216 271//235 270//234
f 253//217 272//236 271//235
f 254//218 273//237 272//236
f 255//219 274//238 273//237
f 256//220 275//239 274//238
f 257//221 276//240 275//239
f 258//222 277//241 276//240
f 259//223 278//242 277//241
f 260//224 279//243 278//242
f 261//225 280//244 279//243
f 262//226 281//245 280//244
f 263//227 282//246 281//245
f 264//228 265//229 282//246
f 265//229 266//230 284//248
f 265//229 284//248 283//247
f 266//230 267//231 285//249
f 266//230 285//249 284//248
f 267//231 268//232 286//250
f 267//231 286//250 285//249
f 268//232 269//233 287//251
f 268//232 287//251 286//250
f 269//233 270//234 288//252
f 269//233 288//252 287//251
f 270//234 271//235 289//253
f 270//234 289//253 288//252
f 271//235 272//236 290//254
f 271//235 290//254 289//253
f 272//236 273//237 291//255
f 272//236 291//255 290//254
f 273//237 274//238 292//256
f 273//237 292//256 291//255
f 274//238 275//239 293//257
f 274//238 293//257 292//256
f 275//239 276//240 294//258
f 275//239 294//258 293//257
f 276//240 277//241 295//259
f 276//240 295//259 294//258
f 277//241 278//242 296//260
f 277//241 296//260 295//259
f 278//242 279//243 297//261
f 278//242 297//261 296//260
f 279//243 280//244 298//262
f 279//243 298//262 297//261
f 280//244 281//245 299//263
f 280//244 299//263 298//262
f 281//245 282//246 300//264
f 281//245 300//264 299//263
f 282//246 265//229 283//247
f 282//246 283//247 300//264
f 283//247 284//248 302//266
f 283//247 302//266 301//265
f 284//248 285//249 303//267
f 284//248 303//267 302//266
f 285//249 286//250 304//268
f 285//249 304//268 303//267
f 286//250 287//251 305//269
f 286//250 305//269 304//268
f 287//251 288//252 306//270
f 287//251 306//270 305//269
f 288//252 289//253 307//271
f 288//252 307//271 306//270
f 289//253 290//254 308//272
f 289//253 308//272 307//271
f 290//254 291//255 309//273
f 290//254 309//273 308//272
f 291//255 292//256 310//274
f 291//255 310//274 309//273
f 292//256 293//257 311//275
f 292//256 311//275 310//274
f 293//257 294//258 312//276
f 293//257 312//276 311//275
f 294//258 295//259 313//277
f 294//258 313//277 312//276
f 295//259 296//260 314//278
f 295//259 314//278 313//277
f 296//260 297//261 315//279
f 296//260 315//279 314//278
f 297//261 298//262 316//280
f 297//261 316//280 315//279
f 298//262 299//263 317//281
f 298//262 317//281 316//280
f 299//263 300//264 318//282
f 299//263 318//282 317//281
f 300//264 283//247 301//265
f 300//264 301//265 318//282
f 301//265 302//266 320//284
f 301//265 320//284 319//283
f 302//266 303//267 321//285
f 302//266 321//285 320//284
f 303//267 304//268 322//286
f 303//267 322//286 321//285
f 304//268 305//269 323//287
f 304//268 323//287 322//286
f 305//269 306//270 324//288
f 305//269 324//288 323//287
f 306//270 307//271 325//289
f 306//270 325//289 324//288
f 307//271 308//272 326//290
f 307//271 326//290 325//289
f 308//272 309//273 327//291
f 308//272 327//291 326//290
f 309//273 310//274 328//292
f 309//273 328//292 327//291
f 310//274 311//275 329//293
f 310//274 329//293 328//292
f 311//275 312//276 330//294
f 311//275 330//294 329//293
f 312//276 313//277 331//295
f 312//276 331//295 330//294
f 313//277 314//278 332//296
f 313//277 332//296 331//295
f 314//278 315//279 333//297
f 314//278 333//297 332//296
f 315//279 316//280 334//298
f 315//279 334//298 333//297
f 316//280 317//281 335//299
f 316//280 335//299 334//298
f 317//281 318//282 336//300
f 317//281 336//300 335//299
f 318//282 301//265 319//283
f 318//282 319//283 336//300
f 319//283 320//284 338//302
f 319//283 338//302 337//301
f 320//284 321//285 339//303
f 320//284 339//303 338//302
f 321//285 322//286 340//304
f 321//285 340//304 339//303
f 322//286 323//287 341//305
f 322//286 341//305 340//304
f 323//287 324//288 342//306
f 323//287 342//306 341//305
f 324//288 325//289 343//307
f 324//288 343//307 342//306
f 325//289 326//290 344//308
f 325//289 344//308 343//307
f 326//290 327//291 345//309
f 326//290 345//309 344//308
f 327//291 328//292 346//310
f 327//291 346//310 345//309
f 328//292 329//293 347//311
f 328//292 347//311 346//310
f 329//293 330//294 348//312
f 329//293 348//312 347//311
f 330//294 331//295 349//313
f 330//294 349//313 348//312
f 331//295 332//296 350//314
f 331//295 350//314 349//313
f 332//296 333//297 351//315
f 332//296 351//315 350//314
f 333//297 334//298 352//316
f 333//297 352//316 351//315
f 334//298 335//299 353//317
f 334//298 353//317 352//316
f 335//299 336//300 354//318
f 335//299 354//318 353//317
f 336//300 319//283 337//301
f 336//300 337//301 354//318
f 337//301 338//302 356//320
f 337//301 356//320 355//319
f 338//302 339//303 357//321
f 338//302 357//321 356//320
f 339//303 340//304 358//322
f 339//303 358//322 357//321
f 340//304 341//305 359//323
f 340//304 359//323 358//322
f 341//305 342//306 360//324
f 341//305 360//324 359//323
f 342//306 343//307 361//325
f 342//306 361//325 360//324
f 343//307 344//308 362//326
f 343//307 362//326 361//325
f 344//308 345//309 363//327
f 344//308 363//327 362//326
f 345//309 346//310 364//328
f 345//309 364//328 363//327
f 346//310 347//311 365//329
f 346//310 365//329 364//328
f 347//311 348//312 366//330
f 347//311 366//330 365//329
f 348//312 349//313 367//331
f 348//312 367//331 366//330
f 349//313 350//314 368//332
f 349//313 368//332 367//331
f 350//314 351//315 369//333
f 350//314 369//333 368//332
f 351//315 352//316 370//334
f 351//315 370//334 369//333
f 352//316 353//317 371//335
f 352//316 371//335 370//334
f 353//317 354//318 372//336
f 353//317 372//336 371//335
f 354//318 337//301 355//319
f 354//318 355//319 372//336
f 355//319 356//320 374//338
f 355//319 374//338 373//337
f 356//320 357//321 375//339
f 356//320 375//339 374//338
f 357//321 358//322 376//340
f 357//321 376//340 375//339
f 358//322 359//323 377//341
f 358//322 377//341 376//340
f 359//323 360//324 378//342
f 359//323 378//342 377//341
f 360//324 361//325 379//343
f 360//324 379//343 378//342
f 361//325 362//326 380//344
f 361//325 380//344 379//343
f 362//326 363//327 381//345
f 362//326 381//345 380//344
f 363//327 364//328 382//346
f 363//327 382//346 381//345
f 364//328 365//329 383//347
f 364//328 383//347 382//346
f 365//329 366//330 384//348
f 365//329 384//348 383//347
f 366//330 367//331 385//349
f 366//330 385//349 384//348
f 367//331 368//332 386//350
f 367//331 386//350 385//349
f 368//332 369//333 387//351
f 368//332 387//351 386//350
f 369//333 370//334 388//352
f 369//333 388//352 387//351
f 370//334 371//335 389//353
f 370//334 389//353 388//352
f 371//335 372//336 390//354
f 371//335 390//354 389//353
f 372//336 355//319 373//337
f 372//336 373//337 390//354
f 373//337 374//338 392//356
f 373//337 392//356 391//355
f 374//338 375//339 393//357
f 374//338 393//357 392//356
f 375//339 376//340 394//358
f 375//339 394//358 393//357
f 376//340 377//341 395//359
f 376//340 395//359 394//358
f 377//341 378//342 396//360
f 377//341 396//360 395//359
f 378//342 379//343 397//361
f 378//342 397//361 396//360
f 379//343 380//344 398//362
f 379//343 398//362 397//361
f 380//344 381//345 399//363
f 380//344 399//363 398//362
f 381//345 382//346 400//364
f 381//345 400//364 399//363
f 382//346 383//347 401//365
f 382//346 401//365 400//364
f 383//347 384//348 402//366
f 383//347 402//366 401//365
f 384//348 385//349 403//367
f 384//348 403//367 402//366
f 385//349 386//350 404//368
f 385//349 404//368 403//367
f 386//350 387//351 405//369
f 386//350 405//369 404//368
f 387//351 388//352 406//370
f 387//351 406//370 405//369
f 388//352 389//353 407//371
f 388//352 407//371 406//370
f 389//353 390//354 408//372
f 389//353 408//372 407//371
f 390//354 373//337 391//355
f 390//354 391//355 408//372
f 391//355 392//356 410//374
f 391//355 410//374 409//373
f 392//356 393//357 411//375
f 392//356 411//375 410//374
f 393//357 394//358 412//376
f 393//357 412//376 411//375
f 394//358 395//359 413//377
f 394//358 413//377 412//376
f 395//359 396//360 414//378
f 395//359 414//378 413//377
f 396//360 397//361 415//379
f 396//360 415//379 414//378
f 397//361 398//362 416//380
f 397//361 416//380 415//379
f 398//362 399//363 417//381
f 398//362 417//381 416//380
f 399//363 400//364 418//382
f 399//363 418//382 417//381
f 400//364 401//365 419//383
f 400//364 419//383 418//382
f 401//365 402//366 420//384
f 401//365 420//384 419//383
f 402//366 403//367 421//385
f 402//366 421//385 420//384
f 403//367 404//368 422//386
f 403//367 422//386 421//385
f 404//368 405//369 423//387
f 404//368 423//387 422//386
f 405//369 406//370 424//388
f 405//369 424//388 423//387
f 406//370 407//371 425//389
f 406//370 425//389 424//388
f 407//371 408//372 426//390
f 407//371 426//390 425//389
f 408//372 391//355 409//373
f 408//372 409//373 426//390
f 409//373 410//374 428//392
f 410//374 411//375 429//393
f 411//375 412//376 430//394
f 412//376 413//377 431//395
f 413//377 414//378 432//396
f 414//378 415//379 433//397
f 415//379 416//380 434//398
f 416//380 417//381 435//399
f 417//381 418//382 436//400
f 418//382 419//383 437//401
f 419//383 420//384 438//402
f 420//384 421//385 439//403
f 421//385 422//386 440//404
f 422//386 423//387 441//405
f 423//387 424//388 442//406
f 424//388 425//389 443//407
f 425//389 426//390 444//408
f 426//390 409//373 427//391
f 445//409 464//428 463//427
f 446//410 465//429 464//428
f 447//411 466//430 465//429
f 448//412 467//431 466//430
f 449//413 468//432 467//431
f 450//414 469//433 468//432
f 451//415 470//434 469//433
f 452//416 471//435 470//434
f 453//417 472//436 471//435
f 454//418 473//437 472//436
f 455//419 474//438 473//437
f 456//420 475//439 474//438
f 457//421 476//440 475//439
f 458//422 477//441 476//440
f 459//423 478//442 477//441
f 460//424 479//443 478//442
f 461//425 480//444 479//443
f 462//426 463//427 480//444
f 463//427 464//428 482//446
f 463//427 482//446 481//445
f 464//428 465//429 483//447
f 464//428 483//447 482//446
f 465//429 466//430 484//448
f 465//429 484//448 483//447
f 466//430 467//431 485//449
f 466//430 485//449 484//448
f 467//431 468//432 486//450
f 467//431 486//450 485//449
f 468//432 469//433 487//451
f 468//432 487//451 486//450
f 469//433 470//434 488//452
f 469//433 488//452 487//451
f 470//434 471//435 489//453
f 470//434 489//453 488//452
f 471//435 472//436 490//454
f 471//435 490//454 489//453
f 472//436 473//437 491//455
f 472//436 491//455 490//454
f 473//437 474//438 492//456
f 473//437 492//456 491//455
f 474//438 475//439 493//457
f 474//438 493//457 492//456
f 475//439 476//440 494//458
f 475//439 494//458 493//457
f 476//440 477//441 495//459
f 476//440 495//459 494//458
f 477//441 478//442 496//460
f 477//441 496//460 495//459
f 478//442 479//443 497//461
f 478//442 497//461 496//460
f 479//443 480//444 498//462
f 479//443 498//462 497//461
f 480//444 463//427 481//445
f 480//444 481//445 498//462
f 481//445 482//446 500//464
f 481//445 500//464 499//463
f 482//446 483//447 501//465
f 482//446 501//465 500//464
f 483//447 484//448 502//466
f 483//447 502//466 501//465
f 484//448 485//449 503//467
f 484//448 503//467 502//466
f 485//449 486//450 504//468
f 485//449 504//468 503//467
f 486//450 487//451 505//469
f 486//450 505//469 504//468
f 487//451 488//452 506//470
f 487//451 506//470 505//469
f 488//452 489//453 507//471
f 488//452 507//471 506//470
f 489//453 490//454 508//472
f 489//453 508//472 507//471
f 490//454 491//455 509//473
f 490//454 509//473 508//472
f 491//455 492//456 510//474
f 491//455 510//474 509//473
f 492//456 493//457 511//475
f 492//456 511//475 510//474
f 493//457 494//458 512//476
f 493//457 512//476 511//475
f 494//458 495//459 513//477
f 494//458 513//477 512//476
f 495//459 496//460 514//478
f 495//459 514//478 513//477
f 496//460 497//461 515//479
f 496//460 515//479 514//478
f 497//461 498//462 516//480
f 497//461 516//480 515//479
f 498//462 481//445 499//463
f 498//462 499//463 516//480
f 499//463 500//464 518//482
f 499//463 518//482 517//481
f 500//464 501//465 519//483
f 500//464 519//483 518//482
f 501//465 502//466 520//484
f 501//465 520//484 519//483
f 502//466 503//467 521//485
f 502//466 521//485 520//484
f 503//467 504//468 522//486
f 503//467 522//486 521//485
f 504//468 505//469 523//487
f 504//468 523//487 522//486
f 505//469 506//470 524//488
f 505//469 524//488 523//487
f 506//470 507//471 525//489
f 506//470 525//489 524//488
f 507//471 508//472 526//490
f 507//471 526//490 525//489
f 508//472 509//473 527//491
f 508//472 527//491 526//490
f 509//473 510//474 528//492
f 509//473 528//492 527//491
f 510//474 511//475 529//493
f 510//474 529//493 528//492
f 511//475 512//476 530//494
f 511//475 530//494 529//493
f 512//476 513//477 531//495
f 512//476 531//495 530//494
f 513//477 514//478 532//496
f 513//477 532//496 531//495
f 514//478 515//479 533//497
f 514//478 533//497 532//496
f 515//479 516//480 534//498
f 515//479 534//498 533//497
f 516//480 499//463 517//481
f 516//480 517//481 534//498
f 517//481 518//482 536//500
f 517//481 536//500 535//499
f 518//482 519//483 537//501
f 518//482 537//501 536//500
f 519//483 520//484 538//502
f 519//483 538//502 537//501
f 520//484 521//485 539//503
f 520//484 539//503 538//502
f 521//485 522//486 540//504
f 521//485 540//504 539//503
f 522//486 523//487 541//505
f 522//486 541//505 540//504
f 523//487 524//488 542//506
f 523//487 542//506 541//505
f 524//488 525//489 543//507
f 524//488 543//507 542//506
f 525//489 526//490 544//508
f 525//489 544//508 543//507
f 526//490 527//491 545//509
f 526//490 545//509 544//508
f 527//491 528//492 546//510
f 527//491 546//510 545//509
f 528//492 529//493 547//511
f 528//492 547//511 546//510
f 529//493 530//494 548//512
f 529//493 548//512 547//511
f 530//494 531//495 549//513
f 530//494 549//513 548//512
f 531//495 532//496 550//514
f 531//495 550//514 549//513
f 532//496 533//497 551//515
f 532//496 551//515 550//514
f 533//497 534//498 552//516
f 533//497 552//516 551//515
f 534//498 517//481 535//499
f 534//498 535//499 552//516
f 535//499 536//500 554//518
f 535//499 554//518 553//517
f 536//500 537//501 555//519
f 536//500 555//519 554//518
f 537//501 538//502 556//520
f 537//501 556//520 555//519
f 538//502 539//503 557//521
f 538//502 557//521 556//520
f 539//503 540//504 558//522
f 539//503 558//522 557//521
f 540//504 541//505 559//523
f 540//504 559//523 558//522
f 541//505 542//506 560//524
f 541//505 560//524 559//523
f 542//506 543//507 561//525
f 542//506 561//525 560//524
f 543//507 544//508 562//526
f 543//507 562//526 561//525
f 544//508 545//509 563//527
f 544//508 563//527 562//526
f 545//509 546//510 564//528
f 545//509 564//528 563//527
f 546//510 547//511 565//529
f 546//510 565//529 564//528
f 547//511 548//512 566//530
f 547//511 566//530 565//529
f 548//512 549//513 567//531
f 548//512 567//531 566//530
f 549//513 550//514 568//532
f 549//513 568//532 567//531
f 550//514 551//515 569//533
f 550//514 569//533 568//532
f 551//515 552//516 570//534
f 551//515 570//534 569//533
f 552//516 535//499 553//517
f 552//516 553//517 570//534
f 553//517 554//518 572//536
f 553//517 572//536 571//535
f 554//518 555//519 573//537
f 554//518 573//537 572//536
f 555//519 556//520 574//538
f 555//519 574//538 573//537
f 556//520 557//521 575//539
f 556//520 575//539 574//538
f 557//521 558//522 576//540
f 557//521 576//540 575//539
f 558//522 559//523 577//541
f 558//522 577//541 576//540
f 559//523 560//524 578//542
f 559//523 578//542 577//541
f 560//524 561//525 579//543
f 560//524 579//543 578//542
f 561//525 562//526 580//544
f 561//525 580//544 579//543
f 562//526 563//527 581//545
f 562//526 581//545 580//544
f 563//527 564//528 582//546
f 563//527 582//546 581//545
f 564//528 565//529 583//547
f 564//528 583//547 582//546
f 565//529 566//530 584//548
f 565//529 584//548 583//547
f 566//530 567//531 585//549
f 566//530 585//549 584//548
f 567//531 568//532 586//550
f 567//531 586//550 585//549
f 568//532 569//533 587//551
f 568//532 587//551 586//550
f 569//533 570//534 588//552
f 569//533 588//552 587//551
f 570//534 553//517 571//535
f 570//534 571//535 588//552
f 571//535 572//536 590//554
f 571//535 590//554 589//553
f 572//536 573//537 591//555
f 572//536 591//555 590//554
f 573//537 574//538 592//556
f 573//537 592//556 591//555
f 574//538 575//539 593//557
f 574//538 593//557 592//556
f 575//539 576//540 594//558
f 575//539 594//558 593//557
f 576//540 577//541 595//559
f 576//540 595//559 594//558
f 577//541 578//542 596//560
f 577//541 596//560 595//559
f 578//542 579//543 597//561
f 578//542 597//561 596//560
f 579//543 580//544 598//562
f 579//543 598//562 597//561
f 580//544 581//545 599//563
f 580//544 599//563 598//562
f 581//545 582//546 600//564
f 581//545 600//564 599//563
f 582//546 583//547 601//565
f 582//546 601//565 600//564
f 583//547 584//548 602//566
f 583//547 602//566 601//565
f 584//548 585//549 603//567
f 584//548 603//567 602//566
f 585//549 586//550 604//568
f 585//549 604//568 603//567
f 586//550 587//551 605//569
f 586//550 605//569 604//568
f 587//551 588//552 606//570
f 587//551 606//570 605//569
f 588//552 571//535 589//553
f 588//552 589//553 606//570
f 589//553 590//554 608//572
f 589//553 608//572 607//571
f 590//554 591//555 609//573
f 590//554 609//573 608//572
f 591//555 592//556 610//574
f 591//555 610//574 609//573
f 592//556 593//557 611//575
f 592//556 611//575 610//574
f 593//557 594//558 612//576
f 593//557 612//576 611//575
f 594//558 595//559 613//577
f 594//558 613//577 612//576
f 595//559 596//560 614//578
f 595//559 614//578 613//577
f 596//560 597//561 615//579
f 596//560 615//579 614//578
f 597//561 598//562 616//580
f 597//561 616//580 615//579
f 598//562 599//563 617//581
f 598//562 617//581 616//580
f 599//563 600//564 618//582
f 599//563 618//582 617//581
f 600//564 601//565 619//583
f 600//564 619//583 618//582
f 601//565 602//566 620//584
f 601//565 620//584 619//583
f 602//566 603//567 621//585
f 602//566 621//585 620//584
f 603//567 604//568 622//586
f 603//567 622//586 621//585
f 604//568 605//569 623//587
f 604//568 623//587 622//586
f 605//569 606//570 624//588
f 605//569 624//588 623//587
f 606//570 589//553 607//571
f 606//570 607//571 624//588
f 607//571 608//572 626//590
f 608//572 609//573 627//591
f 609//573 610//574 628//592
f 610//574 611//575 629//593
f 611//575 612//576 630//594
f 612//576 613//577 631//595
f 613//577 614//578 632//596
f 614//578 615//579 633//597
f 615//579 616//580 634//598
f 616//580 617//581 635//599
f 617//581 618//582 636//600
f 618//582 619//583 637//601
f 619//583 620//584 638//602
f 620//584 621//585 639//603
f 621//585 622//586 640//604
f 622//586 623//587 641//605
f 623//587 624//588 642//606
f 624//588 607//571 625//589
f 643//607 662//626 661//625
f 644//608 663//627 662//626
f 645//609 664//628 663//627
f 646//610 665//629 664//628
f 647//611 666//630 665//629
f 648//612 667//631 666//630
f 649//613 668//632 667//631
f 650//614 669//633 668//632
f 651//615 670//634 669//633
f 652//616 671//635 670//634
f 653//617 672//636 671//635
f 654//618 673//637 672//636
f 655//619 674//638 673//637
f 656//620 675//639 674//638
f 657//621 676//640 675//639
f 658//622 677//641 676//640
f 659//623 678//642 677//641
f 660//624 661//625 678//642
f 661//625 662//626 680//644
f 661//625 680//644 679//643
f 662//626 663//627 681//645
f 662//626 681//645 680//644
f 663//627 664//628 682//646
f 663//627 682//646 681//645
f 664//628 665//629 683//647
f 664//628 683//647 682//646
f 665//629 666//630 684//648
f 665//629 684//648 683//647
f 666//630 667//631 685//649
f 666//630 685//649 684//648
f 667//631 668//632 686//650
f 667//631 686//650 685//649
f 668//632 669//633 687//651
f 668//632 687//651 686//650
f 669//633 670//634 688//652
f 669//633 688//652 687//651
f 670//634 671//635 689//653
f 670//634 689//653 688//652
f 671//635 672//636 690//654
f 671//635 690//654 689//653
f 672//636 673//637 691//655
f 672//636 691//655 690//654
f 673//637 674//638 692//656
f 673//637 692//656 691//655
f 674//638 675//639 693//657
f 674//638 693//657 692//656
f 675//639 676//640 694//658
f 675//639 694//658 693//657
f 676//640 677//641 695//659
f 676//640 695//659 694//658
f 677//641 678//642 696//660
f 677//641 696//660 695//659
f 678//642 661//625 679//643
f 678//642 679//643 696//660
f 679//643 680//644 698//662
f 679//643 698//662 697//661
f 680//644 681//645 699//663
f 680//644 699//663 698//662
f 681//645 682//646 700//664
f 681//645 700//664 699//663
f 682//646 683//647 701//665
f 682//646 701//665 700//664
f 683//647 684//648 702//666
f 683//647 702//666 701//665
f 684//648 685//649 703//667
f 684//648 703//667 702//666
f 685//649 686//650 704//668
f 685//649 704//668 703//667
f 686//650 687//651 705//669
f 686//650 705//669 704//668
f 687//651 688//652 706//670
f 687//651 706//670 705//669
f 688//652 689//653 707//671
f 688//652 707//671 706//670
f 689//653 690//654 708//672
f 689//653 708//672 707//671
f 690//654 691//655 709//673
f 690//654 709//673 708//672
f 691//655 692//656 710//674
f 691//655 710//674 709//673
f 692//656 693//657 711//675
f 692//656 711//675 710//674
f 693//657 694//658 712//676
f 693//657 712//676 711//675
f 694//658 695//659 713//677
f 694//658 713//677 712//676
f 695//659 696//660 714//678
f 695//659 714//678 713//677
f 696//660 679//643 697//661
f 696//660 697//661 714//678
f 697//661 698//662 716//680
f 697//661 716//680 715//679
f 698//662 699//663 717//681
f 698//662 717//681 716//680
f 699//663 700//664 718//682
f 699//663 718//682 717//681
f 700//664 701//665 719//683
f 700//664 719//683 718//682
f 701//665 702//666 720//684
f 701//665 720//684 719//683
f 702//666 703//667 721//685
f 702//666 721//685 720//684
f 703//667 704//668 722//686
f 703//667 722//686 721//685
f 704//668 705//669 723//687
f 704//668 723//687 722//686
f 705//669 706//670 724//688
f 705//669 724//688 723//687
f 706//670 707//671 725//689
f 706//670 725//689 724//688
f 707//671 708//672 726//690
f 707//671 726//690 725//689
f 708//672 709//673 727//691
f 708//672 727//691 726//690
f 709//673 710//674 728//692
f 709//673 728//692 727//691
f 710//674 711//675 729//693
f 710//674 729//693 728//692
f 711//675 712//676 730//694
f 711//675 730//694 729//693
f 712//676 713//677 731//695
f 712//676 731//695 730//694
f 713//677 714//678 732//696
f 713//677 732//696 731//695
f 714//678 697//661 715//679
f 714//678 715//679 732//696
f 715//679 716//680 734//698
f 715//679 734//698 733//697
f 716//680 717//681 735//699
f 716//680 735//699 734//698
f 717//681 718//682 736//700
f 717//681 736//700 735//699
f 718//682 719//683 737//701
f 718//682 737//701 736//700
f 719//683 720//684 738//702
f 719//683 738//702 737//701
f 720//684 721//685 739//703
f 720//684 739//703 738//702
f 721//685 722//686 740//704
f 721//685 740//704 739//703
f 722//686 723//687 741//705
f 722//686 741//705 740//704
f 723//687 724//688 742//706
f 723//687 742//706 741//705
f 724//688 725//689 743//707
f 724//688 743//707 742//706
f 725//689 726//690 744//708
f 725//689 744//708 743//707
f 726//690 727//691 745//709
f 726//690 745//709 744//708
f 727//691 728//692 746//710
f 727//691 746//710 745//709
f 728//692 729//693 747//711
f 728//692 747//711 746//710
f 729//693 730//694 748//712
f 729//693 748//712 747//711
f 730//694 731//695 749//713
f 730//694 749//713 748//712
f 731//695 732//696 750//714
f 731//695 750//714 749//713
f 732//696 715//679 733//697
f 732//696 733//697 750//714
f 733//697 734//698 752//716
f 733//697 752//716 751//715
f 734//698 735//699 753//717
f 734//698 753//717 752//716
f 735//699 736//700 754//718
f 735//699 754//718 753//717
f 736//700 737//701 755//719
f 736//700 755//719 754//718
f 737//701 738//702 756//720
f 737//701 756//720 755//719
f 738//702 739//703 757//721
f 738//702 757//721 756//720
f 739//703 740//704 758//722
f 739//703 758//722 757//721
f 740//704 741//705 759//723
f 740//704 759//723 758//722
f 741//705 742//706 760//724
f 741//705 760//724 759//723
f 742//706 743//707 761//725
f 742//706 761//725 760//724
f 743//707 744//708 762//726
f 743//707 762//726 761//725
f 744//708 745//709 763//727
f 744//708 763//727 762//726
f 745//709 746//710 764//728
f 745//709 764//728 763//727
f 746//710 747//711 765//729
f 746//710 765//729 764//728
f 747//711 748//712 766//730
f 747//711 766//730 765//729
f 748//712 749//713 767//731
f 748//712 767//731 766//730
f 749//713 750//714 768//732
f 749//713 768//732 767//731
f 750//714 733//697 751//715
f 750//714 751//715 768//732
f 751//715 752//716 770//734
f 751//715 770//734 769//733
f 752//716 753//717 771//735
f 752//716 771//735 770//734
f 753//717 754//718 772//736
f 753//717 772//736 771//735
f 754//718 755//719 773//737
f 754//718 773//737 772//736
f 755//719 756//720 774//738
f 755//719 774//738 773//737
f 756//720 757//721 775//739
f 756//720 775//739 774//738
f 757//721 758//722 776//740
f 757//721 776//740 775//739
f 758//722 759//723 777//741
f 758//722 777//741 776//740
f 759//723 760//724 778//742
f 759//723 778//742 777//741
f 760//724 761//725 779//743
f 760//724 779//743 778//742
f 761//725 762//726 780//744
f 761//725 780//744 779//743
f 762//726 763//727 781//745
f 762//726 781//745 780//744
f 763//727 764//728 782//746
f 763//727 782//746 781//745
f 764//728 765//729 783//747
f 764//728 783//747 782//746
f 765//729 766//730 784//748
f 765//729 784//748 783//747
f 766//730 767//731 785//749
f 766//730 785//749 784//748
f 767//731 768//732 786//750
f 767//731 786//750 785//749
f 768//732 751//715 769//733
f 768//732 769//733 786//750
f 769//733 770//734 788//752
f 769//733 788//752 787//751
f 770//734 771//735 789//753
f 770//734 789//753 788//752
f 771//735 772//736 790//754
f 771//735 790//754 789//753
f 772//736 773//737 791//755
f 772//736 791//755 790//754
f 773//737 774//738 792//756
f 773//737 792//756 791//755
f 774//738 775//739 793//757
f 774//738 793//757 792//756
f 775//739 776//740 794//758
f 775//739 794//758 793//757
f 776//740 777//741 795//759
f 776//740 795//759 794//758
f 777//741 778//742 796//760
f 777//741 796//760 795//759
f 778//742 779//743 797//761
f 778//742 797//761 796//760
f 779//743 780//744 798//762
f 779//743 798//762 797//761
f 780//744 781//745 799//763
f 780//744 799//763 798//762
f 781//745 782//746 800//764
f 781//745 800//764 799//763
f 782//746 783//747 801//765
f 782//746 801//765 800//764
f 783//747 784//748 802//766
f 783//747 802//766 801//765
f 784//748 785//749 803//767
f 784//748 803//767 802//766
f 785//749 786//750 804//768
f 785//749 804//768 803//767
f 786//750 769//733 787//751
f 786//750 787//751 804//768
f 787//751 788//752 806//770
f 787//751 806//770 805//769
f 788//752 789//753 807//771
f 788//752 807//771 806//770
f 789//753 790//754 808//772
f 789//753 808//772 807//771
f 790//754 791//755 809//773
f 790//754 809//773 808//772
f 791//755 792//756 810//774
f 791//755 810//774 809//773
f 792//756 793//757 811//775
f 792//756 811//775 810//774
f 793//757 794//758 812//776
f 793//757 812//776 811//775
f 794//758 795//759 813//777
f 794//758 813//777 812//776
f 795//759 796//760 814//778
f 795//759 814//778 813//777
f 796//760 797//761 815//779
f 796//760 815//779 814//778
f 797//761 798//762 816//780
f 797//761 816//780 815//779
f 798//762 799//763 817//781
f 798//762 817//781 816//780
f 799//763 800//764 818//782
f 799//763 818//782 817//781
f 800//764 801//765 819//783
f 800//764 819//783 818//782
f 801//765 802//766 820//784
f 801//765 820//784 819//783
f 802//766 803//767 821//785
f 802//766 821//785 820//784
f 803//767 804//768 822//786
f 803//767 822//786 821//785
f 804//768 787//751 805//769
f 804//768 805//769 822//786
f 805//769 806//770 824//788
f 806//770 807//771 825//789
f 807//771 808//772 826//790
f 808//772 809//773 827//791
f 809//773 810//774 828//792
f 810//774 811//775 829//793
f 811//775 812//776 830//794
f 812//776 813//777 831//795
f 813//777 814//778 832//796
f 814//778 815//779 833//797
f 815//779 816//780 834//798
f 816//780 817//781 835//799
f 817//781 818//782 836//800
f 818//782 819//783 837//801
f 819//783 820//784 838//802
f 820//784 821//785 839//803
f 821//785 822//786 840//804
f 822//786 805//769 823//787
f 841//805 842//805 843//805
f 841//805 843//805 844//805
f 845//806 846//806 847//806
f 845//806 847//806 848//806
f 849//807 850//807 851//807
f 849//807 851//807 852//807
f 853//808 854//808 855//808
f 853//808 855//808 856//808
f 857//809 858//809 859//809
f 857//809 859//809 860//809
f 861//810 862//810 863//810
f 861//810 863//810 864//810
f 865//811 878//824 877//823
f 866//812 879//825 878//824
f 867//813 880//826 879//825
f 868//814 881//827 880//826
f 869//815 882//828 881//827
f 870//816 883//829 882//828
f 871//817 884//830 883//829
f 872//818 885//831 884//830
f 873//819 886//832 885//831
f 874//820 887//833 886//832
f 875//821 888//834 887//833
f 876//822 877//823 888//834
f 877//823 878//824 890//836
f 877//823 890//836 889//835
f 878//824 879//825 891//837
f 878//824 891//837 890//836
f 879//825 880//826 892//838
f 879//825 892//838 891//837
f 880//826 881//827 893//839
f 880//826 893//839 892//838
f 881//827 882//828 894//840
f 881//827 894//840 893//839
f 882//828 883//829 895//841
f 882//828 895//841 894//840
f 883//829 884//830 896//842
f 883//829 896//842 895//841
f 884//830 885//831 897//843
f 884//830 897//843 896//842
f 885//831 886//832 898//844
f 885//831 898//844 897//843
f 886//832 887//833 899//845
f 886//832 899//845 898//844
f 887//833 888//834 900//846
f 887//833 900//846 899//845
f 888//834 877//823 889//835
f 888//834 889//835 900//846
f 889//835 890//836 902//848
f 889//835 902//848 901//847
f 890//836 891//837 903//849
f 890//836 903//849 902//848
f 891//837 892//838 904//850
f 891//837 904//850 903//849
f 892//838 893//839 905//851
f 892//838 905//851 904//850
f 893//839 894//840 906//852
f 893//839 906//852 905//851
f 894//840 895//841 907//853
f 894//840 907//853 906//852
f 895//841 896//842 908//854
f 895//841 908//854 907//853
f 896//842 897//843 909//855
f 896//842 909//855 908//854
f 897//843 898//844 910//856
f 897//843 910//856 909//855
f 898//844 899//845 911//857
f 898//844 911//857 910//856
f 899//845 900//846 912//858
f 899//845 912//858 911//857
f 900//846 889//835 901//847
f 900//846 901//847 912//858
f 901//847 902//848 914//860
f 901//847 914//860 913//859
f 902//848 903//849 915//861
f 902//848 915//861 914//860
f 903//849 904//850 916//862
f 903//849 916//862 915//861
f 904//850 905//851 917//863
f 904//850 917//863 916//862
f 905//851 906//852 918//864
f 905//851 918//864 917//863
f 906//852 907//853 919//865
f 906//852 919//865 918//864
f 907//853 908//854 920//866
f 907//853 920//866 919//865
f 908//854 909//855 921//867
f 908//854 921//867 920//866
f 909//855 910//856 922//868
f 909//855 922//868 921//867
f 910//856 911//857 923//869
f 910//856 923//869 922//868
f 911//857 912//858 924//870
f 911//857 924//870 923//869
f 912//858 901//847 913//859
f 912//858 913//859 924//870
f 913//859 914//860 926//872
f 913//859 926//872 925//871
f 914//860 915//861 927//873
f 914//860 927//873 926//872
f 915//861 916//862 928//874
f 915//861 928//874 927//873
f 916//862 917//863 929//875
f 916//862 929//875 928//874
f 917//863 918//864 930//876
f 917//863 930//876 929//875
f 918//864 919//865 931//877
f 918//864 931//877 930//876
f 919//865 920//866 932//878
f 919//865 932//878 931//877
f 920//866 921//867 933//879
f 920//866 933//879 932//878
f 921//867 922//868 934//880
f 921//867 934//880 933//879
f 922//868 923//869 935//881
f 922//868 935//881 934//880
f 923//869 924//870 936//882
f 923//869 936//882 935//881
f 924//870 913//859 925//871
f 924//870 925//871 936//882
f 925//871 926//872 938//884
f 925//871 938//884 937//883
f 926//872 927//873 939//885
f 926//872 939//885 938//884
f 927//873 928//874 940//886
f 927//873 940//886 939//885
f 928//874 929//875 941//887
f 928//874 941//887 940//886
f 929//875 930//876 942//888
f 929//875 942//888 941//887
f 930//876 931//877 943//889
f 930//876 943//889 942//888
f 931//877 932//878 944//890
f 931//877 944//890 943//889
f 932//878 933//879 945//891
f 932//878 945//891 944//890
f 933//879 934//880 946//892
f 933//879 946//892 945//891
f 934//880 935//881 947//893
f 934//880 947//893 946//892
f 935//881 936//882 948//894
f 935//881 948//894 947//893
f 936//882 925//871 937//883
f 936//882 937//883 948//894
f 937//883 938//884 950//896
f 937//883 950//896 949//895
f 938//884 939//885 951//897
f 938//884 951//897 950//896
f 939//885 940//886 952//898
f 939//885 952//898 951//897
f 940//886 941//887 953//899
f 940//886 953//899 952//898
f 941//887 942//888 954//900
f 941//887 954//900 953//899
f 942//888 943//889 955//901
f 942//888 955//901 954//900
f 943//889 944//890 956//902
f 943//889 956//902 955//901
f 944//890 945//891 957//903
f 944//890 957//903 956//902
f 945//891 946//892 958//904
f 945//891 958//904 957//903
f 946//892 947//893 959//905
f 946//892 959//905 958//904
f 947//893 948//894 960//906
f 947//893 960//906 959//905
f 948//894 937//883 949//895
f 948//894 949//895 960//906
f 949//895 950//896 962//908
f 950//896 951//897 963//909
f 951//897 952//898 964//910
f 952//898 953//899 965//911
f 953//899 954//900 966//912
f 954//900 955//901 967//913
f 955//901 956//902 968//914
f 956//902 957//903 969//915
f 957//903 958//904 970//916
f 958//904 959//905 971//917
f 959//905 960//906 972//918
f 960//906 949//895 961//907
f 973//919 986//932 985//931
f 974//920 987//933 986//932
f 975//921 988//934 987//933
f 976//922 989//935 988//934
f 977//923 990//936 989//935
f 978//924 991//937 990//936
f 979//925 992//938 991//937
f 980//926 993//939 992//938
f 981//927 994//940 993//939
f 982//928 995//941 994//940
f 983//929 996//942 995//941
f 984//930 985//931 996//942
f 985//931 986//932 998//944
f 985//931 998//944 997//943
f 986//932 987//933 999//945
f 986//932 999//945 998//944
f 987//933 988//934 1000//946
f 987//933 1000//946 999//945
f 988//934 989//935 1001//947
f 988//934 1001//947 1000//946
f 989//935 990//936 1002//948
f 989//935 1002//948 1001//947
f 990//936 991//937 1003//949
f 990//936 1003//949 1002//948
f 991//937 992//938 1004//950
f 991//937 1004//950 1003//949
f 992//938 993//939 1005//951
f 992//938 1005//951 1004//950
f 993//939 994//940 1006//952
f 993//939 1006//952 1005//951
f 994//940 995//941 1007//953
f 994//940 1007//953 1006//952
f 995//941 996//942 1008//954
f 995//941 1008//954 1007//953
f 996//942 985//931 997//943
f 996//942 997//943 1008//954
f 997//943 998//944 1010//956
f 997//943 1010//956 1009//955
f 998//944 999//945 1011//957
f 998//944 1011//957 1010//956
f 999//945 1000//946 1012//958
f 999//945 1012//958 1011//957
f 1000//946 1001//947 1013//959
f 1000//946 1013//959 1012//958
f 1001//947 1002//948 1014//960
f 1001//947 1014//960 1013//959
f 1002//948 1003//949 1015//961
f 1002//948 1015//961 1014//960
f 1003//949 1004//950 1016//962
f 1003//949 1016//962 1015//961
f 1004//950 1005//951 1017//963
f 1004//950 1017//963 1016//962
f 1005//951 1006//952 1018//964
f 1005//951 1018//964 1017//963
f 1006//952 1007//953 1019//965
f 1006//952 1019//965 1018//964
f 1007//953 1008//954 1020//966
f 1007//953 1020//966 1019//965
f 1008//954 997//943 1009//955
f 1008//954 1009//955 1020//966
f 1009//955 1010//956 1022//968
f 1009//955 1022//968 1021//967
f 1010//956 1011//957 1023//969
f 1010//956 1023//969 1022//968
f 1011//957 1012//958 1024//970
f 1011//957 1024//970 1023//969
f 1012//958 1013//959 1025//971
f 1012//958 1025//971 1024//970
f 1013//959 1014//960 1026//972
f 1013//959 1026//972 1025//971
f 1014//960 1015//961 1027//973
f 1014//960 1027//973 1026//972
f 1015//961 1016//962 1028//974
f 1015//961 1028//974 1027//973
f 1016//962 1017//963 1029//975
f 1016//962 1029//975 1028//974
f 1017//963 1018//964 1030//976
f 1017//963 1030//976 1029//975
f 1018//964 1019//965 1031//977
f 1018//964 1031//977 1030//976
f 1019//965 1020//966 1032//978
f 1019//965 1032//978 1031//977
f 1020//966 1009//955 1021//967
f 1020//966 1021//967 1032//978
f 1021//967 1022//968 1034//980
f 1021//967 1034//980 1033//979
f 1022//968 1023//969 1035//981
f 1022//968 1035//981 1034//980
f 1023//969 1024//970 1036//982
f 1023//969 1036//982 1035//981
f 1024//970 1025//971 1037//983
f 1024//970 1037//983 1036//982
f 1025//971 1026//972 1038//984
f 1025//971 1038//984 1037//983
f 1026//972 1027//973 1039//985
f 1026//972 1039//985 1038//984
f 1027//973 1028//974 1040//986
f 1027//973 1040//986 1039//985
f 1028//974 1029//975 1041//987
f 1028//974 1041//987 1040//986
f 1029//975 1030//976 1042//988
f 1029//975 1042//988 1041//987
f 1030//976 1031//977 1043//989
f 1030//976 1043//989 1042//988
f 1031//977 1032//978 1044//990
f 1031//977 1044//990 1043//989
f 1032//978 1021//967 1033//979
f 1032//978 1033//979 1044//990
f 1033//979 1034//980 1046//992
f 1033//979 1046//992 1045//991
f 1034//980 1035//981 1047//993
f 1034//980 1047//993 1046//992
f 1035//981 1036//982 1048//994
f 1035//981 1048//994 1047//993
f 1036//982 1037//983 1049//995
f 1036//982 1049//995 1048//994
f 1037//983 1038//984 1050//996
f 1037//983 1050//996 1049//995
f 1038//984 1039//985 1051//997
f 1038//984 1051//997 1050//996
f 1039//985 1040//986 1052//998
f 1039//985 1052//998 1051//997
f 1040//986 1041//987 1053//999
f 1040//986 1053//999 1052//998
f 1041//987 1042//988 1054//1000
f 1041//987 1054//1000 1053//999
f 1042//988 1043//989 1055//1001
f 1042//988 1055//1001 1054//1000
f 1043//989 1044//990 1056//1002
f 1043//989 1056//1002 1055//1001
f 1044//990 1033//979 1045//991
f 1044//990 1045//991 1056//1002
f 1045//991 1046//992 1058//1004
f 1045//991 1058//1004 1057//1003
f 1046//992 1047//993 1059//1005
f 1046//992 1059//1005 1058//1004
f 1047//993 1048//994 1060//1006
f 1047//993 1060//1006 1059//1005
f 1048//994 1049//995 1061//1007
f 1048//994 1061//1007 1060//1006
f 1049//995 1050//996 1062//1008
f 1049//995 1062//1008 1061//1007
f 1050//996 1051//997 1063//1009
f 1050//996 1063//1009 1062//1008
f 1051//997 1052//998 1064//1010
f 1051//997 1064//1010 1063//1009
f 1052//998 1053//999 1065//1011
f 1052//998 1065//1011 1064//1010
f 1053//999 1054//1000 1066//1012
f 1053//999 1066//1012 1065//1011
f 1054//1000 1055//1001 1067//1013
f 1054//1000 1067//1013 1066//1012
f 1055//1001 1056//1002 1068//1014
f 1055//1001 1068//1014 1067//1013
f 1056//1002 1045//991 1057//1003
f 1056//1002 1057//1003 1068//1014
f 1057//1003 1058//1004 1070//1016
f 1058//1004 1059//1005 1071//1017
f 1059//1005 1060//1006 1072//1018
f 1060//1006 1061//1007 1073//1019
f 1061//1007 1062//1008 1074//1020
f 1062//1008 1063//1009 1075//1021
f 1063//1009 1064//1010 1076//1022
f 1064//1010 1065//1011 1077//1023
f 1065//1011 1066//1012 1078//1024
f 1066//1012 1067//1013 1079//1025
f 1067//1013 1068//1014 1080//1026
f 1068//1014 1057//1003 1069//1015
f 1081//1027 1092//1038 1091//1037
f 1082//1028 1093//1039 1092//1038
f 1083//1029 1094//1040 1093//1039
f 1084//1030 1095//1041 1094//1040
f 1085//1031 1096//1042 1095//1041
f 1086//1032 1097//1043 1096//1042
f 1087//1033 1098//1044 1097//1043
f 1088//1034 1099//1045 1098//1044
f 1089//1035 1100//1046 1099//1045
f 1090//1036 1091//1037 1100//1046
f 1091//1037 1092//1038 1102//1048
f 1091//1037 1102//1048 1101//1047
f 1092//1038 1093//1039 1103//1049
f 1092//1038 1103//1049 1102//1048
f 1093//1039 1094//1040 1104//1050
f 1093//1039 1104//1050 1103//1049
f 1094//1040 1095//1041 1105//1051
f 1094//1040 1105//1051 1104//1050
f 1095//1041 1096//1042 1106//1052
f 1095//1041 1106//1052 1105//1051
f 1096//1042 1097//1043 1107//1053
f 1096//1042 1107//1053 1106//1052
f 1097//1043 1098//1044 1108//1054
f 1097//1043 1108//1054 1107//1053
f 1098//1044 1099//1045 1109//1055
f 1098//1044 1109//1055 1108//1054
f 1099//1045 1100//1046 1110//1056
f 1099//1045 1110//1056 1109//1055
f 1100//1046 1091//1037 1101//1047
f 1100//1046 1101//1047 1110//1056
f 1101//1047 1102//1048 1112//1058
f 1101//1047 1112//1058 1111//1057
f 1102//1048 1103//1049 1113//1059
f 1102//1048 1113//1059 1112//1058
f 1103//1049 1104//1050 1114//1060
f 1103//1049 1114//1060 1113//1059
f 1104//1050 1105//1051 1115//1061
f 1104//1050 1115//1061 1114//1060
f 1105//1051 1106//1052 1116//1062
f 1105//1051 1116//1062 1115//1061
f 1106//1052 1107//1053 1117//1063
f 1106//1052 1117//1063 1116//1062
f 1107//1053 1108//1054 1118//1064
f 1107//1053 1118//1064 1117//1063
f 1108//1054 1109//1055 1119//1065
f 1108//1054 1119//1065 1118//1064
f 1109//1055 1110//1056 1120//1066
f 1109//1055 1120//1066 1119//1065
f 1110//1056 1101//1047 1111//1057
f 1110//1056 1111//1057 1120//1066
f 1111//1057 1112//1058 1122//1068
f 1111//1057 1122//1068 1121//1067
f 1112//1058 1113//1059 1123//1069
f 1112//1058 1123//1069 1122//1068
f 1113//1059 1114//1060 1124//1070
f 1113//1059 1124//1070 1123//1069
f 1114//1060 1115//1061 1125//1071
f 1114//1060 1125//1071 1124//1070
f 1115//1061 1116//1062 1126//1072
f 1115//1061 1126//1072 1125//1071
f 1116//1062 1117//1063 1127//1073
f 1116//1062 1127//1073 1126//1072
f 1117//1063 1118//1064 1128//1074
f 1117//1063 1128//1074 1127//1073
f 1118//1064 1119//1065 1129//1075
f 1118//1064 1129//1075 1128//1074
f 1119//1065 1120//1066 1130//1076
f 1119//1065 1130//1076 1129//1075
f 1120//1066 1111//1057 1121//1067
f 1120//1066 1121//1067 1130//1076
f 1121//1067 1122//1068 1132//1078
f 1121//1067 1132//1078 1131//1077
f 1122//1068 1123//1069 1133//1079
f 1122//1068 1133//1079 1132//1078
f 1123//1069 1124//1070 1134//1080
f 1123//1069 1134//1080 1133//1079
f 1124//1070 1125//1071 1135//1081
f 1124//1070 1135//1081 1134//1080
f 1125//1071 1126//1072 1136//1082
f 1125//1071 1136//1082 1135//1081
f 1126//1072 1127//1073 1137//1083
f 1126//1072 1137//1083 1136//1082
f 1127//1073 1128//1074 1138//1084
f 1127//1073 1138//1084 1137//1083
f 1128//1074 1129//1075 1139//1085
f 1128//1074 1139//1085 1138//1084
f 1129//1075 1130//1076 1140//1086
f 1129//1075 1140//1086 1139//1085
f 1130//1076 1121//1067 1131//1077
f 1130//1076 1131//1077 1140//1086
f 1131//1077 1132//1078 1142//1088
f 1132//1078 1133//1079 1143//1089
f 1133//1079 1134//1080 1144//1090
f 1134//1080 1135//1081 1145//1091
f 1135//1081 1136//1082 1146//1092
f 1136//1082 1137//1083 1147//1093
f 1137//1083 1138//1084 1148//1094
f 1138//1084 1139//1085 1149//1095
f 1139//1085 1140//1086 1150//1096
f 1140//1086 1131//1077 1141//1087
f 1151//1097 1152//1097 1153//1097
f 1151//1097 1153//1097 1154//1097
f 1155//1098 1156//1098 1157//1098
f 1155//1098 1157//1098 1158//1098
f 1159//1099 1160//1099 1161//1099
f 1159//1099 1161//1099 1162//1099
f 1163//1100 1164//1100 1165//1100
f 1163//1100 1165//1100 1166//1100
f 1167//1101 1168//1101 1169//1101
f 1167//1101 1169//1101 1170//1101
f 1171//1102 1172//1102 1173//1102
f 1171//1102 1173//1102 1174//1102
f 1175//1103 1188//1116 1187//1115
f 1176//1104 1189//1117 1188//1116
f 1177//1105 1190//1118 1189//1117
f 1178//1106 1191//1119 1190//1118
f 1179//1107 1192//1120 1191//1119
f 1180//1108 1193//1121 1192//1120
f 1181//1109 1194//1122 1193//1121
f 1182//1110 1195//1123 1194//1122
f 1183//1111 1196//1124 1195//1123
f 1184//1112 1197//1125 1196//1124
f 1185//1113 1198//1126 1197//1125
f 1186//1114 1187//1115 1198//1126
f 1187//1115 1188//1116 1200//1128
f 1187//1115 1200//1128 1199//1127
f 1188//1116 1189//1117 1201//1129
f 1188//1116 1201//1129 1200//1128
f 1189//1117 1190//1118 1202//1130
f 1189//1117 1202//1130 1201//1129
f 1190//1118 1191//1119 1203//1131
f 1190//1118 1203//1131 1202//1130
f 1191//1119 1192//1120 1204//1132
f 1191//1119 1204//1132 1203//1131
f 1192//1120 1193//1121 1205//1133
f 1192//1120 1205//1133 1204//1132
f 1193//1121 1194//1122 1206//1134
f 1193//1121 1206//1134 1205//1133
f 1194//1122 1195//1123 1207//1135
f 1194//1122 1207//1135 1206//1134
f 1195//1123 1196//1124 1208//1136
f 1195//1123 1208//1136 1207//1135
f 1196//1124 1197//1125 1209//1137
f 1196//1124 1209//1137 1208//1136
f 1197//1125 1198//1126 1210//1138
f 1197//1125 1210//1138 1209//1137
f 1198//1126 1187//1115 1199//1127
f 1198//1126 1199//1127 1210//1138
f 1199//1127 1200//1128 1212//1140
f 1199//1127 1212//1140 1211//1139
f 1200//1128 1201//1129 1213//1141
f 1200//1128 1213//1141 1212//1140
f 1201//1129 1202//1130 1214//1142
f 1201//1129 1214//1142 1213//1141
f 1202//1130 1203//1131 1215//1143
f 1202//1130 1215//1143 1214//1142
f 1203//1131 1204//1132 1216//1144
f 1203//1131 1216//1144 1215//1143
f 1204//1132 1205//1133 1217//1145
f 1204//1132 1217//1145 1216//1144
f 1205//1133 1206//1134 1218//1146
f 1205//1133 1218//1146 1217//1145
f 1206//1134 1207//1135 1219//1147
f 1206//1134 1219//1147 1218//1146
f 1207//1135 1208//1136 1220//1148
f 1207//1135 1220//1148 1219//1147
f 1208//1136 1209//1137 1221//1149
f 1208//1136 1221//1149 1220//1148
f 1209//1137 1210//1138 1222//1150
f 1209//1137 1222//1150 1221//1149
f 1210//1138 1199//1127 1211//1139
f 1210//1138 1211//1139 1222//1150
f 1211//1139 1212//1140 1224//1152
f 1211//1139 1224//1152 1223//1151
f 1212//1140 1213//1141 1225//1153
f 1212//1140 1225//1153 1224//1152
f 1213//1141 1214//1142 1226//1154
f 1213//1141 1226//1154 1225//1153
f 1214//1142 1215//1143 1227//1155
f 1214//1142 1227//1155 1226//1154
f 1215//1143 1216//1144 1228//1156
f 1215//1143 1228//1156 1227//1155
f 1216//1144 1217//1145 1229//1157
f 1216//1144 1229//1157 1228//1156
f 1217//1145 1218//1146 1230//1158
f 1217//1145 1230//1158 1229//1157
f 1218//1146 1219//1147 1231//1159
f 1218//1146 1231//1159 1230//1158
f 1219//1147 1220//1148 1232//1160
f 1219//1147 1232//1160 1231//1159
f 1220//1148 1221//1149 1233//1161
f 1220//1148 1233//1161 1232//1160
f 1221//1149 1222//1150 1234//1162
f 1221//1149 1234//1162 1233//1161
f 1222//1150 1211//1139 1223//1151
f 1222//1150 1223//1151 1234//1162
f 1223//1151 1224//1152 1236//1164
f 1223//1151 1236//1164 1235//1163
f 1224//1152 1225//1153 1237//1165
f 1224//1152 1237//1165 1236//1164
f 1225//1153 1226//1154 1238//1166
f 1225//1153 1238//1166 1237//1165
f 1226//1154 1227//1155 1239//1167
f 1226//1154 1239//1167 1238//1166
f 1227//1155 1228//1156 1240//1168
f 1227//1155 1240//1168 1239//1167
f 1228//1156 1229//1157 1241//1169
f 1228//1156 1241//1169 1240//1168
f 1229//1157 1230//1158 1242//1170
f 1229//1157 1242//1170 1241//1169
f 1230//1158 1231//1159 1243//1171
f 1230//1158 1243//1171 1242//1170
f 1231//1159 1232//1160 1244//1172
f 1231//1159 1244//1172 1243//1171
f 1232//1160 1233//1161 1245//1173
f 1232//1160 1245//1173 1244//1172
f 1233//1161 1234//1162 1246//1174
f 1233//1161 1246//1174 1245//1173
f 1234//1162 1223//1151 1235//1163
f 1234//1162 1235//1163 1246//1174
f 1235//1163 1236//1164 1248//1176
f 1235//1163 1248//1176 1247//1175
f 1236//1164 1237//1165 1249//1177
f 1236//1164 1249//1177 1248//1176
f 1237//1165 1238//1166 1250//1178
f 1237//1165 1250//1178 1249//1177
f 1238//1166 1239//1167 1251//1179
f 1238//1166 1251//1179 1250//1178
f 1239//1167 1240//1168 1252//1180
f 1239//1167 1252//1180 1251//1179
f 1240//1168 1241//1169 1253//1181
f 1240//1168 1253//1181 1252//1180
f 1241//1169 1242//1170 1254//1182
f 1241//1169 1254//1182 1253//1181
f 1242//1170 1243//1171 1255//1183
f 1242//1170 1255//1183 1254//1182
f 1243//1171 1244//1172 1256//1184
f 1243//1171 1256//1184 1255//1183
f 1244//1172 1245//1173 1257//1185
f 1244//1172 1257//1185 1256//1184
f 1245//1173 1246//1174 1258//1186
f 1245//1173 1258//1186 1257//1185
f 1246//1174 1235//1163 1247//1175
f 1246//1174 1247//1175 1258//1186
f 1247//1175 1248//1176 1260//1188
f 1247//1175 1260//1188 1259//1187
f 1248//1176 1249//1177 1261//1189
f 1248//1176 1261//1189 1260//1188
f 1249//1177 1250//1178 1262//1190
f 1249//1177 1262//1190 1261//1189
f 1250//1178 1251//1179 1263//1191
f 1250//1178 1263//1191 1262//1190
f 1251//1179 1252//1180 1264//1192
f 1251//1179 1264//1192 1263//1191
f 1252//1180 1253//1181 1265//1193
f 1252//1180 1265//1193 1264//1192
f 1253//1181 1254//1182 1266//1194
f 1253//1181 1266//1194 1265//1193
f 1254//1182 1255//1183 1267//1195
f 1254//1182 1267//1195 1266//1194
f 1255//1183 1256//1184 1268//1196
f 1255//1183 1268//1196 1267//1195
f 1256//1184 1257//1185 1269//1197
f 1256//1184 1269//1197 1268//1196
f 1257//1185 1258//1186 1270//1198
f 1257//1185 1270//1198 1269//1197
f 1258//1186 1247//1175 1259//1187
f 1258//1186 1259//1187 1270//1198
f 1259//1187 1260//1188 1272//1200
f 1260//1188 1261//1189 1273//1201
f 1261//1189 1262//1190 1274//1202
f 1262//1190 1263//1191 1275//1203
f 1263//1191 1264//1192 1276//1204
f 1264//1192 1265//1193 1277//1205
f 1265//1193 1266//1194 1278//1206
f 1266//1194 1267//1195 1279//1207
f 1267//1195 1268//1196 1280//1208
f 1268//1196 1269//1197 1281//1209
f 1269//1197 1270//1198 1282//1210
f 1270//1198 1259//1187 1271//1199
f 1283//1211 1296//1224 1295//1223
f 1284//1212 1297//1225 1296//1224
f 1285//1213 1298//1226 1297//1225
f 1286//1214 1299//1227 1298//1226
f 1287//1215 1300//1228 1299//1227
f 1288//1216 1301//1229 1300//1228
f 1289//1217 1302//1230 1301//1229
f 1290//1218 1303//1231 1302//1230
f 1291//1219 1304//1232 1303//1231
f 1292//1220 1305//1233 1304//1232
f 1293//1221 1306//1234 1305//1233
f 1294//1222 1295//1223 1306//1234
f 1295//1223 1296//1224 1308//1236
f 1295//1223 1308//1236 1307//1235
f 1296//1224 1297//1225 1309//1237
f 1296//1224 1309//1237 1308//1236
f 1297//1225 1298//1226 1310//1238
f 1297//1225 1310//1238 1309//1237
f 1298//1226 1299//1227 1311//1239
f 1298//1226 1311//1239 1310//1238
f 1299//1227 1300//1228 1312//1240
f 1299//1227 1312//1240 1311//1239
f 1300//1228 1301//1229 1313//1241
f 1300//1228 1313//1241 1312//1240
f 1301//1229 1302//1230 1314//1242
f 1301//1229 1314//1242 1313//1241
f 1302//1230 1303//1231 1315//1243
f 1302//1230 1315//1243 1314//1242
f 1303//1231 1304//1232 1316//1244
f 1303//1231 1316//1244 1315//1243
f 1304//1232 1305//1233 1317//1245
f 1304//1232 1317//1245 1316//1244
f 1305//1233 1306//1234 1318//1246
f 1305//1233 1318//1246 1317//1245
f 1306//1234 1295//1223 1307//1235
f 1306//1234 1307//1235 1318//1246
f 1307//1235 1308//1236 1320//1248
f 1307//1235 1320//1248 1319//1247
f 1308//1236 1309//1237 1321//1249
f 1308//1236 1321//1249 1320//1248
f 1309//1237 1310//1238 1322//1250
f 1309//1237 1322//1250 1321//1249
f 1310//1238 1311//1239 1323//1251
f 1310//1238 1323//1251 1322//1250
f 1311//1239 1312//1240 1324//1252
f 1311//1239 1324//1252 1323//1251
f 1312//1240 1313//1241 1325//1253
f 1312//1240 1325//1253 1324//1252
f 1313//1241 1314//1242 1326//1254
f 1313//1241 1326//1254 1325//1253
f 1314//1242 1315//1243 1327//1255
f 1314//1242 1327//1255 1326//1254
f 1315//1243 1316//1244 1328//1256
f 1315//1243 1328//1256 1327//1255
f 1316//1244 1317//1245 1329//1257
f 1316//1244 1329//1257 1328//1256
f 1317//1245 1318//1246 1330//1258
f 1317//1245 1330//1258 1329//1257
f 1318//1246 1307//1235 1319//1247
f 1318//1246 1319//1247 1330//1258
f 1319//1247 1320//1248 1332//1260
f 1319//1247 1332//1260 1331//1259
f 1320//1248 1321//1249 1333//1261
f 1320//1248 1333//1261 1332//1260
f 1321//1249 1322//1250 1334//1262
f 1321//1249 1334//1262 1333//1261
f 1322//1250 1323//1251 1335//1263
f 1322//1250 1335//1263 1334//1262
f 1323//1251 1324//1252 1336//1264
f 1323//1251 1336//1264 1335//1263
f 1324//1252 1325//1253 1337//1265
f 1324//1252 1337//1265 1336//1264
f 1325//1253 1326//1254 1338//1266
f 1325//1253 1338//1266 1337//1265
f 1326//1254 1327//1255 1339//1267
f 1326//1254 1339//1267 1338//1266
f 1327//1255 1328//1256 1340//1268
f 1327//1255 1340//1268 1339//1267
f 1328//1256 1329//1257 1341//1269
f 1328//1256 1341//1269 1340//1268
f 1329//1257 1330//1258 1342//1270
f 1329//1257 1342//1270 1341//1269
f 1330//1258 1319//1247 1331//1259
f 1330//1258 1331//1259 1342//1270
f 1331//1259 1332//1260 1344//1272
f 1331//1259 1344//1272 1343//1271
f 1332//1260 1333//1261 1345//1273
f 1332//1260 1345//1273 1344//1272
f 1333//1261 1334//1262 1346//1274
f 1333//1261 1346//1274 1345//1273
f 1334//1262 1335//1263 1347//1275
f 1334//1262 1347//1275 1346//1274
f 1335//1263 1336//1264 1348//1276
f 1335//1263 1348//1276 1347//1275
f 1336//1264 1337//1265 1349//1277
f 1336//1264 1349//1277 1348//1276
f 1337//1265 1338//1266 1350//1278
f 1337//1265 1350//1278 1349//1277
f 1338//1266 1339//1267 1351//1279
f 1338//1266 1351//1279 1350//1278
f 1339//1267 1340//1268 1352//1280
f 1339//1267 1352//1280 1351//1279
f 1340//1268 1341//1269 1353//1281
f 1340//1268 1353//1281 1352//1280
f 1341//1269 1342//1270 1354//1282
f 1341//1269 1354//1282 1353//1281
f 1342//1270 1331//1259 1343//1271
f 1342//1270 1343//1271 1354//1282
f 1343//1271 1344//1272 1356//1284
f 1343//1271 1356//1284 1355//1283
f 1344//1272 1345//1273 1357//1285
f 1344//1272 1357//1285 1356//1284
f 1345//1273 1346//1274 1358//1286
f 1345//1273 1358//1286 1357//1285
f 1346//1274 1347//1275 1359//1287
f 1346//1274 1359//1287 1358//1286
f 1347//1275 1348//1276 1360//1288
f 1347//1275 1360//1288 1359//1287
f 1348//1276 1349//1277 1361//1289
f 1348//1276 1361//1289 1360//1288
f 1349//1277 1350//1278 1362//1290
f 1349//1277 1362//1290 1361//1289
f 1350//1278 1351//1279 1363//1291
f 1350//1278 1363//1291 1362//1290
f 1351//1279 1352//1280 1364//1292
f 1351//1279 1364//1292 1363//1291
f 1352//1280 1353//1281 1365//1293
f 1352//1280 1365//1293 1364//1292
f 1353//1281 1354//1282 1366//1294
f 1353//1281 1366//1294 1365//1293
f 1354//1282 1343//1271 1355//1283
f 1354//1282 1355//1283 1366//1294
f 1355//1283 1356//1284 1368//1296
f 1355//1283 1368//1296 1367//1295
f 1356//1284 1357//1285 1369//1297
f 1356//1284 1369//1297 1368//1296
f 1357//1285 1358//1286 1370//1298
f 1357//1285 1370//1298 1369//1297
f 1358//1286 1359//1287 1371//1299
f 1358//1286 1371//1299 1370//1298
f 1359//1287 1360//1288 1372//1300
f 1359//1287 1372//1300 1371//1299
f 1360//1288 1361//1289 1373//1301
f 1360//1288 1373//1301 1372//1300
f 1361//1289 1362//1290 1374//1302
f 1361//1289 1374//1302 1373//1301
f 1362//1290 1363//1291 1375//1303
f 1362//1290 1375//1303 1374//1302
f 1363//1291 1364//1292 1376//1304
f 1363//1291 1376//1304 1375//1303
f 1364//1292 1365//1293 1377//1305
f 1364//1292 1377//1305 1376//1304
f 1365//1293 1366//1294 1378//1306
f 1365//1293 1378//1306 1377//1305
f 1366//1294 1355//1283 1367//1295
f 1366//1294 1367//1295 1378//1306
f 1367//1295 1368//1296 1380//1308
f 1368//1296 1369//1297 1381//1309
f 1369//1297 1370//1298 1382//1310
f 1370//1298 1371//1299 1383//1311
f 1371//1299 1372//1300 1384//1312
f 1372//1300 1373//1301 1385//1313
f 1373//1301 1374//1302 1386//1314
f 1374//1302 1375//1303 1387//1315
f 1375//1303 1376//1304 1388//1316
f 1376//1304 1377//1305 1389//1317
f 1377//1305 1378//1306 1390//1318
f 1378//1306 1367//1295 1379//1307
f 1391//1319 1402//1330 1401//1329
f 1392//1320 1403//1331 1402//1330
f 1393//1321 1404//1332 1403//1331
f 1394//1322 1405//1333 1404//1332
f 1395//1323 1406//1334 1405//1333
f 1396//1324 1407//1335 1406//1334
f 1397//1325 1408//1336 1407//1335
f 1398//1326 1409//1337 1408//1336
f 1399//1327 1410//1338 1409//1337
f 1400//1328 1401//1329 1410//1338
f 1401//1329 1402//1330 1412//1340
f 1401//1329 1412//1340 1411//1339
f 1402//1330 1403//1331 1413//1341
f 1402//1330 1413//1341 1412//1340
f 1403//1331 1404//1332 1414//1342
f 1403//1331 1414//1342 1413//1341
f 1404//1332 1405//1333 1415//1343
f 1404//1332 1415//1343 1414//1342
f 1405//1333 1406//1334 1416//1344
f 1405//1333 1416//1344 1415//1343
f 1406//1334 1407//1335 1417//1345
f 1406//1334 1417//1345 1416//1344
f 1407//1335 1408//1336 1418//1346
f 1407//1335 1418//1346 1417//1345
f 1408//1336 1409//1337 1419//1347
f 1408//1336 1419//1347 1418//1346
f 1409//1337 1410//1338 1420//1348
f 1409//1337 1420//1348 1419//1347
f 1410//1338 1401//1329 1411//1339
f 1410//1338 1411//1339 1420//1348
f 1411//1339 1412//1340 1422//1350
f 1411//1339 1422//1350 1421//1349
f 1412//1340 1413//1341 1423//1351
f 1412//1340 1423//1351 1422//1350
f 1413//1341 1414//1342 1424//1352
f 1413//1341 1424//1352 1423//1351
f 1414//1342 1415//1343 1425//1353
f 1414//1342 1425//1353 1424//1352
f 1415//1343 1416//1344 1426//1354
f 1415//1343 1426//1354 1425//1353
f 1416//1344 1417//1345 1427//1355
f 1416//1344 1427//1355 1426//1354
f 1417//1345 1418//1346 1428//1356
f 1417//1345 1428//1356 1427//1355
f 1418//1346 1419//1347 1429//1357
f 1418//1346 1429//1357 1428//1356
f 1419//1347 1420//1348 1430//1358
f 1419//1347 1430//1358 1429//1357
f 1420//1348 1411//1339 1421//1349
f 1420//1348 1421//1349 1430//1358
f 1421//1349 1422//1350 1432//1360
f 1421//1349 1432//1360 1431//1359
f 1422//1350 1423//1351 1433//1361
f 1422//1350 1433//1361 1432//1360
f 1423//1351 1424//1352 1434//1362
f 1423//1351 1434//1362 1433//1361
f 1424//1352 1425//1353 1435//1363
f 1424//1352 1435//1363 1434//1362
f 1425//1353 1426//1354 1436//1364
f 1425//1353 1436//1364 1435//1363
f 1426//1354 1427//1355 1437//1365
f 1426//1354 1437//1365 1436//1364
f 1427//1355 1428//1356 1438//1366
f 1427//1355 1438//1366 1437//1365
f 1428//1356 1429//1357 1439//1367
f 1428//1356 1439//1367 1438//1366
f 1429//1357 1430//1358 1440//1368
f 1429//1357 1440//1368 1439//1367
f 1430//1358 1421//1349 1431//1359
f 1430//1358 1431//1359 1440//1368
f 1431//1359 1432//1360 1442//1370
f 1431//1359 1442//1370 1441//1369
f 1432//1360 1433//1361 1443//1371
f 1432//1360 1443//1371 1442//1370
f 1433//1361 1434//1362 1444//1372
f 1433//1361 1444//1372 1443//1371
f 1434//1362 1435//1363 1445//1373
f 1434//1362 1445//1373 1444//1372
f 1435//1363 1436//1364 1446//1374
f 1435//1363 1446//1374 1445//1373
f 1436//1364 1437//1365 1447//1375
f 1436//1364 1447//1375 1446//1374
f 1437//1365 1438//1366 1448//1376
f 1437//1365 1448//1376 1447//1375
f 1438//1366 1439//1367 1449//1377
f 1438//1366 1449//1377 1448//1376
f 1439//1367 1440//1368 1450//1378
f 1439//1367 1450//1378 1449//1377
f 1440//1368 1431//1359 1441//1369
f 1440//1368 1441//1369 1450//1378
f 1441//1369 1442//1370 1452//1380
f 1442//1370 1443//1371 1453//1381
f 1443//1371 1444//1372 1454//1382
f 1444//1372 1445//1373 1455//1383
f 1445//1373 1446//1374 1456//1384
f 1446//1374 1447//1375 1457//1385
f 1447//1375 1448//1376 1458//1386
f 1448//1376 1449//1377 1459//1387
f 1449//1377 1450//1378 1460//1388
f 1450//1378 1441//1369 1451//1379
f 1461//1389 1462//1389 1463//1389
f 1461//1389 1463//1389 1464//1389
f 1465//1390 1466//1390 1467//1390
f 1465//1390 1467//1390 1468//1390
f 1469//1391 1470//1391 1471//1391
f 1469//1391 1471//1391 1472//1391
f 1473//1392 1474//1392 1475//1392
f 1473//1392 1475//1392 1476//1392
f 1477//1393 1478//1393 1479//1393
f 1477//1393 1479//1393 1480//1393
f 1481//1394 1482//1394 1483//1394
f 1481//1394 1483//1394 1484//1394
f 1485//1395 1498//1408 1497//1407
f 1486//1396 1499//1409 1498//1408
f 1487//1397 1500//1410 1499//1409
f 1488//1398 1501//1411 1500//1410
f 1489//1399 1502//1412 1501//1411
f 1490//1400 1503//1413 1502//1412
f 1491//1401 1504//1414 1503//1413
f 1492//1402 1505//1415 1504//1414
f 1493//1403 1506//1416 1505//1415
f 1494//1404 1507//1417 1506//1416
f 1495//1405 1508//1418 1507//1417
f 1496//1406 1497//1407 1508//1418
f 1497//1407 1498//1408 1510//1420
f 1497//1407 1510//1420 1509//1419
f 1498//1408 1499//1409 1511//1421
f 1498//1408 1511//1421 1510//1420
f 1499//1409 1500//1410 1512//1422
f 1499//1409 1512//1422 1511//1421
f 1500//1410 1501//1411 1513//1423
f 1500//1410 1513//1423 1512//1422
f 1501//1411 1502//1412 1514//1424
f 1501//1411 1514//1424 1513//1423
f 1502//1412 1503//1413 1515//1425
f 1502//1412 1515//1425 1514//1424
f 1503//1413 1504//1414 1516//1426
f 1503//1413 1516//1426 1515//1425
f 1504//1414 1505//1415 1517//1427
f 1504//1414 1517//1427 1516//1426
f 1505//1415 1506//1416 1518//1428
f 1505//1415 1518//1428 1517//1427
f 1506//1416 1507//1417 1519//1429
f 1506//1416 1519//1429 1518//1428
f 1507//1417 1508//1418 1520//1430
f 1507//1417 1520//1430 1519//1429
f 1508//1418 1497//1407 1509//1419
f 1508//1418 1509//1419 1520//1430
f 1509//1419 1510//1420 1522//1432
f 1509//1419 1522//1432 1521//1431
f 1510//1420 1511//1421 1523//1433
f 1510//1420 1523//1433 1522//1432
f 1511//1421 1512//1422 1524//1434
f 1511//1421 1524//1434 1523//1433
f 1512//1422 1513//1423 1525//1435
f 1512//1422 1525//1435 1524//1434
f 1513//1423 1514//1424 1526//1436
f 1513//1423 1526//1436 1525//1435
f 1514//1424 1515//1425 1527//1437
f 1514//1424 1527//1437 1526//1436
f 1515//1425 1516//1426 1528//1438
f 1515//1425 1528//1438 1527//1437
f 1516//1426 1517//1427 1529//1439
f 1516//1426 1529//1439 1528//1438
f 1517//1427 1518//1428 1530//1440
f 1517//1427 1530//1440 1529//1439
f 1518//1428 1519//1429 1531//1441
f 1518//1428 1531//1441 1530//1440
f 1519//1429 1520//1430 1532//1442
f 1519//1429 1532//1442 1531//1441
f 1520//1430 1509//1419 1521//1431
f 1520//1430 1521//1431 1532//1442
f 1521//1431 1522//1432 1534//1444
f 1521//1431 1534//1444 1533//1443
f 1522//1432 1523//1433 1535//1445
f 1522//1432 1535//1445 1534//1444
f 1523//1433 1524//1434 1536//1446
f 1523//1433 1536//1446 1535//1445
f 1524//1434 1525//1435 1537//1447
f 1524//1434 1537//1447 1536//1446
f 1525//1435 1526//1436 1538//1448
f 1525//1435 1538//1448 1537//1447
f 1526//1436 1527//1437 1539//1449
f 1526//1436 1539//1449 1538//1448
f 1527//1437 1528//1438 1540//1450
f 1527//1437 1540//1450 1539//1449
f 1528//1438 1529//1439 1541//1451
f 1528//1438 1541//1451 1540//1450
f 1529//1439 1530//1440 1542//1452
f 1529//1439 1542//1452 1541//1451
f 1530//1440 1531//1441 1543//1453
f 1530//1440 1543//1453 1542//1452
f 1531//1441 1532//1442 1544//1454
f 1531//1441 1544//1454 1543//1453
f 1532//1442 1521//1431 1533//1443
f 1532//1442 1533//1443 1544//1454
f 1533//1443 1534//1444 1546//1456
f 1533//1443 1546//1456 1545//1455
f 1534//1444 1535//1445 1547//1457
f 1534//1444 1547//1457 1546//1456
f 1535//1445 1536//1446 1548//1458
f 1535//1445 1548//1458 1547//1457
f 1536//1446 1537//1447 1549//1459
f 1536//1446 1549//1459 1548//1458
f 1537//1447 1538//1448 1550//1460
f 1537//1447 1550//1460 1549//1459
f 1538//1448 1539//1449 1551//1461
f 1538//1448 1551//1461 1550//1460
f 1539//1449 1540//1450 1552//1462
f 1539//1449 1552//1462 1551//1461
f 1540//1450 1541//1451 1553//1463
f 1540//1450 1553//1463 1552//1462
f 1541//1451 1542//1452 1554//1464
f 1541//1451 1554//1464 1553//1463
f 1542//1452 1543//1453 1555//1465
f 1542//1452 1555//1465 1554//1464
f 1543//1453 1544//1454 1556//1466
f 1543//1453 1556//1466 1555//1465
f 1544//1454 1533//1443 1545//1455
f 1544//1454 1545//1455 1556//1466
f 1545//1455 1546//1456 1558//1468
f 1545//1455 1558//1468 1557//1467
f 1546//1456 1547//1457 1559//1469
f 1546//1456 1559//1469 1558//1468
f 1547//1457 1548//1458 1560//1470
f 1547//1457 1560//1470 1559//1469
f 1548//1458 1549//1459 1561//1471
f 1548//1458 1561//1471 1560//1470
f 1549//1459 1550//1460 1562//1472
f 1549//1459 1562//1472 1561//1471
f 1550//1460 1551//1461 1563//1473
f 1550//1460 1563//1473 1562//1472
f 1551//1461 1552//1462 1564//1474
f 1551//1461 1564//1474 1563//1473
f 1552//1462 1553//1463 1565//1475
f 1552//1462 1565//1475 1564//1474
f 1553//1463 1554//1464 1566//1476
f 1553//1463 1566//1476 1565//1475
f 1554//1464 1555//1465 1567//1477
f 1554//1464 1567//1477 1566//1476
f 1555//1465 1556//1466 1568//1478
f 1555//1465 1568//1478 1567//1477
f 1556//1466 1545//1455 1557//1467
f 1556//1466 1557//1467 1568//1478
f 1557//1467 1558//1468 1570//1480
f 1557//1467 1570//1480 1569//1479
f 1558//1468 1559//1469 1571//1481
f 1558//1468 1571//1481 1570//1480
f 1559//1469 1560//1470 1572//1482
f 1559//1469 1572//1482 1571//1481
f 1560//1470 1561//1471 1573//1483
f 1560//1470 1573//1483 1572//1482
f 1561//1471 1562//1472 1574//1484
f 1561//1471 1574//1484 1573//1483
f 1562//1472 1563//1473 1575//1485
f 1562//1472 1575//1485 1574//1484
f 1563//1473 1564//1474 1576//1486
f 1563//1473 1576//1486 1575//1485
f 1564//1474 1565//1475 1577//1487
f 1564//1474 1577//1487 1576//1486
f 1565//1475 1566//1476 1578//1488
f 1565//1475 1578//1488 1577//1487
f 1566//1476 1567//1477 1579//1489
f 1566//1476 1579//1489 1578//1488
f 1567//1477 1568//1478 1580//1490
f 1567//1477 1580//1490 1579//1489
f 1568//1478 1557//1467 1569//1479
f 1568//1478 1569//1479 1580//1490
f 1569//1479 1570//1480 1582//1492
f 1570//1480 1571//1481 1583//1493
f 1571//1481 1572//1482 1584//1494
f 1572//1482 1573//1483 1585//1495
f 1573//1483 1574//1484 1586//1496
f 1574//1484 1575//1485 1587//1497
f 1575//1485 1576//1486 1588//1498
f 1576//1486 1577//1487 1589//1499
f 1577//1487 1578//1488 1590//1500
f 1578//1488 1579//1489 1591//1501
f 1579//1489 1580//1490 1592//1502
f 1580//1490 1569//1479 1581//1491
f 1593//1503 1606//1516 1605//1515
f 1594//1504 1607//1517 1606//1516
f 1595//1505 1608//1518 1607//1517
f 1596//1506 1609//1519 1608//1518
f 1597//1507 1610//1520 1609//1519
f 1598//1508 1611//1521 1610//1520
f 1599//1509 1612//1522 1611//1521
f 1600//1510 1613//1523 1612//1522
f 1601//1511 1614//1524 1613//1523
f 1602//1512 1615//1525 1614//1524
f 1603//1513 1616//1526 1615//1525
f 1604//1514 1605//1515 1616//1526
f 1605//1515 1606//1516 1618//1528
f 1605//1515 1618//1528 1617//1527
f 1606//1516 1607//1517 1619//1529
f 1606//1516 1619//1529 1618//1528
f 1607//1517 1608//1518 1620//1530
f 1607//1517 1620//1530 1619//1529
f 1608//1518 1609//1519 1621//1531
f 1608//1518 1621//1531 1620//1530
f 1609//1519 1610//1520 1622//1532
f 1609//1519 1622//1532 1621//1531
f 1610//1520 1611//1521 1623//1533
f 1610//1520 1623//1533 1622//1532
f 1611//1521 1612//1522 1624//1534
f 1611//1521 1624//1534 1623//1533
f 1612//1522 1613//1523 1625//1535
f 1612//1522 1625//1535 1624//1534
f 1613//1523 1614//1524 1626//1536
f 1613//1523 1626//1536 1625//1535
f 1614//1524 1615//1525 1627//1537
f 1614//1524 1627//1537 1626//1536
f 1615//1525 1616//1526 1628//1538
f 1615//1525 1628//1538 1627//1537
f 1616//1526 1605//1515 1617//1527
f 1616//1526 1617//1527 1628//1538
f 1617//1527 1618//1528 1630//1540
f 1617//1527 1630//1540 1629//1539
f 1618//1528 1619//1529 1631//1541
f 1618//1528 1631//1541 1630//1540
f 1619//1529 1620//1530 1632//1542
f 1619//1529 1632//1542 1631//1541
f 1620//1530 1621//1531 1633//1543
f 1620//1530 1633//1543 1632//1542
f 1621//1531 1622//1532 1634//1544
f 1621//1531 1634//1544 1633//1543
f 1622//1532 1623//1533 1635//1545
f 1622//1532 1635//1545 1634//1544
f 1623//1533 1624//1534 1636//1546
f 1623//1533 1636//1546 1635//1545
f 1624//1534 1625//1535 1637//1547
f 1624//1534 1637//1547 1636//1546
f 1625//1535 1626//1536 1638//1548
f 1625//1535 1638//1548 1637//1547
f 1626//1536 1627//1537 1639//1549
f 1626//1536 1639//1549 1638//1548
f 1627//1537 1628//1538 1640//1550
f 1627//1537 1640//1550 1639//1549
f 1628//1538 1617//1527 1629//1539
f 1628//1538 1629//1539 1640//1550
f 1629//1539 1630//1540 1642//1552
f 1629//1539 1642//1552 1641//1551
f 1630//1540 1631//1541 1643//1553
f 1630//1540 1643//1553 1642//1552
f 1631//1541 1632//1542 1644//1554
f 1631//1541 1644//1554 1643//1553
f 1632//1542 1633//1543 1645//1555
f 1632//1542 1645//1555 1644//1554
f 1633//1543 1634//1544 1646//1556
f 1633//1543 1646//1556 1645//1555
f 1634//1544 1635//1545 1647//1557
f 1634//1544 1647//1557 1646//1556
f 1635//1545 1636//1546 1648//1558
f 1635//1545 1648//1558 1647//1557
f 1636//1546 1637//1547 1649//1559
f 1636//1546 1649//1559 1648//1558
f 1637//1547 1638//1548 1650//1560
f 1637//1547 1650//1560 1649//1559
f 1638//1548 1639//1549 1651//1561
f 1638//1548 1651//1561 1650//1560
f 1639//1549 1640//1550 1652//1562
f 1639//1549 1652//1562 1651//1561
f 1640//1550 1629//1539 1641//1551
f 1640//1550 1641//1551 1652//1562
f 1641//1551 1642//1552 1654//1564
f 1641//1551 1654//1564 1653//1563
f 1642//1552 1643//1553 1655//1565
f 1642//1552 1655//1565 1654//1564
f 1643//1553 1644//1554 1656//1566
f 1643//1553 1656//1566 1655//1565
f 1644//1554 1645//1555 1657//1567
f 1644//1554 1657//1567 1656//1566
f 1645//1555 1646//1556 1658//1568
f 1645//1555 1658//1568 1657//1567
f 1646//1556 1647//1557 1659//1569
f 1646//1556 1659//1569 1658//1568
f 1647//1557 1648//1558 1660//1570
f 1647//1557 1660//1570 1659//1569
f 1648//1558 1649//1559 1661//1571
f 1648//1558 1661//1571 1660//1570
f 1649//1559 1650//1560 1662//1572
f 1649//1559 1662//1572 1661//1571
f 1650//1560 1651//1561 1663//1573
f 1650//1560 1663//1573 1662//1572
f 1651//1561 1652//1562 1664//1574
f 1651//1561 1664//1574 1663//1573
f 1652//1562 1641//1551 1653//1563
f 1652//1562 1653//1563 1664//1574
f 1653//1563 1654//1564 1666//1576
f 1653//1563 1666//1576 1665//1575
f 1654//1564 1655//1565 1667//1577
f 1654//1564 1667//1577 1666//1576
f 1655//1565 1656//1566 1668//1578
f 1655//1565 1668//1578 1667//1577
f 1656//1566 1657//1567 1669//1579
f 1656//1566 1669//1579 1668//1578
f 1657//1567 1658//1568 1670//1580
f 1657//1567 1670//1580 1669//1579
f 1658//1568 1659//1569 1671//1581
f 1658//1568 1671//1581 1670//1580
f 1659//1569 1660//1570 1672//1582
f 1659//1569 1672//1582 1671//1581
f 1660//1570 1661//1571 1673//1583
f 1660//1570 1673//1583 1672//1582
f 1661//1571 1662//1572 1674//1584
f 1661//1571 1674//1584 1673//1583
f 1662//1572 1663//1573 1675//1585
f 1662//1572 1675//1585 1674//1584
f 1663//1573 1664//1574 1676//1586
f 1663//1573 1676//1586 1675//1585
f 1664//1574 1653//1563 1665//1575
f 1664//1574 1665//1575 1676//1586
f 1665//1575 1666//1576 1678//1588
f 1665//1575 1678//1588 1677//1587
f 1666//1576 1667//1577 1679//1589
f 1666//1576 1679//1589 1678//1588
f 1667//1577 1668//1578 1680//1590
f 1667//1577 1680//1590 1679//1589
f 1668//1578 1669//1579 1681//1591
f 1668//1578 1681//1591 1680//1590
f 1669//1579 1670//1580 1682//1592
f 1669//1579 1682//1592 1681//1591
f 1670//1580 1671//1581 1683//1593
f 1670//1580 1683//1593 1682//1592
f 1671//1581 1672//1582 1684//1594
f 1671//1581 1684//1594 1683//1593
f 1672//1582 1673//1583 1685//1595
f 1672//1582 1685//1595 1684//1594
f 1673//1583 1674//1584 1686//1596
f 1673//1583 1686//1596 1685//1595
f 1674//1584 1675//1585 1687//1597
f 1674//1584 1687//1597 1686//1596
f 1675//1585 1676//1586 1688//1598
f 1675//1585 1688//1598 1687//1597
f 1676//1586 1665//1575 1677//1587
f 1676//1586 1677//1587 1688//1598
f 1677//1587 1678//1588 1690//1600
f 1678//1588 1679//1589 1691//1601
f 1679//1589 1680//1590 1692//1602
f 1680//1590 1681//1591 1693//1603
f 1681//1591 1682//1592 1694//1604
f 1682//1592 1683//1593 1695//1605
f 1683//1593 1684//1594 1696//1606
f 1684//1594 1685//1595 1697//1607
f 1685//1595 1686//1596 1698//1608
f 1686//1596 1687//1597 1699//1609
f 1687//1597 1688//1598 1700//1610
f 1688//1598 1677//1587 1689//1599
f 1701//1611 1712//1622 1711//1621
f 1702//1612 1713//1623 1712//1622
f 1703//1613 1714//1624 1713//1623
f 1704//1614 1715//1625 1714//1624
f 1705//1615 1716//1626 1715//1625
f 1706//1616 1717//1627 1716//1626
f 1707//1617 1718//1628 1717//1627
f 1708//1618 1719//1629 1718//1628
f 1709//1619 1720//1630 1719//1629
f 1710//1620 1711//1621 1720//1630
f 1711//1621 1712//1622 1722//1632
f 1711//1621 1722//1632 1721//1631
f 1712//1622 1713//1623 1723//1633
f 1712//1622 1723//1633 1722//1632
f 1713//1623 1714//1624 1724//1634
f 1713//1623 1724//1634 1723//1633
f 1714//1624 1715//1625 1725//1635
f 1714//1624 1725//1635 1724//1634
f 1715//1625 1716//1626 1726//1636
f 1715//1625 1726//1636 1725//1635
f 1716//1626 1717//1627 1727//1637
f 1716//1626 1727//1637 1726//1636
f 1717//1627 1718//1628 1728//1638
f 1717//1627 1728//1638 1727//1637
f 1718//1628 1719//1629 1729//1639
f 1718//1628 1729//1639 1728//1638
f 1719//1629 1720//1630 1730//1640
f 1719//1629 1730//1640 1729//1639
f 1720//1630 1711//1621 1721//1631
f 1720//1630 1721//1631 1730//1640
f 1721//1631 1722//1632 1732//1642
f 1721//1631 1732//1642 1731//1641
f 1722//1632 1723//1633 1733//1643
f 1722//1632 1733//1643 1732//1642
f 1723//1633 1724//1634 1734//1644
f 1723//1633 1734//1644 1733//1643
f 1724//1634 1725//1635 1735//1645
f 1724//1634 1735//1645 1734//1644
f 1725//1635 1726//1636 1736//1646
f 1725//1635 1736//1646 1735//1645
f 1726//1636 1727//1637 1737//1647
f 1726//1636 1737//1647 1736//1646
f 1727//1637 1728//1638 1738//1648
f 1727//1637 1738//1648 1737//1647
f 1728//1638 1729//1639 1739//1649
f 1728//1638 1739//1649 1738//1648
f 1729//1639 1730//1640 1740//1650
f 1729//1639 1740//1650 1739//1649
f 1730//1640 1721//1631 1731//1641
f 1730//1640 1731//1641 1740//1650
f 1731//1641 1732//1642 1742//1652
f 1731//1641 1742//1652 1741//1651
f 1732//1642 1733//1643 1743//1653
f 1732//1642 1743//1653 1742//1652
f 1733//1643 1734//1644 1744//1654
f 1733//1643 1744//1654 1743//1653
f 1734//1644 1735//1645 1745//1655
f 1734//1644 1745//1655 1744//1654
f 1735//1645 1736//1646 1746//1656
f 1735//1645 1746//1656 1745//1655
f 1736//1646 1737//1647 1747//1657
f 1736//1646 1747//1657 1746//1656
f 1737//1647 1738//1648 1748//1658
f 1737//1647 1748//1658 1747//1657
f 1738//1648 1739//1649 1749//1659
f 1738//1648 1749//1659 1748//1658
f 1739//1649 1740//1650 1750//1660
f 1739//1649 1750//1660 1749//1659
f 1740//1650 1731//1641 1741//1651
f 1740//1650 1741//1651 1750//1660
f 1741//1651 1742//1652 1752//1662
f 1741//1651 1752//1662 1751//1661
f 1742//1652 1743//1653 1753//1663
f 1742//1652 1753//1663 1752//1662
f 1743//1653 1744//1654 1754//1664
f 1743//1653 1754//1664 1753//1663
f 1744//1654 1745//1655 1755//1665
f 1744//1654 1755//1665 1754//1664
f 1745//1655 1746//1656 1756//1666
f 1745//1655 1756//1666 1755//1665
f 1746//1656 1747//1657 1757//1667
f 1746//1656 1757//1667 1756//1666
f 1747//1657 1748//1658 1758//1668
f 1747//1657 1758//1668 1757//1667
f 1748//1658 1749//1659 1759//1669
f 1748//1658 1759//1669 1758//1668
f 1749//1659 1750//1660 1760//1670
f 1749//1659 1760//1670 1759//1669
f 1750//1660 1741//1651 1751//1661
f 1750//1660 1751//1661 1760//1670
f 1751//1661 1752//1662 1762//1672
f 1752//1662 1753//1663 1763//1673
f 1753//1663 1754//1664 1764//1674
f 1754//1664 1755//1665 1765//1675
f 1755//1665 1756//1666 1766//1676
f 1756//1666 1757//1667 1767//1677
f 1757//1667 1758//1668 1768//1678
f 1758//1668 1759//1669 1769//1679
f 1759//1669 1760//1670 1770//1680
f 1760//1670 1751//1661 1761//1671
f 1771//1681 1772//1681 1773//1681
f 1771//1681 1773//1681 1774//1681
f 1775//1682 1776//1682 1777//1682
f 1775//1682 1777//1682 1778//1682
f 1779//1683 1780//1683 1781//1683
f 1779//1683 1781//1683 1782//1683
f 1783//1684 1784//1684 1785//1684
f 1783//1684 1785//1684 1786//1684
f 1787//1685 1788//1685 1789//1685
f 1787//1685 1789//1685 1790//1685
f 1791//1686 1792//1686 1793//1686
f 1791//1686 1793//1686 1794//1686
f 1795//1687 1808//1700 1807//1699
f 1796//1688 1809//1701 1808//1700
f 1797//1689 1810//1702 1809//1701
f 1798//1690 1811//1703 1810//1702
f 1799//1691 1812//1704 1811//1703
f 1800//1692 1813//1705 1812//1704
f 1801//1693 1814//1706 1813//1705
f 1802//1694 1815//1707 1814//1706
f 1803//1695 1816//1708 1815//1707
f 1804//1696 1817//1709 1816//1708
f 1805//1697 1818//1710 1817//1709
f 1806//1698 1807//1699 1818//1710
f 1807//1699 1808//1700 1820//1712
f 1807//1699 1820//1712 1819//1711
f 1808//1700 1809//1701 1821//1713
f 1808//1700 1821//1713 1820//1712
f 1809//1701 1810//1702 1822//1714
f 1809//1701 1822//1714 1821//1713
f 1810//1702 1811//1703 1823//1715
f 1810//1702 1823//1715 1822//1714
f 1811//1703 1812//1704 1824//1716
f 1811//1703 1824//1716 1823//1715
f 1812//1704 1813//1705 1825//1717
f 1812//1704 1825//1717 1824//1716
f 1813//1705 1814//1706 1826//1718
f 1813//1705 1826//1718 1825//1717
f 1814//1706 1815//1707 1827//1719
f 1814//1706 1827//1719 1826//1718
f 1815//1707 1816//1708 1828//1720
f 1815//1707 1828//1720 1827//1719
f 1816//1708 1817//1709 1829//1721
f 1816//1708 1829//1721 1828//1720
f 1817//1709 1818//1710 1830//1722
f 1817//1709 1830//1722 1829//1721
f 1818//1710 1807//1699 1819//1711
f 1818//1710 1819//1711 1830//1722
f 1819//1711 1820//1712 1832//1724
f 1819//1711 1832//1724 1831//1723
f 1820//1712 1821//1713 1833//1725
f 1820//1712 1833//1725 1832//1724
f 1821//1713 1822//1714 1834//1726
f 1821//1713 1834//1726 1833//1725
f 1822//1714 1823//1715 1835//1727
f 1822//1714 1835//1727 1834//1726
f 1823//1715 1824//1716 1836//1728
f 1823//1715 1836//1728 1835//1727
f 1824//1716 1825//1717 1837//1729
f 1824//1716 1837//1729 1836//1728
f 1825//1717 1826//1718 1838//1730
f 1825//1717 1838//1730 1837//1729
f 1826//1718 1827//1719 1839//1731
f 1826//1718 1839//1731 1838//1730
f 1827//1719 1828//1720 1840//1732
f 1827//1719 1840//1732 1839//1731
f 1828//1720 1829//1721 1841//1733
f 1828//1720 1841//1733 1840//1732
f 1829//1721 1830//1722 1842//1734
f 1829//1721 1842//1734 1841//1733
f 1830//1722 1819//1711 1831//1723
f 1830//1722 1831//1723 1842//1734
f 1831//1723 1832//1724 1844//1736
f 1831//1723 1844//1736 1843//1735
f 1832//1724 1833//1725 1845//1737
f 1832//1724 1845//1737 1844//1736
f 1833//1725 1834//1726 1846//1738
f 1833//1725 1846//1738 1845//1737
f 1834//1726 1835//1727 1847//1739
f 1834//1726 1847//1739 1846//1738
f 1835//1727 1836//1728 1848//1740
f 1835//1727 1848//1740 1847//1739
f 1836//1728 1837//1729 1849//1741
f 1836//1728 1849//1741 1848//1740
f 1837//1729 1838//1730 1850//1742
f 1837//1729 1850//1742 1849//1741
f 1838//1730 1839//1731 1851//1743
f 1838//1730 1851//1743 1850//1742
f 1839//1731 1840//1732 1852//1744
f 1839//1731 1852//1744 1851//1743
f 1840//1732 1841//1733 1853//1745
f 1840//1732 1853//1745 1852//1744
f 1841//1733 1842//1734 1854//1746
f 1841//1733 1854//1746 1853//1745
f 1842//1734 1831//1723 1843//1735
f 1842//1734 1843//1735 1854//1746
f 1843//1735 1844//1736 1856//1748
f 1843//1735 1856//1748 1855//1747
f 1844//1736 1845//1737 1857//1749
f 1844//1736 1857//1749 1856//1748
f 1845//1737 1846//1738 1858//1750
f 1845//1737 1858//1750 1857//1749
f 1846//1738 1847//1739 1859//1751
f 1846//1738 1859//1751 1858//1750
f 1847//1739 1848//1740 1860//1752
f 1847//1739 1860//1752 1859//1751
f 1848//1740 1849//1741 1861//1753
f 1848//1740 1861//1753 1860//1752
f 1849//1741 1850//1742 1862//1754
f 1849//1741 1862//1754 1861//1753
f 1850//1742 1851//1743 1863//1755
f 1850//1742 1863//1755 1862//1754
f 1851//1743 1852//1744 1864//1756
f 1851//1743 1864//1756 1863//1755
f 1852//1744 1853//1745 1865//1757
f 1852//1744 1865//1757 1864//1756
f 1853//1745 1854//1746 1866//1758
f 1853//1745 1866//1758 1865//1757
f 1854//1746 1843//1735 1855//1747
f 1854//1746 1855//1747 1866//1758
f 1855//1747 1856//1748 1868//1760
f 1855//1747 1868//1760 1867//1759
f 1856//1748 1857//1749 1869//1761
f 1856//1748 1869//1761 1868//1760
f 1857//1749 1858//1750 1870//1762
f 1857//1749 1870//1762 1869//1761
f 1858//1750 1859//1751 1871//1763
f 1858//1750 1871//1763 1870//1762
f 1859//1751 1860//1752 1872//1764
f 1859//1751 1872//1764 1871//1763
f 1860//1752 1861//1753 1873//1765
f 1860//1752 1873//1765 1872//1764
f 1861//1753 1862//1754 1874//1766
f 1861//1753 1874//1766 1873//1765
f 1862//1754 1863//1755 1875//1767
f 1862//1754 1875//1767 1874//1766
f 1863//1755 1864//1756 1876//1768
f 1863//1755 1876//1768 1875//1767
f 1864//1756 1865//1757 1877//1769
f 1864//1756 1877//1769 1876//1768
f 1865//1757 1866//1758 1878//1770
f 1865//1757 1878//1770 1877//1769
f 1866//1758 1855//1747 1867//1759
f 1866//1758 1867//1759 1878//1770
f 1867//1759 1868//1760 1880//1772
f 1867//1759 1880//1772 1879//1771
f 1868//1760 1869//1761 1881//1773
f 1868//1760 1881//1773 1880//1772
f 1869//1761 1870//1762 1882//1774
f 1869//1761 1882//1774 1881//1773
f 1870//1762 1871//1763 1883//1775
f 1870//1762 1883//1775 1882//1774
f 1871//1763 1872//1764 1884//1776
f 1871//1763 1884//1776 1883//1775
f 1872//1764 1873//1765 1885//1777
f 1872//1764 1885//1777 1884//1776
f 1873//1765 1874//1766 1886//1778
f 1873//1765 1886//1778 1885//1777
f 1874//1766 1875//1767 1887//1779
f 1874//1766 1887//1779 1886//1778
f 1875//1767 1876//1768 1888//1780
f 1875//1767 1888//1780 1887//1779
f 1876//1768 1877//1769 1889//1781
f 1876//1768 1889//1781 1888//1780
f 1877//1769 1878//1770 1890//1782
f 1877//1769 1890//1782 1889//1781
f 1878//1770 1867//1759 1879//1771
f 1878//1770 1879//1771 1890//1782
f 1879//1771 1880//1772 1892//1784
f 1880//1772 1881//1773 1893//1785
f 1881//1773 1882//1774 1894//1786
f 1882//1774 1883//1775 1895//1787
f 1883//1775 1884//1776 1896//1788
f 1884//1776 1885//1777 1897//1789
f 1885//1777 1886//1778 1898//1790
f 1886//1778 1887//1779 1899//1791
f 1887//1779 1888//1780 1900//1792
f 1888//1780 1889//1781 1901//1793
f 1889//1781 1890//1782 1902//1794
f 1890//1782 1879//1771 1891//1783
f 1903//1795 1916//1808 1915//1807
f 1904//1796 1917//1809 1916//1808
f 1905//1797 1918//1810 1917//1809
f 1906//1798 1919//1811 1918//1810
f 1907//1799 1920//1812 1919//1811
f 1908//1800 1921//1813 1920//1812
f 1909//1801 1922//1814 1921//1813
f 1910//1802 1923//1815 1922//1814
f 1911//1803 1924//1816 1923//1815
f 1912//1804 1925//1817 1924//1816
f 1913//1805 1926//1818 1925//1817
f 1914//1806 1915//1807 1926//1818
f 1915//1807 1916//1808 1928//1820
f 1915//1807 1928//1820 1927//1819
f 1916//1808 1917//1809 1929//1821
f 1916//1808 1929//1821 1928//1820
f 1917//1809 1918//1810 1930//1822
f 1917//1809 1930//1822 1929//1821
f 1918//1810 1919//1811 1931//1823
f 1918//1810 1931//1823 1930//1822
f 1919//1811 1920//1812 1932//1824
f 1919//1811 1932//1824 1931//1823
f 1920//1812 1921//1813 1933//1825
f 1920//1812 1933//1825 1932//1824
f 1921//1813 1922//1814 1934//1826
f 1921//1813 1934//1826 1933//1825
f 1922//1814 1923//1815 1935//1827
f 1922//1814 1935//1827 1934//1826
f 1923//1815 1924//1816 1936//1828
f 1923//1815 1936//1828 1935//1827
f 1924//1816 1925//1817 1937//1829
f 1924//1816 1937//1829 1936//1828
f 1925//1817 1926//1818 1938//1830
f 1925//1817 1938//1830 1937//1829
f 1926//1818 1915//1807 1927//1819
f 1926//1818 1927//1819 1938//1830
f 1927//1819 1928//1820 1940//1832
f 1927//1819 1940//1832 1939//1831
f 1928//1820 1929//1821 1941//1833
f 1928//1820 1941//1833 1940//1832
f 1929//1821 1930//1822 1942//1834
f 1929//1821 1942//1834 1941//1833
f 1930//1822 1931//1823 1943//1835
f 1930//1822 1943//1835 1942//1834
f 1931//1823 1932//1824 1944//1836
f 1931//1823 1944//1836 1943//1835
f 1932//1824 1933//1825 1945//1837
f 1932//1824 1945//1837 1944//1836
f 1933//1825 1934//1826 1946//1838
f 1933//1825 1946//1838 1945//1837
f 1934//1826 1935//1827 1947//1839
f 1934//1826 1947//1839 1946//1838
f 1935//1827 1936//1828 1948//1840
f 1935//1827 1948//1840 1947//1839
f 1936//1828 1937//1829 1949//1841
f 1936//1828 1949//1841 1948//1840
f 1937//1829 1938//1830 1950//1842
f 1937//1829 1950//1842 1949//1841
f 1938//1830 1927//1819 1939//1831
f 1938//1830 1939//1831 1950//1842
f 1939//1831 1940//1832 1952//1844
f 1939//1831 1952//1844 1951//1843
f 1940//1832 1941//1833 1953//1845
f 1940//1832 1953//1845 1952//1844
f 1941//1833 1942//1834 1954//1846
f 1941//1833 1954//1846 1953//1845
f 1942//1834 1943//1835 1955//1847
f 1942//1834 1955//1847 1954//1846
f 1943//1835 1944//1836 1956//1848
f 1943//1835 1956//1848 1955//1847
f 1944//1836 1945//1837 1957//1849
f 1944//1836 1957//1849 1956//1848
f 1945//1837 1946//1838 1958//1850
f 1945//1837 1958//1850 1957//1849
f 1946//1838 1947//1839 1959//1851
f 1946//1838 1959//1851 1958//1850
f 1947//1839 1948//1840 1960//1852
f 1947//1839 1960//1852 1959//1851
f 1948//1840 1949//1841 1961//1853
f 1948//1840 1961//1853 1960//1852
f 1949//1841 1950//1842 1962//1854
f 1949//1841 1962//1854 1961//1853
f 1950//1842 1939//1831 1951//1843
f 1950//1842 1951//1843 1962//1854
f 1951//1843 1952//1844 1964//1856
f 1951//1843 1964//1856 1963//1855
f 1952//1844 1953//1845 1965//1857
f 1952//1844 1965//1857 1964//1856
f 1953//1845 1954//1846 1966//1858
f 1953//1845 1966//1858 1965//1857
f 1954//1846 1955//1847 1967//1859
f 1954//1846 1967//1859 1966//1858
f 1955//1847 1956//1848 1968//1860
f 1955//1847 1968//1860 1967//1859
f 1956//1848 1957//1849 1969//1861
f 1956//1848 1969//1861 1968//1860
f 1957//1849 1958//1850 1970//1862
f 1957//1849 1970//1862 1969//1861
f 1958//1850 1959//1851 1971//1863
f 1958//1850 1971//1863 1970//1862
f 1959//1851 1960//1852 1972//1864
f 1959//1851 1972//1864 1971//1863
f 1960//1852 1961//1853 1973//1865
f 1960//1852 1973//1865 1972//1864
f 1961//1853 1962//1854 1974//1866
f 1961//1853 1974//1866 1973//1865
f 1962//1854 1951//1843 1963//1855
f 1962//1854 1963//1855 1974//1866
f 1963//1855 1964//1856 1976//1868
f 1963//1855 1976//1868 1975//1867
f 1964//1856 1965//1857 1977//1869
f 1964//1856 1977//1869 1976//1868
f 1965//1857 1966//1858 1978//1870
f 1965//1857 1978//1870 1977//1869
f 1966//1858 1967//1859 1979//1871
f 1966//1858 1979//1871 1978//1870
f 1967//1859 1968//1860 1980//1872
f 1967//1859 1980//1872 1979//1871
f 1968//1860 1969//1861 1981//1873
f 1968//1860 1981//1873 1980//1872
f 1969//1861 1970//1862 1982//1874
f 1969//1861 1982//1874 1981//1873
f 1970//1862 1971//1863 1983//1875
f 1970//1862 1983//1875 1982//1874
f 1971//1863 1972//1864 1984//1876
f 1971//1863 1984//1876 1983//1875
f 1972//1864 1973//1865 1985//1877
f 1972//1864 1985//1877 1984//1876
f 1973//1865 1974//1866 1986//1878
f 1973//1865 1986//1878 1985//1877
f 1974//1866 1963//1855 1975//1867
f 1974//1866 1975//1867 1986//1878
f 1975//1867 1976//1868 1988//1880
f 1975//1867 1988//1880 1987//1879
f 1976//1868 1977//1869 1989//1881
f 1976//1868 1989//1881 1988//1880
f 1977//1869 1978//1870 1990//1882
f 1977//1869 1990//1882 1989//1881
f 1978//1870 1979//1871 1991//1883
f 1978//1870 1991//1883 1990//1882
f 1979//1871 1980//1872 1992//1884
f 1979//1871 1992//1884 1991//1883
f 1980//1872 1981//1873 1993//1885
f 1980//1872 1993//1885 1992//1884
f 1981//1873 1982//1874 1994//1886
f 1981//1873 1994//1886 1993//1885
f 1982//1874 1983//1875 1995//1887
f 1982//1874 1995//1887 1994//1886
f 1983//1875 1984//1876 1996//1888
f 1983//1875 1996//1888 1995//1887
f 1984//1876 1985//1877 1997//1889
f 1984//1876 1997//1889 1996//1888
f 1985//1877 1986//1878 1998//1890
f 1985//1877 1998//1890 1997//1889
f 1986//1878 1975//1867 1987//1879
f 1986//1878 1987//1879 1998//1890
f 1987//1879 1988//1880 2000//1892
f 1988//1880 1989//1881 2001//1893
f 1989//1881 1990//1882 2002//1894
f 1990//1882 1991//1883 2003//1895
f 1991//1883 1992//1884 2004//1896
f 1992//1884 1993//1885 2005//1897
f 1993//1885 1994//1886 2006//1898
f 1994//1886 1995//1887 2007//1899
f 1995//1887 1996//1888 2008//1900
f 1996//1888 1997//1889 2009//1901
f 1997//1889 1998//1890 2010//1902
f 1998//1890 1987//1879 1999//1891
f 2011//1903 2022//1914 2021//1913
f 2012//1904 2023//1915 2022//1914
f 2013//1905 2024//1916 2023//1915
f 2014//1906 2025//1917 2024//1916
f 2015//1907 2026//1918 2025//1917
f 2016//1908 2027//1919 2026//1918
f 2017//1909 2028//1920 2027//1919
f 2018//1910 2029//1921 2028//1920
f 2019//1911 2030//1922 2029//1921
f 2020//1912 2021//1913 2030//1922
f 2021//1913 2022//1914 2032//1924
f 2021//1913 2032//1924 2031//1923
f 2022//1914 2023//1915 2033//1925
f 2022//1914 2033//1925 2032//1924
f 2023//1915 2024//1916 2034//1926
f 2023//1915 2034//1926 2033//1925
f 2024//1916 2025//1917 2035//1927
f 2024//1916 2035//1927 2034//1926
f 2025//1917 2026//1918 2036//1928
f 2025//1917 2036//1928 2035//1927
f 2026//1918 2027//1919 2037//1929
f 2026//1918 2037//1929 2036//1928
f 2027//1919 2028//1920 2038//1930
f 2027//1919 2038//1930 2037//1929
f 2028//1920 2029//1921 2039//1931
f 2028//1920 2039//1931 2038//1930
f 2029//1921 2030//1922 2040//1932
f 2029//1921 2040//1932 2039//1931
f 2030//1922 2021//1913 2031//1923
f 2030//1922 2031//1923 2040//1932
f 2031//1923 2032//1924 2042//1934
f 2031//1923 2042//1934 2041//1933
f 2032//1924 2033//1925 2043//1935
f 2032//1924 2043//1935 2042//1934
f 2033//1925 2034//1926 2044//1936
f 2033//1925 2044//1936 2043//1935
f 2034//1926 2035//1927 2045//1937
f 2034//1926 2045//1937 2044//1936
f 2035//1927 2036//1928 2046//1938
f 2035//1927 2046//1938 2045//1937
f 2036//1928 2037//1929 2047//1939
f 2036//1928 2047//1939 2046//1938
f 2037//1929 2038//1930 2048//1940
f 2037//1929 2048//1940 2047//1939
f 2038//1930 2039//1931 2049//1941
f 2038//1930 2049//1941 2048//1940
f 2039//1931 2040//1932 2050//1942
f 2039//1931 2050//1942 2049//1941
f 2040//1932 2031//1923 2041//1933
f 2040//1932 2041//1933 2050//1942
f 2041//1933 2042//1934 2052//1944
f 2041//1933 2052//1944 2051//1943
f 2042//1934 2043//1935 2053//1945
f 2042//1934 2053//1945 2052//1944
f 2043//1935 2044//1936 2054//1946
f 2043//1935 2054//1946 2053//1945
f 2044//1936 2045//1937 2055//1947
f 2044//1936 2055//1947 2054//1946
f 2045//1937 2046//1938 2056//1948
f 2045//1937 2056//1948 2055//1947
f 2046//1938 2047//1939 2057//1949
f 2046//1938 2057//1949 2056//1948
f 2047//1939 2048//1940 2058//1950
f 2047//1939 2058//1950 2057//1949
f 2048//1940 2049//1941 2059//1951
f 2048//1940 2059//1951 2058//1950
f 2049//1941 2050//1942 2060//1952
f 2049//1941 2060//1952 2059//1951
f 2050//1942 2041//1933 2051//1943
f 2050//1942 2051//1943 2060//1952
f 2051//1943 2052//1944 2062//1954
f 2051//1943 2062//1954 2061//1953
f 2052//1944 2053//1945 2063//1955
f 2052//1944 2063//1955 2062//1954
f 2053//1945 2054//1946 2064//1956
f 2053//1945 2064//1956 2063//1955
f 2054//1946 2055//1947 2065//1957
f 2054//1946 2065//1957 2064//1956
f 2055//1947 2056//1948 2066//1958
f 2055//1947 2066//1958 2065//1957
f 2056//1948 2057//1949 2067//1959
f 2056//1948 2067//1959 2066//1958
f 2057//1949 2058//1950 2068//1960
f 2057//1949 2068//1960 2067//1959
f 2058//1950 2059//1951 2069//1961
f 2058//1950 2069//1961 2068//1960
f 2059//1951 2060//1952 2070//1962
f 2059//1951 2070//1962 2069//1961
f 2060//1952 2051//1943 2061//1953
f 2060//1952 2061//1953 2070//1962
f 2061//1953 2062//1954 2072//1964
f 2062//1954 2063//1955 2073//1965
f 2063//1955 2064//1956 2074//1966
f 2064//1956 2065//1957 2075//1967
f 2065//1957 2066//1958 2076//1968
f 2066//1958 2067//1959 2077//1969
f 2067//1959 2068//1960 2078//1970
f 2068//1960 2069//1961 2079//1971
f 2069//1961 2070//1962 2080//1972
f 2070//1962 2061//1953 2071//1963
f 2081//1973 2082//1973 2083//1973
f 2081//1973 2083//1973 2084//1973
f 2085//1974 2086//1974 2087//1974
f 2085//1974 2087//1974 2088//1974
f 2089//1975 2090//1975 2091//1975
f 2089//1975 2091//1975 2092//1975
f 2093//1976 2094//1976 2095//1976
f 2093//1976 2095//1976 2096//1976
f 2097//1977 2098//1977 2099//1977
f 2097//1977 2099//1977 2100//1977
f 2101//1978 2102//1978 2103//1978
f 2101//1978 2103//1978 2104//1978
f 2105//1979 2106//1979 2107//1979
f 2105//1979 2107//1979 2108//1979
f 2109//1980 2110//1980 2111//1980
f 2109//1980 2111//1980 2112//1980
f 2113//1981 2114//1981 2115//1981
f 2113//1981 2115//1981 2116//1981
f 2117//1982 2118//1982 2119//1982
f 2117//1982 2119//1982 2120//1982
f 2121//1983 2122//1983 2123//1983
f 2121//1983 2123//1983 2124//1983
f 2125//1984 2126//1984 2127//1984
f 2125//1984 2127//1984 2128//1984
f 2129//1985 2130//1985 2131//1985
f 2129//1985 2131//1985 2132//1985
f 2133//1986 2134//1986 2135//1986
f 2133//1986 2135//1986 2136//1986
f 2137//1987 2138//1987 2139//1987
f 2137//1987 2139//1987 2140//1987
f 2141//1988 2142//1988 2143//1988
f 2141//1988 2143//1988 2144//1988
f 2145//1989 2146//1989 2147//1989
f 2145//1989 2147//1989 2148//1989
f 2149//1990 2150//1990 2151//1990
f 2149//1990 2151//1990 2152//1990
f 2153//1991 2154//1991 2155//1991
f 2153//1991 2155//1991 2156//1991
f 2157//1992 2158//1992 2159//1992
f 2157//1992 2159//1992 2160//1992
f 2161//1993 2162//1993 2163//1993
f 2161//1993 2163//1993 2164//1993
f 2165//1994 2166//1994 2167//1994
f 2165//1994 2167//1994 2168//1994
f 2169//1995 2170//1995 2171//1995
f 2169//1995 2171//1995 2172//1995
f 2173//1996 2174//1996 2175//1996
f 2173//1996 2175//1996 2176//1996
f 2177//1997 2178//1997 2179//1997
f 2177//1997 2179//1997 2180//1997
f 2181//1998 2182//1998 2183//1998
f 2181//1998 2183//1998 2184//1998
f 2185//1999 2186//1999 2187//1999
f 2185//1999 2187//1999 2188//1999
f 2189//2000 2190//2000 2191//2000
f 2189//2000 2191//2000 2192//2000
f 2193//2001 2194//2001 2195//2001
f 2193//2001 2195//2001 2196//2001
f 2197//2002 2198//2002 2199//2002
f 2197//2002 2199//2002 2200//2002
f 2201//2003 2202//2003 2203//2003
f 2201//2003 2203//2003 2204//2003
f 2205//2004 2206//2004 2207//2004
f 2205//2004 2207//2004 2208//2004
f 2209//2005 2210//2005 2211//2005
f 2209//2005 2211//2005 2212//2005
f 2213//2006 2214//2006 2215//2006
f 2213//2006 2215//2006 2216//2006
f 2217//2007 2218//2007 2219//2007
f 2217//2007 2219//2007 2220//2007
f 2221//2008 2222//2008 2223//2008
f 2221//2008 2223//2008 2224//2008
f 2225//2009 2226//2009 2227//2009
f 2225//2009 2227//2009 2228//2009
f 2229//2010 2230//2010 2231//2010
f 2229//2010 2231//2010 2232//2010
f 2233//2011 2234//2011 2235//2011
f 2233//2011 2235//2011 2236//2011
f 2237//2012 2238//2012 2239//2012
f 2237//2012 2239//2012 2240//2012
f 2241//2013 2242//2013 2243//2013
f 2241//2013 2243//2013 2244//2013
f 2245//2014 2246//2014 2247//2014
f 2245//2014 2247//2014 2248//2014
f 2249//2015 2250//2015 2251//2015
f 2249//2015 2251//2015 2252//2015
f 2253//2016 2254//2016 2255//2016
f 2253//2016 2255//2016 2256//2016
f 2257//2017 2258//2017 2259//2017
f 2257//2017 2259//2017 2260//2017
f 2261//2018 2262//2018 2263//2018
f 2261//2018 2263//2018 2264//2018
f 2265//2019 2266//2019 2267//2019
f 2265//2019 2267//2019 2268//2019
f 2269//2020 2270//2020 2271//2020
f 2269//2020 2271//2020 2272//2020
f 2273//2021 2274//2021 2275//2021
f 2273//2021 2275//2021 2276//2021
f 2277//2022 2278//2022 2279//2022
f 2277//2022 2279//2022 2280//2022
f 2281//2023 2282//2023 2283//2023
f 2281//2023 2283//2023 2284//2023
f 2285//2024 2286//2024 2287//2024
f 2285//2024 2287//2024 2288//2024
f 2289//2025 2290//2025 2291//2025
f 2289//2025 2291//2025 2292//2025
f 2293//2026 2294//2026 2295//2026
f 2293//2026 2295//2026 2296//2026
f 2297//2027 2298//2027 2299//2027
f 2297//2027 2299//2027 2300//2027
f 2301//2028 2302//2028 2303//2028
f 2301//2028 2303//2028 2304//2028
f 2305//2029 2306//2029 2307//2029
f 2305//2029 2307//2029 2308//2029
f 2309//2030 2310//2030 2311//2030
f 2309//2030 2311//2030 2312//2030
f 2313//2031 2314//2031 2315//2031
f 2313//2031 2315//2031 2316//2031
f 2317//2032 2318//2032 2319//2032
f 2317//2032 2319//2032 2320//2032
f 2321//2033 2322//2033 2323//2033
f 2321//2033 2323//2033 2324//2033
f 2325//2034 2326//2034 2327//2034
f 2325//2034 2327//2034 2328//2034
f 2329//2035 2330//2035 2331//2035
f 2329//2035 2331//2035 2332//2035
f 2333//2036 2334//2036 2335//2036
f 2333//2036 2335//2036 2336//2036
f 2337//2037 2338//2037 2339//2037
f 2337//2037 2339//2037 2340//2037
f 2341//2038 2342//2038 2343//2038
f 2341//2038 2343//2038 2344//2038
f 2345//2039 2346//2039 2347//2039
f 2345//2039 2347//2039 2348//2039
f 2349//2040 2350//2040 2351//2040
f 2349//2040 2351//2040 2352//2040
f 2353//2041 2354//2041 2355//2041
f 2353//2041 2355//2041 2356//2041
f 2357//2042 2358//2042 2359//2042
f 2357//2042 2359//2042 2360//2042
f 2361//2043 2362//2043 2363//2043
f 2361//2043 2363//2043 2364//2043
f 2365//2044 2366//2044 2367//2044
f 2365//2044 2367//2044 2368//2044
f 2369//2045 2370//2045 2371//2045
f 2369//2045 2371//2045 2372//2045
f 2373//2046 2374//2046 2375//2046
f 2373//2046 2375//2046 2376//2046
f 2377//2047 2378//2047 2379//2047
f 2377//2047 2379//2047 2380//2047
f 2381//2048 2382//2048 2383//2048
f 2381//2048 2383//2048 2384//2048
f 2385//2049 2386//2049 2387//2049
f 2385//2049 2387//2049 2388//2049
f 2389//2050 2390//2050 2391//2050
f 2389//2050 2391//2050 2392//2050
f 2393//2051 2394//2051 2395//2051
f 2393//2051 2395//2051 2396//2051
f 2397//2052 2398//2052 2399//2052
f 2397//2052 2399//2052 2400//2052
f 2401//2053 2402//2053 2403//2053
f 2401//2053 2403//2053 2404//2053
f 2405//2054 2406//2054 2407//2054
f 2405//2054 2407//2054 2408//2054
f 2409//2055 2410//2055 2411//2055
f 2409//2055 2411//2055 2412//2055
f 2413//2056 2414//2056 2415//2056
f 2413//2056 2415//2056 2416//2056
f 2417//2057 2418//2057 2419//2057
f 2417//2057 2419//2057 2420//2057
f 2421//2058 2422//2058 2423//2058
f 2421//2058 2423//2058 2424//2058
f 2425//2059 2426//2059 2427//2059
f 2425//2059 2427//2059 2428//2059
f 2429//2060 2430//2060 2431//2060
f 2429//2060 2431//2060 2432//2060
f 2433//2061 2434//2061 2435//2061
f 2433//2061 2435//2061 2436//2061
f 2437//2062 2438//2062 2439//2062
f 2437//2062 2439//2062 2440//2062
f 2441//2063 2442//2063 2443//2063
f 2441//2063 2443//2063 2444//2063
f 2445//2064 2446//2064 2447//2064
f 2445//2064 2447//2064 2448//2064
f 2449//2065 2450//2065 2451//2065
f 2449//2065 2451//2065 2452//2065
f 2453//2066 2454//2066 2455//2066
f 2453//2066 2455//2066 2456//2066
f 2457//2067 2458//2067 2459//2067
f 2457//2067 2459//2067 2460//2067
f 2461//2068 2462//2068 2463//2068
f 2461//2068 2463//2068 2464//2068
f 2465//2069 2466//2069 2467//2069
f 2465//2069 2467//2069 2468//2069
f 2469//2070 2470//2070 2471//2070
f 2469//2070 2471//2070 2472//2070
f 2473//2071 2474//2071 2475//2071
f 2473//2071 2475//2071 2476//2071
f 2477//2072 2478//2072 2479//2072
f 2477//2072 2479//2072 2480//2072
f 2481//2073 2482//2073 2483//2073
f 2481//2073 2483//2073 2484//2073
f 2485//2074 2486//2074 2487//2074
f 2485//2074 2487//2074 2488//2074
f 2489//2075 2490//2075 2491//2075
f 2489//2075 2491//2075 2492//2075
f 2493//2076 2494//2076 2495//2076
f 2493//2076 2495//2076 2496//2076
f 2497//2077 2498//2077 2499//2077
f 2497//2077 2499//2077 2500//2077
f 2501//2078 2502//2078 2503//2078
f 2501//2078 2503//2078 2504//2078
f 2505//2079 2506//2079 2507//2079
f 2505//2079 2507//2079 2508//2079
f 2509//2080 2510//2080 2511//2080
f 2509//2080 2511//2080 2512//2080
f 2513//2081 2514//2081 2515//2081
f 2513//2081 2515//2081 2516//2081
f 2517//2082 2518//2082 2519//2082
f 2517//2082 2519//2082 2520//2082
f 2521//2083 2522//2083 2523//2083
f 2521//2083 2523//2083 2524//2083
f 2525//2084 2526//2084 2527//2084
f 2525//2084 2527//2084 2528//2084
f 2529//2085 2530//2085 2531//2085
f 2529//2085 2531//2085 2532//2085
f 2533//2086 2534//2086 2535//2086
f 2533//2086 2535//2086 2536//2086
f 2537//2087 2538//2087 2539//2087
f 2537//2087 2539//2087 2540//2087
f 2541//2088 2542//2088 2543//2088
f 2541//2088 2543//2088 2544//2088
f 2545//2089 2546//2089 2547//2089
f 2545//2089 2547//2089 2548//2089
f 2549//2090 2550//2090 2551//2090
f 2549//2090 2551//2090 2552//2090
f 2553//2091 2554//2091 2555//2091
f 2553//2091 2555//2091 2556//2091
f 2557//2092 2558//2092 2559//2092
f 2557//2092 2559//2092 2560//2092
f 2561//2093 2562//2093 2563//2093
f 2561//2093 2563//2093 2564//2093
f 2565//2094 2566//2094 2567//2094
f 2565//2094 2567//2094 2568//2094
f 2569//2095 2570//2095 2571//2095
f 2569//2095 2571//2095 2572//2095
f 2573//2096 2574//2096 2575//2096
f 2573//2096 2575//2096 2576//2096
f 2577//2097 2578//2097 2579//2097
f 2577//2097 2579//2097 2580//2097
f 2581//2098 2582//2098 2583//2098
f 2581//2098 2583//2098 2584//2098
f 2585//2099 2586//2099 2587//2099
f 2585//2099 2587//2099 2588//2099
f 2589//2100 2590//2100 2591//2100
f 2589//2100 2591//2100 2592//2100
f 2593//2101 2594//2101 2595//2101
f 2593//2101 2595//2101 2596//2101
f 2597//2102 2598//2102 2599//2102
f 2597//2102 2599//2102 2600//2102
f 2601//2103 2602//2103 2603//2103
f 2601//2103 2603//2103 2604//2103
f 2605//2104 2606//2104 2607//2104
f 2605//2104 2607//2104 2608//2104
f 2609//2105 2610//2105 2611//2105
f 2609//2105 2611//2105 2612//2105
f 2613//2106 2614//2106 2615//2106
f 2613//2106 2615//2106 2616//2106
f 2617//2107 2618//2107 2619//2107
f 2617//2107 2619//2107 2620//2107
f 2621//2108 2622//2108 2623//2108
f 2621//2108 2623//2108 2624//2108
f 2625//2109 2626//2109 2627//2109
f 2625//2109 2627//2109 2628//2109
f 2629//2110 2630//2110 2631//2110
f 2629//2110 2631//2110 2632//2110
f 2633//2111 2634//2111 2635//2111
f 2633//2111 2635//2111 2636//2111
f 2637//2112 2638//2112 2639//2112
f 2637//2112 2639//2112 2640//2112
f 2641//2113 2642//2113 2643//2113
f 2641//2113 2643//2113 2644//2113
f 2645//2114 2646//2114 2647//2114
f 2645//2114 2647//2114 2648//2114
f 2649//2115 2650//2115 2651//2115
f 2649//2115 2651//2115 2652//2115
f 2653//2116 2654//2116 2655//2116
f 2653//2116 2655//2116 2656//2116
f 2657//2117 2658//2117 2659//2117
f 2657//2117 2659//2117 2660//2117
f 2661//2118 2662//2118 2663//2118
f 2661//2118 2663//2118 2664//2118
f 2665//2119 2666//2119 2667//2119
f 2665//2119 2667//2119 2668//2119
f 2669//2120 2670//2120 2671//2120
f 2669//2120 2671//2120 2672//2120
f 2673//2121 2674//2121 2675//2121
f 2673//2121 2675//2121 2676//2121
f 2677//2122 2678//2122 2679//2122
f 2677//2122 2679//2122 2680//2122
f 2681//2123 2692//2134 2691//2133
f 2682//2124 2693//2135 2692//2134
f 2683//2125 2694//2136 2693//2135
f 2684//2126 2695//2137 2694//2136
f 2685//2127 2696//2138 2695//2137
f 2686//2128 2697//2139 2696//2138
f 2687//2129 2698//2140 2697//2139
f 2688//2130 2699//2141 2698//2140
f 2689//2131 2700//2142 2699//2141
f 2690//2132 2691//2133 2700//2142
f 2691//2133 2692//2134 2702//2144
f 2691//2133 2702//2144 2701//2143
f 2692//2134 2693//2135 2703//2145
f 2692//2134 2703//2145 2702//2144
f 2693//2135 2694//2136 2704//2146
f 2693//2135 2704//2146 2703//2145
f 2694//2136 2695//2137 2705//2147
f 2694//2136 2705//2147 2704//2146
f 2695//2137 2696//2138 2706//2148
f 2695//2137 2706//2148 2705//2147
f 2696//2138 2697//2139 2707//2149
f 2696//2138 2707//2149 2706//2148
f 2697//2139 2698//2140 2708//2150
f 2697//2139 2708//2150 2707//2149
f 2698//2140 2699//2141 2709//2151
f 2698//2140 2709//2151 2708//2150
f 2699//2141 2700//2142 2710//2152
f 2699//2141 2710//2152 2709//2151
f 2700//2142 2691//2133 2701//2143
f 2700//2142 2701//2143 2710//2152
f 2701//2143 2702//2144 2712//2154
f 2701//2143 2712//2154 2711//2153
f 2702//2144 2703//2145 2713//2155
f 2702//2144 2713//2155 2712//2154
f 2703//2145 2704//2146 2714//2156
f 2703//2145 2714//2156 2713//2155
f 2704//2146 2705//2147 2715//2157
f 2704//2146 2715//2157 2714//2156
f 2705//2147 2706//2148 2716//2158
f 2705//2147 2716//2158 2715//2157
f 2706//2148 2707//2149 2717//2159
f 2706//2148 2717//2159 2716//2158
f 2707//2149 2708//2150 2718//2160
f 2707//2149 2718//2160 2717//2159
f 2708//2150 2709//2151 2719//2161
f 2708//2150 2719//2161 2718//2160
f 2709//2151 2710//2152 2720//2162
f 2709//2151 2720//2162 2719//2161
f 2710//2152 2701//2143 2711//2153
f 2710//2152 2711//2153 2720//2162
f 2711//2153 2712//2154 2722//2164
f 2711//2153 2722//2164 2721//2163
f 2712//2154 2713//2155 2723//2165
f 2712//2154 2723//2165 2722//2164
f 2713//2155 2714//2156 2724//2166
f 2713//2155 2724//2166 2723//2165
f 2714//2156 2715//2157 2725//2167
f 2714//2156 2725//2167 2724//2166
f 2715//2157 2716//2158 2726//2168
f 2715//2157 2726//2168 2725//2167
f 2716//2158 2717//2159 2727//2169
f 2716//2158 2727//2169 2726//2168
f 2717//2159 2718//2160 2728//2170
f 2717//2159 2728//2170 2727//2169
f 2718//2160 2719//2161 2729//2171
f 2718//2160 2729//2171 2728//2170
f 2719//2161 2720//2162 2730//2172
f 2719//2161 2730//2172 2729//2171
f 2720//2162 2711//2153 2721//2163
f 2720//2162 2721//2163 2730//2172
f 2721//2163 2722//2164 2732//2174
f 2721//2163 2732//2174 2731//2173
f 2722//2164 2723//2165 2733//2175
f 2722//2164 2733//2175 2732//2174
f 2723//2165 2724//2166 2734//2176
f 2723//2165 2734//2176 2733//2175
f 2724//2166 2725//2167 2735//2177
f 2724//2166 2735//2177 2734//2176
f 2725//2167 2726//2168 2736//2178
f 2725//2167 2736//2178 2735//2177
f 2726//2168 2727//2169 2737//2179
f 2726//2168 2737//2179 2736//2178
f 2727//2169 2728//2170 2738//2180
f 2727//2169 2738//2180 2737//2179
f 2728//2170 2729//2171 2739//2181
f 2728//2170 2739//2181 2738//2180
f 2729//2171 2730//2172 2740//2182
f 2729//2171 2740//2182 2739//2181
f 2730//2172 2721//2163 2731//2173
f 2730//2172 2731//2173 2740//2182
f 2731//2173 2732//2174 2742//2184
f 2732//2174 2733//2175 2743//2185
f 2733//2175 2734//2176 2744//2186
f 2734//2176 2735//2177 2745//2187
f 2735//2177 2736//2178 2746//2188
f 2736//2178 2737//2179 2747//2189
f 2737//2179 2738//2180 2748//2190
f 2738//2180 2739//2181 2749//2191
f 2739//2181 2740//2182 2750//2192
f 2740//2182 2731//2173 2741//2183
f 2751//2193 2762//2204 2761//2203
f 2752//2194 2763//2205 2762//2204
f 2753//2195 2764//2206 2763//2205
f 2754//2196 2765//2207 2764//2206
f 2755//2197 2766//2208 2765//2207
f 2756//2198 2767//2209 2766//2208
f 2757//2199 2768//2210 2767//2209
f 2758//2200 2769//2211 2768//2210
f 2759//2201 2770//2212 2769//2211
f 2760//2202 2761//2203 2770//2212
f 2761//2203 2762//2204 2772//2214
f 2761//2203 2772//2214 2771//2213
f 2762//2204 2763//2205 2773//2215
f 2762//2204 2773//2215 2772//2214
f 2763//2205 2764//2206 2774//2216
f 2763//2205 2774//2216 2773//2215
f 2764//2206 2765//2207 2775//2217
f 2764//2206 2775//2217 2774//2216
f 2765//2207 2766//2208 2776//2218
f 2765//2207 2776//2218 2775//2217
f 2766//2208 2767//2209 2777//2219
f 2766//2208 2777//2219 2776//2218
f 2767//2209 2768//2210 2778//2220
f 2767//2209 2778//2220 2777//2219
f 2768//2210 2769//2211 2779//2221
f 2768//2210 2779//2221 2778//2220
f 2769//2211 2770//2212 2780//2222
f 2769//2211 2780//2222 2779//2221
f 2770//2212 2761//2203 2771//2213
f 2770//2212 2771//2213 2780//2222
f 2771//2213 2772//2214 2782//2224
f 2771//2213 2782//2224 2781//2223
f 2772//2214 2773//2215 2783//2225
f 2772//2214 2783//2225 2782//2224
f 2773//2215 2774//2216 2784//2226
f 2773//2215 2784//2226 2783//2225
f 2774//2216 2775//2217 2785//2227
f 2774//2216 2785//2227 2784//2226
f 2775//2217 2776//2218 2786//2228
f 2775//2217 2786//2228 2785//2227
f 2776//2218 2777//2219 2787//2229
f 2776//2218 2787//2229 2786//2228
f 2777//2219 2778//2220 2788//2230
f 2777//2219 2788//2230 2787//2229
f 2778//2220 2779//2221 2789//2231
f 2778//2220 2789//2231 2788//2230
f 2779//2221 2780//2222 2790//2232
f 2779//2221 2790//2232 2789//2231
f 2780//2222 2771//2213 2781//2223
f 2780//2222 2781//2223 2790//2232
f 2781//2223 2782//2224 2792//2234
f 2781//2223 2792//2234 2791//2233
f 2782//2224 2783//2225 2793//2235
f 2782//2224 2793//2235 2792//2234
f 2783//2225 2784//2226 2794//2236
f 2783//2225 2794//2236 2793//2235
f 2784//2226 2785//2227 2795//2237
f 2784//2226 2795//2237 2794//2236
f 2785//2227 2786//2228 2796//2238
f 2785//2227 2796//2238 2795//2237
f 2786//2228 2787//2229 2797//2239
f 2786//2228 2797//2239 2796//2238
f 2787//2229 2788//2230 2798//2240
f 2787//2229 2798//2240 2797//2239
f 2788//2230 2789//2231 2799//2241
f 2788//2230 2799//2241 2798//2240
f 2789//2231 2790//2232 2800//2242
f 2789//2231 2800//2242 2799//2241
f 2790//2232 2781//2223 2791//2233
f 2790//2232 2791//2233 2800//2242
f 2791//2233 2792//2234 2802//2244
f 2791//2233 2802//2244 2801//2243
f 2792//2234 2793//2235 2803//2245
f 2792//2234 2803//2245 2802//2244
f 2793//2235 2794//2236 2804//2246
f 2793//2235 2804//2246 2803//2245
f 2794//2236 2795//2237 2805//2247
f 2794//2236 2805//2247 2804//2246
f 2795//2237 2796//2238 2806//2248
f 2795//2237 2806//2248 2805//2247
f 2796//2238 2797//2239 2807//2249
f 2796//2238 2807//2249 2806//2248
f 2797//2239 2798//2240 2808//2250
f 2797//2239 2808//2250 2807//2249
f 2798//2240 2799//2241 2809//2251
f 2798//2240 2809//2251 2808//2250
f 2799//2241 2800//2242 2810//2252
f 2799//2241 2810//2252 2809//2251
f 2800//2242 2791//2233 2801//2243
f 2800//2242 2801//2243 2810//2252
f 2801//2243 2802//2244 2812//2254
f 2802//2244 2803//2245 2813//2255
f 2803//2245 2804//2246 2814//2256
f 2804//2246 2805//2247 2815//2257
f 2805//2247 2806//2248 2816//2258
f 2806//2248 2807//2249 2817//2259
f 2807//2249 2808//2250 2818//2260
f 2808//2250 2809//2251 2819//2261
f 2809//2251 2810//2252 2820//2262
f 2810//2252 2801//2243 2811//2253
f 2821//2263 2832//2274 2831//2273
f 2822//2264 2833//2275 2832//2274
f 2823//2265 2834//2276 2833//2275
f 2824//2266 2835//2277 2834//2276
f 2825//2267 2836//2278 2835//2277
f 2826//2268 2837//2279 2836//2278
f 2827//2269 2838//2280 2837//2279
f 2828//2270 2839//2281 2838//2280
f 2829//2271 2840//2282 2839//2281
f 2830//2272 2831//2273 2840//2282
f 2831//2273 2832//2274 2842//2284
f 2831//2273 2842//2284 2841//2283
f 2832//2274 2833//2275 2843//2285
f 2832//2274 2843//2285 2842//2284
f 2833//2275 2834//2276 2844//2286
f 2833//2275 2844//2286 2843//2285
f 2834//2276 2835//2277 2845//2287
f 2834//2276 2845//2287 2844//2286
f 2835//2277 2836//2278 2846//2288
f 2835//2277 2846//2288 2845//2287
f 2836//2278 2837//2279 2847//2289
f 2836//2278 2847//2289 2846//2288
f 2837//2279 2838//2280 2848//2290
f 2837//2279 2848//2290 2847//2289
f 2838//2280 2839//2281 2849//2291
f 2838//2280 2849//2291 2848//2290
f 2839//2281 2840//2282 2850//2292
f 2839//2281 2850//2292 2849//2291
f 2840//2282 2831//2273 2841//2283
f 2840//2282 2841//2283 2850//2292
f 2841//2283 2842//2284 2852//2294
f 2841//2283 2852//2294 2851//2293
f 2842//2284 2843//2285 2853//2295
f 2842//2284 2853//2295 2852//2294
f 2843//2285 2844//2286 2854//2296
f 2843//2285 2854//2296 2853//2295
f 2844//2286 2845//2287 2855//2297
f 2844//2286 2855//2297 2854//2296
f 2845//2287 2846//2288 2856//2298
f 2845//2287 2856//2298 2855//2297
f 2846//2288 2847//2289 2857//2299
f 2846//2288 2857//2299 2856//2298
f 2847//2289 2848//2290 2858//2300
f 2847//2289 2858//2300 2857//2299
f 2848//2290 2849//2291 2859//2301
f 2848//2290 2859//2301 2858//2300
f 2849//2291 2850//2292 2860//2302
f 2849//2291 2860//2302 2859//2301
f 2850//2292 2841//2283 2851//2293
f 2850//2292 2851//2293 2860//2302
f 2851//2293 2852//2294 2862//2304
f 2851//2293 2862//2304 2861//2303
f 2852//2294 2853//2295 2863//2305
f 2852//2294 2863//2305 2862//2304
f 2853//2295 2854//2296 2864//2306
f 2853//2295 2864//2306 2863//2305
f 2854//2296 2855//2297 2865//2307
f 2854//2296 2865//2307 2864//2306
f 2855//2297 2856//2298 2866//2308
f 2855//2297 2866//2308 2865//2307
f 2856//2298 2857//2299 2867//2309
f 2856//2298 2867//2309 2866//2308
f 2857//2299 2858//2300 2868//2310
f 2857//2299 2868//2310 2867//2309
f 2858//2300 2859//2301 2869//2311
f 2858//2300 2869//2311 2868//2310
f 2859//2301 2860//2302 2870//2312
f 2859//2301 2870//2312 2869//2311
f 2860//2302 2851//2293 2861//2303
f 2860//2302 2861//2303 2870//2312
f 2861//2303 2862//2304 2872//2314
f 2861//2303 2872//2314 2871//2313
f 2862//2304 2863//2305 2873//2315
f 2862//2304 2873//2315 2872//2314
f 2863//2305 2864//2306 2874//2316
f 2863//2305 2874//2316 2873//2315
f 2864//2306 2865//2307 2875//2317
f 2864//2306 2875//2317 2874//2316
f 2865//2307 2866//2308 2876//2318
f 2865//2307 2876//2318 2875//2317
f 2866//2308 2867//2309 2877//2319
f 2866//2308 2877//2319 2876//2318
f 2867//2309 2868//2310 2878//2320
f 2867//2309 2878//2320 2877//2319
f 2868//2310 2869//2311 2879//2321
f 2868//2310 2879//2321 2878//2320
f 2869//2311 2870//2312 2880//2322
f 2869//2311 2880//2322 2879//2321
f 2870//2312 2861//2303 2871//2313
f 2870//2312 2871//2313 2880//2322
f 2871//2313 2872//2314 2882//2324
f 2872//2314 2873//2315 2883//2325
f 2873//2315 2874//2316 2884//2326
f 2874//2316 2875//2317 2885//2327
f 2875//2317 2876//2318 2886//2328
f 2876//2318 2877//2319 2887//2329
f 2877//2319 2878//2320 2888//2330
f 2878//2320 2879//2321 2889//2331
f 2879//2321 2880//2322 2890//2332
f 2880//2322 2871//2313 2881//2323
f 2891//2333 2904//2346 2903//2345
f 2892//2334 2905//2347 2904//2346
f 2893//2335 2906//2348 2905//2347
f 2894//2336 2907//2349 2906//2348
f 2895//2337 2908//2350 2907//2349
f 2896//2338 2909//2351 2908//2350
f 2897//2339 2910//2352 2909//2351
f 2898//2340 2911//2353 2910//2352
f 2899//2341 2912//2354 2911//2353
f 2900//2342 2913//2355 2912//2354
f 2901//2343 2914//2356 2913//2355
f 2902//2344 2903//2345 2914//2356
f 2903//2345 2904//2346 2916//2358
f 2903//2345 2916//2358 2915//2357
f 2904//2346 2905//2347 2917//2359
f 2904//2346 2917//2359 2916//2358
f 2905//2347 2906//2348 2918//2360
f 2905//2347 2918//2360 2917//2359
f 2906//2348 2907//2349 2919//2361
f 2906//2348 2919//2361 2918//2360
f 2907//2349 2908//2350 2920//2362
f 2907//2349 2920//2362 2919//2361
f 2908//2350 2909//2351 2921//2363
f 2908//2350 2921//2363 2920//2362
f 2909//2351 2910//2352 2922//2364
f 2909//2351 2922//2364 2921//2363
f 2910//2352 2911//2353 2923//2365
f 2910//2352 2923//2365 2922//2364
f 2911//2353 2912//2354 2924//2366
f 2911//2353 2924//2366 2923//2365
f 2912//2354 2913//2355 2925//2367
f 2912//2354 2925//2367 2924//2366
f 2913//2355 2914//2356 2926//2368
f 2913//2355 2926//2368 2925//2367
f 2914//2356 2903//2345 2915//2357
f 2914//2356 2915//2357 2926//2368
f 2915//2357 2916//2358 2928//2370
f 2915//2357 2928//2370 2927//2369
f 2916//2358 2917//2359 2929//2371
f 2916//2358 2929//2371 2928//2370
f 2917//2359 2918//2360 2930//2372
f 2917//2359 2930//2372 2929//2371
f 2918//2360 2919//2361 2931//2373
f 2918//2360 2931//2373 2930//2372
f 2919//2361 2920//2362 2932//2374
f 2919//2361 2932//2374 2931//2373
f 2920//2362 2921//2363 2933//2375
f 2920//2362 2933//2375 2932//2374
f 2921//2363 2922//2364 2934//2376
f 2921//2363 2934//2376 2933//2375
f 2922//2364 2923//2365 2935//2377
f 2922//2364 2935//2377 2934//2376
f 2923//2365 2924//2366 2936//2378
f 2923//2365 2936//2378 2935//2377
f 2924//2366 2925//2367 2937//2379
f 2924//2366 2937//2379 2936//2378
f 2925//2367 2926//2368 2938//2380
f 2925//2367 2938//2380 2937//2379
f 2926//2368 2915//2357 2927//2369
f 2926//2368 2927//2369 2938//2380
f 2927//2369 2928//2370 2940//2382
f 2927//2369 2940//2382 2939//2381
f 2928//2370 2929//2371 2941//2383
f 2928//2370 2941//2383 2940//2382
f 2929//2371 2930//2372 2942//2384
f 2929//2371 2942//2384 2941//2383
f 2930//2372 2931//2373 2943//2385
f 2930//2372 2943//2385 2942//2384
f 2931//2373 2932//2374 2944//2386
f 2931//2373 2944//2386 2943//2385
f 2932//2374 2933//2375 2945//2387
f 2932//2374 2945//2387 2944//2386
f 2933//2375 2934//2376 2946//2388
f 2933//2375 2946//2388 2945//2387
f 2934//2376 2935//2377 2947//2389
f 2934//2376 2947//2389 2946//2388
f 2935//2377 2936//2378 2948//2390
f 2935//2377 2948//2390 2947//2389
f 2936//2378 2937//2379 2949//2391
f 2936//2378 2949//2391 2948//2390
f 2937//2379 2938//2380 2950//2392
f 2937//2379 2950//2392 2949//2391
f 2938//2380 2927//2369 2939//2381
f 2938//2380 2939//2381 2950//2392
f 2939//2381 2940//2382 2952//2394
f 2939//2381 2952//2394 2951//2393
f 2940//2382 2941//2383 2953//2395
f 2940//2382 2953//2395 2952//2394
f 2941//2383 2942//2384 2954//2396
f 2941//2383 2954//2396 2953//2395
f 2942//2384 2943//2385 2955//2397
f 2942//2384 2955//2397 2954//2396
f 2943//2385 2944//2386 2956//2398
f 2943//2385 2956//2398 2955//2397
f 2944//2386 2945//2387 2957//2399
f 2944//2386 2957//2399 2956//2398
f 2945//2387 2946//2388 2958//2400
f 2945//2387 2958//2400 2957//2399
f 2946//2388 2947//2389 2959//2401
f 2946//2388 2959//2401 2958//2400
f 2947//2389 2948//2390 2960//2402
f 2947//2389 2960//2402 2959//2401
f 2948//2390 2949//2391 2961//2403
f 2948//2390 2961//2403 2960//2402
f 2949//2391 2950//2392 2962//2404
f 2949//2391 2962//2404 2961//2403
f 2950//2392 2939//2381 2951//2393
f 2950//2392 2951//2393 2962//2404
f 2951//2393 2952//2394 2964//2406
f 2951//2393 2964//2406 2963//2405
f 2952//2394 2953//2395 2965//2407
f 2952//2394 2965//2407 2964//2406
f 2953//2395 2954//2396 2966//2408
f 2953//2395 2966//2408 2965//2407
f 2954//2396 2955//2397 2967//2409
f 2954//2396 2967//2409 2966//2408
f 2955//2397 2956//2398 2968//2410
f 2955//2397 2968//2410 2967//2409
f 2956//2398 2957//2399 2969//2411
f 2956//2398 2969//2411 2968//2410
f 2957//2399 2958//2400 2970//2412
f 2957//2399 2970//2412 2969//2411
f 2958//2400 2959//2401 2971//2413
f 2958//2400 2971//2413 2970//2412
f 2959//2401 2960//2402 2972//2414
f 2959//2401 2972//2414 2971//2413
f 2960//2402 2961//2403 2973//2415
f 2960//2402 2973//2415 2972//2414
f 2961//2403 2962//2404 2974//2416
f 2961//2403 2974//2416 2973//2415
f 2962//2404 2951//2393 2963//2405
f 2962//2404 2963//2405 2974//2416
f 2963//2405 2964//2406 2976//2418
f 2963//2405 2976//2418 2975//2417
f 2964//2406 2965//2407 2977//2419
f 2964//2406 2977//2419 2976//2418
f 2965//2407 2966//2408 2978//2420
f 2965//2407 2978//2420 2977//2419
f 2966//2408 2967//2409 2979//2421
f 2966//2408 2979//2421 2978//2420
f 2967//2409 2968//2410 2980//2422
f 2967//2409 2980//2422 2979//2421
f 2968//2410 2969//2411 2981//2423
f 2968//2410 2981//2423 2980//2422
f 2969//2411 2970//2412 2982//2424
f 2969//2411 2982//2424 2981//2423
f 2970//2412 2971//2413 2983//2425
f 2970//2412 2983//2425 2982//2424
f 2971//2413 2972//2414 2984//2426
f 2971//2413 2984//2426 2983//2425
f 2972//2414 2973//2415 2985//2427
f 2972//2414 2985//2427 2984//2426
f 2973//2415 2974//2416 2986//2428
f 2973//2415 2986//2428 2985//2427
f 2974//2416 2963//2405 2975//2417
f 2974//2416 2975//2417 2986//2428
f 2975//2417 2976//2418 2988//2430
f 2976//2418 2977//2419 2989//2431
f 2977//2419 2978//2420 2990//2432
f 2978//2420 2979//2421 2991//2433
f 2979//2421 2980//2422 2992//2434
f 2980//2422 2981//2423 2993//2435
f 2981//2423 2982//2424 2994//2436
f 2982//2424 2983//2425 2995//2437
f 2983//2425 2984//2426 2996//2438
f 2984//2426 2985//2427 2997//2439
f 2985//2427 2986//2428 2998//2440
f 2986//2428 2975//2417 2987//2429
f 2999//2441 3012//2454 3011//2453
f 3000//2442 3013//2455 3012//2454
f 3001//2443 3014//2456 3013//2455
f 3002//2444 3015//2457 3014//2456
f 3003//2445 3016//2458 3015//2457
f 3004//2446 3017//2459 3016//2458
f 3005//2447 3018//2460 3017//2459
f 3006//2448 3019//2461 3018//2460
f 3007//2449 3020//2462 3019//2461
f 3008//2450 3021//2463 3020//2462
f 3009//2451 3022//2464 3021//2463
f 3010//2452 3011//2453 3022//2464
f 3011//2453 3012//2454 3024//2466
f 3011//2453 3024//2466 3023//2465
f 3012//2454 3013//2455 3025//2467
f 3012//2454 3025//2467 3024//2466
f 3013//2455 3014//2456 3026//2468
f 3013//2455 3026//2468 3025//2467
f 3014//2456 3015//2457 3027//2469
f 3014//2456 3027//2469 3026//2468
f 3015//2457 3016//2458 3028//2470
f 3015//2457 3028//2470 3027//2469
f 3016//2458 3017//2459 3029//2471
f 3016//2458 3029//2471 3028//2470
f 3017//2459 3018//2460 3030//2472
f 3017//2459 3030//2472 3029//2471
f 3018//2460 3019//2461 3031//2473
f 3018//2460 3031//2473 3030//2472
f 3019//2461 3020//2462 3032//2474
f 3019//2461 3032//2474 3031//2473
f 3020//2462 3021//2463 3033//2475
f 3020//2462 3033//2475 3032//2474
f 3021//2463 3022//2464 3034//2476
f 3021//2463 3034//2476 3033//2475
f 3022//2464 3011//2453 3023//2465
f 3022//2464 3023//2465 3034//2476
f 3023//2465 3024//2466 3036//2478
f 3023//2465 3036//2478 3035//2477
f 3024//2466 3025//2467 3037//2479
f 3024//2466 3037//2479 3036//2478
f 3025//2467 3026//2468 3038//2480
f 3025//2467 3038//2480 3037//2479
f 3026//2468 3027//2469 3039//2481
f 3026//2468 3039//2481 3038//2480
f 3027//2469 3028//2470 3040//2482
f 3027//2469 3040//2482 3039//2481
f 3028//2470 3029//2471 3041//2483
f 3028//2470 3041//2483 3040//2482
f 3029//2471 3030//2472 3042//2484
f 3029//2471 3042//2484 3041//2483
f 3030//2472 3031//2473 3043//2485
f 3030//2472 3043//2485 3042//2484
f 3031//2473 3032//2474 3044//2486
f 3031//2473 3044//2486 3043//2485
f 3032//2474 3033//2475 3045//2487
f 3032//2474 3045//2487 3044//2486
f 3033//2475 3034//2476 3046//2488
f 3033//2475 3046//2488 3045//2487
f 3034//2476 3023//2465 3035//2477
f 3034//2476 3035//2477 3046//2488
f 3035//2477 3036//2478 3048//2490
f 3035//2477 3048//2490 3047//2489
f 3036//2478 3037//2479 3049//2491
f 3036//2478 3049//2491 3048//2490
f 3037//2479 3038//2480 3050//2492
f 3037//2479 3050//2492 3049//2491
f 3038//2480 3039//2481 3051//2493
f 3038//2480 3051//2493 3050//2492
f 3039//2481 3040//2482 3052//2494
f 3039//2481 3052//2494 3051//2493
f 3040//2482 3041//2483 3053//2495
f 3040//2482 3053//2495 3052//2494
f 3041//2483 3042//2484 3054//2496
f 3041//2483 3054//2496 3053//2495
f 3042//2484 3043//2485 3055//2497
f 3042//2484 3055//2497 3054//2496
f 3043//2485 3044//2486 3056//2498
f 3043//2485 3056//2498 3055//2497
f 3044//2486 3045//2487 3057//2499
f 3044//2486 3057//2499 3056//2498
f 3045//2487 3046//2488 3058//2500
f 3045//2487 3058//2500 3057//2499
f 3046//2488 3035//2477 3047//2489
f 3046//2488 3047//2489 3058//2500
f 3047//2489 3048//2490 3060//2502
f 3047//2489 3060//2502 3059//2501
f 3048//2490 3049//2491 3061//2503
f 3048//2490 3061//2503 3060//2502
f 3049//2491 3050//2492 3062//2504
f 3049//2491 3062//2504 3061//2503
f 3050//2492 3051//2493 3063//2505
f 3050//2492 3063//2505 3062//2504
f 3051//2493 3052//2494 3064//2506
f 3051//2493 3064//2506 3063//2505
f 3052//2494 3053//2495 3065//2507
f 3052//2494 3065//2507 3064//2506
f 3053//2495 3054//2496 3066//2508
f 3053//2495 3066//2508 3065//2507
f 3054//2496 3055//2497 3067//2509
f 3054//2496 3067//2509 3066//2508
f 3055//2497 3056//2498 3068//2510
f 3055//2497 3068//2510 3067//2509
f 3056//2498 3057//2499 3069//2511
f 3056//2498 3069//2511 3068//2510
f 3057//2499 3058//2500 3070//2512
f 3057//2499 3070//2512 3069//2511
f 3058//2500 3047//2489 3059//2501
f 3058//2500 3059//2501 3070//2512
f 3059//2501 3060//2502 3072//2514
f 3059//2501 3072//2514 3071//2513
f 3060//2502 3061//2503 3073//2515
f 3060//2502 3073//2515 3072//2514
f 3061//2503 3062//2504 3074//2516
f 3061//2503 3074//2516 3073//2515
f 3062//2504 3063//2505 3075//2517
f 3062//2504 3075//2517 3074//2516
f 3063//2505 3064//2506 3076//2518
f 3063//2505 3076//2518 3075//2517
f 3064//2506 3065//2507 3077//2519
f 3064//2506 3077//2519 3076//2518
f 3065//2507 3066//2508 3078//2520
f 3065//2507 3078//2520 3077//2519
f 3066//2508 3067//2509 3079//2521
f 3066//2508 3079//2521 3078//2520
f 3067//2509 3068//2510 3080//2522
f 3067//2509 3080//2522 3079//2521
f 3068//2510 3069//2511 3081//2523
f 3068//2510 3081//2523 3080//2522
f 3069//2511 3070//2512 3082//2524
f 3069//2511 3082//2524 3081//2523
f 3070//2512 3059//2501 3071//2513
f 3070//2512 3071//2513 3082//2524
f 3071//2513 3072//2514 3084//2526
f 3071//2513 3084//2526 3083//2525
f 3072//2514 3073//2515 3085//2527
f 3072//2514 3085//2527 3084//2526
f 3073//2515 3074//2516 3086//2528
f 3073//2515 3086//2528 3085//2527
f 3074//2516 3075//2517 3087//2529
f 3074//2516 3087//2529 3086//2528
f 3075//2517 3076//2518 3088//2530
f 3075//2517 3088//2530 3087//2529
f 3076//2518 3077//2519 3089//2531
f 3076//2518 3089//2531 3088//2530
f 3077//2519 3078//2520 3090//2532
f 3077//2519 3090//2532 3089//2531
f 3078//2520 3079//2521 3091//2533
f 3078//2520 3091//2533 3090//2532
f 3079//2521 3080//2522 3092//2534
f 3079//2521 3092//2534 3091//2533
f 3080//2522 3081//2523 3093//2535
f 3080//2522 3093//2535 3092//2534
f 3081//2523 3082//2524 3094//2536
f 3081//2523 3094//2536 3093//2535
f 3082//2524 3071//2513 3083//2525
f 3082//2524 3083//2525 3094//2536
f 3083//2525 3084//2526 3096//2538
f 3084//2526 3085//2527 3097//2539
f 3085//2527 3086//2528 3098//2540
f 3086//2528 3087//2529 3099//2541
f 3087//2529 3088//2530 3100//2542
f 3088//2530 3089//2531 3101//2543
f 3089//2531 3090//2532 3102//2544
f 3090//2532 3091//2533 3103//2545
f 3091//2533 3092//2534 3104//2546
f 3092//2534 3093//2535 3105//2547
f 3093//2535 3094//2536 3106//2548
f 3094//2536 3083//2525 3095//2537
f 3107//2549 3120//2562 3119//2561
f 3108//2550 3121//2563 3120//2562
f 3109//2551 3122//2564 3121//2563
f 3110//2552 3123//2565 3122//2564
f 3111//2553 3124//2566 3123//2565
f 3112//2554 3125//2567 3124//2566
f 3113//2555 3126//2568 3125//2567
f 3114//2556 3127//2569 3126//2568
f 3115//2557 3128//2570 3127//2569
f 3116//2558 3129//2571 3128//2570
f 3117//2559 3130//2572 3129//2571
f 3118//2560 3119//2561 3130//2572
f 3119//2561 3120//2562 3132//2574
f 3119//2561 3132//2574 3131//2573
f 3120//2562 3121//2563 3133//2575
f 3120//2562 3133//2575 3132//2574
f 3121//2563 3122//2564 3134//2576
f 3121//2563 3134//2576 3133//2575
f 3122//2564 3123//2565 3135//2577
f 3122//2564 3135//2577 3134//2576
f 3123//2565 3124//2566 3136//2578
f 3123//2565 3136//2578 3135//2577
f 3124//2566 3125//2567 3137//2579
f 3124//2566 3137//2579 3136//2578
f 3125//2567 3126//2568 3138//2580
f 3125//2567 3138//2580 3137//2579
f 3126//2568 3127//2569 3139//2581
f 3126//2568 3139//2581 3138//2580
f 3127//2569 3128//2570 3140//2582
f 3127//2569 3140//2582 3139//2581
f 3128//2570 3129//2571 3141//2583
f 3128//2570 3141//2583 3140//2582
f 3129//2571 3130//2572 3142//2584
f 3129//2571 3142//2584 3141//2583
f 3130//2572 3119//2561 3131//2573
f 3130//2572 3131//2573 3142//2584
f 3131//2573 3132//2574 3144//2586
f 3131//2573 3144//2586 3143//2585
f 3132//2574 3133//2575 3145//2587
f 3132//2574 3145//2587 3144//2586
f 3133//2575 3134//2576 3146//2588
f 3133//2575 3146//2588 3145//2587
f 3134//2576 3135//2577 3147//2589
f 3134//2576 3147//2589 3146//2588
f 3135//2577 3136//2578 3148//2590
f 3135//2577 3148//2590 3147//2589
f 3136//2578 3137//2579 3149//2591
f 3136//2578 3149//2591 3148//2590
f 3137//2579 3138//2580 3150//2592
f 3137//2579 3150//2592 3149//2591
f 3138//2580 3139//2581 3151//2593
f 3138//2580 3151//2593 3150//2592
f 3139//2581 3140//2582 3152//2594
f 3139//2581 3152//2594 3151//2593
f 3140//2582 3141//2583 3153//2595
f 3140//2582 3153//2595 3152//2594
f 3141//2583 3142//2584 3154//2596
f 3141//2583 3154//2596 3153//2595
f 3142//2584 3131//2573 3143//2585
f 3142//2584 3143//2585 3154//2596
f 3143//2585 3144//2586 3156//2598
f 3143//2585 3156//2598 3155//2597
f 3144//2586 3145//2587 3157//2599
f 3144//2586 3157//2599 3156//2598
f 3145//2587 3146//2588 3158//2600
f 3145//2587 3158//2600 3157//2599
f 3146//2588 3147//2589 3159//2601
f 3146//2588 3159//2601 3158//2600
f 3147//2589 3148//2590 3160//2602
f 3147//2589 3160//2602 3159//2601
f 3148//2590 3149//2591 3161//2603
f 3148//2590 3161//2603 3160//2602
f 3149//2591 3150//2592 3162//2604
f 3149//2591 3162//2604 3161//2603
f 3150//2592 3151//2593 3163//2605
f 3150//2592 3163//2605 3162//2604
f 3151//2593 3152//2594 3164//2606
f 3151//2593 3164//2606 3163//2605
f 3152//2594 3153//2595 3165//2607
f 3152//2594 3165//2607 3164//2606
f 3153//2595 3154//2596 3166//2608
f 3153//2595 3166//2608 3165//2607
f 3154//2596 3143//2585 3155//2597
f 3154//2596 3155//2597 3166//2608
f 3155//2597 3156//2598 3168//2610
f 3155//2597 3168//2610 3167//2609
f 3156//2598 3157//2599 3169//2611
f 3156//2598 3169//2611 3168//2610
f 3157//2599 3158//2600 3170//2612
f 3157//2599 3170//2612 3169//2611
f 3158//2600 3159//2601 3171//2613
f 3158//2600 3171//2613 3170//2612
f 3159//2601 3160//2602 3172//2614
f 3159//2601 3172//2614 3171//2613
f 3160//2602 3161//2603 3173//2615
f 3160//2602 3173//2615 3172//2614
f 3161//2603 3162//2604 3174//2616
f 3161//2603 3174//2616 3173//2615
f 3162//2604 3163//2605 3175//2617
f 3162//2604 3175//2617 3174//2616
f 3163//2605 3164//2606 3176//2618
f 3163//2605 3176//2618 3175//2617
f 3164//2606 3165//2607 3177//2619
f 3164//2606 3177//2619 3176//2618
f 3165//2607 3166//2608 3178//2620
f 3165//2607 3178//2620 3177//2619
f 3166//2608 3155//2597 3167//2609
f 3166//2608 3167//2609 3178//2620
f 3167//2609 3168//2610 3180//2622
f 3167//2609 3180//2622 3179//2621
f 3168//2610 3169//2611 3181//2623
f 3168//2610 3181//2623 3180//2622
f 3169//2611 3170//2612 3182//2624
f 3169//2611 3182//2624 3181//2623
f 3170//2612 3171//2613 3183//2625
f 3170//2612 3183//2625 3182//2624
f 3171//2613 3172//2614 3184//2626
f 3171//2613 3184//2626 3183//2625
f 3172//2614 3173//2615 3185//2627
f 3172//2614 3185//2627 3184//2626
f 3173//2615 3174//2616 3186//2628
f 3173//2615 3186//2628 3185//2627
f 3174//2616 3175//2617 3187//2629
f 3174//2616 3187//2629 3186//2628
f 3175//2617 3176//2618 3188//2630
f 3175//2617 3188//2630 3187//2629
f 3176//2618 3177//2619 3189//2631
f 3176//2618 3189//2631 3188//2630
f 3177//2619 3178//2620 3190//2632
f 3177//2619 3190//2632 3189//2631
f 3178//2620 3167//2609 3179//2621
f 3178//2620 3179//2621 3190//2632
f 3179//2621 3180//2622 3192//2634
f 3179//2621 3192//2634 3191//2633
f 3180//2622 3181//2623 3193//2635
f 3180//2622 3193//2635 3192//2634
f 3181//2623 3182//2624 3194//2636
f 3181//2623 3194//2636 3193//2635
f 3182//2624 3183//2625 3195//2637
f 3182//2624 3195//2637 3194//2636
f 3183//2625 3184//2626 3196//2638
f 3183//2625 3196//2638 3195//2637
f 3184//2626 3185//2627 3197//2639
f 3184//2626 3197//2639 3196//2638
f 3185//2627 3186//2628 3198//2640
f 3185//2627 3198//2640 3197//2639
f 3186//2628 3187//2629 3199//2641
f 3186//2628 3199//2641 3198//2640
f 3187//2629 3188//2630 3200//2642
f 3187//2629 3200//2642 3199//2641
f 3188//2630 3189//2631 3201//2643
f 3188//2630 3201//2643 3200//2642
f 3189//2631 3190//2632 3202//2644
f 3189//2631 3202//2644 3201//2643
f 3190//2632 3179//2621 3191//2633
f 3190//2632 3191//2633 3202//2644
f 3191//2633 3192//2634 3204//2646
f 3192//2634 3193//2635 3205//2647
f 3193//2635 3194//2636 3206//2648
f 3194//2636 3195//2637 3207//2649
f 3195//2637 3196//2638 3208//2650
f 3196//2638 3197//2639 3209//2651
f 3197//2639 3198//2640 3210//2652
f 3198//2640 3199//2641 3211//2653
f 3199//2641 3200//2642 3212//2654
f 3200//2642 3201//2643 3213//2655
f 3201//2643 3202//2644 3214//2656
f 3202//2644 3191//2633 3203//2645
f 3215//2657 3226//2668 3225//2667
f 3216//2658 3227//2669 3226//2668
f 3217//2659 3228//2670 3227//2669
f 3218//2660 3229//2671 3228//2670
f 3219//2661 3230//2672 3229//2671
f 3220//2662 3231//2673 3230//2672
f 3221//2663 3232//2674 3231//2673
f 3222//2664 3233//2675 3232//2674
f 3223//2665 3234//2676 3233//2675
f 3224//2666 3225//2667 3234//2676
f 3225//2667 3226//2668 3236//2678
f 3225//2667 3236//2678 3235//2677
f 3226//2668 3227//2669 3237//2679
f 3226//2668 3237//2679 3236//2678
f 3227//2669 3228//2670 3238//2680
f 3227//2669 3238//2680 3237//2679
f 3228//2670 3229//2671 3239//2681
f 3228//2670 3239//2681 3238//2680
f 3229//2671 3230//2672 3240//2682
f 3229//2671 3240//2682 3239//2681
f 3230//2672 3231//2673 3241//2683
f 3230//2672 3241//2683 3240//2682
f 3231//2673 3232//2674 3242//2684
f 3231//2673 3242//2684 3241//2683
f 3232//2674 3233//2675 3243//2685
f 3232//2674 3243//2685 3242//2684
f 3233//2675 3234//2676 3244//2686
f 3233//2675 3244//2686 3243//2685
f 3234//2676 3225//2667 3235//2677
f 3234//2676 3235//2677 3244//2686
f 3235//2677 3236//2678 3246//2688
f 3235//2677 3246//2688 3245//2687
f 3236//2678 3237//2679 3247//2689
f 3236//2678 3247//2689 3246//2688
f 3237//2679 3238//2680 3248//2690
f 3237//2679 3248//2690 3247//2689
f 3238//2680 3239//2681 3249//2691
f 3238//2680 3249//2691 3248//2690
f 3239//2681 3240//2682 3250//2692
f 3239//2681 3250//2692 3249//2691
f 3240//2682 3241//2683 3251//2693
f 3240//2682 3251//2693 3250//2692
f 3241//2683 3242//2684 3252//2694
f 3241//2683 3252//2694 3251//2693
f 3242//2684 3243//2685 3253//2695
f 3242//2684 3253//2695 3252//2694
f 3243//2685 3244//2686 3254//2696
f 3243//2685 3254//2696 3253//2695
f 3244//2686 3235//2677 3245//2687
f 3244//2686 3245//2687 3254//2696
f 3245//2687 3246//2688 3256//2698
f 3245//2687 3256//2698 3255//2697
f 3246//2688 3247//2689 3257//2699
f 3246//2688 3257//2699 3256//2698
f 3247//2689 3248//2690 3258//2700
f 3247//2689 3258//2700 3257//2699
f 3248//2690 3249//2691 3259//2701
f 3248//2690 3259//2701 3258//2700
f 3249//2691 3250//2692 3260//2702
f 3249//2691 3260//2702 3259//2701
f 3250//2692 3251//2693 3261//2703
f 3250//2692 3261//2703 3260//2702
f 3251//2693 3252//2694 3262//2704
f 3251//2693 3262//2704 3261//2703
f 3252//2694 3253//2695 3263//2705
f 3252//2694 3263//2705 3262//2704
f 3253//2695 3254//2696 3264//2706
f 3253//2695 3264//2706 3263//2705
f 3254//2696 3245//2687 3255//2697
f 3254//2696 3255//2697 3264//2706
f 3255//2697 3256//2698 3266//2708
f 3255//2697 3266//2708 3265//2707
f 3256//2698 3257//2699 3267//2709
f 3256//2698 3267//2709 3266//2708
f 3257//2699 3258//2700 3268//2710
f 3257//2699 3268//2710 3267//2709
f 3258//2700 3259//2701 3269//2711
f 3258//2700 3269//2711 3268//2710
f 3259//2701 3260//2702 3270//2712
f 3259//2701 3270//2712 3269//2711
f 3260//2702 3261//2703 3271//2713
f 3260//2702 3271//2713 3270//2712
f 3261//2703 3262//2704 3272//2714
f 3261//2703 3272//2714 3271//2713
f 3262//2704 3263//2705 3273//2715
f 3262//2704 3273//2715 3272//2714
f 3263//2705 3264//2706 3274//2716
f 3263//2705 3274//2716 3273//2715
f 3264//2706 3255//2697 3265//2707
f 3264//2706 3265//2707 3274//2716
f 3265//2707 3266//2708 3276//2718
f 3266//2708 3267//2709 3277//2719
f 3267//2709 3268//2710 3278//2720
f 3268//2710 3269//2711 3279//2721
f 3269//2711 3270//2712 3280//2722
f 3270//2712 3271//2713 3281//2723
f 3271//2713 3272//2714 3282//2724
f 3272//2714 3273//2715 3283//2725
f 3273//2715 3274//2716 3284//2726
f 3274//2716 3265//2707 3275//2717
f 3285//2727 3296//2738 3295//2737
f 3286//2728 3297//2739 3296//2738
f 3287//2729 3298//2740 3297//2739
f 3288//2730 3299//2741 3298//2740
f 3289//2731 3300//2742 3299//2741
f 3290//2732 3301//2743 3300//2742
f 3291//2733 3302//2744 3301//2743
f 3292//2734 3303//2745 3302//2744
f 3293//2735 3304//2746 3303//2745
f 3294//2736 3295//2737 3304//2746
f 3295//2737 3296//2738 3306//2748
f 3295//2737 3306//2748 3305//2747
f 3296//2738 3297//2739 3307//2749
f 3296//2738 3307//2749 3306//2748
f 3297//2739 3298//2740 3308//2750
f 3297//2739 3308//2750 3307//2749
f 3298//2740 3299//2741 3309//2751
f 3298//2740 3309//2751 3308//2750
f 3299//2741 3300//2742 3310//2752
f 3299//2741 3310//2752 3309//2751
f 3300//2742 3301//2743 3311//2753
f 3300//2742 3311//2753 3310//2752
f 3301//2743 3302//2744 3312//2754
f 3301//2743 3312//2754 3311//2753
f 3302//2744 3303//2745 3313//2755
f 3302//2744 3313//2755 3312//2754
f 3303//2745 3304//2746 3314//2756
f 3303//2745 3314//2756 3313//2755
f 3304//2746 3295//2737 3305//2747
f 3304//2746 3305//2747 3314//2756
f 3305//2747 3306//2748 3316//2758
f 3305//2747 3316//2758 3315//2757
f 3306//2748 3307//2749 3317//2759
f 3306//2748 3317//2759 3316//2758
f 3307//2749 3308//2750 3318//2760
f 3307//2749 3318//2760 3317//2759
f 3308//2750 3309//2751 3319//2761
f 3308//2750 3319//2761 3318//2760
f 3309//2751 3310//2752 3320//2762
f 3309//2751 3320//2762 3319//2761
f 3310//2752 3311//2753 3321//2763
f 3310//2752 3321//2763 3320//2762
f 3311//2753 3312//2754 3322//2764
f 3311//2753 3322//2764 3321//2763
f 3312//2754 3313//2755 3323//2765
f 3312//2754 3323//2765 3322//2764
f 3313//2755 3314//2756 3324//2766
f 3313//2755 3324//2766 3323//2765
f 3314//2756 3305//2747 3315//2757
f 3314//2756 3315//2757 3324//2766
f 3315//2757 3316//2758 3326//2768
f 3315//2757 3326//2768 3325//2767
f 3316//2758 3317//2759 3327//2769
f 3316//2758 3327//2769 3326//2768
f 3317//2759 3318//2760 3328//2770
f 3317//2759 3328//2770 3327//2769
f 3318//2760 3319//2761 3329//2771
f 3318//2760 3329//2771 3328//2770
f 3319//2761 3320//2762 3330//2772
f 3319//2761 3330//2772 3329//2771
f 3320//2762 3321//2763 3331//2773
f 3320//2762 3331//2773 3330//2772
f 3321//2763 3322//2764 3332//2774
f 3321//2763 3332//2774 3331//2773
f 3322//2764 3323//2765 3333//2775
f 3322//2764 3333//2775 3332//2774
f 3323//2765 3324//2766 3334//2776
f 3323//2765 3334//2776 3333//2775
f 3324//2766 3315//2757 3325//2767
f 3324//2766 3325//2767 3334//2776
f 3325//2767 3326//2768 3336//2778
f 3325//2767 3336//2778 3335//2777
f 3326//2768 3327//2769 3337//2779
f 3326//2768 3337//2779 3336//2778
f 3327//2769 3328//2770 3338//2780
f 3327//2769 3338//2780 3337//2779
f 3328//2770 3329//2771 3339//2781
f 3328//2770 3339//2781 3338//2780
f 3329//2771 3330//2772 3340//2782
f 3329//2771 3340//2782 3339//2781
f 3330//2772 3331//2773 3341//2783
f 3330//2772 3341//2783 3340//2782
f 3331//2773 3332//2774 3342//2784
f 3331//2773 3342//2784 3341//2783
f 3332//2774 3333//2775 3343//2785
f 3332//2774 3343//2785 3342//2784
f 3333//2775 3334//2776 3344//2786
f 3333//2775 3344//2786 3343//2785
f 3334//2776 3325//2767 3335//2777
f 3334//2776 3335//2777 3344//2786
f 3335//2777 3336//2778 3346//2788
f 3336//2778 3337//2779 3347//2789
f 3337//2779 3338//2780 3348//2790
f 3338//2780 3339//2781 3349//2791
f 3339//2781 3340//2782 3350//2792
f 3340//2782 3341//2783 3351//2793
f 3341//2783 3342//2784 3352//2794
f 3342//2784 3343//2785 3353//2795
f 3343//2785 3344//2786 3354//2796
f 3344//2786 3335//2777 3345//2787
f 3355//2797 3368//2810 3367//2809
f 3356//2798 3369//2811 3368//2810
f 3357//2799 3370//2812 3369//2811
f 3358//2800 3371//2813 3370//2812
f 3359//2801 3372//2814 3371//2813
f 3360//2802 3373//2815 3372//2814
f 3361//2803 3374//2816 3373//2815
f 3362//2804 3375//2817 3374//2816
f 3363//2805 3376//2818 3375//2817
f 3364//2806 3377//2819 3376//2818
f 3365//2807 3378//2820 3377//2819
f 3366//2808 3367//2809 3378//2820
f 3367//2809 3368//2810 3380//2822
f 3367//2809 3380//2822 3379//2821
f 3368//2810 3369//2811 3381//2823
f 3368//2810 3381//2823 3380//2822
f 3369//2811 3370//2812 3382//2824
f 3369//2811 3382//2824 3381//2823
f 3370//2812 3371//2813 3383//2825
f 3370//2812 3383//2825 3382//2824
f 3371//2813 3372//2814 3384//2826
f 3371//2813 3384//2826 3383//2825
f 3372//2814 3373//2815 3385//2827
f 3372//2814 3385//2827 3384//2826
f 3373//2815 3374//2816 3386//2828
f 3373//2815 3386//2828 3385//2827
f 3374//2816 3375//2817 3387//2829
f 3374//2816 3387//2829 3386//2828
f 3375//2817 3376//2818 3388//2830
f 3375//2817 3388//2830 3387//2829
f 3376//2818 3377//2819 3389//2831
f 3376//2818 3389//2831 3388//2830
f 3377//2819 3378//2820 3390//2832
f 3377//2819 3390//2832 3389//2831
f 3378//2820 3367//2809 3379//2821
f 3378//2820 3379//2821 3390//2832
f 3379//2821 3380//2822 3392//2834
f 3379//2821 3392//2834 3391//2833
f 3380//2822 3381//2823 3393//2835
f 3380//2822 3393//2835 3392//2834
f 3381//2823 3382//2824 3394//2836
f 3381//2823 3394//2836 3393//2835
f 3382//2824 3383//2825 3395//2837
f 3382//2824 3395//2837 3394//2836
f 3383//2825 3384//2826 3396//2838
f 3383//2825 3396//2838 3395//2837
f 3384//2826 3385//2827 3397//2839
f 3384//2826 3397//2839 3396//2838
f 3385//2827 3386//2828 3398//2840
f 3385//2827 3398//2840 3397//2839
f 3386//2828 3387//2829 3399//2841
f 3386//2828 3399//2841 3398//2840
f 3387//2829 3388//2830 3400//2842
f 3387//2829 3400//2842 3399//2841
f 3388//2830 3389//2831 3401//2843
f 3388//2830 3401//2843 3400//2842
f 3389//2831 3390//2832 3402//2844
f 3389//2831 3402//2844 3401//2843
f 3390//2832 3379//2821 3391//2833
f 3390//2832 3391//2833 3402//2844
f 3391//2833 3392//2834 3404//2846
f 3391//2833 3404//2846 3403//2845
f 3392//2834 3393//2835 3405//2847
f 3392//2834 3405//2847 3404//2846
f 3393//2835 3394//2836 3406//2848
f 3393//2835 3406//2848 3405//2847
f 3394//2836 3395//2837 3407//2849
f 3394//2836 3407//2849 3406//2848
f 3395//2837 3396//2838 3408//2850
f 3395//2837 3408//2850 3407//2849
f 3396//2838 3397//2839 3409//2851
f 3396//2838 3409//2851 3408//2850
f 3397//2839 3398//2840 3410//2852
f 3397//2839 3410//2852 3409//2851
f 3398//2840 3399//2841 3411//2853
f 3398//2840 3411//2853 3410//2852
f 3399//2841 3400//2842 3412//2854
f 3399//2841 3412//2854 3411//2853
f 3400//2842 3401//2843 3413//2855
f 3400//2842 3413//2855 3412//2854
f 3401//2843 3402//2844 3414//2856
f 3401//2843 3414//2856 3413//2855
f 3402//2844 3391//2833 3403//2845
f 3402//2844 3403//2845 3414//2856
f 3403//2845 3404//2846 3416//2858
f 3403//2845 3416//2858 3415//2857
f 3404//2846 3405//2847 3417//2859
f 3404//2846 3417//2859 3416//2858
f 3405//2847 3406//2848 3418//2860
f 3405//2847 3418//2860 3417//2859
f 3406//2848 3407//2849 3419//2861
f 3406//2848 3419//2861 3418//2860
f 3407//2849 3408//2850 3420//2862
f 3407//2849 3420//2862 3419//2861
f 3408//2850 3409//2851 3421//2863
f 3408//2850 3421//2863 3420//2862
f 3409//2851 3410//2852 3422//2864
f 3409//2851 3422//2864 3421//2863
f 3410//2852 3411//2853 3423//2865
f 3410//2852 3423//2865 3422//2864
f 3411//2853 3412//2854 3424//2866
f 3411//2853 3424//2866 3423//2865
f 3412//2854 3413//2855 3425//2867
f 3412//2854 3425//2867 3424//2866
f 3413//2855 3414//2856 3426//2868
f 3413//2855 3426//2868 3425//2867
f 3414//2856 3403//2845 3415//2857
f 3414//2856 3415//2857 3426//2868
f 3415//2857 3416//2858 3428//2870
f 3415//2857 3428//2870 3427//2869
f 3416//2858 3417//2859 3429//2871
f 3416//2858 3429//2871 3428//2870
f 3417//2859 3418//2860 3430//2872
f 3417//2859 3430//2872 3429//2871
f 3418//2860 3419//2861 3431//2873
f 3418//2860 3431//2873 3430//2872
f 3419//2861 3420//2862 3432//2874
f 3419//2861 3432//2874 3431//2873
f 3420//2862 3421//2863 3433//2875
f 3420//2862 3433//2875 3432//2874
f 3421//2863 3422//2864 3434//2876
f 3421//2863 3434//2876 3433//2875
f 3422//2864 3423//2865 3435//2877
f 3422//2864 3435//2877 3434//2876
f 3423//2865 3424//2866 3436//2878
f 3423//2865 3436//2878 3435//2877
f 3424//2866 3425//2867 3437//2879
f 3424//2866 3437//2879 3436//2878
f 3425//2867 3426//2868 3438//2880
f 3425//2867 3438//2880 3437//2879
f 3426//2868 3415//2857 3427//2869
f 3426//2868 3427//2869 3438//2880
f 3427//2869 3428//2870 3440//2882
f 3427//2869 3440//2882 3439//2881
f 3428//2870 3429//2871 3441//2883
f 3428//2870 3441//2883 3440//2882
f 3429//2871 3430//2872 3442//2884
f 3429//2871 3442//2884 3441//2883
f 3430//2872 3431//2873 3443//2885
f 3430//2872 3443//2885 3442//2884
f 3431//2873 3432//2874 3444//2886
f 3431//2873 3444//2886 3443//2885
f 3432//2874 3433//2875 3445//2887
f 3432//2874 3445//2887 3444//2886
f 3433//2875 3434//2876 3446//2888
f 3433//2875 3446//2888 3445//2887
f 3434//2876 3435//2877 3447//2889
f 3434//2876 3447//2889 3446//2888
f 3435//2877 3436//2878 3448//2890
f 3435//2877 3448//2890 3447//2889
f 3436//2878 3437//2879 3449//2891
f 3436//2878 3449//2891 3448//2890
f 3437//2879 3438//2880 3450//2892
f 3437//2879 3450//2892 3449//2891
f 3438//2880 3427//2869 3439//2881
f 3438//2880 3439//2881 3450//2892
f 3439//2881 3440//2882 3452//2894
f 3440//2882 3441//2883 3453//2895
f 3441//2883 3442//2884 3454//2896
f 3442//2884 3443//2885 3455//2897
f 3443//2885 3444//2886 3456//2898
f 3444//2886 3445//2887 3457//2899
f 3445//2887 3446//2888 3458//2900
f 3446//2888 3447//2889 3459//2901
f 3447//2889 3448//2890 3460//2902
f 3448//2890 3449//2891 3461//2903
f 3449//2891 3450//2892 3462//2904
f 3450//2892 3439//2881 3451//2893
f 3463//2905 3476//2918 3475//2917
f 3464//2906 3477//2919 3476//2918
f 3465//2907 3478//2920 3477//2919
f 3466//2908 3479//2921 3478//2920
f 3467//2909 3480//2922 3479//2921
f 3468//2910 3481//2923 3480//2922
f 3469//2911 3482//2924 3481//2923
f 3470//2912 3483//2925 3482//2924
f 3471//2913 3484//2926 3483//2925
f 3472//2914 3485//2927 3484//2926
f 3473//2915 3486//2928 3485//2927
f 3474//2916 3475//2917 3486//2928
f 3475//2917 3476//2918 3488//2930
f 3475//2917 3488//2930 3487//2929
f 3476//2918 3477//2919 3489//2931
f 3476//2918 3489//2931 3488//2930
f 3477//2919 3478//2920 3490//2932
f 3477//2919 3490//2932 3489//2931
f 3478//2920 3479//2921 3491//2933
f 3478//2920 3491//2933 3490//2932
f 3479//2921 3480//2922 3492//2934
f 3479//2921 3492//2934 3491//2933
f 3480//2922 3481//2923 3493//2935
f 3480//2922 3493//2935 3492//2934
f 3481//2923 3482//2924 3494//2936
f 3481//2923 3494//2936 3493//2935
f 3482//2924 3483//2925 3495//2937
f 3482//2924 3495//2937 3494//2936
f 3483//2925 3484//2926 3496//2938
f 3483//2925 3496//2938 3495//2937
f 3484//2926 3485//2927 3497//2939
f 3484//2926 3497//2939 3496//2938
f 3485//2927 3486//2928 3498//2940
f 3485//2927 3498//2940 3497//2939
f 3486//2928 3475//2917 3487//2929
f 3486//2928 3487//2929 3498//2940
f 3487//2929 3488//2930 3500//2942
f 3487//2929 3500//2942 3499//2941
f 3488//2930 3489//2931 3501//2943
f 3488//2930 3501//2943 3500//2942
f 3489//2931 3490//2932 3502//2944
f 3489//2931 3502//2944 3501//2943
f 3490//2932 3491//2933 3503//2945
f 3490//2932 3503//2945 3502//2944
f 3491//2933 3492//2934 3504//2946
f 3491//2933 3504//2946 3503//2945
f 3492//2934 3493//2935 3505//2947
f 3492//2934 3505//2947 3504//2946
f 3493//2935 3494//2936 3506//2948
f 3493//2935 3506//2948 3505//2947
f 3494//2936 3495//2937 3507//2949
f 3494//2936 3507//2949 3506//2948
f 3495//2937 3496//2938 3508//2950
f 3495//2937 3508//2950 3507//2949
f 3496//2938 3497//2939 3509//2951
f 3496//2938 3509//2951 3508//2950
f 3497//2939 3498//2940 3510//2952
f 3497//2939 3510//2952 3509//2951
f 3498//2940 3487//2929 3499//2941
f 3498//2940 3499//2941 3510//2952
f 3499//2941 3500//2942 3512//2954
f 3499//2941 3512//2954 3511//2953
f 3500//2942 3501//2943 3513//2955
f 3500//2942 3513//2955 3512//2954
f 3501//2943 3502//2944 3514//2956
f 3501//2943 3514//2956 3513//2955
f 3502//2944 3503//2945 3515//2957
f 3502//2944 3515//2957 3514//2956
f 3503//2945 3504//2946 3516//2958
f 3503//2945 3516//2958 3515//2957
f 3504//2946 3505//2947 3517//2959
f 3504//2946 3517//2959 3516//2958
f 3505//2947 3506//2948 3518//2960
f 3505//2947 3518//2960 3517//2959
f 3506//2948 3507//2949 3519//2961
f 3506//2948 3519//2961 3518//2960
f 3507//2949 3508//2950 3520//2962
f 3507//2949 3520//2962 3519//2961
f 3508//2950 3509//2951 3521//2963
f 3508//2950 3521//2963 3520//2962
f 3509//2951 3510//2952 3522//2964
f 3509//2951 3522//2964 3521//2963
f 3510//2952 3499//2941 3511//2953
f 3510//2952 3511//2953 3522//2964
f 3511//2953 3512//2954 3524//2966
f 3511//2953 3524//2966 3523//2965
f 3512//2954 3513//2955 3525//2967
f 3512//2954 3525//2967 3524//2966
f 3513//2955 3514//2956 3526//2968
f 3513//2955 3526//2968 3525//2967
f 3514//2956 3515//2957 3527//2969
f 3514//2956 3527//2969 3526//2968
f 3515//2957 3516//2958 3528//2970
f 3515//2957 3528//2970 3527//2969
f 3516//2958 3517//2959 3529//2971
f 3516//2958 3529//2971 3528//2970
f 3517//2959 3518//2960 3530//2972
f 3517//2959 3530//2972 3529//2971
f 3518//2960 3519//2961 3531//2973
f 3518//2960 3531//2973 3530//2972
f 3519//2961 3520//2962 3532//2974
f 3519//2961 3532//2974 3531//2973
f 3520//2962 3521//2963 3533//2975
f 3520//2962 3533//2975 3532//2974
f 3521//2963 3522//2964 3534//2976
f 3521//2963 3534//2976 3533//2975
f 3522//2964 3511//2953 3523//2965
f 3522//2964 3523//2965 3534//2976
f 3523//2965 3524//2966 3536//2978
f 3523//2965 3536//2978 3535//2977
f 3524//2966 3525//2967 3537//2979
f 3524//2966 3537//2979 3536//2978
f 3525//2967 3526//2968 3538//2980
f 3525//2967 3538//2980 3537//2979
f 3526//2968 3527//2969 3539//2981
f 3526//2968 3539//2981 3538//2980
f 3527//2969 3528//2970 3540//2982
f 3527//2969 3540//2982 3539//2981
f 3528//2970 3529//2971 3541//2983
f 3528//2970 3541//2983 3540//2982
f 3529//2971 3530//2972 3542//2984
f 3529//2971 3542//2984 3541//2983
f 3530//2972 3531//2973 3543//2985
f 3530//2972 3543//2985 3542//2984
f 3531//2973 3532//2974 3544//2986
f 3531//2973 3544//2986 3543//2985
f 3532//2974 3533//2975 3545//2987
f 3532//2974 3545//2987 3544//2986
f 3533//2975 3534//2976 3546//2988
f 3533//2975 3546//2988 3545//2987
f 3534//2976 3523//2965 3535//2977
f 3534//2976 3535//2977 3546//2988
f 3535//2977 3536//2978 3548//2990
f 3535//2977 3548//2990 3547//2989
f 3536//2978 3537//2979 3549//2991
f 3536//2978 3549//2991 3548//2990
f 3537//2979 3538//2980 3550//2992
f 3537//2979 3550//2992 3549//2991
f 3538//2980 3539//2981 3551//2993
f 3538//2980 3551//2993 3550//2992
f 3539//2981 3540//2982 3552//2994
f 3539//2981 3552//2994 3551//2993
f 3540//2982 3541//2983 3553//2995
f 3540//2982 3553//2995 3552//2994
f 3541//2983 3542//2984 3554//2996
f 3541//2983 3554//2996 3553//2995
f 3542//2984 3543//2985 3555//2997
f 3542//2984 3555//2997 3554//2996
f 3543//2985 3544//2986 3556//2998
f 3543//2985 3556//2998 3555//2997
f 3544//2986 3545//2987 3557//2999
f 3544//2986 3557//2999 3556//2998
f 3545//2987 3546//2988 3558//3000
f 3545//2987 3558//3000 3557//2999
f 3546//2988 3535//2977 3547//2989
f 3546//2988 3547//2989 3558//3000
f 3547//2989 3548//2990 3560//3002
f 3548//2990 3549//2991 3561//3003
f 3549//2991 3550//2992 3562//3004
f 3550//2992 3551//2993 3563//3005
f 3551//2993 3552//2994 3564//3006
f 3552//2994 3553//2995 3565//3007
f 3553//2995 3554//2996 3566//3008
f 3554//2996 3555//2997 3567//3009
f 3555//2997 3556//2998 3568//3010
f 3556//2998 3557//2999 3569//3011
f 3557//2999 3558//3000 3570//3012
f 3558//3000 3547//2989 3559//3001
f 3571//3013 3584//3026 3583//3025
f 3572//3014 3585//3027 3584//3026
f 3573//3015 3586//3028 3585//3027
f 3574//3016 3587//3029 3586//3028
f 3575//3017 3588//3030 3587//3029
f 3576//3018 3589//3031 3588//3030
f 3577//3019 3590//3032 3589//3031
f 3578//3020 3591//3033 3590//3032
f 3579//3021 3592//3034 3591//3033
f 3580//3022 3593//3035 3592//3034
f 3581//3023 3594//3036 3593//3035
f 3582//3024 3583//3025 3594//3036
f 3583//3025 3584//3026 3596//3038
f 3583//3025 3596//3038 3595//3037
f 3584//3026 3585//3027 3597//3039
f 3584//3026 3597//3039 3596//3038
f 3585//3027 3586//3028 3598//3040
f 3585//3027 3598//3040 3597//3039
f 3586//3028 3587//3029 3599//3041
f 3586//3028 3599//3041 3598//3040
f 3587//3029 3588//3030 3600//3042
f 3587//3029 3600//3042 3599//3041
f 3588//3030 3589//3031 3601//3043
f 3588//3030 3601//3043 3600//3042
f 3589//3031 3590//3032 3602//3044
f 3589//3031 3602//3044 3601//3043
f 3590//3032 3591//3033 3603//3045
f 3590//3032 3603//3045 3602//3044
f 3591//3033 3592//3034 3604//3046
f 3591//3033 3604//3046 3603//3045
f 3592//3034 3593//3035 3605//3047
f 3592//3034 3605//3047 3604//3046
f 3593//3035 3594//3036 3606//3048
f 3593//3035 3606//3048 3605//3047
f 3594//3036 3583//3025 3595//3037
f 3594//3036 3595//3037 3606//3048
f 3595//3037 3596//3038 3608//3050
f 3595//3037 3608//3050 3607//3049
f 3596//3038 3597//3039 3609//3051
f 3596//3038 3609//3051 3608//3050
f 3597//3039 3598//3040 3610//3052
f 3597//3039 3610//3052 3609//3051
f 3598//3040 3599//3041 3611//3053
f 3598//3040 3611//3053 3610//3052
f 3599//3041 3600//3042 3612//3054
f 3599//3041 3612//3054 3611//3053
f 3600//3042 3601//3043 3613//3055
f 3600//3042 3613//3055 3612//3054
f 3601//3043 3602//3044 3614//3056
f 3601//3043 3614//3056 3613//3055
f 3602//3044 3603//3045 3615//3057
f 3602//3044 3615//3057 3614//3056
f 3603//3045 3604//3046 3616//3058
f 3603//3045 3616//3058 3615//3057
f 3604//3046 3605//3047 3617//3059
f 3604//3046 3617//3059 3616//3058
f 3605//3047 3606//3048 3618//3060
f 3605//3047 3618//3060 3617//3059
f 3606//3048 3595//3037 3607//3049
f 3606//3048 3607//3049 3618//3060
f 3607//3049 3608//3050 3620//3062
f 3607//3049 3620//3062 3619//3061
f 3608//3050 3609//3051 3621//3063
f 3608//3050 3621//3063 3620//3062
f 3609//3051 3610//3052 3622//3064
f 3609//3051 3622//3064 3621//3063
f 3610//3052 3611//3053 3623//3065
f 3610//3052 3623//3065 3622//3064
f 3611//3053 3612//3054 3624//3066
f 3611//3053 3624//3066 3623//3065
f 3612//3054 3613//3055 3625//3067
f 3612//3054 3625//3067 3624//3066
f 3613//3055 3614//3056 3626//3068
f 3613//3055 3626//3068 3625//3067
f 3614//3056 3615//3057 3627//3069
f 3614//3056 3627//3069 3626//3068
f 3615//3057 3616//3058 3628//3070
f 3615//3057 3628//3070 3627//3069
f 3616//3058 3617//3059 3629//3071
f 3616//3058 3629//3071 3628//3070
f 3617//3059 3618//3060 3630//3072
f 3617//3059 3630//3072 3629//3071
f 3618//3060 3607//3049 3619//3061
f 3618//3060 3619//3061 3630//3072
f 3619//3061 3620//3062 3632//3074
f 3619//3061 3632//3074 3631//3073
f 3620//3062 3621//3063 3633//3075
f 3620//3062 3633//3075 3632//3074
f 3621//3063 3622//3064 3634//3076
f 3621//3063 3634//3076 3633//3075
f 3622//3064 3623//3065 3635//3077
f 3622//3064 3635//3077 3634//3076
f 3623//3065 3624//3066 3636//3078
f 3623//3065 3636//3078 3635//3077
f 3624//3066 3625//3067 3637//3079
f 3624//3066 3637//3079 3636//3078
f 3625//3067 3626//3068 3638//3080
f 3625//3067 3638//3080 3637//3079
f 3626//3068 3627//3069 3639//3081
f 3626//3068 3639//3081 3638//3080
f 3627//3069 3628//3070 3640//3082
f 3627//3069 3640//3082 3639//3081
f 3628//3070 3629//3071 3641//3083
f 3628//3070 3641//3083 3640//3082
f 3629//3071 3630//3072 3642//3084
f 3629//3071 3642//3084 3641//3083
f 3630//3072 3619//3061 3631//3073
f 3630//3072 3631//3073 3642//3084
f 3631//3073 3632//3074 3644//3086
f 3631//3073 3644//3086 3643//3085
f 3632//3074 3633//3075 3645//3087
f 3632//3074 3645//3087 3644//3086
f 3633//3075 3634//3076 3646//3088
f 3633//3075 3646//3088 3645//3087
f 3634//3076 3635//3077 3647//3089
f 3634//3076 3647//3089 3646//3088
f 3635//3077 3636//3078 3648//3090
f 3635//3077 3648//3090 3647//3089
f 3636//3078 3637//3079 3649//3091
f 3636//3078 3649//3091 3648//3090
f 3637//3079 3638//3080 3650//3092
f 3637//3079 3650//3092 3649//3091
f 3638//3080 3639//3081 3651//3093
f 3638//3080 3651//3093 3650//3092
f 3639//3081 3640//3082 3652//3094
f 3639//3081 3652//3094 3651//3093
f 3640//3082 3641//3083 3653//3095
f 3640//3082 3653//3095 3652//3094
f 3641//3083 3642//3084 3654//3096
f 3641//3083 3654//3096 3653//3095
f 3642//3084 3631//3073 3643//3085
f 3642//3084 3643//3085 3654//3096
f 3643//3085 3644//3086 3656//3098
f 3643//3085 3656//3098 3655//3097
f 3644//3086 3645//3087 3657//3099
f 3644//3086 3657//3099 3656//3098
f 3645//3087 3646//3088 3658//3100
f 3645//3087 3658//3100 3657//3099
f 3646//3088 3647//3089 3659//3101
f 3646//3088 3659//3101 3658//3100
f 3647//3089 3648//3090 3660//3102
f 3647//3089 3660//3102 3659//3101
f 3648//3090 3649//3091 3661//3103
f 3648//3090 3661//3103 3660//3102
f 3649//3091 3650//3092 3662//3104
f 3649//3091 3662//3104 3661//3103
f 3650//3092 3651//3093 3663//3105
f 3650//3092 3663//3105 3662//3104
f 3651//3093 3652//3094 3664//3106
f 3651//3093 3664//3106 3663//3105
f 3652//3094 3653//3095 3665//3107
f 3652//3094 3665//3107 3664//3106
f 3653//3095 3654//3096 3666//3108
f 3653//3095 3666//3108 3665//3107
f 3654//3096 3643//3085 3655//3097
f 3654//3096 3655//3097 3666//3108
f 3655//3097 3656//3098 3668//3110
f 3656//3098 3657//3099 3669//3111
f 3657//3099 3658//3100 3670//3112
f 3658//3100 3659//3101 3671//3113
f 3659//3101 3660//3102 3672//3114
f 3660//3102 3661//3103 3673//3115
f 3661//3103 3662//3104 3674//3116
f 3662//3104 3663//3105 3675//3117
f 3663//3105 3664//3106 3676//3118
f 3664//3106 3665//3107 3677//3119
f 3665//3107 3666//3108 3678//3120
f 3666//3108 3655//3097 3667//3109
f 3679//3121 3690//3132 3689//3131
f 3680//3122 3691//3133 3690//3132
f 3681//3123 3692//3134 3691//3133
f 3682//3124 3693//3135 3692//3134
f 3683//3125 3694//3136 3693//3135
f 3684//3126 3695//3137 3694//3136
f 3685//3127 3696//3138 3695//3137
f 3686//3128 3697//3139 3696//3138
f 3687//3129 3698//3140 3697//3139
f 3688//3130 3689//3131 3698//3140
f 3689//3131 3690//3132 3700//3142
f 3689//3131 3700//3142 3699//3141
f 3690//3132 3691//3133 3701//3143
f 3690//3132 3701//3143 3700//3142
f 3691//3133 3692//3134 3702//3144
f 3691//3133 3702//3144 3701//3143
f 3692//3134 3693//3135 3703//3145
f 3692//3134 3703//3145 3702//3144
f 3693//3135 3694//3136 3704//3146
f 3693//3135 3704//3146 3703//3145
f 3694//3136 3695//3137 3705//3147
f 3694//3136 3705//3147 3704//3146
f 3695//3137 3696//3138 3706//3148
f 3695//3137 3706//3148 3705//3147
f 3696//3138 3697//3139 3707//3149
f 3696//3138 3707//3149 3706//3148
f 3697//3139 3698//3140 3708//3150
f 3697//3139 3708//3150 3707//3149
f 3698//3140 3689//3131 3699//3141
f 3698//3140 3699//3141 3708//3150
f 3699//3141 3700//3142 3710//3152
f 3699//3141 3710//3152 3709//3151
f 3700//3142 3701//3143 3711//3153
f 3700//3142 3711//3153 3710//3152
f 3701//3143 3702//3144 3712//3154
f 3701//3143 3712//3154 3711//3153
f 3702//3144 3703//3145 3713//3155
f 3702//3144 3713//3155 3712//3154
f 3703//3145 3704//3146 3714//3156
f 3703//3145 3714//3156 3713//3155
f 3704//3146 3705//3147 3715//3157
f 3704//3146 3715//3157 3714//3156
f 3705//3147 3706//3148 3716//3158
f 3705//3147 3716//3158 3715//3157
f 3706//3148 3707//3149 3717//3159
f 3706//3148 3717//3159 3716//3158
f 3707//3149 3708//3150 3718//3160
f 3707//3149 3718//3160 3717//3159
f 3708//3150 3699//3141 3709//3151
f 3708//3150 3709//3151 3718//3160
f 3709//3151 3710//3152 3720//3162
f 3709//3151 3720//3162 3719//3161
f 3710//3152 3711//3153 3721//3163
f 3710//3152 3721//3163 3720//3162
f 3711//3153 3712//3154 3722//3164
f 3711//3153 3722//3164 3721//3163
f 3712//3154 3713//3155 3723//3165
f 3712//3154 3723//3165 3722//3164
f 3713//3155 3714//3156 3724//3166
f 3713//3155 3724//3166 3723//3165
f 3714//3156 3715//3157 3725//3167
f 3714//3156 3725//3167 3724//3166
f 3715//3157 3716//3158 3726//3168
f 3715//3157 3726//3168 3725//3167
f 3716//3158 3717//3159 3727//3169
f 3716//3158 3727//3169 3726//3168
f 3717//3159 3718//3160 3728//3170
f 3717//3159 3728//3170 3727//3169
f 3718//3160 3709//3151 3719//3161
f 3718//3160 3719//3161 3728//3170
f 3719//3161 3720//3162 3730//3172
f 3719//3161 3730//3172 3729//3171
f 3720//3162 3721//3163 3731//3173
f 3720//3162 3731//3173 3730//3172
f 3721//3163 3722//3164 3732//3174
f 3721//3163 3732//3174 3731//3173
f 3722//3164 3723//3165 3733//3175
f 3722//3164 3733//3175 3732//3174
f 3723//3165 3724//3166 3734//3176
f 3723//3165 3734//3176 3733//3175
f 3724//3166 3725//3167 3735//3177
f 3724//3166 3735//3177 3734//3176
f 3725//3167 3726//3168 3736//3178
f 3725//3167 3736//3178 3735//3177
f 3726//3168 3727//3169 3737//3179
f 3726//3168 3737//3179 3736//3178
f 3727//3169 3728//3170 3738//3180
f 3727//3169 3738//3180 3737//3179
f 3728//3170 3719//3161 3729//3171
f 3728//3170 3729//3171 3738//3180
f 3729//3171 3730//3172 3740//3182
f 3730//3172 3731//3173 3741//3183
f 3731//3173 3732//3174 3742//3184
f 3732//3174 3733//3175 3743//3185
f 3733//3175 3734//3176 3744//3186
f 3734//3176 3735//3177 3745//3187
f 3735//3177 3736//3178 3746//3188
f 3736//3178 3737//3179 3747//3189
f 3737//3179 3738//3180 3748//3190
f 3738//3180 3729//3171 3739//3181
f 3749//3191 3760//3202 3759//3201
f 3750//3192 3761//3203 3760//3202
f 3751//3193 3762//3204 3761//3203
f 3752//3194 3763//3205 3762//3204
f 3753//3195 3764//3206 3763//3205
f 3754//3196 3765//3207 3764//3206
f 3755//3197 3766//3208 3765//3207
f 3756//3198 3767//3209 3766//3208
f 3757//3199 3768//3210 3767//3209
f 3758//3200 3759//3201 3768//3210
f 3759//3201 3760//3202 3770//3212
f 3759//3201 3770//3212 3769//3211
f 3760//3202 3761//3203 3771//3213
f 3760//3202 3771//3213 3770//3212
f 3761//3203 3762//3204 3772//3214
f 3761//3203 3772//3214 3771//3213
f 3762//3204 3763//3205 3773//3215
f 3762//3204 3773//3215 3772//3214
f 3763//3205 3764//3206 3774//3216
f 3763//3205 3774//3216 3773//3215
f 3764//3206 3765//3207 3775//3217
f 3764//3206 3775//3217 3774//3216
f 3765//3207 3766//3208 3776//3218
f 3765//3207 3776//3218 3775//3217
f 3766//3208 3767//3209 3777//3219
f 3766//3208 3777//3219 3776//3218
f 3767//3209 3768//3210 3778//3220
f 3767//3209 3778//3220 3777//3219
f 3768//3210 3759//3201 3769//3211
f 3768//3210 3769//3211 3778//3220
f 3769//3211 3770//3212 3780//3222
f 3769//3211 3780//3222 3779//3221
f 3770//3212 3771//3213 3781//3223
f 3770//3212 3781//3223 3780//3222
f 3771//3213 3772//3214 3782//3224
f 3771//3213 3782//3224 3781//3223
f 3772//3214 3773//3215 3783//3225
f 3772//3214 3783//3225 3782//3224
f 3773//3215 3774//3216 3784//3226
f 3773//3215 3784//3226 3783//3225
f 3774//3216 3775//3217 3785//3227
f 3774//3216 3785//3227 3784//3226
f 3775//3217 3776//3218 3786//3228
f 3775//3217 3786//3228 3785//3227
f 3776//3218 3777//3219 3787//3229
f 3776//3218 3787//3229 3786//3228
f 3777//3219 3778//3220 3788//3230
f 3777//3219 3788//3230 3787//3229
f 3778//3220 3769//3211 3779//3221
f 3778//3220 3779//3221 3788//3230
f 3779//3221 3780//3222 3790//3232
f 3779//3221 3790//3232 3789//3231
f 3780//3222 3781//3223 3791//3233
f 3780//3222 3791//3233 3790//3232
f 3781//3223 3782//3224 3792//3234
f 3781//3223 3792//3234 3791//3233
f 3782//3224 3783//3225 3793//3235
f 3782//3224 3793//3235 3792//3234
f 3783//3225 3784//3226 3794//3236
f 3783//3225 3794//3236 3793//3235
f 3784//3226 3785//3227 3795//3237
f 3784//3226 3795//3237 3794//3236
f 3785//3227 3786//3228 3796//3238
f 3785//3227 3796//3238 3795//3237
f 3786//3228 3787//3229 3797//3239
f 3786//3228 3797//3239 3796//3238
f 3787//3229 3788//3230 3798//3240
f 3787//3229 3798//3240 3797//3239
f 3788//3230 3779//3221 3789//3231
f 3788//3230 3789//3231 3798//3240
f 3789//3231 3790//3232 3800//3242
f 3789//3231 3800//3242 3799//3241
f 3790//3232 3791//3233 3801//3243
f 3790//3232 3801//3243 3800//3242
f 3791//3233 3792//3234 3802//3244
f 3791//3233 3802//3244 3801//3243
f 3792//3234 3793//3235 3803//3245
f 3792//3234 3803//3245 3802//3244
f 3793//3235 3794//3236 3804//3246
f 3793//3235 3804//3246 3803//3245
f 3794//3236 3795//3237 3805//3247
f 3794//3236 3805//3247 3804//3246
f 3795//3237 3796//3238 3806//3248
f 3795//3237 3806//3248 3805//3247
f 3796//3238 3797//3239 3807//3249
f 3796//3238 3807//3249 3806//3248
f 3797//3239 3798//3240 3808//3250
f 3797//3239 3808//3250 3807//3249
f 3798//3240 3789//3231 3799//3241
f 3798//3240 3799//3241 3808//3250
f 3799//3241 3800//3242 3810//3252
f 3800//3242 3801//3243 3811//3253
f 3801//3243 3802//3244 3812//3254
f 3802//3244 3803//3245 3813//3255
f 3803//3245 3804//3246 3814//3256
f 3804//3246 3805//3247 3815//3257
f 3805//3247 3806//3248 3816//3258
f 3806//3248 3807//3249 3817//3259
f 3807//3249 3808//3250 3818//3260
f 3808//3250 3799//3241 3809//3251
f 3819//3261 3832//3274 3831//3273
f 3820//3262 3833//3275 3832//3274
f 3821//3263 3834//3276 3833//3275
f 3822//3264 3835//3277 3834//3276
f 3823//3265 3836//3278 3835//3277
f 3824//3266 3837//3279 3836//3278
f 3825//3267 3838//3280 3837//3279
f 3826//3268 3839//3281 3838//3280
f 3827//3269 3840//3282 3839//3281
f 3828//3270 3841//3283 3840//3282
f 3829//3271 3842//3284 3841//3283
f 3830//3272 3831//3273 3842//3284
f 3831//3273 3832//3274 3844//3286
f 3831//3273 3844//3286 3843//3285
f 3832//3274 3833//3275 3845//3287
f 3832//3274 3845//3287 3844//3286
f 3833//3275 3834//3276 3846//3288
f 3833//3275 3846//3288 3845//3287
f 3834//3276 3835//3277 3847//3289
f 3834//3276 3847//3289 3846//3288
f 3835//3277 3836//3278 3848//3290
f 3835//3277 3848//3290 3847//3289
f 3836//3278 3837//3279 3849//3291
f 3836//3278 3849//3291 3848//3290
f 3837//3279 3838//3280 3850//3292
f 3837//3279 3850//3292 3849//3291
f 3838//3280 3839//3281 3851//3293
f 3838//3280 3851//3293 3850//3292
f 3839//3281 3840//3282 3852//3294
f 3839//3281 3852//3294 3851//3293
f 3840//3282 3841//3283 3853//3295
f 3840//3282 3853//3295 3852//3294
f 3841//3283 3842//3284 3854//3296
f 3841//3283 3854//3296 3853//3295
f 3842//3284 3831//3273 3843//3285
f 3842//3284 3843//3285 3854//3296
f 3843//3285 3844//3286 3856//3298
f 3843//3285 3856//3298 3855//3297
f 3844//3286 3845//3287 3857//3299
f 3844//3286 3857//3299 3856//3298
f 3845//3287 3846//3288 3858//3300
f 3845//3287 3858//3300 3857//3299
f 3846//3288 3847//3289 3859//3301
f 3846//3288 3859//3301 3858//3300
f 3847//3289 3848//3290 3860//3302
f 3847//3289 3860//3302 3859//3301
f 3848//3290 3849//3291 3861//3303
f 3848//3290 3861//3303 3860//3302
f 3849//3291 3850//3292 3862//3304
f 3849//3291 3862//3304 3861//3303
f 3850//3292 3851//3293 3863//3305
f 3850//3292 3863//3305 3862//3304
f 3851//3293 3852//3294 3864//3306
f 3851//3293 3864//3306 3863//3305
f 3852//3294 3853//3295 3865//3307
f 3852//3294 3865//3307 3864//3306
f 3853//3295 3854//3296 3866//3308
f 3853//3295 3866//3308 3865//3307
f 3854//3296 3843//3285 3855//3297
f 3854//3296 3855//3297 3866//3308
f 3855//3297 3856//3298 3868//3310
f 3855//3297 3868//3310 3867//3309
f 3856//3298 3857//3299 3869//3311
f 3856//3298 3869//3311 3868//3310
f 3857//3299 3858//3300 3870//3312
f 3857//3299 3870//3312 3869//3311
f 3858//3300 3859//3301 3871//3313
f 3858//3300 3871//3313 3870//3312
f 3859//3301 3860//3302 3872//3314
f 3859//3301 3872//3314 3871//3313
f 3860//3302 3861//3303 3873//3315
f 3860//3302 3873//3315 3872//3314
f 3861//3303 3862//3304 3874//3316
f 3861//3303 3874//3316 3873//3315
f 3862//3304 3863//3305 3875//3317
f 3862//3304 3875//3317 3874//3316
f 3863//3305 3864//3306 3876//3318
f 3863//3305 3876//3318 3875//3317
f 3864//3306 3865//3307 3877//3319
f 3864//3306 3877//3319 3876//3318
f 3865//3307 3866//3308 3878//3320
f 3865//3307 3878//3320 3877//3319
f 3866//3308 3855//3297 3867//3309
f 3866//3308 3867//3309 3878//3320
f 3867//3309 3868//3310 3880//3322
f 3867//3309 3880//3322 3879//3321
f 3868//3310 3869//3311 3881//3323
f 3868//3310 3881//3323 3880//3322
f 3869//3311 3870//3312 3882//3324
f 3869//3311 3882//3324 3881//3323
f 3870//3312 3871//3313 3883//3325
f 3870//3312 3883//3325 3882//3324
f 3871//3313 3872//3314 3884//3326
f 3871//3313 3884//3326 3883//3325
f 3872//3314 3873//3315 3885//3327
f 3872//3314 3885//3327 3884//3326
f 3873//3315 3874//3316 3886//3328
f 3873//3315 3886//3328 3885//3327
f 3874//3316 3875//3317 3887//3329
f 3874//3316 3887//3329 3886//3328
f 3875//3317 3876//3318 3888//3330
f 3875//3317 3888//3330 3887//3329
f 3876//3318 3877//3319 3889//3331
f 3876//3318 3889//3331 3888//3330
f 3877//3319 3878//3320 3890//3332
f 3877//3319 3890//3332 3889//3331
f 3878//3320 3867//3309 3879//3321
f 3878//3320 3879//3321 3890//3332
f 3879//3321 3880//3322 3892//3334
f 3879//3321 3892//3334 3891//3333
f 3880//3322 3881//3323 3893//3335
f 3880//3322 3893//3335 3892//3334
f 3881//3323 3882//3324 3894//3336
f 3881//3323 3894//3336 3893//3335
f 3882//3324 3883//3325 3895//3337
f 3882//3324 3895//3337 3894//3336
f 3883//3325 3884//3326 3896//3338
f 3883//3325 3896//3338 3895//3337
f 3884//3326 3885//3327 3897//3339
f 3884//3326 3897//3339 3896//3338
f 3885//3327 3886//3328 3898//3340
f 3885//3327 3898//3340 3897//3339
f 3886//3328 3887//3329 3899//3341
f 3886//3328 3899//3341 3898//3340
f 3887//3329 3888//3330 3900//3342
f 3887//3329 3900//3342 3899//3341
f 3888//3330 3889//3331 3901//3343
f 3888//3330 3901//3343 3900//3342
f 3889//3331 3890//3332 3902//3344
f 3889//3331 3902//3344 3901//3343
f 3890//3332 3879//3321 3891//3333
f 3890//3332 3891//3333 3902//3344
f 3891//3333 3892//3334 3904//3346
f 3891//3333 3904//3346 3903//3345
f 3892//3334 3893//3335 3905//3347
f 3892//3334 3905//3347 3904//3346
f 3893//3335 3894//3336 3906//3348
f 3893//3335 3906//3348 3905//3347
f 3894//3336 3895//3337 3907//3349
f 3894//3336 3907//3349 3906//3348
f 3895//3337 3896//3338 3908//3350
f 3895//3337 3908//3350 3907//3349
f 3896//3338 3897//3339 3909//3351
f 3896//3338 3909//3351 3908//3350
f 3897//3339 3898//3340 3910//3352
f 3897//3339 3910//3352 3909//3351
f 3898//3340 3899//3341 3911//3353
f 3898//3340 3911//3353 3910//3352
f 3899//3341 3900//3342 3912//3354
f 3899//3341 3912//3354 3911//3353
f 3900//3342 3901//3343 3913//3355
f 3900//3342 3913//3355 3912//3354
f 3901//3343 3902//3344 3914//3356
f 3901//3343 3914//3356 3913//3355
f 3902//3344 3891//3333 3903//3345
f 3902//3344 3903//3345 3914//3356
f 3903//3345 3904//3346 3916//3358
f 3904//3346 3905//3347 3917//3359
f 3905//3347 3906//3348 3918//3360
f 3906//3348 3907//3349 3919//3361
f 3907//3349 3908//3350 3920//3362
f 3908//3350 3909//3351 3921//3363
f 3909//3351 3910//3352 3922//3364
f 3910//3352 3911//3353 3923//3365
f 3911//3353 3912//3354 3924//3366
f 3912//3354 3913//3355 3925//3367
f 3913//3355 3914//3356 3926//3368
f 3914//3356 3903//3345 3915//3357
f 3927//3369 3940//3382 3939//3381
f 3928//3370 3941//3383 3940//3382
f 3929//3371 3942//3384 3941//3383
f 3930//3372 3943//3385 3942//3384
f 3931//3373 3944//3386 3943//3385
f 3932//3374 3945//3387 3944//3386
f 3933//3375 3946//3388 3945//3387
f 3934//3376 3947//3389 3946//3388
f 3935//3377 3948//3390 3947//3389
f 3936//3378 3949//3391 3948//3390
f 3937//3379 3950//3392 3949//3391
f 3938//3380 3939//3381 3950//3392
f 3939//3381 3940//3382 3952//3394
f 3939//3381 3952//3394 3951//3393
f 3940//3382 3941//3383 3953//3395
f 3940//3382 3953//3395 3952//3394
f 3941//3383 3942//3384 3954//3396
f 3941//3383 3954//3396 3953//3395
f 3942//3384 3943//3385 3955//3397
f 3942//3384 3955//3397 3954//3396
f 3943//3385 3944//3386 3956//3398
f 3943//3385 3956//3398 3955//3397
f 3944//3386 3945//3387 3957//3399
f 3944//3386 3957//3399 3956//3398
f 3945//3387 3946//3388 3958//3400
f 3945//3387 3958//3400 3957//3399
f 3946//3388 3947//3389 3959//3401
f 3946//3388 3959//3401 3958//3400
f 3947//3389 3948//3390 3960//3402
f 3947//3389 3960//3402 3959//3401
f 3948//3390 3949//3391 3961//3403
f 3948//3390 3961//3403 3960//3402
f 3949//3391 3950//3392 3962//3404
f 3949//3391 3962//3404 3961//3403
f 3950//3392 3939//3381 3951//3393
f 3950//3392 3951//3393 3962//3404
f 3951//3393 3952//3394 3964//3406
f 3951//3393 3964//3406 3963//3405
f 3952//3394 3953//3395 3965//3407
f 3952//3394 3965//3407 3964//3406
f 3953//3395 3954//3396 3966//3408
f 3953//3395 3966//3408 3965//3407
f 3954//3396 3955//3397 3967//3409
f 3954//3396 3967//3409 3966//3408
f 3955//3397 3956//3398 3968//3410
f 3955//3397 3968//3410 3967//3409
f 3956//3398 3957//3399 3969//3411
f 3956//3398 3969//3411 3968//3410
f 3957//3399 3958//3400 3970//3412
f 3957//3399 3970//3412 3969//3411
f 3958//3400 3959//3401 3971//3413
f 3958//3400 3971//3413 3970//3412
f 3959//3401 3960//3402 3972//3414
f 3959//3401 3972//3414 3971//3413
f 3960//3402 3961//3403 3973//3415
f 3960//3402 3973//3415 3972//3414
f 3961//3403 3962//3404 3974//3416
f 3961//3403 3974//3416 3973//3415
f 3962//3404 3951//3393 3963//3405
f 3962//3404 3963//3405 3974//3416
f 3963//3405 3964//3406 3976//3418
f 3963//3405 3976//3418 3975//3417
f 3964//3406 3965//3407 3977//3419
f 3964//3406 3977//3419 3976//3418
f 3965//3407 3966//3408 3978//3420
f 3965//3407 3978//3420 3977//3419
f 3966//3408 3967//3409 3979//3421
f 3966//3408 3979//3421 3978//3420
f 3967//3409 3968//3410 3980//3422
f 3967//3409 3980//3422 3979//3421
f 3968//3410 3969//3411 3981//3423
f 3968//3410 3981//3423 3980//3422
f 3969//3411 3970//3412 3982//3424
f 3969//3411 3982//3424 3981//3423
f 3970//3412 3971//3413 3983//3425
f 3970//3412 3983//3425 3982//3424
f 3971//3413 3972//3414 3984//3426
f 3971//3413 3984//3426 3983//3425
f 3972//3414 3973//3415 3985//3427
f 3972//3414 3985//3427 3984//3426
f 3973//3415 3974//3416 3986//3428
f 3973//3415 3986//3428 3985//3427
f 3974//3416 3963//3405 3975//3417
f 3974//3416 3975//3417 3986//3428
f 3975//3417 3976//3418 3988//3430
f 3975//3417 3988//3430 3987//3429
f 3976//3418 3977//3419 3989//3431
f 3976//3418 3989//3431 3988//3430
f 3977//3419 3978//3420 3990//3432
f 3977//3419 3990//3432 3989//3431
f 3978//3420 3979//3421 3991//3433
f 3978//3420 3991//3433 3990//3432
f 3979//3421 3980//3422 3992//3434
f 3979//3421 3992//3434 3991//3433
f 3980//3422 3981//3423 3993//3435
f 3980//3422 3993//3435 3992//3434
f 3981//3423 3982//3424 3994//3436
f 3981//3423 3994//3436 3993//3435
f 3982//3424 3983//3425 3995//3437
f 3982//3424 3995//3437 3994//3436
f 3983//3425 3984//3426 3996//3438
f 3983//3425 3996//3438 3995//3437
f 3984//3426 3985//3427 3997//3439
f 3984//3426 3997//3439 3996//3438
f 3985//3427 3986//3428 3998//3440
f 3985//3427 3998//3440 3997//3439
f 3986//3428 3975//3417 3987//3429
f 3986//3428 3987//3429 3998//3440
f 3987//3429 3988//3430 4000//3442
f 3987//3429 4000//3442 3999//3441
f 3988//3430 3989//3431 4001//3443
f 3988//3430 4001//3443 4000//3442
f 3989//3431 3990//3432 4002//3444
f 3989//3431 4002//3444 4001//3443
f 3990//3432 3991//3433 4003//3445
f 3990//3432 4003//3445 4002//3444
f 3991//3433 3992//3434 4004//3446
f 3991//3433 4004//3446 4003//3445
f 3992//3434 3993//3435 4005//3447
f 3992//3434 4005//3447 4004//3446
f 3993//3435 3994//3436 4006//3448
f 3993//3435 4006//3448 4005//3447
f 3994//3436 3995//3437 4007//3449
f 3994//3436 4007//3449 4006//3448
f 3995//3437 3996//3438 4008//3450
f 3995//3437 4008//3450 4007//3449
f 3996//3438 3997//3439 4009//3451
f 3996//3438 4009//3451 4008//3450
f 3997//3439 3998//3440 4010//3452
f 3997//3439 4010//3452 4009//3451
f 3998//3440 3987//3429 3999//3441
f 3998//3440 3999//3441 4010//3452
f 3999//3441 4000//3442 4012//3454
f 3999//3441 4012//3454 4011//3453
f 4000//3442 4001//3443 4013//3455
f 4000//3442 4013//3455 4012//3454
f 4001//3443 4002//3444 4014//3456
f 4001//3443 4014//3456 4013//3455
f 4002//3444 4003//3445 4015//3457
f 4002//3444 4015//3457 4014//3456
f 4003//3445 4004//3446 4016//3458
f 4003//3445 4016//3458 4015//3457
f 4004//3446 4005//3447 4017//3459
f 4004//3446 4017//3459 4016//3458
f 4005//3447 4006//3448 4018//3460
f 4005//3447 4018//3460 4017//3459
f 4006//3448 4007//3449 4019//3461
f 4006//3448 4019//3461 4018//3460
f 4007//3449 4008//3450 4020//3462
f 4007//3449 4020//3462 4019//3461
f 4008//3450 4009//3451 4021//3463
f 4008//3450 4021//3463 4020//3462
f 4009//3451 4010//3452 4022//3464
f 4009//3451 4022//3464 4021//3463
f 4010//3452 3999//3441 4011//3453
f 4010//3452 4011//3453 4022//3464
f 4011//3453 4012//3454 4024//3466
f 4012//3454 4013//3455 4025//3467
f 4013//3455 4014//3456 4026//3468
f 4014//3456 4015//3457 4027//3469
f 4015//3457 4016//3458 4028//3470
f 4016//3458 4017//3459 4029//3471
f 4017//3459 4018//3460 4030//3472
f 4018//3460 4019//3461 4031//3473
f 4019//3461 4020//3462 4032//3474
f 4020//3462 4021//3463 4033//3475
f 4021//3463 4022//3464 4034//3476
f 4022//3464 4011//3453 4023//3465
f 4035//3477 4048//3490 4047//3489
f 4036//3478 4049//3491 4048//3490
f 4037//3479 4050//3492 4049//3491
f 4038//3480 4051//3493 4050//3492
f 4039//3481 4052//3494 4051//3493
f 4040//3482 4053//3495 4052//3494
f 4041//3483 4054//3496 4053//3495
f 4042//3484 4055//3497 4054//3496
f 4043//3485 4056//3498 4055//3497
f 4044//3486 4057//3499 4056//3498
f 4045//3487 4058//3500 4057//3499
f 4046//3488 4047//3489 4058//3500
f 4047//3489 4048//3490 4060//3502
f 4047//3489 4060//3502 4059//3501
f 4048//3490 4049//3491 4061//3503
f 4048//3490 4061//3503 4060//3502
f 4049//3491 4050//3492 4062//3504
f 4049//3491 4062//3504 4061//3503
f 4050//3492 4051//3493 4063//3505
f 4050//3492 4063//3505 4062//3504
f 4051//3493 4052//3494 4064//3506
f 4051//3493 4064//3506 4063//3505
f 4052//3494 4053//3495 4065//3507
f 4052//3494 4065//3507 4064//3506
f 4053//3495 4054//3496 4066//3508
f 4053//3495 4066//3508 4065//3507
f 4054//3496 4055//3497 4067//3509
f 4054//3496 4067//3509 4066//3508
f 4055//3497 4056//3498 4068//3510
f 4055//3497 4068//3510 4067//3509
f 4056//3498 4057//3499 4069//3511
f 4056//3498 4069//3511 4068//3510
f 4057//3499 4058//3500 4070//3512
f 4057//3499 4070//3512 4069//3511
f 4058//3500 4047//3489 4059//3501
f 4058//3500 4059//3501 4070//3512
f 4059//3501 4060//3502 4072//3514
f 4059//3501 4072//3514 4071//3513
f 4060//3502 4061//3503 4073//3515
f 4060//3502 4073//3515 4072//3514
f 4061//3503 4062//3504 4074//3516
f 4061//3503 4074//3516 4073//3515
f 4062//3504 4063//3505 4075//3517
f 4062//3504 4075//3517 4074//3516
f 4063//3505 4064//3506 4076//3518
f 4063//3505 4076//3518 4075//3517
f 4064//3506 4065//3507 4077//3519
f 4064//3506 4077//3519 4076//3518
f 4065//3507 4066//3508 4078//3520
f 4065//3507 4078//3520 4077//3519
f 4066//3508 4067//3509 4079//3521
f 4066//3508 4079//3521 4078//3520
f 4067//3509 4068//3510 4080//3522
f 4067//3509 4080//3522 4079//3521
f 4068//3510 4069//3511 4081//3523
f 4068//3510 4081//3523 4080//3522
f 4069//3511 4070//3512 4082//3524
f 4069//3511 4082//3524 4081//3523
f 4070//3512 4059//3501 4071//3513
f 4070//3512 4071//3513 4082//3524
f 4071//3513 4072//3514 4084//3526
f 4071//3513 4084//3526 4083//3525
f 4072//3514 4073//3515 4085//3527
f 4072//3514 4085//3527 4084//3526
f 4073//3515 4074//3516 4086//3528
f 4073//3515 4086//3528 4085//3527
f 4074//3516 4075//3517 4087//3529
f 4074//3516 4087//3529 4086//3528
f 4075//3517 4076//3518 4088//3530
f 4075//3517 4088//3530 4087//3529
f 4076//3518 4077//3519 4089//3531
f 4076//3518 4089//3531 4088//3530
f 4077//3519 4078//3520 4090//3532
f 4077//3519 4090//3532 4089//3531
f 4078//3520 4079//3521 4091//3533
f 4078//3520 4091//3533 4090//3532
f 4079//3521 4080//3522 4092//3534
f 4079//3521 4092//3534 4091//3533
f 4080//3522 4081//3523 4093//3535
f 4080//3522 4093//3535 4092//3534
f 4081//3523 4082//3524 4094//3536
f 4081//3523 4094//3536 4093//3535
f 4082//3524 4071//3513 4083//3525
f 4082//3524 4083//3525 4094//3536
f 4083//3525 4084//3526 4096//3538
f 4083//3525 4096//3538 4095//3537
f 4084//3526 4085//3527 4097//3539
f 4084//3526 4097//3539 4096//3538
f 4085//3527 4086//3528 4098//3540
f 4085//3527 4098//3540 4097//3539
f 4086//3528 4087//3529 4099//3541
f 4086//3528 4099//3541 4098//3540
f 4087//3529 4088//3530 4100//3542
f 4087//3529 4100//3542 4099//3541
f 4088//3530 4089//3531 4101//3543
f 4088//3530 4101//3543 4100//3542
f 4089//3531 4090//3532 4102//3544
f 4089//3531 4102//3544 4101//3543
f 4090//3532 4091//3533 4103//3545
f 4090//3532 4103//3545 4102//3544
f 4091//3533 4092//3534 4104//3546
f 4091//3533 4104//3546 4103//3545
f 4092//3534 4093//3535 4105//3547
f 4092//3534 4105//3547 4104//3546
f 4093//3535 4094//3536 4106//3548
f 4093//3535 4106//3548 4105//3547
f 4094//3536 4083//3525 4095//3537
f 4094//3536 4095//3537 4106//3548
f 4095//3537 4096//3538 4108//3550
f 4095//3537 4108//3550 4107//3549
f 4096//3538 4097//3539 4109//3551
f 4096//3538 4109//3551 4108//3550
f 4097//3539 4098//3540 4110//3552
f 4097//3539 4110//3552 4109//3551
f 4098//3540 4099//3541 4111//3553
f 4098//3540 4111//3553 4110//3552
f 4099//3541 4100//3542 4112//3554
f 4099//3541 4112//3554 4111//3553
f 4100//3542 4101//3543 4113//3555
f 4100//3542 4113//3555 4112//3554
f 4101//3543 4102//3544 4114//3556
f 4101//3543 4114//3556 4113//3555
f 4102//3544 4103//3545 4115//3557
f 4102//3544 4115//3557 4114//3556
f 4103//3545 4104//3546 4116//3558
f 4103//3545 4116//3558 4115//3557
f 4104//3546 4105//3547 4117//3559
f 4104//3546 4117//3559 4116//3558
f 4105//3547 4106//3548 4118//3560
f 4105//3547 4118//3560 4117//3559
f 4106//3548 4095//3537 4107//3549
f 4106//3548 4107//3549 4118//3560
f 4107//3549 4108//3550 4120//3562
f 4107//3549 4120//3562 4119//3561
f 4108//3550 4109//3551 4121//3563
f 4108//3550 4121//3563 4120//3562
f 4109//3551 4110//3552 4122//3564
f 4109//3551 4122//3564 4121//3563
f 4110//3552 4111//3553 4123//3565
f 4110//3552 4123//3565 4122//3564
f 4111//3553 4112//3554 4124//3566
f 4111//3553 4124//3566 4123//3565
f 4112//3554 4113//3555 4125//3567
f 4112//3554 4125//3567 4124//3566
f 4113//3555 4114//3556 4126//3568
f 4113//3555 4126//3568 4125//3567
f 4114//3556 4115//3557 4127//3569
f 4114//3556 4127//3569 4126//3568
f 4115//3557 4116//3558 4128//3570
f 4115//3557 4128//3570 4127//3569
f 4116//3558 4117//3559 4129//3571
f 4116//3558 4129//3571 4128//3570
f 4117//3559 4118//3560 4130//3572
f 4117//3559 4130//3572 4129//3571
f 4118//3560 4107//3549 4119//3561
f 4118//3560 4119//3561 4130//3572
f 4119//3561 4120//3562 4132//3574
f 4120//3562 4121//3563 4133//3575
f 4121//3563 4122//3564 4134//3576
f 4122//3564 4123//3565 4135//3577
f 4123//3565 4124//3566 4136//3578
f 4124//3566 4125//3567 4137//3579
f 4125//3567 4126//3568 4138//3580
f 4126//3568 4127//3569 4139//3581
f 4127//3569 4128//3570 4140//3582
f 4128//3570 4129//3571 4141//3583
f 4129//3571 4130//3572 4142//3584
f 4130//3572 4119//3561 4131//3573
f 4143//3585 4154//3596 4153//3595
f 4144//3586 4155//3597 4154//3596
f 4145//3587 4156//3598 4155//3597
f 4146//3588 4157//3599 4156//3598
f 4147//3589 4158//3600 4157//3599
f 4148//3590 4159//3601 4158//3600
f 4149//3591 4160//3602 4159//3601
f 4150//3592 4161//3603 4160//3602
f 4151//3593 4162//3604 4161//3603
f 4152//3594 4153//3595 4162//3604
f 4153//3595 4154//3596 4164//3606
f 4153//3595 4164//3606 4163//3605
f 4154//3596 4155//3597 4165//3607
f 4154//3596 4165//3607 4164//3606
f 4155//3597 4156//3598 4166//3608
f 4155//3597 4166//3608 4165//3607
f 4156//3598 4157//3599 4167//3609
f 4156//3598 4167//3609 4166//3608
f 4157//3599 4158//3600 4168//3610
f 4157//3599 4168//3610 4167//3609
f 4158//3600 4159//3601 4169//3611
f 4158//3600 4169//3611 4168//3610
f 4159//3601 4160//3602 4170//3612
f 4159//3601 4170//3612 4169//3611
f 4160//3602 4161//3603 4171//3613
f 4160//3602 4171//3613 4170//3612
f 4161//3603 4162//3604 4172//3614
f 4161//3603 4172//3614 4171//3613
f 4162//3604 4153//3595 4163//3605
f 4162//3604 4163//3605 4172//3614
f 4163//3605 4164//3606 4174//3616
f 4163//3605 4174//3616 4173//3615
f 4164//3606 4165//3607 4175//3617
f 4164//3606 4175//3617 4174//3616
f 4165//3607 4166//3608 4176//3618
f 4165//3607 4176//3618 4175//3617
f 4166//3608 4167//3609 4177//3619
f 4166//3608 4177//3619 4176//3618
f 4167//3609 4168//3610 4178//3620
f 4167//3609 4178//3620 4177//3619
f 4168//3610 4169//3611 4179//3621
f 4168//3610 4179//3621 4178//3620
f 4169//3611 4170//3612 4180//3622
f 4169//3611 4180//3622 4179//3621
f 4170//3612 4171//3613 4181//3623
f 4170//3612 4181//3623 4180//3622
f 4171//3613 4172//3614 4182//3624
f 4171//3613 4182//3624 4181//3623
f 4172//3614 4163//3605 4173//3615
f 4172//3614 4173//3615 4182//3624
f 4173//3615 4174//3616 4184//3626
f 4173//3615 4184//3626 4183//3625
f 4174//3616 4175//3617 4185//3627
f 4174//3616 4185//3627 4184//3626
f 4175//3617 4176//3618 4186//3628
f 4175//3617 4186//3628 4185//3627
f 4176//3618 4177//3619 4187//3629
f 4176//3618 4187//3629 4186//3628
f 4177//3619 4178//3620 4188//3630
f 4177//3619 4188//3630 4187//3629
f 4178//3620 4179//3621 4189//3631
f 4178//3620 4189//3631 4188//3630
f 4179//3621 4180//3622 4190//3632
f 4179//3621 4190//3632 4189//3631
f 4180//3622 4181//3623 4191//3633
f 4180//3622 4191//3633 4190//3632
f 4181//3623 4182//3624 4192//3634
f 4181//3623 4192//3634 4191//3633
f 4182//3624 4173//3615 4183//3625
f 4182//3624 4183//3625 4192//3634
f 4183//3625 4184//3626 4194//3636
f 4183//3625 4194//3636 4193//3635
f 4184//3626 4185//3627 4195//3637
f 4184//3626 4195//3637 4194//3636
f 4185//3627 4186//3628 4196//3638
f 4185//3627 4196//3638 4195//3637
f 4186//3628 4187//3629 4197//3639
f 4186//3628 4197//3639 4196//3638
f 4187//3629 4188//3630 4198//3640
f 4187//3629 4198//3640 4197//3639
f 4188//3630 4189//3631 4199//3641
f 4188//3630 4199//3641 4198//3640
f 4189//3631 4190//3632 4200//3642
f 4189//3631 4200//3642 4199//3641
f 4190//3632 4191//3633 4201//3643
f 4190//3632 4201//3643 4200//3642
f 4191//3633 4192//3634 4202//3644
f 4191//3633 4202//3644 4201//3643
f 4192//3634 4183//3625 4193//3635
f 4192//3634 4193//3635 4202//3644
f 4193//3635 4194//3636 4204//3646
f 4194//3636 4195//3637 4205//3647
f 4195//3637 4196//3638 4206//3648
f 4196//3638 4197//3639 4207//3649
f 4197//3639 4198//3640 4208//3650
f 4198//3640 4199//3641 4209//3651
f 4199//3641 4200//3642 4210//3652
f 4200//3642 4201//3643 4211//3653
f 4201//3643 4202//3644 4212//3654
f 4202//3644 4193//3635 4203//3645
f 4213//3655 4224//3666 4223//3665
f 4214//3656 4225//3667 4224//3666
f 4215//3657 4226//3668 4225//3667
f 4216//3658 4227//3669 4226//3668
f 4217//3659 4228//3670 4227//3669
f 4218//3660 4229//3671 4228//3670
f 4219//3661 4230//3672 4229//3671
f 4220//3662 4231//3673 4230//3672
f 4221//3663 4232//3674 4231//3673
f 4222//3664 4223//3665 4232//3674
f 4223//3665 4224//3666 4234//3676
f 4223//3665 4234//3676 4233//3675
f 4224//3666 4225//3667 4235//3677
f 4224//3666 4235//3677 4234//3676
f 4225//3667 4226//3668 4236//3678
f 4225//3667 4236//3678 4235//3677
f 4226//3668 4227//3669 4237//3679
f 4226//3668 4237//3679 4236//3678
f 4227//3669 4228//3670 4238//3680
f 4227//3669 4238//3680 4237//3679
f 4228//3670 4229//3671 4239//3681
f 4228//3670 4239//3681 4238//3680
f 4229//3671 4230//3672 4240//3682
f 4229//3671 4240//3682 4239//3681
f 4230//3672 4231//3673 4241//3683
f 4230//3672 4241//3683 4240//3682
f 4231//3673 4232//3674 4242//3684
f 4231//3673 4242//3684 4241//3683
f 4232//3674 4223//3665 4233//3675
f 4232//3674 4233//3675 4242//3684
f 4233//3675 4234//3676 4244//3686
f 4233//3675 4244//3686 4243//3685
f 4234//3676 4235//3677 4245//3687
f 4234//3676 4245//3687 4244//3686
f 4235//3677 4236//3678 4246//3688
f 4235//3677 4246//3688 4245//3687
f 4236//3678 4237//3679 4247//3689
f 4236//3678 4247//3689 4246//3688
f 4237//3679 4238//3680 4248//3690
f 4237//3679 4248//3690 4247//3689
f 4238//3680 4239//3681 4249//3691
f 4238//3680 4249//3691 4248//3690
f 4239//3681 4240//3682 4250//3692
f 4239//3681 4250//3692 4249//3691
f 4240//3682 4241//3683 4251//3693
f 4240//3682 4251//3693 4250//3692
f 4241//3683 4242//3684 4252//3694
f 4241//3683 4252//3694 4251//3693
f 4242//3684 4233//3675 4243//3685
f 4242//3684 4243//3685 4252//3694
f 4243//3685 4244//3686 4254//3696
f 4243//3685 4254//3696 4253//3695
f 4244//3686 4245//3687 4255//3697
f 4244//3686 4255//3697 4254//3696
f 4245//3687 4246//3688 4256//3698
f 4245//3687 4256//3698 4255//3697
f 4246//3688 4247//3689 4257//3699
f 4246//3688 4257//3699 4256//3698
f 4247//3689 4248//3690 4258//3700
f 4247//3689 4258//3700 4257//3699
f 4248//3690 4249//3691 4259//3701
f 4248//3690 4259//3701 4258//3700
f 4249//3691 4250//3692 4260//3702
f 4249//3691 4260//3702 4259//3701
f 4250//3692 4251//3693 4261//3703
f 4250//3692 4261//3703 4260//3702
f 4251//3693 4252//3694 4262//3704
f 4251//3693 4262//3704 4261//3703
f 4252//3694 4243//3685 4253//3695
f 4252//3694 4253//3695 4262//3704
f 4253//3695 4254//3696 4264//3706
f 4253//3695 4264//3706 4263//3705
f 4254//3696 4255//3697 4265//3707
f 4254//3696 4265//3707 4264//3706
f 4255//3697 4256//3698 4266//3708
f 4255//3697 4266//3708 4265//3707
f 4256//3698 4257//3699 4267//3709
f 4256//3698 4267//3709 4266//3708
f 4257//3699 4258//3700 4268//3710
f 4257//3699 4268//3710 4267//3709
f 4258//3700 4259//3701 4269//3711
f 4258//3700 4269//3711 4268//3710
f 4259//3701 4260//3702 4270//3712
f 4259//3701 4270//3712 4269//3711
f 4260//3702 4261//3703 4271//3713
f 4260//3702 4271//3713 4270//3712
f 4261//3703 4262//3704 4272//3714
f 4261//3703 4272//3714 4271//3713
f 4262//3704 4253//3695 4263//3705
f 4262//3704 4263//3705 4272//3714
f 4263//3705 4264//3706 4274//3716
f 4264//3706 4265//3707 4275//3717
f 4265//3707 4266//3708 4276//3718
f 4266//3708 4267//3709 4277//3719
f 4267//3709 4268//3710 4278//3720
f 4268//3710 4269//3711 4279//3721
f 4269//3711 4270//3712 4280//3722
f 4270//3712 4271//3713 4281//3723
f 4271//3713 4272//3714 4282//3724
f 4272//3714 4263//3705 4273//3715
